<?xml version="1.0" encoding="UTF-8"?>
<gpx version="1.1" creator="Senda">
<bounds minlat="0.0" minlon="0.0" maxlat="0.0" maxlon="0.0" />
<trk><name>ricard tornada-2026-07-12</name><trkseg>
<trkpt lat="41.9774312" lon="2.80169140000001">
<ele>85.58198790377153</ele>
<time>2026-07-12T13:47:32.514Z</time>
</trkpt>
<trkpt lat="41.9774373" lon="2.801757699999996">
<ele>86.1228094082903</ele>
<time>2026-07-12T13:47:35.198Z</time>
</trkpt>
<trkpt lat="41.9774296" lon="2.801818400000002">
<ele>86.5337292700677</ele>
<time>2026-07-12T13:47:40.778Z</time>
</trkpt>
<trkpt lat="41.9774224" lon="2.8018875999999864">
<ele>87.00042215427133</ele>
<time>2026-07-12T13:47:44.499Z</time>
</trkpt>
<trkpt lat="41.9774107" lon="2.801947399999989">
<ele>87.342086816744</ele>
<time>2026-07-12T13:47:47.834Z</time>
</trkpt>
<trkpt lat="41.9773991" lon="2.802020199999987">
<ele>86.54809257745734</ele>
<time>2026-07-12T13:47:51.834Z</time>
</trkpt>
<trkpt lat="41.9774091" lon="2.8020793999999967">
<ele>85.9511839553413</ele>
<time>2026-07-12T13:47:55.836Z</time>
</trkpt>
<trkpt lat="41.9773968" lon="2.802140900000012">
<ele>85.41678941368424</ele>
<time>2026-07-12T13:47:59.478Z</time>
</trkpt>
<trkpt lat="41.9773913" lon="2.80220589999999">
<ele>84.89004045855725</ele>
<time>2026-07-12T13:48:03.780Z</time>
</trkpt>
<trkpt lat="41.9773826" lon="2.8022669000000064">
<ele>84.36127601526132</ele>
<time>2026-07-12T13:48:08.834Z</time>
</trkpt>
<trkpt lat="41.9773679" lon="2.802326999999991">
<ele>83.7550281453211</ele>
<time>2026-07-12T13:48:12.821Z</time>
</trkpt>
<trkpt lat="41.9773812" lon="2.8023884000000123">
<ele>82.90817408244081</ele>
<time>2026-07-12T13:48:20.879Z</time>
</trkpt>
<trkpt lat="41.9773702" lon="2.8024489000000017">
<ele>82.14937113567916</ele>
<time>2026-07-12T13:48:27.801Z</time>
</trkpt>
<trkpt lat="41.9773705" lon="2.8025186000000133">
<ele>81.55737945868219</ele>
<time>2026-07-12T13:48:32.778Z</time>
</trkpt>
<trkpt lat="41.9773685" lon="2.8025804000000107">
<ele>82.03465888868298</ele>
<time>2026-07-12T13:48:37.909Z</time>
</trkpt>
<trkpt lat="41.9773621" lon="2.802642600000013">
<ele>82.56215190067913</ele>
<time>2026-07-12T13:48:41.483Z</time>
</trkpt>
<trkpt lat="41.9773599" lon="2.8027133999999876">
<ele>83.18901270314355</ele>
<time>2026-07-12T13:48:45.755Z</time>
</trkpt>
<trkpt lat="41.9773543" lon="2.8027739999999994">
<ele>83.81280911733532</ele>
<time>2026-07-12T13:48:49.979Z</time>
</trkpt>
<trkpt lat="41.9773435" lon="2.802835700000003">
<ele>83.84052283466582</ele>
<time>2026-07-12T13:48:53.501Z</time>
</trkpt>
<trkpt lat="41.9773286" lon="2.8029021000000114">
<ele>83.81215586260055</ele>
<time>2026-07-12T13:48:57.421Z</time>
</trkpt>
<trkpt lat="41.9773161" lon="2.8029616000000033">
<ele>83.76627607951339</ele>
<time>2026-07-12T13:49:00.909Z</time>
</trkpt>
<trkpt lat="41.9773017" lon="2.8030253999999957">
<ele>83.72897155778377</ele>
<time>2026-07-12T13:49:04.305Z</time>
</trkpt>
<trkpt lat="41.9772955" lon="2.8030881999999906">
<ele>83.73277932508448</ele>
<time>2026-07-12T13:49:07.909Z</time>
</trkpt>
<trkpt lat="41.9772842" lon="2.8031565">
<ele>84.06658797976876</ele>
<time>2026-07-12T13:49:11.240Z</time>
</trkpt>
<trkpt lat="41.9772728" lon="2.8032241999999883">
<ele>84.4157977245141</ele>
<time>2026-07-12T13:49:15.536Z</time>
</trkpt>
<trkpt lat="41.977271" lon="2.8032844999999895">
<ele>84.57725016669261</ele>
<time>2026-07-12T13:49:18.909Z</time>
</trkpt>
<trkpt lat="41.9772774" lon="2.8033503000000053">
<ele>84.48697377087099</ele>
<time>2026-07-12T13:49:22.910Z</time>
</trkpt>
<trkpt lat="41.9772749" lon="2.8034155">
<ele>84.13058612870122</ele>
<time>2026-07-12T13:49:26.963Z</time>
</trkpt>
<trkpt lat="41.9772745" lon="2.80347789999999">
<ele>83.74924532371003</ele>
<time>2026-07-12T13:49:30.918Z</time>
</trkpt>
<trkpt lat="41.9772592" lon="2.8035447000000033">
<ele>83.56736097302749</ele>
<time>2026-07-12T13:49:34.910Z</time>
</trkpt>
<trkpt lat="41.9772439" lon="2.8036084000000017">
<ele>83.3613642436634</ele>
<time>2026-07-12T13:49:38.320Z</time>
</trkpt>
<trkpt lat="41.9772423" lon="2.803670100000005">
<ele>82.96558481503996</ele>
<time>2026-07-12T13:49:42.678Z</time>
</trkpt>
<trkpt lat="41.9772398" lon="2.803730900000005">
<ele>82.57609747896905</ele>
<time>2026-07-12T13:49:46.382Z</time>
</trkpt>
<trkpt lat="41.9772347" lon="2.8037946000000034">
<ele>82.16626236190368</ele>
<time>2026-07-12T13:49:50.716Z</time>
</trkpt>
<trkpt lat="41.9772245" lon="2.8038612">
<ele>81.71665000584203</ele>
<time>2026-07-12T13:49:54.780Z</time>
</trkpt>
<trkpt lat="41.9772144" lon="2.8039208000000144">
<ele>81.63676145069043</ele>
<time>2026-07-12T13:49:58.461Z</time>
</trkpt>
<trkpt lat="41.9772098" lon="2.8039856000000043">
<ele>82.04204949879362</ele>
<time>2026-07-12T13:50:02.883Z</time>
</trkpt>
<trkpt lat="41.9772132" lon="2.804053699999997">
<ele>82.45742723952033</ele>
<time>2026-07-12T13:50:06.910Z</time>
</trkpt>
<trkpt lat="41.9772119" lon="2.8041158999999993">
<ele>82.84381580202135</ele>
<time>2026-07-12T13:50:11.583Z</time>
</trkpt>
<trkpt lat="41.9772134" lon="2.8041781000000015">
<ele>83.22836429470273</ele>
<time>2026-07-12T13:50:16.118Z</time>
</trkpt>
<trkpt lat="41.9772135" lon="2.8042461000000003">
<ele>83.69924037815669</ele>
<time>2026-07-12T13:50:20.661Z</time>
</trkpt>
<trkpt lat="41.9772127" lon="2.8043154000000072">
<ele>84.18485207205403</ele>
<time>2026-07-12T13:50:25.702Z</time>
</trkpt>
<trkpt lat="41.9772331" lon="2.8043707999999867">
<ele>84.39690688021743</ele>
<time>2026-07-12T13:50:38.918Z</time>
</trkpt>
<trkpt lat="41.977224" lon="2.8044299000000024">
<ele>84.86498186957148</ele>
<time>2026-07-12T13:52:51.909Z</time>
</trkpt>
<trkpt lat="41.9772402" lon="2.8044862000000137">
<ele>84.23436398256898</ele>
<time>2026-07-12T13:53:41.833Z</time>
</trkpt>
<trkpt lat="41.9772396" lon="2.804425600000002">
<ele>84.67848948311396</ele>
<time>2026-07-12T13:54:54.905Z</time>
</trkpt>
<trkpt lat="41.9772338" lon="2.804489799999999">
<ele>84.2345537658183</ele>
<time>2026-07-12T13:58:44.876Z</time>
</trkpt>
<trkpt lat="41.9772516" lon="2.804466600000012">
<ele>84.44310833429502</ele>
<time>2026-07-12T14:02:44.716Z</time>
</trkpt>
<trkpt lat="41.9772516" lon="2.804466600000012">
<ele>84.44310833429502</ele>
<time>2026-07-12T14:02:44.716Z</time>
</trkpt>
<trkpt lat="41.9772514" lon="2.8044677000000036">
<ele>84.42734874692326</ele>
<time>2026-07-12T14:02:46.687Z</time>
</trkpt>
<trkpt lat="41.9772529" lon="2.8044715999999994">
<ele>84.3490732086327</ele>
<time>2026-07-12T14:02:48.840Z</time>
</trkpt>
<trkpt lat="41.9772219" lon="2.8051161999999863">
<ele>84.008104072235</ele>
<time>2026-07-12T14:02:50.855Z</time>
</trkpt>
<trkpt lat="41.9772135" lon="2.805486000000002">
<ele>83.42011942571033</ele>
<time>2026-07-12T14:02:52.859Z</time>
</trkpt>
<trkpt lat="41.9772218" lon="2.80563029999999">
<ele>83.52828886922548</ele>
<time>2026-07-12T14:02:54.820Z</time>
</trkpt>
<trkpt lat="41.9772624" lon="2.805659200000008">
<ele>83.13505994091658</ele>
<time>2026-07-12T14:02:56.796Z</time>
</trkpt>
<trkpt lat="41.9772771" lon="2.8056661999999903">
<ele>82.99465274782172</ele>
<time>2026-07-12T14:02:58.753Z</time>
</trkpt>
<trkpt lat="41.9772925" lon="2.805690499999997">
<ele>82.90221849662939</ele>
<time>2026-07-12T14:03:00.908Z</time>
</trkpt>
<trkpt lat="41.9772908" lon="2.8057283999999925">
<ele>83.03087360443487</ele>
<time>2026-07-12T14:03:02.831Z</time>
</trkpt>
<trkpt lat="41.9772933" lon="2.8057694999999967">
<ele>83.12984554596632</ele>
<time>2026-07-12T14:03:04.960Z</time>
</trkpt>
<trkpt lat="41.9773065" lon="2.8057976000000053">
<ele>83.10627345533574</ele>
<time>2026-07-12T14:03:06.922Z</time>
</trkpt>
<trkpt lat="41.97732" lon="2.805817300000001">
<ele>83.06538557695245</ele>
<time>2026-07-12T14:03:08.852Z</time>
</trkpt>
<trkpt lat="41.9773389" lon="2.8058393000000024">
<ele>83.00387984460235</ele>
<time>2026-07-12T14:03:10.868Z</time>
</trkpt>
<trkpt lat="41.9773541" lon="2.805858999999998">
<ele>82.85130863237148</ele>
<time>2026-07-12T14:03:12.957Z</time>
</trkpt>
<trkpt lat="41.9773769" lon="2.805876699999999">
<ele>82.61505149563774</ele>
<time>2026-07-12T14:03:14.834Z</time>
</trkpt>
<trkpt lat="41.9773916" lon="2.8059033000000113">
<ele>82.39512513934001</ele>
<time>2026-07-12T14:03:16.850Z</time>
</trkpt>
<trkpt lat="41.9773969" lon="2.805948900000004">
<ele>82.17093344941094</ele>
<time>2026-07-12T14:03:18.779Z</time>
</trkpt>
<trkpt lat="41.9773991" lon="2.8059940999999924">
<ele>81.97070231669169</ele>
<time>2026-07-12T14:03:20.619Z</time>
</trkpt>
<trkpt lat="41.9774003" lon="2.8060475000000054">
<ele>81.74512441358203</ele>
<time>2026-07-12T14:03:22.637Z</time>
</trkpt>
<trkpt lat="41.9774065" lon="2.8060800000000086">
<ele>81.53467951860853</ele>
<time>2026-07-12T14:03:24.638Z</time>
</trkpt>
<trkpt lat="41.9774144" lon="2.8061103999999943">
<ele>81.29989175978763</ele>
<time>2026-07-12T14:03:26.643Z</time>
</trkpt>
<trkpt lat="41.9774234" lon="2.8061479000000134">
<ele>81.44488074494213</ele>
<time>2026-07-12T14:03:28.641Z</time>
</trkpt>
<trkpt lat="41.9774414" lon="2.806172800000013">
<ele>81.4988468666607</ele>
<time>2026-07-12T14:03:30.644Z</time>
</trkpt>
<trkpt lat="41.9774565" lon="2.8061772000000076">
<ele>81.36769274065588</ele>
<time>2026-07-12T14:03:32.886Z</time>
</trkpt>
<trkpt lat="41.97747" lon="2.8061917999999935">
<ele>81.41241336298289</ele>
<time>2026-07-12T14:03:34.838Z</time>
</trkpt>
<trkpt lat="41.9774828" lon="2.80621339999999">
<ele>81.75420826125911</ele>
<time>2026-07-12T14:03:36.854Z</time>
</trkpt>
<trkpt lat="41.9774939" lon="2.8062366000000054">
<ele>82.07940680117612</ele>
<time>2026-07-12T14:03:38.969Z</time>
</trkpt>
<trkpt lat="41.9775017" lon="2.8062590000000114">
<ele>82.3596786478981</ele>
<time>2026-07-12T14:03:40.867Z</time>
</trkpt>
<trkpt lat="41.9775089" lon="2.8062907000000052">
<ele>82.72013654365402</ele>
<time>2026-07-12T14:03:42.831Z</time>
</trkpt>
<trkpt lat="41.9775262" lon="2.806331400000005">
<ele>83.14895001849659</ele>
<time>2026-07-12T14:03:44.961Z</time>
</trkpt>
<trkpt lat="41.9775351" lon="2.80635860000001">
<ele>83.40115249661012</ele>
<time>2026-07-12T14:03:46.916Z</time>
</trkpt>
<trkpt lat="41.9775446" lon="2.8063880999999924">
<ele>83.64839888039354</ele>
<time>2026-07-12T14:03:48.866Z</time>
</trkpt>
<trkpt lat="41.9775624" lon="2.8064324000000056">
<ele>83.43223513492207</ele>
<time>2026-07-12T14:03:50.881Z</time>
</trkpt>
<trkpt lat="41.9775785" lon="2.8064639000000113">
<ele>83.15632433023319</ele>
<time>2026-07-12T14:03:52.821Z</time>
</trkpt>
<trkpt lat="41.9776004" lon="2.8064926000000128">
<ele>82.877995350964</ele>
<time>2026-07-12T14:03:54.821Z</time>
</trkpt>
<trkpt lat="41.9776271" lon="2.8065225">
<ele>82.5720960714784</ele>
<time>2026-07-12T14:03:56.827Z</time>
</trkpt>
<trkpt lat="41.9776509" lon="2.806562200000002">
<ele>82.20475640186862</ele>
<time>2026-07-12T14:03:58.950Z</time>
</trkpt>
<trkpt lat="41.9776676" lon="2.806593399999997">
<ele>81.92149302570535</ele>
<time>2026-07-12T14:04:00.837Z</time>
</trkpt>
<trkpt lat="41.9776779" lon="2.8066326000000004">
<ele>81.6034820317008</ele>
<time>2026-07-12T14:04:02.839Z</time>
</trkpt>
<trkpt lat="41.97769" lon="2.806673999999987">
<ele>81.26165494127419</ele>
<time>2026-07-12T14:04:04.883Z</time>
</trkpt>
<trkpt lat="41.9777065" lon="2.806709899999987">
<ele>81.24582576508045</ele>
<time>2026-07-12T14:04:06.879Z</time>
</trkpt>
<trkpt lat="41.9777249" lon="2.8067384999999945">
<ele>81.20194360478992</ele>
<time>2026-07-12T14:04:08.772Z</time>
</trkpt>
<trkpt lat="41.9777488" lon="2.8067754999999863">
<ele>81.09493135389481</ele>
<time>2026-07-12T14:04:10.952Z</time>
</trkpt>
<trkpt lat="41.9777713" lon="2.806800900000013">
<ele>80.79331957323323</ele>
<time>2026-07-12T14:04:12.917Z</time>
</trkpt>
<trkpt lat="41.9777942" lon="2.806829999999991">
<ele>80.47367869622371</ele>
<time>2026-07-12T14:04:14.907Z</time>
</trkpt>
<trkpt lat="41.9778154" lon="2.8068653999999924">
<ele>80.164695696511</ele>
<time>2026-07-12T14:04:16.884Z</time>
</trkpt>
<trkpt lat="41.9778325" lon="2.806896800000004">
<ele>79.902315117026</ele>
<time>2026-07-12T14:04:18.960Z</time>
</trkpt>
<trkpt lat="41.9778359" lon="2.8069280999999933">
<ele>79.84535779878732</ele>
<time>2026-07-12T14:04:20.824Z</time>
</trkpt>
<trkpt lat="41.977856" lon="2.806961000000001">
<ele>79.58836029602736</ele>
<time>2026-07-12T14:04:22.823Z</time>
</trkpt>
<trkpt lat="41.9778769" lon="2.8069869999999923">
<ele>79.49302004093607</ele>
<time>2026-07-12T14:04:24.819Z</time>
</trkpt>
<trkpt lat="41.9778979" lon="2.8070122000000026">
<ele>79.3421338515825</ele>
<time>2026-07-12T14:04:26.832Z</time>
</trkpt>
<trkpt lat="41.9779147" lon="2.8070438000000024">
<ele>79.2800590368542</ele>
<time>2026-07-12T14:04:28.836Z</time>
</trkpt>
<trkpt lat="41.9779433" lon="2.807073800000012">
<ele>78.90860306358891</ele>
<time>2026-07-12T14:04:30.856Z</time>
</trkpt>
<trkpt lat="41.9779607" lon="2.807091700000001">
<ele>78.64441897234427</ele>
<time>2026-07-12T14:04:32.841Z</time>
</trkpt>
<trkpt lat="41.9779817" lon="2.8071095999999898">
<ele>78.27100733114092</ele>
<time>2026-07-12T14:04:34.881Z</time>
</trkpt>
<trkpt lat="41.9780107" lon="2.8071237000000053">
<ele>77.66121535542992</ele>
<time>2026-07-12T14:04:36.898Z</time>
</trkpt>
<trkpt lat="41.9780306" lon="2.8071118999999953">
<ele>77.31610212441285</ele>
<time>2026-07-12T14:04:38.970Z</time>
</trkpt>
<trkpt lat="41.9780441" lon="2.8071160000000077">
<ele>77.40246713563053</ele>
<time>2026-07-12T14:04:40.881Z</time>
</trkpt>
<trkpt lat="41.9780585" lon="2.807122300000003">
<ele>77.5002236148692</ele>
<time>2026-07-12T14:04:42.898Z</time>
</trkpt>
<trkpt lat="41.9780769" lon="2.807135299999999">
<ele>77.63947038288133</ele>
<time>2026-07-12T14:04:44.867Z</time>
</trkpt>
<trkpt lat="41.9780944" lon="2.8071514000000093">
<ele>77.7816932359608</ele>
<time>2026-07-12T14:04:46.917Z</time>
</trkpt>
<trkpt lat="41.9781137" lon="2.8071583999999916">
<ele>77.904625380883</ele>
<time>2026-07-12T14:04:48.919Z</time>
</trkpt>
<trkpt lat="41.9781334" lon="2.807127600000001">
<ele>77.91968356205574</ele>
<time>2026-07-12T14:04:50.832Z</time>
</trkpt>
<trkpt lat="41.9781373" lon="2.807121099999989">
<ele>77.92198756780101</ele>
<time>2026-07-12T14:04:52.840Z</time>
</trkpt>
<trkpt lat="41.9781586" lon="2.807114399999989">
<ele>78.01823812085996</ele>
<time>2026-07-12T14:04:54.859Z</time>
</trkpt>
<trkpt lat="41.9781972" lon="2.8070959000000073">
<ele>78.17809023129813</ele>
<time>2026-07-12T14:04:56.872Z</time>
</trkpt>
<trkpt lat="41.9782322" lon="2.8070987000000116">
<ele>78.37718874144001</ele>
<time>2026-07-12T14:04:58.832Z</time>
</trkpt>
<trkpt lat="41.9782578" lon="2.80709250000001">
<ele>78.5020187937077</ele>
<time>2026-07-12T14:05:00.836Z</time>
</trkpt>
<trkpt lat="41.9782846" lon="2.8071093000000076">
<ele>78.68931122703867</ele>
<time>2026-07-12T14:05:02.855Z</time>
</trkpt>
<trkpt lat="41.978314" lon="2.80713080000001">
<ele>78.80760612503181</ele>
<time>2026-07-12T14:05:04.917Z</time>
</trkpt>
<trkpt lat="41.9783435" lon="2.807137399999988">
<ele>78.73144268472996</ele>
<time>2026-07-12T14:05:06.832Z</time>
</trkpt>
<trkpt lat="41.9783722" lon="2.807141800000011">
<ele>78.65087515757922</ele>
<time>2026-07-12T14:05:08.797Z</time>
</trkpt>
<trkpt lat="41.9783965" lon="2.8071554999999933">
<ele>78.59722573961655</ele>
<time>2026-07-12T14:05:10.800Z</time>
</trkpt>
<trkpt lat="41.9784199" lon="2.8071668000000045">
<ele>78.53806780169809</ele>
<time>2026-07-12T14:05:12.800Z</time>
</trkpt>
<trkpt lat="41.9784403" lon="2.8071799999999882">
<ele>78.48749347080819</ele>
<time>2026-07-12T14:05:14.696Z</time>
</trkpt>
<trkpt lat="41.9784562" lon="2.807210800000007">
<ele>78.46896854854873</ele>
<time>2026-07-12T14:05:16.733Z</time>
</trkpt>
<trkpt lat="41.9784898" lon="2.8072712000000024">
<ele>78.07934952752345</ele>
<time>2026-07-12T14:05:20.578Z</time>
</trkpt>
<trkpt lat="41.9785067" lon="2.807308799999987">
<ele>77.73237502036501</ele>
<time>2026-07-12T14:05:22.644Z</time>
</trkpt>
<trkpt lat="41.9785232" lon="2.807336399999997">
<ele>77.45651645817769</ele>
<time>2026-07-12T14:05:24.699Z</time>
</trkpt>
<trkpt lat="41.9785267" lon="2.8073837999999967">
<ele>77.08464436752833</ele>
<time>2026-07-12T14:05:26.759Z</time>
</trkpt>
<trkpt lat="41.9785335" lon="2.8074239999999975">
<ele>76.75018367867013</ele>
<time>2026-07-12T14:05:28.842Z</time>
</trkpt>
<trkpt lat="41.9785457" lon="2.807470099999989">
<ele>76.3421086817808</ele>
<time>2026-07-12T14:05:30.880Z</time>
</trkpt>
<trkpt lat="41.9785501" lon="2.8075045999999872">
<ele>76.05720742990049</ele>
<time>2026-07-12T14:05:32.937Z</time>
</trkpt>
<trkpt lat="41.9785551" lon="2.807542500000011">
<ele>75.9230721848577</ele>
<time>2026-07-12T14:05:34.893Z</time>
</trkpt>
<trkpt lat="41.9785654" lon="2.807580400000006">
<ele>75.8016863760873</ele>
<time>2026-07-12T14:05:36.908Z</time>
</trkpt>
<trkpt lat="41.9785772" lon="2.8076202000000023">
<ele>75.67811498732249</ele>
<time>2026-07-12T14:05:38.963Z</time>
</trkpt>
<trkpt lat="41.9785865" lon="2.807657799999987">
<ele>75.57640638968299</ele>
<time>2026-07-12T14:05:40.975Z</time>
</trkpt>
<trkpt lat="41.9786014" lon="2.8076878999999906">
<ele>75.49523624782589</ele>
<time>2026-07-12T14:05:42.867Z</time>
</trkpt>
<trkpt lat="41.978613" lon="2.807723100000004">
<ele>75.45452355923446</ele>
<time>2026-07-12T14:05:44.881Z</time>
</trkpt>
<trkpt lat="41.9786245" lon="2.8077638999999976">
<ele>75.44989118370046</ele>
<time>2026-07-12T14:05:46.831Z</time>
</trkpt>
<trkpt lat="41.9786371" lon="2.807801299999994">
<ele>75.52382671199295</ele>
<time>2026-07-12T14:05:48.914Z</time>
</trkpt>
<trkpt lat="41.9786472" lon="2.8078391999999894">
<ele>75.66874363331782</ele>
<time>2026-07-12T14:05:50.831Z</time>
</trkpt>
<trkpt lat="41.9786609" lon="2.807836299999991">
<ele>75.67250387301164</ele>
<time>2026-07-12T14:05:52.800Z</time>
</trkpt>
<trkpt lat="41.9786751" lon="2.807866600000011">
<ele>75.76962782737745</ele>
<time>2026-07-12T14:05:54.876Z</time>
</trkpt>
<trkpt lat="41.9786913" lon="2.807921599999986">
<ele>75.90615357891778</ele>
<time>2026-07-12T14:05:56.857Z</time>
</trkpt>
<trkpt lat="41.9787053" lon="2.8079672000000073">
<ele>75.98860452023932</ele>
<time>2026-07-12T14:05:58.831Z</time>
</trkpt>
<trkpt lat="41.9787262" lon="2.80800099999999">
<ele>76.00394064553743</ele>
<time>2026-07-12T14:06:00.845Z</time>
</trkpt>
<trkpt lat="41.978744" lon="2.808032499999996">
<ele>75.99588219255678</ele>
<time>2026-07-12T14:06:02.964Z</time>
</trkpt>
<trkpt lat="41.9787592" lon="2.8080610000000092">
<ele>75.9709477932615</ele>
<time>2026-07-12T14:06:04.836Z</time>
</trkpt>
<trkpt lat="41.9787761" lon="2.8080864000000076">
<ele>76.4565074903243</ele>
<time>2026-07-12T14:06:06.759Z</time>
</trkpt>
<trkpt lat="41.9787936" lon="2.8081176000000028">
<ele>77.34196688612988</ele>
<time>2026-07-12T14:06:08.800Z</time>
</trkpt>
<trkpt lat="41.9788118" lon="2.808142199999992">
<ele>78.12653104430727</ele>
<time>2026-07-12T14:06:10.819Z</time>
</trkpt>
<trkpt lat="41.978834" lon="2.8081678000000068">
<ele>79.05092568082408</ele>
<time>2026-07-12T14:06:12.877Z</time>
</trkpt>
<trkpt lat="41.9788592" lon="2.8081836000000067">
<ele>79.75552343959447</ele>
<time>2026-07-12T14:06:14.903Z</time>
</trkpt>
<trkpt lat="41.9788838" lon="2.80820030000001">
<ele>80.22219733671142</ele>
<time>2026-07-12T14:06:16.921Z</time>
</trkpt>
<trkpt lat="41.9789061" lon="2.808216899999991">
<ele>80.65868434917464</ele>
<time>2026-07-12T14:06:18.856Z</time>
</trkpt>
<trkpt lat="41.9789282" lon="2.8082343000000094">
<ele>81.08901202303875</ele>
<time>2026-07-12T14:06:20.872Z</time>
</trkpt>
<trkpt lat="41.9789511" lon="2.808243800000014">
<ele>81.22761146209545</ele>
<time>2026-07-12T14:06:22.862Z</time>
</trkpt>
<trkpt lat="41.9789638" lon="2.80828249999999">
<ele>82.3360053717449</ele>
<time>2026-07-12T14:06:24.878Z</time>
</trkpt>
<trkpt lat="41.9789879" lon="2.808303099999989">
<ele>82.73031778755129</ele>
<time>2026-07-12T14:06:26.892Z</time>
</trkpt>
<trkpt lat="41.9790141" lon="2.808322199999992">
<ele>83.01267209162353</ele>
<time>2026-07-12T14:06:28.908Z</time>
</trkpt>
<trkpt lat="41.9790359" lon="2.8083343000000127">
<ele>83.10730900585094</ele>
<time>2026-07-12T14:06:30.900Z</time>
</trkpt>
<trkpt lat="41.9790541" lon="2.808357000000001">
<ele>83.29790970328683</ele>
<time>2026-07-12T14:06:32.915Z</time>
</trkpt>
<trkpt lat="41.9791149" lon="2.8083407999999963">
<ele>82.3440963820232</ele>
<time>2026-07-12T14:06:36.975Z</time>
</trkpt>
<trkpt lat="41.9791445" lon="2.808323300000012">
<ele>81.45780566231063</ele>
<time>2026-07-12T14:06:38.804Z</time>
</trkpt>
<trkpt lat="41.9791791" lon="2.8083077000000003">
<ele>80.08260537737654</ele>
<time>2026-07-12T14:06:40.819Z</time>
</trkpt>
<trkpt lat="41.979215" lon="2.8083000999999967">
<ele>78.88779863279515</ele>
<time>2026-07-12T14:06:42.840Z</time>
</trkpt>
<trkpt lat="41.9792463" lon="2.8082943">
<ele>77.88983439022743</ele>
<time>2026-07-12T14:06:44.855Z</time>
</trkpt>
<trkpt lat="41.9792781" lon="2.8082828000000006">
<ele>76.82612246025147</ele>
<time>2026-07-12T14:06:46.766Z</time>
</trkpt>
<trkpt lat="41.9793062" lon="2.8082689000000016">
<ele>75.88519973512737</ele>
<time>2026-07-12T14:06:48.597Z</time>
</trkpt>
<trkpt lat="41.979337" lon="2.8082602000000065">
<ele>74.9773445548822</ele>
<time>2026-07-12T14:06:50.662Z</time>
</trkpt>
<trkpt lat="41.9793623" lon="2.8082034999999905">
<ele>73.88051547978748</ele>
<time>2026-07-12T14:06:52.740Z</time>
</trkpt>
<trkpt lat="41.9793911" lon="2.8081855000000076">
<ele>73.13658621187453</ele>
<time>2026-07-12T14:06:54.966Z</time>
</trkpt>
<trkpt lat="41.9794159" lon="2.8081889000000047">
<ele>72.62882141889426</ele>
<time>2026-07-12T14:06:56.863Z</time>
</trkpt>
<trkpt lat="41.979442" lon="2.8082079000000135">
<ele>72.71515933632804</ele>
<time>2026-07-12T14:06:58.876Z</time>
</trkpt>
<trkpt lat="41.9794679" lon="2.8082298999999864">
<ele>72.82430344221176</ele>
<time>2026-07-12T14:07:00.944Z</time>
</trkpt>
<trkpt lat="41.9794823" lon="2.808263000000011">
<ele>72.9854001354292</ele>
<time>2026-07-12T14:07:02.831Z</time>
</trkpt>
<trkpt lat="41.9795043" lon="2.8082841000000087">
<ele>73.10799753683028</ele>
<time>2026-07-12T14:07:04.843Z</time>
</trkpt>
<trkpt lat="41.9795232" lon="2.8083118000000127">
<ele>73.26816082688262</ele>
<time>2026-07-12T14:07:06.860Z</time>
</trkpt>
<trkpt lat="41.9795373" lon="2.8083460000000002">
<ele>73.46832392146209</ele>
<time>2026-07-12T14:07:08.969Z</time>
</trkpt>
<trkpt lat="41.9795494" lon="2.808372999999989">
<ele>73.7475226431794</ele>
<time>2026-07-12T14:07:10.922Z</time>
</trkpt>
<trkpt lat="41.9795622" lon="2.8084097999999926">
<ele>74.11766274454227</ele>
<time>2026-07-12T14:07:12.832Z</time>
</trkpt>
<trkpt lat="41.9795851" lon="2.808482700000013">
<ele>74.83490336817773</ele>
<time>2026-07-12T14:07:16.897Z</time>
</trkpt>
<trkpt lat="41.9795878" lon="2.808522299999993">
<ele>75.2088853457638</ele>
<time>2026-07-12T14:07:18.740Z</time>
</trkpt>
<trkpt lat="41.979598" lon="2.8085642000000064">
<ele>75.60875683485845</ele>
<time>2026-07-12T14:07:20.780Z</time>
</trkpt>
<trkpt lat="41.9796104" lon="2.8085987999999986">
<ele>75.93808804976949</ele>
<time>2026-07-12T14:07:22.973Z</time>
</trkpt>
<trkpt lat="41.9796158" lon="2.808626299999986">
<ele>76.1836953877703</ele>
<time>2026-07-12T14:07:24.806Z</time>
</trkpt>
<trkpt lat="41.9796353" lon="2.8086579000000143">
<ele>76.35425064132335</ele>
<time>2026-07-12T14:07:26.819Z</time>
</trkpt>
<trkpt lat="41.9796596" lon="2.8086911999999984">
<ele>76.49290223505047</ele>
<time>2026-07-12T14:07:28.962Z</time>
</trkpt>
<trkpt lat="41.979677" lon="2.8087144000000137">
<ele>76.56283662490931</ele>
<time>2026-07-12T14:07:30.833Z</time>
</trkpt>
<trkpt lat="41.9797" lon="2.808736699999997">
<ele>76.54178304952515</ele>
<time>2026-07-12T14:07:32.877Z</time>
</trkpt>
<trkpt lat="41.9797281" lon="2.8087538999999992">
<ele>76.27965946155676</ele>
<time>2026-07-12T14:07:34.927Z</time>
</trkpt>
<trkpt lat="41.9797552" lon="2.8087653999999986">
<ele>75.99920591530903</ele>
<time>2026-07-12T14:07:36.838Z</time>
</trkpt>
<trkpt lat="41.9797767" lon="2.808784099999997">
<ele>75.792124023681</ele>
<time>2026-07-12T14:07:38.663Z</time>
</trkpt>
<trkpt lat="41.9798012" lon="2.808795800000013">
<ele>75.52230394621517</ele>
<time>2026-07-12T14:07:40.675Z</time>
</trkpt>
<trkpt lat="41.9798284" lon="2.8088056999999935">
<ele>75.2076620122803</ele>
<time>2026-07-12T14:07:42.739Z</time>
</trkpt>
<trkpt lat="41.9798592" lon="2.8088084000000038">
<ele>74.83239117432755</ele>
<time>2026-07-12T14:07:44.802Z</time>
</trkpt>
<trkpt lat="41.9798914" lon="2.8088156999999967">
<ele>74.43979607650788</ele>
<time>2026-07-12T14:07:46.960Z</time>
</trkpt>
<trkpt lat="41.9799141" lon="2.808827000000008">
<ele>74.15991682833818</ele>
<time>2026-07-12T14:07:48.841Z</time>
</trkpt>
<trkpt lat="41.9799384" lon="2.8088438999999994">
<ele>73.85070507349273</ele>
<time>2026-07-12T14:07:50.897Z</time>
</trkpt>
<trkpt lat="41.9799761" lon="2.808854999999994">
<ele>73.41225384867451</ele>
<time>2026-07-12T14:07:52.831Z</time>
</trkpt>
<trkpt lat="41.9800027" lon="2.8088578999999925">
<ele>73.43901978223518</ele>
<time>2026-07-12T14:07:54.972Z</time>
</trkpt>
<trkpt lat="41.9800273" lon="2.808857499999988">
<ele>73.4651007755188</ele>
<time>2026-07-12T14:07:56.926Z</time>
</trkpt>
<trkpt lat="41.9800506" lon="2.8088724000000127">
<ele>73.5085774496853</ele>
<time>2026-07-12T14:07:58.832Z</time>
</trkpt>
<trkpt lat="41.9800833" lon="2.808880600000009">
<ele>73.5724022748047</ele>
<time>2026-07-12T14:08:00.886Z</time>
</trkpt>
<trkpt lat="41.9801057" lon="2.8088836000000015">
<ele>73.61694477472709</ele>
<time>2026-07-12T14:08:02.846Z</time>
</trkpt>
<trkpt lat="41.9801284" lon="2.8088874999999973">
<ele>73.66824393709418</ele>
<time>2026-07-12T14:08:04.903Z</time>
</trkpt>
<trkpt lat="41.980155" lon="2.808913600000011">
<ele>73.79839554875838</ele>
<time>2026-07-12T14:08:06.831Z</time>
</trkpt>
<trkpt lat="41.9801794" lon="2.8089047999999934">
<ele>73.82864351452002</ele>
<time>2026-07-12T14:08:08.969Z</time>
</trkpt>
<trkpt lat="41.9802016" lon="2.8089278999999863">
<ele>73.91008197021364</ele>
<time>2026-07-12T14:08:10.902Z</time>
</trkpt>
<trkpt lat="41.9802271" lon="2.808954199999988">
<ele>73.98082956140536</ele>
<time>2026-07-12T14:08:12.920Z</time>
</trkpt>
<trkpt lat="41.9802434" lon="2.8090133999999978">
<ele>74.0463844396256</ele>
<time>2026-07-12T14:08:14.832Z</time>
</trkpt>
<trkpt lat="41.9802678" lon="2.809029900000013">
<ele>74.0579093686533</ele>
<time>2026-07-12T14:08:16.849Z</time>
</trkpt>
<trkpt lat="41.980296" lon="2.809030299999989">
<ele>74.05770992900351</ele>
<time>2026-07-12T14:08:18.913Z</time>
</trkpt>
<trkpt lat="41.9803263" lon="2.809023599999989">
<ele>74.05309410809546</ele>
<time>2026-07-12T14:08:20.831Z</time>
</trkpt>
<trkpt lat="41.9803568" lon="2.8090224000000035">
<ele>74.0519740537733</ele>
<time>2026-07-12T14:08:22.866Z</time>
</trkpt>
<trkpt lat="41.9803871" lon="2.8090206999999907">
<ele>74.05059699053726</ele>
<time>2026-07-12T14:08:24.884Z</time>
</trkpt>
<trkpt lat="41.9804192" lon="2.8090170000000114">
<ele>74.04810397504167</ele>
<time>2026-07-12T14:08:26.901Z</time>
</trkpt>
<trkpt lat="41.9804513" lon="2.8090119000000016">
<ele>74.04494192045891</ele>
<time>2026-07-12T14:08:28.988Z</time>
</trkpt>
<trkpt lat="41.9804785" lon="2.8089993000000106">
<ele>74.03787462565387</ele>
<time>2026-07-12T14:08:30.887Z</time>
</trkpt>
<trkpt lat="41.980508" lon="2.808981899999992">
<ele>74.02859009514034</ele>
<time>2026-07-12T14:08:32.904Z</time>
</trkpt>
<trkpt lat="41.9805379" lon="2.8089739000000122">
<ele>73.9590759066479</ele>
<time>2026-07-12T14:08:34.920Z</time>
</trkpt>
<trkpt lat="41.9805682" lon="2.808969999999988">
<ele>73.74281063633353</ele>
<time>2026-07-12T14:08:36.897Z</time>
</trkpt>
<trkpt lat="41.9805983" lon="2.8089663000000087">
<ele>73.5238968420178</ele>
<time>2026-07-12T14:08:38.915Z</time>
</trkpt>
<trkpt lat="41.9806346" lon="2.808979700000009">
<ele>73.29922700423809</ele>
<time>2026-07-12T14:08:40.931Z</time>
</trkpt>
<trkpt lat="41.9806647" lon="2.8089823999999908">
<ele>73.10088893880949</ele>
<time>2026-07-12T14:08:42.991Z</time>
</trkpt>
<trkpt lat="41.9806905" lon="2.808988499999998">
<ele>72.94680591983557</ele>
<time>2026-07-12T14:08:44.892Z</time>
</trkpt>
<trkpt lat="41.9807191" lon="2.808998800000012">
<ele>72.79741885820715</ele>
<time>2026-07-12T14:08:46.908Z</time>
</trkpt>
<trkpt lat="41.9807456" lon="2.8090143999999952">
<ele>72.69672843462679</ele>
<time>2026-07-12T14:08:48.925Z</time>
</trkpt>
<trkpt lat="41.9807689" lon="2.8090225999999916">
<ele>72.59324554744153</ele>
<time>2026-07-12T14:08:50.878Z</time>
</trkpt>
<trkpt lat="41.9808193" lon="2.809036600000013">
<ele>72.53921211245415</ele>
<time>2026-07-12T14:08:54.716Z</time>
</trkpt>
<trkpt lat="41.980848" lon="2.809046099999989">
<ele>72.81695367887245</ele>
<time>2026-07-12T14:08:56.820Z</time>
</trkpt>
<trkpt lat="41.9808749" lon="2.809055199999989">
<ele>73.089356890055</ele>
<time>2026-07-12T14:08:58.757Z</time>
</trkpt>
<trkpt lat="41.9809015" lon="2.8090741999999977">
<ele>73.4469984411724</ele>
<time>2026-07-12T14:09:00.784Z</time>
</trkpt>
<trkpt lat="41.9809257" lon="2.80910209999999">
<ele>73.87950411324512</ele>
<time>2026-07-12T14:09:02.862Z</time>
</trkpt>
<trkpt lat="41.9809387" lon="2.809136599999988">
<ele>74.29148080827498</ele>
<time>2026-07-12T14:09:04.838Z</time>
</trkpt>
<trkpt lat="41.9809663" lon="2.809164199999998">
<ele>74.81094002900778</ele>
<time>2026-07-12T14:09:06.866Z</time>
</trkpt>
<trkpt lat="41.9809956" lon="2.809177599999998">
<ele>75.24223268472461</ele>
<time>2026-07-12T14:09:08.977Z</time>
</trkpt>
<trkpt lat="41.9810186" lon="2.8091911999999866">
<ele>75.66980055279576</ele>
<time>2026-07-12T14:09:10.898Z</time>
</trkpt>
<trkpt lat="41.9810429" lon="2.8092088999999874">
<ele>76.17656330237254</ele>
<time>2026-07-12T14:09:12.798Z</time>
</trkpt>
<trkpt lat="41.9810704" lon="2.8092240000000004">
<ele>76.67968321793083</ele>
<time>2026-07-12T14:09:14.917Z</time>
</trkpt>
<trkpt lat="41.981095" lon="2.809235199999989">
<ele>76.88473731563397</ele>
<time>2026-07-12T14:09:16.895Z</time>
</trkpt>
<trkpt lat="41.9811223" lon="2.8092427999999927">
<ele>76.70262454103401</ele>
<time>2026-07-12T14:09:18.920Z</time>
</trkpt>
<trkpt lat="41.981154" lon="2.8092406000000096">
<ele>76.34150095558182</ele>
<time>2026-07-12T14:09:20.860Z</time>
</trkpt>
<trkpt lat="41.9811772" lon="2.8092174999999884">
<ele>75.82515774867409</ele>
<time>2026-07-12T14:09:22.856Z</time>
</trkpt>
<trkpt lat="41.9811981" lon="2.809207100000009">
<ele>75.50049787572455</ele>
<time>2026-07-12T14:09:24.894Z</time>
</trkpt>
<trkpt lat="41.9812213" lon="2.8092095000000086">
<ele>75.30246157146459</ele>
<time>2026-07-12T14:09:26.859Z</time>
</trkpt>
<trkpt lat="41.9812662" lon="2.809191300000009">
<ele>74.69143902599778</ele>
<time>2026-07-12T14:09:28.756Z</time>
</trkpt>
<trkpt lat="41.9812951" lon="2.8091863999999873">
<ele>74.3802856367719</ele>
<time>2026-07-12T14:09:30.716Z</time>
</trkpt>
<trkpt lat="41.9813231" lon="2.80918539999999">
<ele>74.11630644354715</ele>
<time>2026-07-12T14:09:32.699Z</time>
</trkpt>
<trkpt lat="41.9813516" lon="2.8091881">
<ele>73.87696581747547</ele>
<time>2026-07-12T14:09:34.664Z</time>
</trkpt>
<trkpt lat="41.9813787" lon="2.809191400000003">
<ele>73.69399579101135</ele>
<time>2026-07-12T14:09:36.635Z</time>
</trkpt>
<trkpt lat="41.9814049" lon="2.809191300000009">
<ele>73.52290156551382</ele>
<time>2026-07-12T14:09:38.621Z</time>
</trkpt>
<trkpt lat="41.9814338" lon="2.809190099999995">
<ele>73.33002138307373</ele>
<time>2026-07-12T14:09:40.601Z</time>
</trkpt>
<trkpt lat="41.981458" lon="2.8091885000000048">
<ele>73.16912384791092</ele>
<time>2026-07-12T14:09:42.558Z</time>
</trkpt>
<trkpt lat="41.9814828" lon="2.8091891999999916">
<ele>73.01220549122893</ele>
<time>2026-07-12T14:09:44.542Z</time>
</trkpt>
<trkpt lat="41.9815077" lon="2.8091889000000094">
<ele>72.85233424370884</ele>
<time>2026-07-12T14:09:46.539Z</time>
</trkpt>
<trkpt lat="41.9815336" lon="2.8091856000000064">
<ele>72.68795849931178</ele>
<time>2026-07-12T14:09:48.518Z</time>
</trkpt>
<trkpt lat="41.9815593" lon="2.809180800000007">
<ele>72.53478284665309</ele>
<time>2026-07-12T14:09:50.500Z</time>
</trkpt>
<trkpt lat="41.9815863" lon="2.8091724999999883">
<ele>72.38418351976945</ele>
<time>2026-07-12T14:09:52.458Z</time>
</trkpt>
<trkpt lat="41.9816188" lon="2.809160300000002">
<ele>72.21170274029143</ele>
<time>2026-07-12T14:09:54.984Z</time>
</trkpt>
<trkpt lat="41.9816384" lon="2.8091546999999935">
<ele>72.10861352333983</ele>
<time>2026-07-12T14:09:56.876Z</time>
</trkpt>
<trkpt lat="41.9816618" lon="2.809150299999999">
<ele>72.07036259204311</ele>
<time>2026-07-12T14:09:58.776Z</time>
</trkpt>
<trkpt lat="41.9816898" lon="2.809134599999993">
<ele>72.05414724854728</ele>
<time>2026-07-12T14:10:00.678Z</time>
</trkpt>
<trkpt lat="41.98171" lon="2.809121900000008">
<ele>72.04205843805644</ele>
<time>2026-07-12T14:10:02.678Z</time>
</trkpt>
<trkpt lat="41.9817328" lon="2.8091043000000013">
<ele>72.0302212242286</ele>
<time>2026-07-12T14:10:04.718Z</time>
</trkpt>
<trkpt lat="41.981763" lon="2.809096299999993">
<ele>71.98955142253642</ele>
<time>2026-07-12T14:10:06.659Z</time>
</trkpt>
<trkpt lat="41.9817906" lon="2.8090850000000103">
<ele>71.95504090768125</ele>
<time>2026-07-12T14:10:08.979Z</time>
</trkpt>
<trkpt lat="41.9818143" lon="2.8090778000000114">
<ele>71.92056692441275</ele>
<time>2026-07-12T14:10:10.887Z</time>
</trkpt>
<trkpt lat="41.9818394" lon="2.809072299999997">
<ele>71.88041542633755</ele>
<time>2026-07-12T14:10:12.903Z</time>
</trkpt>
<trkpt lat="41.9818665" lon="2.8090746000000024">
<ele>71.82906196129397</ele>
<time>2026-07-12T14:10:14.871Z</time>
</trkpt>
<trkpt lat="41.9818961" lon="2.8090872999999874">
<ele>71.76680400148335</ele>
<time>2026-07-12T14:10:16.870Z</time>
</trkpt>
<trkpt lat="41.9819337" lon="2.8090899000000036">
<ele>71.69376293419174</ele>
<time>2026-07-12T14:10:18.886Z</time>
</trkpt>
<trkpt lat="41.9819597" lon="2.809086199999996">
<ele>71.64239201787008</ele>
<time>2026-07-12T14:10:20.877Z</time>
</trkpt>
<trkpt lat="41.9819883" lon="2.809085699999997">
<ele>71.58353377526072</ele>
<time>2026-07-12T14:10:22.868Z</time>
</trkpt>
<trkpt lat="41.9820285" lon="2.809096100000005">
<ele>71.47814861852156</ele>
<time>2026-07-12T14:10:24.884Z</time>
</trkpt>
<trkpt lat="41.9820565" lon="2.8091037000000085">
<ele>71.39689611822035</ele>
<time>2026-07-12T14:10:26.885Z</time>
</trkpt>
<trkpt lat="41.982085" lon="2.8091091999999946">
<ele>71.31451327951517</ele>
<time>2026-07-12T14:10:28.869Z</time>
</trkpt>
<trkpt lat="41.9821198" lon="2.809112099999993">
<ele>71.2208583655388</ele>
<time>2026-07-12T14:10:30.885Z</time>
</trkpt>
<trkpt lat="41.9821512" lon="2.809111999999999">
<ele>71.14431939973123</ele>
<time>2026-07-12T14:10:32.844Z</time>
</trkpt>
<trkpt lat="41.9821817" lon="2.809113200000013">
<ele>71.0645327360904</ele>
<time>2026-07-12T14:10:34.851Z</time>
</trkpt>
<trkpt lat="41.9822201" lon="2.809116700000004">
<ele>71.00868249873625</ele>
<time>2026-07-12T14:10:36.867Z</time>
</trkpt>
<trkpt lat="41.9822467" lon="2.8091215000000034">
<ele>70.9858267445816</ele>
<time>2026-07-12T14:10:38.944Z</time>
</trkpt>
<trkpt lat="41.9822739" lon="2.809127799999999">
<ele>70.95636589166081</ele>
<time>2026-07-12T14:10:40.916Z</time>
</trkpt>
<trkpt lat="41.982299" lon="2.809133900000006">
<ele>70.92803007933185</ele>
<time>2026-07-12T14:10:42.877Z</time>
</trkpt>
<trkpt lat="41.9823326" lon="2.8091407999999944">
<ele>70.89589700453442</ele>
<time>2026-07-12T14:10:44.859Z</time>
</trkpt>
<trkpt lat="41.9823576" lon="2.8091401000000076">
<ele>70.89788590333862</ele>
<time>2026-07-12T14:10:46.803Z</time>
</trkpt>
<trkpt lat="41.9823843" lon="2.8091386000000114">
<ele>70.90331068573445</ele>
<time>2026-07-12T14:10:48.761Z</time>
</trkpt>
<trkpt lat="41.9824181" lon="2.8091340999999943">
<ele>70.9215607513986</ele>
<time>2026-07-12T14:10:50.737Z</time>
</trkpt>
<trkpt lat="41.9824428" lon="2.8091300000000103">
<ele>70.9383774709357</ele>
<time>2026-07-12T14:10:52.721Z</time>
</trkpt>
<trkpt lat="41.9824691" lon="2.8091229000000055">
<ele>70.96815220754787</ele>
<time>2026-07-12T14:10:54.694Z</time>
</trkpt>
<trkpt lat="41.982499" lon="2.8091157000000067">
<ele>71.03446172909419</ele>
<time>2026-07-12T14:10:56.680Z</time>
</trkpt>
<trkpt lat="41.9825337" lon="2.809110099999998">
<ele>71.11104739513792</ele>
<time>2026-07-12T14:10:58.989Z</time>
</trkpt>
<trkpt lat="41.9825609" lon="2.8091059999999857">
<ele>71.16966902789909</ele>
<time>2026-07-12T14:11:00.857Z</time>
</trkpt>
<trkpt lat="41.9825948" lon="2.8091091999999946">
<ele>71.20680857118221</ele>
<time>2026-07-12T14:11:02.944Z</time>
</trkpt>
<trkpt lat="41.9826225" lon="2.8091076999999984">
<ele>71.25487964743776</ele>
<time>2026-07-12T14:11:04.981Z</time>
</trkpt>
<trkpt lat="41.9826497" lon="2.809101499999997">
<ele>71.32221292012437</ele>
<time>2026-07-12T14:11:06.859Z</time>
</trkpt>
<trkpt lat="41.9826758" lon="2.8090859000000137">
<ele>71.42768290880757</ele>
<time>2026-07-12T14:11:08.820Z</time>
</trkpt>
<trkpt lat="41.9827004" lon="2.8090741000000037">
<ele>71.51434676984992</ele>
<time>2026-07-12T14:11:10.981Z</time>
</trkpt>
<trkpt lat="41.9827244" lon="2.809068200000013">
<ele>71.57485900346606</ele>
<time>2026-07-12T14:11:12.894Z</time>
</trkpt>
<trkpt lat="41.982754" lon="2.8090712999999994">
<ele>71.60533311256575</ele>
<time>2026-07-12T14:11:14.805Z</time>
</trkpt>
<trkpt lat="41.9827837" lon="2.8090792000000135">
<ele>71.57039836793042</ele>
<time>2026-07-12T14:11:16.775Z</time>
</trkpt>
<trkpt lat="41.9828158" lon="2.809087000000005">
<ele>71.53647325395022</ele>
<time>2026-07-12T14:11:18.734Z</time>
</trkpt>
<trkpt lat="41.9828464" lon="2.809089">
<ele>71.5269466646415</ele>
<time>2026-07-12T14:11:20.659Z</time>
</trkpt>
<trkpt lat="41.982877" lon="2.809090700000013">
<ele>71.51881100277373</ele>
<time>2026-07-12T14:11:22.576Z</time>
</trkpt>
<trkpt lat="41.9829071" lon="2.80908740000001">
<ele>71.5307327731976</ele>
<time>2026-07-12T14:11:24.784Z</time>
</trkpt>
<trkpt lat="41.9829352" lon="2.8090827999999988">
<ele>71.54756919232598</ele>
<time>2026-07-12T14:11:26.923Z</time>
</trkpt>
<trkpt lat="41.982962" lon="2.8090784999999983">
<ele>71.56292435439059</ele>
<time>2026-07-12T14:11:28.832Z</time>
</trkpt>
<trkpt lat="41.9829849" lon="2.8090762999999868">
<ele>71.57008044978228</ele>
<time>2026-07-12T14:11:30.878Z</time>
</trkpt>
<trkpt lat="41.9830103" lon="2.8090745000000084">
<ele>71.5753941529036</ele>
<time>2026-07-12T14:11:32.894Z</time>
</trkpt>
<trkpt lat="41.9830317" lon="2.809070399999996">
<ele>71.58955207479161</ele>
<time>2026-07-12T14:11:34.796Z</time>
</trkpt>
<trkpt lat="41.9830656" lon="2.809067199999987">
<ele>71.56245915168807</ele>
<time>2026-07-12T14:11:36.831Z</time>
</trkpt>
<trkpt lat="41.9830973" lon="2.8090621999999996">
<ele>71.54910375598294</ele>
<time>2026-07-12T14:11:38.918Z</time>
</trkpt>
<trkpt lat="41.9831249" lon="2.8090535999999986">
<ele>71.5628969761155</ele>
<time>2026-07-12T14:11:40.880Z</time>
</trkpt>
<trkpt lat="41.9831516" lon="2.809046099999989">
<ele>71.5781938760466</ele>
<time>2026-07-12T14:11:42.822Z</time>
</trkpt>
<trkpt lat="41.9831802" lon="2.8090383999999915">
<ele>71.59896078891893</ele>
<time>2026-07-12T14:11:44.786Z</time>
</trkpt>
<trkpt lat="41.9832094" lon="2.8090310999999986">
<ele>71.62310932292881</ele>
<time>2026-07-12T14:11:46.757Z</time>
</trkpt>
<trkpt lat="41.9832429" lon="2.8090315999999973">
<ele>71.59793529554588</ele>
<time>2026-07-12T14:11:48.704Z</time>
</trkpt>
<trkpt lat="41.9832723" lon="2.809028100000006">
<ele>71.6039041245539</ele>
<time>2026-07-12T14:11:50.698Z</time>
</trkpt>
<trkpt lat="41.9833032" lon="2.8090251000000137">
<ele>71.60814715601154</ele>
<time>2026-07-12T14:11:52.683Z</time>
</trkpt>
<trkpt lat="41.9833311" lon="2.809018000000009">
<ele>71.6037099015019</ele>
<time>2026-07-12T14:11:54.617Z</time>
</trkpt>
<trkpt lat="41.9833603" lon="2.8090144999999893">
<ele>71.55235201257922</ele>
<time>2026-07-12T14:11:56.563Z</time>
</trkpt>
<trkpt lat="41.9833854" lon="2.8090034999999887">
<ele>71.56609084252435</ele>
<time>2026-07-12T14:11:58.480Z</time>
</trkpt>
<trkpt lat="41.9834165" lon="2.8090032000000065">
<ele>71.48315563677995</ele>
<time>2026-07-12T14:12:00.454Z</time>
</trkpt>
<trkpt lat="41.9834438" lon="2.809000400000002">
<ele>71.42811836516938</ele>
<time>2026-07-12T14:12:02.559Z</time>
</trkpt>
<trkpt lat="41.9834738" lon="2.8090033999999946">
<ele>71.32491232625465</ele>
<time>2026-07-12T14:12:04.534Z</time>
</trkpt>
<trkpt lat="41.9835095" lon="2.809018000000009">
<ele>71.12972597630743</ele>
<time>2026-07-12T14:12:06.558Z</time>
</trkpt>
<trkpt lat="41.9835345" lon="2.8090304000000117">
<ele>70.98219723660664</ele>
<time>2026-07-12T14:12:08.583Z</time>
</trkpt>
<trkpt lat="41.9835644" lon="2.8090349000000003">
<ele>70.87608228068629</ele>
<time>2026-07-12T14:12:10.558Z</time>
</trkpt>
<trkpt lat="41.983597" lon="2.809060499999987">
<ele>70.67232581802219</ele>
<time>2026-07-12T14:12:12.516Z</time>
</trkpt>
<trkpt lat="41.9836238" lon="2.809077699999989">
<ele>70.64133800177828</ele>
<time>2026-07-12T14:12:14.498Z</time>
</trkpt>
<trkpt lat="41.9836488" lon="2.809099400000008">
<ele>70.62022242454701</ele>
<time>2026-07-12T14:12:16.479Z</time>
</trkpt>
<trkpt lat="41.9836698" lon="2.8091288999999904">
<ele>70.59664551468713</ele>
<time>2026-07-12T14:12:18.456Z</time>
</trkpt>
<trkpt lat="41.9837074" lon="2.809191499999997">
<ele>70.6476071617648</ele>
<time>2026-07-12T14:12:22.440Z</time>
</trkpt>
<trkpt lat="41.9837207" lon="2.809238899999997">
<ele>70.63091049748355</ele>
<time>2026-07-12T14:12:24.446Z</time>
</trkpt>
<trkpt lat="41.983732" lon="2.8092781999999943">
<ele>70.61385184814446</ele>
<time>2026-07-12T14:12:26.440Z</time>
</trkpt>
<trkpt lat="41.9837463" lon="2.8093186000000117">
<ele>70.60690318162162</ele>
<time>2026-07-12T14:12:28.455Z</time>
</trkpt>
<trkpt lat="41.9837619" lon="2.809360499999997">
<ele>70.59775041779064</ele>
<time>2026-07-12T14:12:30.462Z</time>
</trkpt>
<trkpt lat="41.9837788" lon="2.809391000000005">
<ele>70.61643626654906</ele>
<time>2026-07-12T14:12:32.422Z</time>
</trkpt>
<trkpt lat="41.9837929" lon="2.809414299999986">
<ele>70.63339621878333</ele>
<time>2026-07-12T14:12:34.273Z</time>
</trkpt>
<trkpt lat="41.9838191" lon="2.8094547000000034">
<ele>70.66370626911767</ele>
<time>2026-07-12T14:12:36.398Z</time>
</trkpt>
<trkpt lat="41.9838385" lon="2.8094791999999984">
<ele>70.80488274570463</ele>
<time>2026-07-12T14:12:38.377Z</time>
</trkpt>
<trkpt lat="41.9838585" lon="2.8095022999999912">
<ele>70.95748658005873</ele>
<time>2026-07-12T14:12:40.342Z</time>
</trkpt>
<trkpt lat="41.9838782" lon="2.809527099999997">
<ele>71.07569967242021</ele>
<time>2026-07-12T14:12:42.316Z</time>
</trkpt>
<trkpt lat="41.9839022" lon="2.8095466000000044">
<ele>71.1526461237589</ele>
<time>2026-07-12T14:12:44.299Z</time>
</trkpt>
<trkpt lat="41.9839272" lon="2.80956359999999">
<ele>71.21007188962275</ele>
<time>2026-07-12T14:12:46.278Z</time>
</trkpt>
<trkpt lat="41.983952" lon="2.8095796000000064">
<ele>71.25053462421742</ele>
<time>2026-07-12T14:12:48.235Z</time>
</trkpt>
<trkpt lat="41.9839786" lon="2.8095896000000096">
<ele>71.27579774787137</ele>
<time>2026-07-12T14:12:50.203Z</time>
</trkpt>
<trkpt lat="41.9840034" lon="2.809605900000008">
<ele>71.28841161806311</ele>
<time>2026-07-12T14:12:52.203Z</time>
</trkpt>
<trkpt lat="41.9840307" lon="2.809618900000004">
<ele>71.28848311702404</ele>
<time>2026-07-12T14:12:54.177Z</time>
</trkpt>
<trkpt lat="41.9840576" lon="2.8096304999999973">
<ele>71.27697850470508</ele>
<time>2026-07-12T14:12:56.161Z</time>
</trkpt>
<trkpt lat="41.9840888" lon="2.8096404000000064">
<ele>71.2555378197714</ele>
<time>2026-07-12T14:12:58.138Z</time>
</trkpt>
<trkpt lat="41.9841108" lon="2.809644200000008">
<ele>71.24070864398921</ele>
<time>2026-07-12T14:13:00.121Z</time>
</trkpt>
<trkpt lat="41.9841413" lon="2.8096465000000137">
<ele>71.22345769630363</ele>
<time>2026-07-12T14:13:02.097Z</time>
</trkpt>
<trkpt lat="41.9841761" lon="2.8096523000000104">
<ele>71.30490583114451</ele>
<time>2026-07-12T14:13:04.081Z</time>
</trkpt>
<trkpt lat="41.9842013" lon="2.8096698999999887">
<ele>71.34264307363844</ele>
<time>2026-07-12T14:13:06.080Z</time>
</trkpt>
<trkpt lat="41.9842274" lon="2.80967720000001">
<ele>71.41416570689292</ele>
<time>2026-07-12T14:13:08.059Z</time>
</trkpt>
<trkpt lat="41.9842542" lon="2.8096913999999913">
<ele>71.4787006939906</ele>
<time>2026-07-12T14:13:10.040Z</time>
</trkpt>
<trkpt lat="41.9842777" lon="2.809700399999997">
<ele>71.54703825064706</ele>
<time>2026-07-12T14:13:11.983Z</time>
</trkpt>
<trkpt lat="41.9842973" lon="2.8097145000000125">
<ele>71.59735727389518</ele>
<time>2026-07-12T14:13:13.838Z</time>
</trkpt>
<trkpt lat="41.984325" lon="2.8097463999999945">
<ele>71.61931078908506</ele>
<time>2026-07-12T14:13:16.081Z</time>
</trkpt>
<trkpt lat="41.9843451" lon="2.8097860000000026">
<ele>71.44498238406844</ele>
<time>2026-07-12T14:13:18.099Z</time>
</trkpt>
<trkpt lat="41.9843682" lon="2.809811300000007">
<ele>71.30439985101928</ele>
<time>2026-07-12T14:13:20.095Z</time>
</trkpt>
<trkpt lat="41.9843942" lon="2.8098261000000093">
<ele>71.1991256873872</ele>
<time>2026-07-12T14:13:22.079Z</time>
</trkpt>
<trkpt lat="41.9844222" lon="2.8098264999999856">
<ele>71.19649234653535</ele>
<time>2026-07-12T14:13:24.050Z</time>
</trkpt>
<trkpt lat="41.9844435" lon="2.809818000000007">
<ele>71.26543287574054</ele>
<time>2026-07-12T14:13:25.999Z</time>
</trkpt>
<trkpt lat="41.9844624" lon="2.8098171999999977">
<ele>71.26197058181003</ele>
<time>2026-07-12T14:13:27.999Z</time>
</trkpt>
<trkpt lat="41.9849099" lon="2.8107357000000093">
<ele>70.98476374664943</ele>
<time>2026-07-12T14:13:49.836Z</time>
</trkpt>
<trkpt lat="41.9849277" lon="2.8107596000000115">
<ele>71.03803614916318</ele>
<time>2026-07-12T14:13:51.820Z</time>
</trkpt>
<trkpt lat="41.9849508" lon="2.810781899999995">
<ele>71.09847100321515</ele>
<time>2026-07-12T14:13:53.780Z</time>
</trkpt>
<trkpt lat="41.9849779" lon="2.8107980000000055">
<ele>71.1593384739225</ele>
<time>2026-07-12T14:13:55.704Z</time>
</trkpt>
<trkpt lat="41.9850047" lon="2.8108166000000097">
<ele>71.39222175824536</ele>
<time>2026-07-12T14:13:57.719Z</time>
</trkpt>
<trkpt lat="41.9850321" lon="2.8108518999999887">
<ele>71.7039928859562</ele>
<time>2026-07-12T14:13:59.680Z</time>
</trkpt>
<trkpt lat="41.9850482" lon="2.810850700000003">
<ele>71.83846606874741</ele>
<time>2026-07-12T14:14:01.985Z</time>
</trkpt>
<trkpt lat="41.9850705" lon="2.8108464000000026">
<ele>72.01294278093204</ele>
<time>2026-07-12T14:14:04.046Z</time>
</trkpt>
<trkpt lat="41.9850897" lon="2.8108483000000035">
<ele>72.18711060934808</ele>
<time>2026-07-12T14:14:05.923Z</time>
</trkpt>
<trkpt lat="41.9851109" lon="2.8108357000000126">
<ele>72.3345429954998</ele>
<time>2026-07-12T14:14:07.980Z</time>
</trkpt>
<trkpt lat="41.9851298" lon="2.810827499999988">
<ele>72.46910180712524</ele>
<time>2026-07-12T14:14:10.000Z</time>
</trkpt>
<trkpt lat="41.9851506" lon="2.8108219000000076">
<ele>72.62433247728046</ele>
<time>2026-07-12T14:14:12.001Z</time>
</trkpt>
<trkpt lat="41.9851712" lon="2.810824999999994">
<ele>72.81005370396551</ele>
<time>2026-07-12T14:14:14.043Z</time>
</trkpt>
<trkpt lat="41.985103" lon="2.8107795999999894">
<ele>72.09711473548731</ele>
<time>2026-07-12T14:14:16.076Z</time>
</trkpt>
<trkpt lat="41.9849035" lon="2.8105619000000104">
<ele>70.81608523799878</ele>
<time>2026-07-12T14:14:18.056Z</time>
</trkpt>
<trkpt lat="41.9849059" lon="2.810564599999992">
<ele>70.81827129579843</ele>
<time>2026-07-12T14:14:20.000Z</time>
</trkpt>
<trkpt lat="41.9849342" lon="2.8105672000000084">
<ele>70.86534248086674</ele>
<time>2026-07-12T14:14:21.990Z</time>
</trkpt>
<trkpt lat="41.9849662" lon="2.810568399999994">
<ele>70.91810856029842</ele>
<time>2026-07-12T14:14:24.002Z</time>
</trkpt>
<trkpt lat="41.9849948" lon="2.8105706000000055">
<ele>71.0024766917868</ele>
<time>2026-07-12T14:14:26.047Z</time>
</trkpt>
<trkpt lat="41.985018" lon="2.810585400000008">
<ele>71.12603067818685</ele>
<time>2026-07-12T14:14:28.048Z</time>
</trkpt>
<trkpt lat="41.9850458" lon="2.810594000000009">
<ele>71.26983274651934</ele>
<time>2026-07-12T14:14:30.005Z</time>
</trkpt>
<trkpt lat="41.9850715" lon="2.8106031000000087">
<ele>71.41260232318439</ele>
<time>2026-07-12T14:14:31.843Z</time>
</trkpt>
<trkpt lat="41.9850995" lon="2.8106316999999876">
<ele>71.63218397593991</ele>
<time>2026-07-12T14:14:33.763Z</time>
</trkpt>
<trkpt lat="41.9851221" lon="2.810650900000013">
<ele>71.81557176408317</ele>
<time>2026-07-12T14:14:35.658Z</time>
</trkpt>
<trkpt lat="41.9851481" lon="2.81067920000001">
<ele>72.06742254132693</ele>
<time>2026-07-12T14:14:37.802Z</time>
</trkpt>
<trkpt lat="41.9851702" lon="2.810719799999987">
<ele>72.36851968626625</ele>
<time>2026-07-12T14:14:39.725Z</time>
</trkpt>
<trkpt lat="41.9851913" lon="2.8107452000000137">
<ele>72.6237409930419</ele>
<time>2026-07-12T14:14:41.984Z</time>
</trkpt>
<trkpt lat="41.98521" lon="2.8107822999999996">
<ele>72.9341268603265</ele>
<time>2026-07-12T14:14:44.362Z</time>
</trkpt>
<trkpt lat="41.9852289" lon="2.8107980999999995">
<ele>73.16073789120291</ele>
<time>2026-07-12T14:14:46.309Z</time>
</trkpt>
<trkpt lat="41.9852581" lon="2.810822999999999">
<ele>73.53293542321762</ele>
<time>2026-07-12T14:14:48.296Z</time>
</trkpt>
<trkpt lat="41.9852894" lon="2.810844199999991">
<ele>73.94436312480765</ele>
<time>2026-07-12T14:14:50.283Z</time>
</trkpt>
<trkpt lat="41.985319" lon="2.810865100000001">
<ele>74.44963695132991</ele>
<time>2026-07-12T14:14:52.259Z</time>
</trkpt>
<trkpt lat="41.9853482" lon="2.810883799999999">
<ele>74.92692645597326</ele>
<time>2026-07-12T14:14:54.256Z</time>
</trkpt>
<trkpt lat="41.9853837" lon="2.8109000000000037">
<ele>75.41073547793314</ele>
<time>2026-07-12T14:14:56.639Z</time>
</trkpt>
<trkpt lat="41.9854151" lon="2.8109072999999967">
<ele>75.75096827855532</ele>
<time>2026-07-12T14:14:58.698Z</time>
</trkpt>
<trkpt lat="41.9854424" lon="2.810924099999994">
<ele>76.13757727566387</ele>
<time>2026-07-12T14:15:00.642Z</time>
</trkpt>
<trkpt lat="41.9854673" lon="2.8109401000000105">
<ele>76.48100656644473</ele>
<time>2026-07-12T14:15:02.622Z</time>
</trkpt>
<trkpt lat="41.9854944" lon="2.8109579000000053">
<ele>76.84079537244705</ele>
<time>2026-07-12T14:15:04.677Z</time>
</trkpt>
<trkpt lat="41.9855246" lon="2.810976100000005">
<ele>77.20736282465244</ele>
<time>2026-07-12T14:15:06.660Z</time>
</trkpt>
<trkpt lat="41.985546" lon="2.8109910000000013">
<ele>77.51765504986655</ele>
<time>2026-07-12T14:15:08.660Z</time>
</trkpt>
<trkpt lat="41.9855755" lon="2.811005399999999">
<ele>77.98435605052444</ele>
<time>2026-07-12T14:15:10.718Z</time>
</trkpt>
<trkpt lat="41.9856027" lon="2.811017200000009">
<ele>78.42730060331651</ele>
<time>2026-07-12T14:15:12.677Z</time>
</trkpt>
<trkpt lat="41.9856321" lon="2.811029100000013">
<ele>78.92291547332896</ele>
<time>2026-07-12T14:15:14.663Z</time>
</trkpt>
<trkpt lat="41.9856649" lon="2.8110413999999935">
<ele>79.49395851289876</ele>
<time>2026-07-12T14:15:16.982Z</time>
</trkpt>
<trkpt lat="41.9856888" lon="2.811051099999986">
<ele>79.93832783496696</ele>
<time>2026-07-12T14:15:18.907Z</time>
</trkpt>
<trkpt lat="41.9857158" lon="2.811066299999993">
<ele>80.52082265418382</ele>
<time>2026-07-12T14:15:20.985Z</time>
</trkpt>
<trkpt lat="41.9857373" lon="2.8110843999999986">
<ele>81.09579243902272</ele>
<time>2026-07-12T14:15:22.969Z</time>
</trkpt>
<trkpt lat="41.9857581" lon="2.8111003999999866">
<ele>81.65532693270167</ele>
<time>2026-07-12T14:15:24.884Z</time>
</trkpt>
<trkpt lat="41.9858161" lon="2.811135799999988">
<ele>82.9065097482319</ele>
<time>2026-07-12T14:15:28.658Z</time>
</trkpt>
<trkpt lat="41.9858489" lon="2.811152899999996">
<ele>82.55214326651745</ele>
<time>2026-07-12T14:15:30.977Z</time>
</trkpt>
<trkpt lat="41.9858737" lon="2.8111681999999973">
<ele>82.30553930516399</ele>
<time>2026-07-12T14:15:32.900Z</time>
</trkpt>
<trkpt lat="41.9859003" lon="2.8111848000000066">
<ele>82.0721967959171</ele>
<time>2026-07-12T14:15:34.846Z</time>
</trkpt>
<trkpt lat="41.9859253" lon="2.811214299999989">
<ele>81.87178471450325</ele>
<time>2026-07-12T14:15:36.832Z</time>
</trkpt>
<trkpt lat="41.9859527" lon="2.811225400000012">
<ele>81.71070855150634</ele>
<time>2026-07-12T14:15:38.845Z</time>
</trkpt>
<trkpt lat="41.9859675" lon="2.811281799999989">
<ele>81.67208842399752</ele>
<time>2026-07-12T14:15:40.836Z</time>
</trkpt>
<trkpt lat="41.9859953" lon="2.8112946999999906">
<ele>81.59958911025699</ele>
<time>2026-07-12T14:15:42.851Z</time>
</trkpt>
<trkpt lat="41.9860231" lon="2.811308800000006">
<ele>81.5572833106426</ele>
<time>2026-07-12T14:15:44.867Z</time>
</trkpt>
<trkpt lat="41.9860511" lon="2.8113238999999908">
<ele>81.54775471639691</ele>
<time>2026-07-12T14:15:46.984Z</time>
</trkpt>
<trkpt lat="41.9860752" lon="2.8113301999999862">
<ele>81.53273308551019</ele>
<time>2026-07-12T14:15:48.867Z</time>
</trkpt>
<trkpt lat="41.9860985" lon="2.8113334999999893">
<ele>81.36393556062113</ele>
<time>2026-07-12T14:15:50.882Z</time>
</trkpt>
<trkpt lat="41.9861161" lon="2.8113376999999957">
<ele>80.96627791329087</ele>
<time>2026-07-12T14:15:52.897Z</time>
</trkpt>
<trkpt lat="41.9861366" lon="2.811341800000008">
<ele>80.49590812788406</ele>
<time>2026-07-12T14:15:54.842Z</time>
</trkpt>
<trkpt lat="41.9861535" lon="2.811333700000006">
<ele>80.05719481439962</ele>
<time>2026-07-12T14:15:56.948Z</time>
</trkpt>
<trkpt lat="41.9861576" lon="2.811323399999992">
<ele>79.91698921327352</ele>
<time>2026-07-12T14:15:58.879Z</time>
</trkpt>
<trkpt lat="41.9861678" lon="2.8113548000000037">
<ele>79.80053258774976</ele>
<time>2026-07-12T14:16:00.979Z</time>
</trkpt>
<trkpt lat="41.9861784" lon="2.811444899999998">
<ele>79.81112927406205</ele>
<time>2026-07-12T14:16:02.799Z</time>
</trkpt>
<trkpt lat="41.9861774" lon="2.811505000000011">
<ele>79.95151866431864</ele>
<time>2026-07-12T14:16:04.745Z</time>
</trkpt>
<trkpt lat="41.9861796" lon="2.811555300000009">
<ele>80.00804635160866</ele>
<time>2026-07-12T14:16:06.977Z</time>
</trkpt>
<trkpt lat="41.986201" lon="2.8115961999999968">
<ele>79.72618221615316</ele>
<time>2026-07-12T14:16:08.881Z</time>
</trkpt>
<trkpt lat="41.9862298" lon="2.8116410000000087">
<ele>79.42083719680559</ele>
<time>2026-07-12T14:16:10.897Z</time>
</trkpt>
<trkpt lat="41.9862557" lon="2.8116760000000056">
<ele>79.21144136191091</ele>
<time>2026-07-12T14:16:12.983Z</time>
</trkpt>
<trkpt lat="41.9862931" lon="2.811689699999988">
<ele>78.67468019312317</ele>
<time>2026-07-12T14:16:14.899Z</time>
</trkpt>
<trkpt lat="41.9863253" lon="2.8117095000000063">
<ele>78.07802830002092</ele>
<time>2026-07-12T14:16:16.862Z</time>
</trkpt>
<trkpt lat="41.9863593" lon="2.8117436">
<ele>77.42247997330405</ele>
<time>2026-07-12T14:16:18.830Z</time>
</trkpt>
<trkpt lat="41.9863845" lon="2.8117799000000048">
<ele>76.92929037134012</ele>
<time>2026-07-12T14:16:20.883Z</time>
</trkpt>
<trkpt lat="41.9864087" lon="2.8118088999999884">
<ele>76.55423679775174</ele>
<time>2026-07-12T14:16:22.858Z</time>
</trkpt>
<trkpt lat="41.986433" lon="2.8118407000000047">
<ele>76.2342619998912</ele>
<time>2026-07-12T14:16:24.958Z</time>
</trkpt>
<trkpt lat="41.9864532" lon="2.811866199999997">
<ele>76.026202650968</ele>
<time>2026-07-12T14:16:26.886Z</time>
</trkpt>
<trkpt lat="41.9864712" lon="2.811895800000002">
<ele>75.86873600905608</ele>
<time>2026-07-12T14:16:28.778Z</time>
</trkpt>
<trkpt lat="41.9864896" lon="2.8119298999999955">
<ele>75.7557241755789</ele>
<time>2026-07-12T14:16:30.760Z</time>
</trkpt>
<trkpt lat="41.9865027" lon="2.8119627000000094">
<ele>75.6818220494107</ele>
<time>2026-07-12T14:16:32.831Z</time>
</trkpt>
<trkpt lat="41.9865361" lon="2.812019499999991">
<ele>74.67678142619877</ele>
<time>2026-07-12T14:16:36.620Z</time>
</trkpt>
<trkpt lat="41.9865502" lon="2.8120519">
<ele>74.08261377979154</ele>
<time>2026-07-12T14:16:38.681Z</time>
</trkpt>
<trkpt lat="41.9865743" lon="2.8120726999999874">
<ele>73.63695577066531</ele>
<time>2026-07-12T14:16:40.874Z</time>
</trkpt>
<trkpt lat="41.9865982" lon="2.8120811000000003">
<ele>73.39759502397716</ele>
<time>2026-07-12T14:16:42.891Z</time>
</trkpt>
<trkpt lat="41.9866191" lon="2.8120978999999977">
<ele>73.00394739181122</ele>
<time>2026-07-12T14:16:44.906Z</time>
</trkpt>
<trkpt lat="41.9866383" lon="2.8121241999999995">
<ele>72.42083121883635</ele>
<time>2026-07-12T14:16:46.990Z</time>
</trkpt>
<trkpt lat="41.9866538" lon="2.812152700000013">
<ele>71.89390637843525</ele>
<time>2026-07-12T14:16:48.911Z</time>
</trkpt>
<trkpt lat="41.986673" lon="2.8121843000000126">
<ele>71.58282449891324</ele>
<time>2026-07-12T14:16:50.927Z</time>
</trkpt>
<trkpt lat="41.9866729" lon="2.8122497999999894">
<ele>70.60034623170905</ele>
<time>2026-07-12T14:16:52.977Z</time>
</trkpt>
<trkpt lat="41.98668" lon="2.8122947999999894">
<ele>70.64228105529567</ele>
<time>2026-07-12T14:16:54.909Z</time>
</trkpt>
<trkpt lat="41.9867019" lon="2.8123273999999867">
<ele>70.97616565421292</ele>
<time>2026-07-12T14:16:56.924Z</time>
</trkpt>
<trkpt lat="41.9867284" lon="2.81235319999999">
<ele>71.39669159962207</ele>
<time>2026-07-12T14:16:58.831Z</time>
</trkpt>
<trkpt lat="41.9867641" lon="2.8124043999999913">
<ele>71.89542373414258</ele>
<time>2026-07-12T14:17:02.701Z</time>
</trkpt>
<trkpt lat="41.9867803" lon="2.8124296999999956">
<ele>72.1040418208065</ele>
<time>2026-07-12T14:17:04.620Z</time>
</trkpt>
<trkpt lat="41.9867992" lon="2.8124540000000025">
<ele>72.35433917201394</ele>
<time>2026-07-12T14:17:06.771Z</time>
</trkpt>
<trkpt lat="41.9868224" lon="2.812470100000013">
<ele>72.69673825861163</ele>
<time>2026-07-12T14:17:08.603Z</time>
</trkpt>
<trkpt lat="41.9868377" lon="2.8125022000000115">
<ele>72.84189820052796</ele>
<time>2026-07-12T14:17:10.983Z</time>
</trkpt>
<trkpt lat="41.9868525" lon="2.8125188999999864">
<ele>73.03822007879968</ele>
<time>2026-07-12T14:17:12.883Z</time>
</trkpt>
<trkpt lat="41.9868692" lon="2.8125439000000085">
<ele>73.40134607980654</ele>
<time>2026-07-12T14:17:14.897Z</time>
</trkpt>
<trkpt lat="41.9868744" lon="2.812576699999994">
<ele>73.59551157013857</ele>
<time>2026-07-12T14:17:16.802Z</time>
</trkpt>
<trkpt lat="41.9868842" lon="2.8126445000000047">
<ele>73.96050143107571</ele>
<time>2026-07-12T14:17:20.619Z</time>
</trkpt>
<trkpt lat="41.9868946" lon="2.8126799000000062">
<ele>74.20859620352424</ele>
<time>2026-07-12T14:17:22.539Z</time>
</trkpt>
<trkpt lat="41.9869046" lon="2.812711500000006">
<ele>74.42552771575768</ele>
<time>2026-07-12T14:17:24.539Z</time>
</trkpt>
<trkpt lat="41.9869224" lon="2.81274590000001">
<ele>74.72655140611003</ele>
<time>2026-07-12T14:17:26.503Z</time>
</trkpt>
<trkpt lat="41.9869357" lon="2.812781099999995">
<ele>74.98179352600124</ele>
<time>2026-07-12T14:17:28.476Z</time>
</trkpt>
<trkpt lat="41.9869477" lon="2.812814099999997">
<ele>75.19848261312048</ele>
<time>2026-07-12T14:17:30.435Z</time>
</trkpt>
<trkpt lat="41.986959" lon="2.812829800000003">
<ele>75.36205499926112</ele>
<time>2026-07-12T14:17:32.600Z</time>
</trkpt>
<trkpt lat="41.9869598" lon="2.812879900000013">
<ele>75.40539545841929</ele>
<time>2026-07-12T14:17:34.597Z</time>
</trkpt>
<trkpt lat="41.986978" lon="2.8129189999999937">
<ele>75.6413238748428</ele>
<time>2026-07-12T14:17:36.597Z</time>
</trkpt>
<trkpt lat="41.9869856" lon="2.812944399999992">
<ele>75.73335779350931</ele>
<time>2026-07-12T14:17:38.646Z</time>
</trkpt>
<trkpt lat="41.9869939" lon="2.812991399999987">
<ele>75.82565758118879</ele>
<time>2026-07-12T14:17:40.720Z</time>
</trkpt>
<trkpt lat="41.9869999" lon="2.813029300000011">
<ele>75.88275946893468</ele>
<time>2026-07-12T14:17:42.793Z</time>
</trkpt>
<trkpt lat="41.9870166" lon="2.8130577000000017">
<ele>76.02890087196756</ele>
<time>2026-07-12T14:17:44.818Z</time>
</trkpt>
<trkpt lat="41.9870335" lon="2.8130827999999894">
<ele>76.10002412922157</ele>
<time>2026-07-12T14:17:46.779Z</time>
</trkpt>
<trkpt lat="41.9870433" lon="2.813117500000004">
<ele>75.93150775372429</ele>
<time>2026-07-12T14:17:48.842Z</time>
</trkpt>
<trkpt lat="41.9870665" lon="2.813180899999992">
<ele>75.70356555436103</ele>
<time>2026-07-12T14:17:52.705Z</time>
</trkpt>
<trkpt lat="41.9870799" lon="2.8132127000000082">
<ele>75.6243997533254</ele>
<time>2026-07-12T14:17:54.621Z</time>
</trkpt>
<trkpt lat="41.9870945" lon="2.8132520000000056">
<ele>75.52185715510298</ele>
<time>2026-07-12T14:17:56.833Z</time>
</trkpt>
<trkpt lat="41.9871076" lon="2.8132851999999957">
<ele>75.45741671252806</ele>
<time>2026-07-12T14:17:58.859Z</time>
</trkpt>
<trkpt lat="41.9871198" lon="2.8133202999999867">
<ele>75.38300480347284</ele>
<time>2026-07-12T14:18:00.874Z</time>
</trkpt>
<trkpt lat="41.9871305" lon="2.8133503999999903">
<ele>75.33227480417864</ele>
<time>2026-07-12T14:18:02.889Z</time>
</trkpt>
<trkpt lat="41.9871425" lon="2.8133842999999956">
<ele>75.38294215116899</ele>
<time>2026-07-12T14:18:04.906Z</time>
</trkpt>
<trkpt lat="41.987157" lon="2.813417500000014">
<ele>75.53021461481086</ele>
<time>2026-07-12T14:18:06.921Z</time>
</trkpt>
<trkpt lat="41.9871666" lon="2.813452799999993">
<ele>75.64137797387659</ele>
<time>2026-07-12T14:18:08.938Z</time>
</trkpt>
<trkpt lat="41.9871781" lon="2.8134833000000015">
<ele>75.83725961634173</ele>
<time>2026-07-12T14:18:10.840Z</time>
</trkpt>
<trkpt lat="41.9871898" lon="2.8135203999999874">
<ele>76.08057628934952</ele>
<time>2026-07-12T14:18:12.857Z</time>
</trkpt>
<trkpt lat="41.9872036" lon="2.813554399999987">
<ele>76.42732168230785</ele>
<time>2026-07-12T14:18:14.872Z</time>
</trkpt>
<trkpt lat="41.9872177" lon="2.813590099999999">
<ele>76.66253065230649</ele>
<time>2026-07-12T14:18:16.887Z</time>
</trkpt>
<trkpt lat="41.9872322" lon="2.8136288999999977">
<ele>76.94825067659798</ele>
<time>2026-07-12T14:18:18.903Z</time>
</trkpt>
<trkpt lat="41.9872442" lon="2.813666899999987">
<ele>76.66541820352911</ele>
<time>2026-07-12T14:18:20.920Z</time>
</trkpt>
<trkpt lat="41.9872579" lon="2.813709799999998">
<ele>76.3831677797629</ele>
<time>2026-07-12T14:18:22.830Z</time>
</trkpt>
<trkpt lat="41.9872706" lon="2.8137485999999967">
<ele>76.18465957547261</ele>
<time>2026-07-12T14:18:24.839Z</time>
</trkpt>
<trkpt lat="41.9872822" lon="2.8137906999999984">
<ele>75.973066583796</ele>
<time>2026-07-12T14:18:26.855Z</time>
</trkpt>
<trkpt lat="41.9872941" lon="2.813830700000011">
<ele>75.83928047876829</ele>
<time>2026-07-12T14:18:28.761Z</time>
</trkpt>
<trkpt lat="41.9873063" lon="2.813871799999987">
<ele>75.75015902258252</ele>
<time>2026-07-12T14:18:30.890Z</time>
</trkpt>
<trkpt lat="41.9873164" lon="2.8139119999999878">
<ele>75.6504114628317</ele>
<time>2026-07-12T14:18:32.905Z</time>
</trkpt>
<trkpt lat="41.9873262" lon="2.8139513000000136">
<ele>75.50166375501118</ele>
<time>2026-07-12T14:18:34.924Z</time>
</trkpt>
<trkpt lat="41.9873356" lon="2.813988099999989">
<ele>75.35727326615203</ele>
<time>2026-07-12T14:18:36.941Z</time>
</trkpt>
<trkpt lat="41.9873437" lon="2.814022599999987">
<ele>75.19205379649014</ele>
<time>2026-07-12T14:18:38.844Z</time>
</trkpt>
<trkpt lat="41.9873514" lon="2.814061500000008">
<ele>74.95629791877194</ele>
<time>2026-07-12T14:18:40.862Z</time>
</trkpt>
<trkpt lat="41.9873602" lon="2.814097299999986">
<ele>74.77578928641907</ele>
<time>2026-07-12T14:18:42.980Z</time>
</trkpt>
<trkpt lat="41.9873713" lon="2.814128000000011">
<ele>74.70453704322384</ele>
<time>2026-07-12T14:18:44.856Z</time>
</trkpt>
<trkpt lat="41.9873841" lon="2.8141673000000083">
<ele>74.56163975056278</ele>
<time>2026-07-12T14:18:46.872Z</time>
</trkpt>
<trkpt lat="41.9873911" lon="2.814206000000013">
<ele>74.47190767299472</ele>
<time>2026-07-12T14:18:48.889Z</time>
</trkpt>
<trkpt lat="41.9873976" lon="2.8142475999999874">
<ele>74.56548515510319</ele>
<time>2026-07-12T14:18:50.905Z</time>
</trkpt>
<trkpt lat="41.9874048" lon="2.814290199999988">
<ele>74.68141790641273</ele>
<time>2026-07-12T14:18:52.922Z</time>
</trkpt>
<trkpt lat="41.9874128" lon="2.814325200000013">
<ele>74.83647983629487</ele>
<time>2026-07-12T14:18:54.849Z</time>
</trkpt>
<trkpt lat="41.9874302" lon="2.814362100000011">
<ele>75.24614121256322</ele>
<time>2026-07-12T14:18:56.865Z</time>
</trkpt>
<trkpt lat="41.9874637" lon="2.8144816999999875">
<ele>76.15110117985778</ele>
<time>2026-07-12T14:19:00.983Z</time>
</trkpt>
<trkpt lat="41.9874753" lon="2.8145299999999907">
<ele>76.78083079720875</ele>
<time>2026-07-12T14:19:02.871Z</time>
</trkpt>
<trkpt lat="41.987484" lon="2.8145821999999896">
<ele>77.3492875786812</ele>
<time>2026-07-12T14:19:04.887Z</time>
</trkpt>
<trkpt lat="41.9874953" lon="2.814631899999995">
<ele>77.890340388216</ele>
<time>2026-07-12T14:19:06.983Z</time>
</trkpt>
<trkpt lat="41.9875021" lon="2.814676399999996">
<ele>78.28055345809418</ele>
<time>2026-07-12T14:19:08.846Z</time>
</trkpt>
<trkpt lat="41.9875161" lon="2.814727099999999">
<ele>78.80495972197559</ele>
<time>2026-07-12T14:19:10.976Z</time>
</trkpt>
<trkpt lat="41.9875304" lon="2.8147677000000044">
<ele>79.16719944379167</ele>
<time>2026-07-12T14:19:12.870Z</time>
</trkpt>
<trkpt lat="41.9875449" lon="2.81480719999999">
<ele>79.44356387275278</ele>
<time>2026-07-12T14:19:14.949Z</time>
</trkpt>
<trkpt lat="41.98755" lon="2.8148419999999987">
<ele>79.55501122569837</ele>
<time>2026-07-12T14:19:16.852Z</time>
</trkpt>
<trkpt lat="41.9875562" lon="2.814883100000003">
<ele>79.67118915904717</ele>
<time>2026-07-12T14:19:18.869Z</time>
</trkpt>
<trkpt lat="41.9875632" lon="2.8149251000000106">
<ele>79.77610308099096</ele>
<time>2026-07-12T14:19:20.883Z</time>
</trkpt>
<trkpt lat="41.9875712" lon="2.8149641999999915">
<ele>79.86533739693304</ele>
<time>2026-07-12T14:19:22.900Z</time>
</trkpt>
<trkpt lat="41.9875771" lon="2.815008199999994">
<ele>79.91812808919002</ele>
<time>2026-07-12T14:19:24.994Z</time>
</trkpt>
<trkpt lat="41.9875842" lon="2.8150402999999926">
<ele>80.39141210967267</ele>
<time>2026-07-12T14:19:26.898Z</time>
</trkpt>
<trkpt lat="41.9875907" lon="2.8150797000000125">
<ele>81.29071423164662</ele>
<time>2026-07-12T14:19:28.915Z</time>
</trkpt>
<trkpt lat="41.9875807" lon="2.815088000000003">
<ele>81.43590547258259</ele>
<time>2026-07-12T14:19:30.930Z</time>
</trkpt>
<trkpt lat="41.9875712" lon="2.815115899999995">
<ele>82.02978470215494</ele>
<time>2026-07-12T14:19:32.831Z</time>
</trkpt>
<trkpt lat="41.9875834" lon="2.815114099999988">
<ele>82.02521910938987</ele>
<time>2026-07-12T14:19:34.831Z</time>
</trkpt>
<trkpt lat="41.9876157" lon="2.8150771999999904">
<ele>81.33680894555881</ele>
<time>2026-07-12T14:19:36.929Z</time>
</trkpt>
<trkpt lat="41.9876261" lon="2.8151400000000137">
<ele>82.69353355898363</ele>
<time>2026-07-12T14:19:38.985Z</time>
</trkpt>
<trkpt lat="41.9876366" lon="2.8151876999999956">
<ele>83.70033132366288</ele>
<time>2026-07-12T14:19:40.851Z</time>
</trkpt>
<trkpt lat="41.9876501" lon="2.8152291000000105">
<ele>84.54828543472215</ele>
<time>2026-07-12T14:19:42.867Z</time>
</trkpt>
<trkpt lat="41.9876612" lon="2.8152681999999913">
<ele>85.32148631983333</ele>
<time>2026-07-12T14:19:44.980Z</time>
</trkpt>
<trkpt lat="41.9876705" lon="2.8153024000000073">
<ele>85.98927259566727</ele>
<time>2026-07-12T14:19:46.834Z</time>
</trkpt>
<trkpt lat="41.9876799" lon="2.8153449000000137">
<ele>86.92807959897989</ele>
<time>2026-07-12T14:19:48.980Z</time>
</trkpt>
<trkpt lat="41.9876935" lon="2.8153791999999953">
<ele>87.6325022884805</ele>
<time>2026-07-12T14:19:50.840Z</time>
</trkpt>
<trkpt lat="41.987709" lon="2.81541949999999">
<ele>88.4206371116685</ele>
<time>2026-07-12T14:19:52.982Z</time>
</trkpt>
<trkpt lat="41.9877219" lon="2.8154493000000116">
<ele>88.9632379541743</ele>
<time>2026-07-12T14:19:54.859Z</time>
</trkpt>
<trkpt lat="41.9877386" lon="2.8154825000000017">
<ele>89.51410103194924</ele>
<time>2026-07-12T14:19:56.800Z</time>
</trkpt>
<trkpt lat="41.9877517" lon="2.8155240000000106">
<ele>90.22893383948379</ele>
<time>2026-07-12T14:19:58.981Z</time>
</trkpt>
<trkpt lat="41.9877552" lon="2.815558100000004">
<ele>90.87280125243983</ele>
<time>2026-07-12T14:20:00.897Z</time>
</trkpt>
<trkpt lat="41.9877555" lon="2.81559519999999">
<ele>91.7220870090456</ele>
<time>2026-07-12T14:20:02.824Z</time>
</trkpt>
<trkpt lat="41.9877632" lon="2.815634100000011">
<ele>92.62450737177441</ele>
<time>2026-07-12T14:20:04.705Z</time>
</trkpt>
<trkpt lat="41.9877707" lon="2.8156715000000077">
<ele>93.45742710937489</ele>
<time>2026-07-12T14:20:06.567Z</time>
</trkpt>
<trkpt lat="41.987779" lon="2.815716100000003">
<ele>94.42850915201025</ele>
<time>2026-07-12T14:20:08.969Z</time>
</trkpt>
<trkpt lat="41.9877905" lon="2.815747799999997">
<ele>94.9758677891391</ele>
<time>2026-07-12T14:20:10.889Z</time>
</trkpt>
<trkpt lat="41.9878005" lon="2.8157826000000057">
<ele>95.59772767861787</ele>
<time>2026-07-12T14:20:12.987Z</time>
</trkpt>
<trkpt lat="41.9878092" lon="2.81580679999999">
<ele>95.96776204876119</ele>
<time>2026-07-12T14:20:14.864Z</time>
</trkpt>
<trkpt lat="41.9878152" lon="2.815837600000009">
<ele>96.5412043725079</ele>
<time>2026-07-12T14:20:16.880Z</time>
</trkpt>
<trkpt lat="41.9878234" lon="2.8158750999999995">
<ele>96.93000588762834</ele>
<time>2026-07-12T14:20:18.987Z</time>
</trkpt>
<trkpt lat="41.9878354" lon="2.8159046000000103">
<ele>96.89553465386747</ele>
<time>2026-07-12T14:20:20.830Z</time>
</trkpt>
<trkpt lat="41.9878457" lon="2.8159393999999907">
<ele>96.95655027264822</ele>
<time>2026-07-12T14:20:22.831Z</time>
</trkpt>
<trkpt lat="41.9878702" lon="2.8160104000000103">
<ele>96.9796083912382</ele>
<time>2026-07-12T14:20:26.661Z</time>
</trkpt>
<trkpt lat="41.9878803" lon="2.816045800000012">
<ele>97.04522856212763</ele>
<time>2026-07-12T14:20:28.676Z</time>
</trkpt>
<trkpt lat="41.9878916" lon="2.8160805999999923">
<ele>97.07007159140379</ele>
<time>2026-07-12T14:20:30.715Z</time>
</trkpt>
<trkpt lat="41.9879009" lon="2.8161203999999884">
<ele>97.19561673071968</ele>
<time>2026-07-12T14:20:32.741Z</time>
</trkpt>
<trkpt lat="41.9879098" lon="2.816160200000013">
<ele>97.46848202970406</ele>
<time>2026-07-12T14:20:34.801Z</time>
</trkpt>
<trkpt lat="41.9879167" lon="2.8161991000000057">
<ele>97.84339159772138</ele>
<time>2026-07-12T14:20:36.781Z</time>
</trkpt>
<trkpt lat="41.9879201" lon="2.8162373000000116">
<ele>98.3018694075658</ele>
<time>2026-07-12T14:20:38.800Z</time>
</trkpt>
<trkpt lat="41.9879308" lon="2.8162777000000006">
<ele>98.56856694024682</ele>
<time>2026-07-12T14:20:40.991Z</time>
</trkpt>
<trkpt lat="41.9879409" lon="2.816306999999995">
<ele>98.68142591304208</ele>
<time>2026-07-12T14:20:42.854Z</time>
</trkpt>
<trkpt lat="41.9879539" lon="2.8163432999999998">
<ele>98.79224619107775</ele>
<time>2026-07-12T14:20:44.838Z</time>
</trkpt>
<trkpt lat="41.9879663" lon="2.8163807999999904">
<ele>98.92275343753886</ele>
<time>2026-07-12T14:20:46.842Z</time>
</trkpt>
<trkpt lat="41.9879794" lon="2.8164113999999927">
<ele>98.92134625368108</ele>
<time>2026-07-12T14:20:48.840Z</time>
</trkpt>
<trkpt lat="41.9879906" lon="2.816447000000011">
<ele>98.62395442719428</ele>
<time>2026-07-12T14:20:50.897Z</time>
</trkpt>
<trkpt lat="41.9879964" lon="2.8164840999999967">
<ele>98.50789702377118</ele>
<time>2026-07-12T14:20:52.943Z</time>
</trkpt>
<trkpt lat="41.9880058" lon="2.816521399999999">
<ele>98.29107251231135</ele>
<time>2026-07-12T14:20:54.855Z</time>
</trkpt>
<trkpt lat="41.9880202" lon="2.816559799999993">
<ele>97.9415554952077</ele>
<time>2026-07-12T14:20:56.871Z</time>
</trkpt>
<trkpt lat="41.9880265" lon="2.8165935000000104">
<ele>97.83509715409976</ele>
<time>2026-07-12T14:20:58.777Z</time>
</trkpt>
<trkpt lat="41.9880319" lon="2.81664090000001">
<ele>97.79578382739732</ele>
<time>2026-07-12T14:21:00.906Z</time>
</trkpt>
<trkpt lat="41.9880387" lon="2.81667809999999">
<ele>97.701258074953</ele>
<time>2026-07-12T14:21:02.891Z</time>
</trkpt>
<trkpt lat="41.9880476" lon="2.8167166000000066">
<ele>97.50643560543907</ele>
<time>2026-07-12T14:21:04.906Z</time>
</trkpt>
<trkpt lat="41.9880578" lon="2.8167597000000058">
<ele>97.36259508802895</ele>
<time>2026-07-12T14:21:06.924Z</time>
</trkpt>
<trkpt lat="41.9880706" lon="2.816790800000007">
<ele>97.03085644748094</ele>
<time>2026-07-12T14:21:08.866Z</time>
</trkpt>
<trkpt lat="41.9880867" lon="2.816825499999993">
<ele>96.61331971693208</ele>
<time>2026-07-12T14:21:10.844Z</time>
</trkpt>
<trkpt lat="41.9880979" lon="2.816861100000011">
<ele>96.45415346042604</ele>
<time>2026-07-12T14:21:12.860Z</time>
</trkpt>
<trkpt lat="41.9881055" lon="2.8168970000000115">
<ele>96.47604513221393</ele>
<time>2026-07-12T14:21:14.820Z</time>
</trkpt>
<trkpt lat="41.9881109" lon="2.8169355999999937">
<ele>96.6327701348633</ele>
<time>2026-07-12T14:21:16.854Z</time>
</trkpt>
<trkpt lat="41.9881206" lon="2.817012599999998">
<ele>96.6825427726934</ele>
<time>2026-07-12T14:21:20.981Z</time>
</trkpt>
<trkpt lat="41.988132" lon="2.817044399999986">
<ele>96.36111954816027</ele>
<time>2026-07-12T14:21:22.886Z</time>
</trkpt>
<trkpt lat="41.9881462" lon="2.817082699999986">
<ele>96.01101573639</ele>
<time>2026-07-12T14:21:24.910Z</time>
</trkpt>
<trkpt lat="41.9881639" lon="2.8171230000000094">
<ele>95.62185947292006</ele>
<time>2026-07-12T14:21:26.925Z</time>
</trkpt>
<trkpt lat="41.9881795" lon="2.8171568999999863">
<ele>95.334217572847</ele>
<time>2026-07-12T14:21:28.910Z</time>
</trkpt>
<trkpt lat="41.9881922" lon="2.817195400000003">
<ele>95.21197531887692</ele>
<time>2026-07-12T14:21:30.869Z</time>
</trkpt>
<trkpt lat="41.9882081" lon="2.8172753999999998">
<ele>95.35355634366813</ele>
<time>2026-07-12T14:21:34.764Z</time>
</trkpt>
<trkpt lat="41.9882132" lon="2.817313899999988">
<ele>95.48868285784184</ele>
<time>2026-07-12T14:21:36.739Z</time>
</trkpt>
<trkpt lat="41.9882198" lon="2.817349500000006">
<ele>95.557528467392</ele>
<time>2026-07-12T14:21:38.738Z</time>
</trkpt>
<trkpt lat="41.9882267" lon="2.8173783000000014">
<ele>95.56477761829832</ele>
<time>2026-07-12T14:21:40.684Z</time>
</trkpt>
<trkpt lat="41.9882349" lon="2.8174225999999862">
<ele>95.62697294414146</ele>
<time>2026-07-12T14:21:42.966Z</time>
</trkpt>
<trkpt lat="41.988244" lon="2.817452199999991">
<ele>95.5586194474826</ele>
<time>2026-07-12T14:21:44.831Z</time>
</trkpt>
<trkpt lat="41.9882518" lon="2.8174855000000036">
<ele>95.53909820727652</ele>
<time>2026-07-12T14:21:46.803Z</time>
</trkpt>
<trkpt lat="41.988263" lon="2.81752689999999">
<ele>95.47901692071476</ele>
<time>2026-07-12T14:21:48.741Z</time>
</trkpt>
<trkpt lat="41.9882735" lon="2.8175654000000065">
<ele>95.76545811337974</ele>
<time>2026-07-12T14:21:50.799Z</time>
</trkpt>
<trkpt lat="41.9882843" lon="2.8176019999999937">
<ele>96.0646388153004</ele>
<time>2026-07-12T14:21:52.800Z</time>
</trkpt>
<trkpt lat="41.9882918" lon="2.8176382999999987">
<ele>96.48236690006314</ele>
<time>2026-07-12T14:21:54.794Z</time>
</trkpt>
<trkpt lat="41.9882987" lon="2.817674000000011">
<ele>96.93614009400868</ele>
<time>2026-07-12T14:21:56.873Z</time>
</trkpt>
<trkpt lat="41.9883066" lon="2.817709199999996">
<ele>97.3941572638323</ele>
<time>2026-07-12T14:21:58.778Z</time>
</trkpt>
<trkpt lat="41.9883163" lon="2.817740299999997">
<ele>97.78435494363374</ele>
<time>2026-07-12T14:22:00.629Z</time>
</trkpt>
<trkpt lat="41.9883243" lon="2.8177809000000025">
<ele>98.51664835606407</ele>
<time>2026-07-12T14:22:02.801Z</time>
</trkpt>
<trkpt lat="41.9883344" lon="2.8178134000000057">
<ele>98.98327865054486</ele>
<time>2026-07-12T14:22:04.779Z</time>
</trkpt>
<trkpt lat="41.9883469" lon="2.8178504999999916">
<ele>99.20109988841803</ele>
<time>2026-07-12T14:22:06.736Z</time>
</trkpt>
<trkpt lat="41.9883584" lon="2.8178776000000028">
<ele>99.3746749894779</ele>
<time>2026-07-12T14:22:08.574Z</time>
</trkpt>
<trkpt lat="41.9883698" lon="2.817906899999997">
<ele>99.56967152628633</ele>
<time>2026-07-12T14:22:10.440Z</time>
</trkpt>
<trkpt lat="41.9883766" lon="2.817942600000009">
<ele>99.79630032285097</ele>
<time>2026-07-12T14:22:12.417Z</time>
</trkpt>
<trkpt lat="41.9883836" lon="2.8179837000000134">
<ele>100.06272403802146</ele>
<time>2026-07-12T14:22:14.480Z</time>
</trkpt>
<trkpt lat="41.9883931" lon="2.818024600000001">
<ele>100.34798582814115</ele>
<time>2026-07-12T14:22:16.480Z</time>
</trkpt>
<trkpt lat="41.9884052" lon="2.8180701">
<ele>100.68688497651546</ele>
<time>2026-07-12T14:22:18.756Z</time>
</trkpt>
<trkpt lat="41.9884151" lon="2.8181080999999892">
<ele>100.77209081828187</ele>
<time>2026-07-12T14:22:20.904Z</time>
</trkpt>
<trkpt lat="41.9884222" lon="2.818145500000014">
<ele>100.75887787433611</ele>
<time>2026-07-12T14:22:22.920Z</time>
</trkpt>
<trkpt lat="41.9884294" lon="2.818175400000001">
<ele>100.75100326478317</ele>
<time>2026-07-12T14:22:24.907Z</time>
</trkpt>
<trkpt lat="41.988442" lon="2.818208300000009">
<ele>100.75615745213213</ele>
<time>2026-07-12T14:22:26.923Z</time>
</trkpt>
<trkpt lat="41.9884561" lon="2.8182462999999984">
<ele>100.74942361447263</ele>
<time>2026-07-12T14:22:28.831Z</time>
</trkpt>
<trkpt lat="41.9884642" lon="2.8182858000000124">
<ele>100.7089048313604</ele>
<time>2026-07-12T14:22:30.844Z</time>
</trkpt>
<trkpt lat="41.9884743" lon="2.818321400000002">
<ele>100.67460252360719</ele>
<time>2026-07-12T14:22:32.861Z</time>
</trkpt>
<trkpt lat="41.9884855" lon="2.818356200000011">
<ele>100.63698119786305</ele>
<time>2026-07-12T14:22:34.884Z</time>
</trkpt>
<trkpt lat="41.9884997" lon="2.8183903000000043">
<ele>100.78317233809325</ele>
<time>2026-07-12T14:22:36.902Z</time>
</trkpt>
<trkpt lat="41.9885103" lon="2.8184246000000144">
<ele>100.93118098807449</ele>
<time>2026-07-12T14:22:38.918Z</time>
</trkpt>
<trkpt lat="41.9885176" lon="2.8184626000000037">
<ele>101.08134716207921</ele>
<time>2026-07-12T14:22:40.830Z</time>
</trkpt>
<trkpt lat="41.9885339" lon="2.818541900000014">
<ele>101.38318010362238</ele>
<time>2026-07-12T14:22:44.677Z</time>
</trkpt>
<trkpt lat="41.9885395" lon="2.8185690999999906">
<ele>101.48245627435224</ele>
<time>2026-07-12T14:22:46.703Z</time>
</trkpt>
<trkpt lat="41.9885466" lon="2.8186024999999972">
<ele>101.60154406390481</ele>
<time>2026-07-12T14:22:48.742Z</time>
</trkpt>
<trkpt lat="41.9885569" lon="2.8186336999999924">
<ele>101.71161113928565</ele>
<time>2026-07-12T14:22:50.759Z</time>
</trkpt>
<trkpt lat="41.9885663" lon="2.8186661999999956">
<ele>102.36624815972438</ele>
<time>2026-07-12T14:22:52.756Z</time>
</trkpt>
<trkpt lat="41.9885747" lon="2.8187005000000056">
<ele>103.13209744683729</ele>
<time>2026-07-12T14:22:54.777Z</time>
</trkpt>
<trkpt lat="41.9885821" lon="2.8187354000000084">
<ele>103.92064396410693</ele>
<time>2026-07-12T14:22:56.775Z</time>
</trkpt>
<trkpt lat="41.9885885" lon="2.8187743999999952">
<ele>104.80821021594083</ele>
<time>2026-07-12T14:22:58.822Z</time>
</trkpt>
<trkpt lat="41.9885993" lon="2.8188097000000027">
<ele>105.63934742092681</ele>
<time>2026-07-12T14:23:00.756Z</time>
</trkpt>
<trkpt lat="41.9886115" lon="2.818842399999994">
<ele>106.38269994972414</ele>
<time>2026-07-12T14:23:02.665Z</time>
</trkpt>
<trkpt lat="41.9886206" lon="2.8188887999999963">
<ele>107.35668412770427</ele>
<time>2026-07-12T14:23:04.822Z</time>
</trkpt>
<trkpt lat="41.9886256" lon="2.81892959999999">
<ele>107.92325412519817</ele>
<time>2026-07-12T14:23:06.817Z</time>
</trkpt>
<trkpt lat="41.9886315" lon="2.8189782999999977">
<ele>108.04208142583525</ele>
<time>2026-07-12T14:23:08.785Z</time>
</trkpt>
<trkpt lat="41.9886413" lon="2.8190138999999874">
<ele>108.13106384743999</ele>
<time>2026-07-12T14:23:10.783Z</time>
</trkpt>
<trkpt lat="41.9886497" lon="2.8190567000000044">
<ele>108.26138622148557</ele>
<time>2026-07-12T14:23:12.784Z</time>
</trkpt>
<trkpt lat="41.9886607" lon="2.8191003000000023">
<ele>108.41446544038853</ele>
<time>2026-07-12T14:23:14.834Z</time>
</trkpt>
<trkpt lat="41.9886672" lon="2.819139199999995">
<ele>108.56485198823877</ele>
<time>2026-07-12T14:23:16.888Z</time>
</trkpt>
<trkpt lat="41.988676" lon="2.8191802000000052">
<ele>108.74235312310704</ele>
<time>2026-07-12T14:23:18.904Z</time>
</trkpt>
<trkpt lat="41.988677" lon="2.8192147999999975">
<ele>108.69547067489086</ele>
<time>2026-07-12T14:23:20.920Z</time>
</trkpt>
<trkpt lat="41.98868" lon="2.819238200000001">
<ele>108.60130548253004</ele>
<time>2026-07-12T14:23:22.831Z</time>
</trkpt>
<trkpt lat="41.9887433" lon="2.819387199999994">
<ele>108.7705490130604</ele>
<time>2026-07-12T14:23:26.796Z</time>
</trkpt>
<trkpt lat="41.9887482" lon="2.819446400000004">
<ele>108.77956654894317</ele>
<time>2026-07-12T14:23:28.838Z</time>
</trkpt>
<trkpt lat="41.9887454" lon="2.8194963999999914">
<ele>108.49981696144923</ele>
<time>2026-07-12T14:23:30.916Z</time>
</trkpt>
<trkpt lat="41.9887525" lon="2.8195322999999917">
<ele>108.31776505540591</ele>
<time>2026-07-12T14:23:32.860Z</time>
</trkpt>
<trkpt lat="41.9887571" lon="2.819570199999987">
<ele>108.06558359966755</ele>
<time>2026-07-12T14:23:34.861Z</time>
</trkpt>
<trkpt lat="41.9887628" lon="2.819609200000002">
<ele>107.80830371087076</ele>
<time>2026-07-12T14:23:36.882Z</time>
</trkpt>
<trkpt lat="41.9887697" lon="2.8196399999999926">
<ele>107.62627337767354</ele>
<time>2026-07-12T14:23:38.924Z</time>
</trkpt>
<trkpt lat="41.9887777" lon="2.819682599999993">
<ele>107.33547937014441</ele>
<time>2026-07-12T14:23:40.817Z</time>
</trkpt>
<trkpt lat="41.9887804" lon="2.819706999999994">
<ele>107.1393417776276</ele>
<time>2026-07-12T14:23:42.858Z</time>
</trkpt>
<trkpt lat="41.9887867" lon="2.8197452">
<ele>106.8441476619513</ele>
<time>2026-07-12T14:23:44.801Z</time>
</trkpt>
<trkpt lat="41.9887993" lon="2.819781699999993">
<ele>106.43677045782313</ele>
<time>2026-07-12T14:23:46.817Z</time>
</trkpt>
<trkpt lat="41.9888113" lon="2.8198184000000026">
<ele>105.99560440758026</ele>
<time>2026-07-12T14:23:48.860Z</time>
</trkpt>
<trkpt lat="41.9888205" lon="2.8198462000000006">
<ele>105.66239285632727</ele>
<time>2026-07-12T14:23:50.881Z</time>
</trkpt>
<trkpt lat="41.9888297" lon="2.819872299999986">
<ele>105.35481850110999</ele>
<time>2026-07-12T14:23:52.842Z</time>
</trkpt>
<trkpt lat="41.9888337" lon="2.8199148999999863">
<ele>104.7485928571211</ele>
<time>2026-07-12T14:23:54.897Z</time>
</trkpt>
<trkpt lat="41.9888359" lon="2.8199333000000024">
<ele>104.49119717446561</ele>
<time>2026-07-12T14:23:56.923Z</time>
</trkpt>
<trkpt lat="41.988832" lon="2.8199611999999945">
<ele>104.0325643835888</ele>
<time>2026-07-12T14:23:58.898Z</time>
</trkpt>
<trkpt lat="41.9888389" lon="2.819889399999994">
<ele>105.18325526774089</ele>
<time>2026-07-12T14:24:00.900Z</time>
</trkpt>
<trkpt lat="41.9888456" lon="2.8199169000000097">
<ele>104.83078514762404</ele>
<time>2026-07-12T14:24:02.917Z</time>
</trkpt>
<trkpt lat="41.9888623" lon="2.819970699999999">
<ele>104.17501019997785</ele>
<time>2026-07-12T14:24:04.830Z</time>
</trkpt>
<trkpt lat="41.98887" lon="2.8200152999999943">
<ele>103.57323227014558</ele>
<time>2026-07-12T14:24:06.837Z</time>
</trkpt>
<trkpt lat="41.9888852" lon="2.8201031000000114">
<ele>101.34836089625423</ele>
<time>2026-07-12T14:24:10.972Z</time>
</trkpt>
<trkpt lat="41.9888889" lon="2.820142400000009">
<ele>100.30714363262588</ele>
<time>2026-07-12T14:24:12.830Z</time>
</trkpt>
<trkpt lat="41.988904" lon="2.820218899999986">
<ele>98.2250099495069</ele>
<time>2026-07-12T14:24:16.673Z</time>
</trkpt>
<trkpt lat="41.9889137" lon="2.8202607000000057">
<ele>97.09349871127337</ele>
<time>2026-07-12T14:24:18.677Z</time>
</trkpt>
<trkpt lat="41.9889263" lon="2.820300000000003">
<ele>96.01737213796646</ele>
<time>2026-07-12T14:24:20.661Z</time>
</trkpt>
<trkpt lat="41.9889339" lon="2.820342100000005">
<ele>94.90535948345638</ele>
<time>2026-07-12T14:24:22.636Z</time>
</trkpt>
<trkpt lat="41.9889447" lon="2.820383200000009">
<ele>93.7738350030885</ele>
<time>2026-07-12T14:24:24.616Z</time>
</trkpt>
<trkpt lat="41.9889549" lon="2.820421699999997">
<ele>92.69486769748525</ele>
<time>2026-07-12T14:24:26.615Z</time>
</trkpt>
<trkpt lat="41.9889642" lon="2.820463799999999">
<ele>91.51493199494578</ele>
<time>2026-07-12T14:24:28.618Z</time>
</trkpt>
<trkpt lat="41.9889717" lon="2.8205045999999925">
<ele>90.37245704697763</ele>
<time>2026-07-12T14:24:30.639Z</time>
</trkpt>
<trkpt lat="41.9889806" lon="2.8205421000000115">
<ele>89.28474182661309</ele>
<time>2026-07-12T14:24:32.619Z</time>
</trkpt>
<trkpt lat="41.9889869" lon="2.8205826999999886">
<ele>88.13547572898439</ele>
<time>2026-07-12T14:24:34.698Z</time>
</trkpt>
<trkpt lat="41.9889917" lon="2.8206165">
<ele>86.97398660278948</ele>
<time>2026-07-12T14:24:36.533Z</time>
</trkpt>
<trkpt lat="41.9889975" lon="2.8206685000000107">
<ele>85.18400642039552</ele>
<time>2026-07-12T14:24:38.971Z</time>
</trkpt>
<trkpt lat="41.9890039" lon="2.8207023999999876">
<ele>83.96770134965415</ele>
<time>2026-07-12T14:24:40.841Z</time>
</trkpt>
<trkpt lat="41.9890144" lon="2.820739300000014">
<ele>82.57314198781856</ele>
<time>2026-07-12T14:24:42.859Z</time>
</trkpt>
<trkpt lat="41.9890235" lon="2.8207816000000037">
<ele>81.00649077647155</ele>
<time>2026-07-12T14:24:44.911Z</time>
</trkpt>
<trkpt lat="41.9890317" lon="2.8208204999999964">
<ele>79.55427934969391</ele>
<time>2026-07-12T14:24:46.940Z</time>
</trkpt>
<trkpt lat="41.9890444" lon="2.8208587999999963">
<ele>78.02058284525144</ele>
<time>2026-07-12T14:24:48.915Z</time>
</trkpt>
<trkpt lat="41.9890553" lon="2.8208959000000107">
<ele>76.67028474015194</ele>
<time>2026-07-12T14:24:50.932Z</time>
</trkpt>
<trkpt lat="41.989065" lon="2.8209327000000144">
<ele>75.41468770433102</ele>
<time>2026-07-12T14:24:52.883Z</time>
</trkpt>
<trkpt lat="41.9890771" lon="2.820971500000013">
<ele>74.12517048167436</ele>
<time>2026-07-12T14:24:54.915Z</time>
</trkpt>
<trkpt lat="41.9890908" lon="2.8210074000000134">
<ele>72.97009776777348</ele>
<time>2026-07-12T14:24:56.932Z</time>
</trkpt>
<trkpt lat="41.9891079" lon="2.8210440000000006">
<ele>71.846013230354</ele>
<time>2026-07-12T14:24:58.971Z</time>
</trkpt>
<trkpt lat="41.9891214" lon="2.8210775000000012">
<ele>70.90547273197718</ele>
<time>2026-07-12T14:25:00.931Z</time>
</trkpt>
<trkpt lat="41.9891366" lon="2.8211147000000096">
<ele>69.93783729791154</ele>
<time>2026-07-12T14:25:02.931Z</time>
</trkpt>
<trkpt lat="41.9891534" lon="2.8211511000000087">
<ele>69.4454509677934</ele>
<time>2026-07-12T14:25:04.858Z</time>
</trkpt>
<trkpt lat="41.9891695" lon="2.8211880000000065">
<ele>69.99664451979643</ele>
<time>2026-07-12T14:25:06.851Z</time>
</trkpt>
<trkpt lat="41.9891872" lon="2.821220799999992">
<ele>70.47046743478384</ele>
<time>2026-07-12T14:25:08.859Z</time>
</trkpt>
<trkpt lat="41.9892059" lon="2.8212569000000087">
<ele>70.91300549473162</ele>
<time>2026-07-12T14:25:10.974Z</time>
</trkpt>
<trkpt lat="41.9892266" lon="2.8212787999999875">
<ele>71.22011807148348</ele>
<time>2026-07-12T14:25:12.891Z</time>
</trkpt>
<trkpt lat="41.9892489" lon="2.8213117999999895">
<ele>71.53668699272814</ele>
<time>2026-07-12T14:25:14.964Z</time>
</trkpt>
<trkpt lat="41.9892638" lon="2.8213375999999926">
<ele>71.717256073833</ele>
<time>2026-07-12T14:25:16.869Z</time>
</trkpt>
<trkpt lat="41.9892747" lon="2.8213710999999932">
<ele>71.86532562422758</ele>
<time>2026-07-12T14:25:18.887Z</time>
</trkpt>
<trkpt lat="41.9892819" lon="2.821410500000013">
<ele>71.98468259365701</ele>
<time>2026-07-12T14:25:20.917Z</time>
</trkpt>
<trkpt lat="41.9893002" lon="2.8214351999999963">
<ele>71.92461519777677</ele>
<time>2026-07-12T14:25:22.861Z</time>
</trkpt>
<trkpt lat="41.9893093" lon="2.821466100000009">
<ele>71.7673240546457</ele>
<time>2026-07-12T14:25:24.799Z</time>
</trkpt>
<trkpt lat="41.9893143" lon="2.8215002999999967">
<ele>71.59272660104502</ele>
<time>2026-07-12T14:25:26.806Z</time>
</trkpt>
<trkpt lat="41.9893264" lon="2.821538299999986">
<ele>71.40908107849324</ele>
<time>2026-07-12T14:25:28.867Z</time>
</trkpt>
<trkpt lat="41.9893333" lon="2.821572599999996">
<ele>71.24277727941407</ele>
<time>2026-07-12T14:25:30.892Z</time>
</trkpt>
<trkpt lat="41.9893453" lon="2.8216113999999948">
<ele>71.06530962828117</ele>
<time>2026-07-12T14:25:32.908Z</time>
</trkpt>
<trkpt lat="41.9893598" lon="2.8216382999999894">
<ele>70.95714100455311</ele>
<time>2026-07-12T14:25:34.830Z</time>
</trkpt>
<trkpt lat="41.9893798" lon="2.82170450000001">
<ele>70.65171079951523</ele>
<time>2026-07-12T14:25:38.759Z</time>
</trkpt>
<trkpt lat="41.9893918" lon="2.8217382999999927">
<ele>70.4134889341823</ele>
<time>2026-07-12T14:25:40.660Z</time>
</trkpt>
<trkpt lat="41.9893958" lon="2.8217745999999977">
<ele>70.14140156193484</ele>
<time>2026-07-12T14:25:42.676Z</time>
</trkpt>
<trkpt lat="41.9893962" lon="2.8218080000000043">
<ele>69.88205264615192</ele>
<time>2026-07-12T14:25:44.659Z</time>
</trkpt>
<trkpt lat="41.9894954" lon="2.8217785999999876">
<ele>70.19744716806915</ele>
<time>2026-07-12T14:25:46.777Z</time>
</trkpt>
<trkpt lat="41.9895376" lon="2.8217975000000024">
<ele>70.08428269802869</ele>
<time>2026-07-12T14:25:48.909Z</time>
</trkpt>
<trkpt lat="41.9895516" lon="2.8217940000000112">
<ele>70.09919116061147</ele>
<time>2026-07-12T14:25:50.805Z</time>
</trkpt>
<trkpt lat="41.9895779" lon="2.821843599999994">
<ele>69.89727141356302</ele>
<time>2026-07-12T14:25:52.659Z</time>
</trkpt>
<trkpt lat="41.989596" lon="2.821862500000009">
<ele>69.84650755475185</ele>
<time>2026-07-12T14:25:54.473Z</time>
</trkpt>
<trkpt lat="41.9896203" lon="2.8218945000000133">
<ele>69.78194454252485</ele>
<time>2026-07-12T14:25:56.459Z</time>
</trkpt>
<trkpt lat="41.9896364" lon="2.8219311999999945">
<ele>69.71636007235233</ele>
<time>2026-07-12T14:25:58.343Z</time>
</trkpt>
<trkpt lat="41.9896464" lon="2.821970499999992">
<ele>69.64796796444159</ele>
<time>2026-07-12T14:26:00.458Z</time>
</trkpt>
<trkpt lat="41.9896601" lon="2.8220111999999915">
<ele>69.59134334305101</ele>
<time>2026-07-12T14:26:02.437Z</time>
</trkpt>
<trkpt lat="41.9896694" lon="2.822044500000004">
<ele>69.53037942397438</ele>
<time>2026-07-12T14:26:04.421Z</time>
</trkpt>
<trkpt lat="41.9896812" lon="2.822072399999996">
<ele>69.48612787523635</ele>
<time>2026-07-12T14:26:06.374Z</time>
</trkpt>
<trkpt lat="41.9896926" lon="2.8221077000000037">
<ele>69.41184543039934</ele>
<time>2026-07-12T14:26:08.334Z</time>
</trkpt>
<trkpt lat="41.9896913" lon="2.822133199999996">
<ele>69.33148273445578</ele>
<time>2026-07-12T14:26:10.295Z</time>
</trkpt>
<trkpt lat="41.9896866" lon="2.8221444000000133">
<ele>69.2874387871041</ele>
<time>2026-07-12T14:26:12.280Z</time>
</trkpt>
<trkpt lat="41.9896838" lon="2.822158099999996">
<ele>69.24097835000065</ele>
<time>2026-07-12T14:26:14.160Z</time>
</trkpt>
<trkpt lat="41.9896813" lon="2.8221722000000113">
<ele>69.19467836626718</ele>
<time>2026-07-12T14:26:16.174Z</time>
</trkpt>
<trkpt lat="41.9896823" lon="2.8221968000000004">
<ele>69.12441639752309</ele>
<time>2026-07-12T14:26:18.118Z</time>
</trkpt>
<trkpt lat="41.9896825" lon="2.822230399999995">
<ele>69.0261262108955</ele>
<time>2026-07-12T14:26:20.042Z</time>
</trkpt>
<trkpt lat="41.9896804" lon="2.8222668999999883">
<ele>68.86191887568752</ele>
<time>2026-07-12T14:26:21.843Z</time>
</trkpt>
<trkpt lat="41.9896741" lon="2.8223060999999916">
<ele>68.58530548845295</ele>
<time>2026-07-12T14:26:23.919Z</time>
</trkpt>
<trkpt lat="41.9896686" lon="2.8223409000000004">
<ele>68.341382838809</ele>
<time>2026-07-12T14:26:25.880Z</time>
</trkpt>
<trkpt lat="41.9896565" lon="2.8223735999999917">
<ele>68.10911438773684</ele>
<time>2026-07-12T14:26:27.844Z</time>
</trkpt>
<trkpt lat="41.9896423" lon="2.8224056999999902">
<ele>67.88284364193727</ele>
<time>2026-07-12T14:26:29.759Z</time>
</trkpt>
<trkpt lat="41.9896327" lon="2.822441700000013">
<ele>67.63557117482675</ele>
<time>2026-07-12T14:26:31.696Z</time>
</trkpt>
<trkpt lat="41.9896215" lon="2.822477399999997">
<ele>67.3925502077411</ele>
<time>2026-07-12T14:26:33.725Z</time>
</trkpt>
<trkpt lat="41.9896084" lon="2.8225147999999933">
<ele>67.14108190715115</ele>
<time>2026-07-12T14:26:35.597Z</time>
</trkpt>
<trkpt lat="41.9895981" lon="2.8225505000000055">
<ele>66.78738966842702</ele>
<time>2026-07-12T14:26:37.619Z</time>
</trkpt>
<trkpt lat="41.9895864" lon="2.822589899999997">
<ele>66.28690072617856</ele>
<time>2026-07-12T14:26:39.647Z</time>
</trkpt>
<trkpt lat="41.989571" lon="2.8226220999999896">
<ele>65.87782109896582</ele>
<time>2026-07-12T14:26:41.483Z</time>
</trkpt>
<trkpt lat="41.9895559" lon="2.8226548000000093">
<ele>65.46252511313051</ele>
<time>2026-07-12T14:26:43.455Z</time>
</trkpt>
<trkpt lat="41.9895463" lon="2.82268830000001">
<ele>65.03728353404593</ele>
<time>2026-07-12T14:26:45.375Z</time>
</trkpt>
<trkpt lat="41.9895431" lon="2.822725399999996">
<ele>64.56651440235282</ele>
<time>2026-07-12T14:26:47.281Z</time>
</trkpt>
<trkpt lat="41.9895453" lon="2.822770999999989">
<ele>63.98795649713196</ele>
<time>2026-07-12T14:26:49.201Z</time>
</trkpt>
<trkpt lat="41.9895438" lon="2.822808000000009">
<ele>63.51849375913593</ele>
<time>2026-07-12T14:26:51.138Z</time>
</trkpt>
<trkpt lat="41.9895449" lon="2.8228479999999934">
<ele>63.5</ele>
<time>2026-07-12T14:26:53.078Z</time>
</trkpt>
<trkpt lat="41.989546" lon="2.822898400000014">
<ele>63.5</ele>
<time>2026-07-12T14:26:55.075Z</time>
</trkpt>
<trkpt lat="41.9895476" lon="2.8229339000000095">
<ele>63.5</ele>
<time>2026-07-12T14:26:56.982Z</time>
</trkpt>
<trkpt lat="41.9895444" lon="2.8229761000000053">
<ele>63.5</ele>
<time>2026-07-12T14:26:58.955Z</time>
</trkpt>
<trkpt lat="41.9895456" lon="2.8230158000000074">
<ele>63.5</ele>
<time>2026-07-12T14:27:00.859Z</time>
</trkpt>
<trkpt lat="41.9895486" lon="2.8230576999999926">
<ele>63.5</ele>
<time>2026-07-12T14:27:02.860Z</time>
</trkpt>
<trkpt lat="41.9895522" lon="2.8230977000000053">
<ele>63.5199232106343</ele>
<time>2026-07-12T14:27:04.719Z</time>
</trkpt>
<trkpt lat="41.9895566" lon="2.823138499999999">
<ele>63.60419284014928</ele>
<time>2026-07-12T14:27:06.704Z</time>
</trkpt>
<trkpt lat="41.9895597" lon="2.823176799999999">
<ele>63.68709034766972</ele>
<time>2026-07-12T14:27:08.652Z</time>
</trkpt>
<trkpt lat="41.9895604" lon="2.823218099999991">
<ele>63.775209772082896</ele>
<time>2026-07-12T14:27:10.657Z</time>
</trkpt>
<trkpt lat="41.9895604" lon="2.8232605999999976">
<ele>63.86485237952574</ele>
<time>2026-07-12T14:27:12.616Z</time>
</trkpt>
<trkpt lat="41.9895635" lon="2.823295800000011">
<ele>63.94951732664561</ele>
<time>2026-07-12T14:27:14.453Z</time>
</trkpt>
<trkpt lat="41.9895668" lon="2.823344200000008">
<ele>64.06769779856978</ele>
<time>2026-07-12T14:27:16.537Z</time>
</trkpt>
<trkpt lat="41.9895678" lon="2.823383799999988">
<ele>64.40978355474242</ele>
<time>2026-07-12T14:27:18.483Z</time>
</trkpt>
<trkpt lat="41.9895704" lon="2.823424299999999">
<ele>65.06399665474812</ele>
<time>2026-07-12T14:27:20.443Z</time>
</trkpt>
<trkpt lat="41.9895721" lon="2.8234635000000026">
<ele>65.68633619206955</ele>
<time>2026-07-12T14:27:22.339Z</time>
</trkpt>
<trkpt lat="41.9895755" lon="2.823502899999994">
<ele>66.297595798621</ele>
<time>2026-07-12T14:27:24.363Z</time>
</trkpt>
<trkpt lat="41.9895898" lon="2.823549200000002">
<ele>66.9289772378181</ele>
<time>2026-07-12T14:27:26.245Z</time>
</trkpt>
<trkpt lat="41.9896005" lon="2.8235771999999884">
<ele>67.25579601029523</ele>
<time>2026-07-12T14:27:28.224Z</time>
</trkpt>
<trkpt lat="41.9896155" lon="2.8235995000000003">
<ele>67.42925982935358</ele>
<time>2026-07-12T14:27:30.178Z</time>
</trkpt>
<trkpt lat="41.9896322" lon="2.8236229000000037">
<ele>67.55794182631033</ele>
<time>2026-07-12T14:27:32.218Z</time>
</trkpt>
<trkpt lat="41.9896487" lon="2.82364960000001">
<ele>67.66626094023447</ele>
<time>2026-07-12T14:27:34.179Z</time>
</trkpt>
<trkpt lat="41.9896634" lon="2.823681499999992">
<ele>67.78354298135801</ele>
<time>2026-07-12T14:27:36.161Z</time>
</trkpt>
<trkpt lat="41.9896711" lon="2.8237211999999943">
<ele>68.06784149964966</ele>
<time>2026-07-12T14:27:38.081Z</time>
</trkpt>
<trkpt lat="41.9896767" lon="2.823759899999999">
<ele>68.37558971754193</ele>
<time>2026-07-12T14:27:39.899Z</time>
</trkpt>
<trkpt lat="41.9896852" lon="2.8238040999999896">
<ele>68.71938316210006</ele>
<time>2026-07-12T14:27:41.862Z</time>
</trkpt>
<trkpt lat="41.9897062" lon="2.823839399999997">
<ele>68.88992150339615</ele>
<time>2026-07-12T14:27:43.919Z</time>
</trkpt>
<trkpt lat="41.9897272" lon="2.823867699999994">
<ele>69.11967660493714</ele>
<time>2026-07-12T14:27:45.780Z</time>
</trkpt>
<trkpt lat="41.9897529" lon="2.823894800000005">
<ele>69.307886067933</ele>
<time>2026-07-12T14:27:47.715Z</time>
</trkpt>
<trkpt lat="41.9897795" lon="2.8239098999999896">
<ele>69.35875395381987</ele>
<time>2026-07-12T14:27:49.659Z</time>
</trkpt>
<trkpt lat="41.9898018" lon="2.8239374000000055">
<ele>69.41562039636787</ele>
<time>2026-07-12T14:27:51.721Z</time>
</trkpt>
<trkpt lat="41.9898235" lon="2.8239619999999945">
<ele>69.41596006970582</ele>
<time>2026-07-12T14:27:53.663Z</time>
</trkpt>
<trkpt lat="41.9898448" lon="2.823990400000014">
<ele>69.45937544810472</ele>
<time>2026-07-12T14:27:55.683Z</time>
</trkpt>
<trkpt lat="41.9898639" lon="2.824012900000014">
<ele>69.51551689840915</ele>
<time>2026-07-12T14:27:57.535Z</time>
</trkpt>
<trkpt lat="41.9898829" lon="2.8240367999999876">
<ele>69.60178374780996</ele>
<time>2026-07-12T14:27:59.480Z</time>
</trkpt>
<trkpt lat="41.9899009" lon="2.8240651000000128">
<ele>69.73452211887654</ele>
<time>2026-07-12T14:28:01.440Z</time>
</trkpt>
<trkpt lat="41.9899254" lon="2.8240816999999936">
<ele>69.83863048955521</ele>
<time>2026-07-12T14:28:03.402Z</time>
</trkpt>
<trkpt lat="41.9899504" lon="2.824098300000003">
<ele>69.9660980065519</ele>
<time>2026-07-12T14:28:05.395Z</time>
</trkpt>
<trkpt lat="41.9899813" lon="2.824113899999986">
<ele>70.12053302056465</ele>
<time>2026-07-12T14:28:07.319Z</time>
</trkpt>
<trkpt lat="41.9899995" lon="2.8241365000000087">
<ele>70.35033124541759</ele>
<time>2026-07-12T14:28:09.222Z</time>
</trkpt>
<trkpt lat="41.9900196" lon="2.824162400000006">
<ele>70.60915788288877</ele>
<time>2026-07-12T14:28:11.196Z</time>
</trkpt>
<trkpt lat="41.9900441" lon="2.8241760999999883">
<ele>70.78861158779009</ele>
<time>2026-07-12T14:28:13.159Z</time>
</trkpt>
<trkpt lat="41.9900623" lon="2.8241888000000017">
<ele>70.92975074386446</ele>
<time>2026-07-12T14:28:15.099Z</time>
</trkpt>
<trkpt lat="41.9900781" lon="2.8242047999999897">
<ele>71.05335205068182</ele>
<time>2026-07-12T14:28:17.097Z</time>
</trkpt>
<trkpt lat="41.9901051" lon="2.824222800000001">
<ele>71.17196079785451</ele>
<time>2026-07-12T14:28:19.001Z</time>
</trkpt>
<trkpt lat="41.9901397" lon="2.8242414000000053">
<ele>71.34570441064245</ele>
<time>2026-07-12T14:28:21.075Z</time>
</trkpt>
<trkpt lat="41.9901589" lon="2.8242620999999986">
<ele>71.48521677245901</ele>
<time>2026-07-12T14:28:22.915Z</time>
</trkpt>
<trkpt lat="41.99018" lon="2.8242830000000083">
<ele>71.65340472417105</ele>
<time>2026-07-12T14:28:24.876Z</time>
</trkpt>
<trkpt lat="41.9902088" lon="2.8243108000000063">
<ele>71.91287159839298</ele>
<time>2026-07-12T14:28:26.834Z</time>
</trkpt>
<trkpt lat="41.990224" lon="2.82433069999999">
<ele>72.08782448398193</ele>
<time>2026-07-12T14:28:28.797Z</time>
</trkpt>
<trkpt lat="41.9902417" lon="2.8243540999999937">
<ele>72.3102481217099</ele>
<time>2026-07-12T14:28:30.796Z</time>
</trkpt>
<trkpt lat="41.9902625" lon="2.824372600000004">
<ele>72.54829279054424</ele>
<time>2026-07-12T14:28:32.761Z</time>
</trkpt>
<trkpt lat="41.9902907" lon="2.8243875999999943">
<ele>72.71469010905469</ele>
<time>2026-07-12T14:28:34.663Z</time>
</trkpt>
<trkpt lat="41.9903101" lon="2.824403600000011">
<ele>72.84300341570327</ele>
<time>2026-07-12T14:28:36.599Z</time>
</trkpt>
<trkpt lat="41.9903274" lon="2.824419299999988">
<ele>72.95564850601824</ele>
<time>2026-07-12T14:28:38.574Z</time>
</trkpt>
<trkpt lat="41.9903513" lon="2.8244334000000038">
<ele>73.06708427820554</ele>
<time>2026-07-12T14:28:40.537Z</time>
</trkpt>
<trkpt lat="41.9903684" lon="2.8244484999999884">
<ele>73.15924448478341</ele>
<time>2026-07-12T14:28:42.481Z</time>
</trkpt>
<trkpt lat="41.9903906" lon="2.824462600000004">
<ele>73.24829456962682</ele>
<time>2026-07-12T14:28:44.413Z</time>
</trkpt>
<trkpt lat="41.990411" lon="2.8244808000000035">
<ele>73.32314626533815</ele>
<time>2026-07-12T14:28:46.259Z</time>
</trkpt>
<trkpt lat="41.9904402" lon="2.82450639999999">
<ele>73.30005131412868</ele>
<time>2026-07-12T14:28:48.298Z</time>
</trkpt>
<trkpt lat="41.9904628" lon="2.8245277000000044">
<ele>73.3004642165491</ele>
<time>2026-07-12T14:28:50.242Z</time>
</trkpt>
<trkpt lat="41.9904863" lon="2.824549100000013">
<ele>73.32332886393742</ele>
<time>2026-07-12T14:28:52.178Z</time>
</trkpt>
<trkpt lat="41.9905133" lon="2.8245780999999965">
<ele>73.37095068246066</ele>
<time>2026-07-12T14:28:54.136Z</time>
</trkpt>
<trkpt lat="41.9905355" lon="2.8246072999999967">
<ele>73.43154695059458</ele>
<time>2026-07-12T14:28:56.114Z</time>
</trkpt>
<trkpt lat="41.990559" lon="2.8246349000000066">
<ele>73.48000283999907</ele>
<time>2026-07-12T14:28:58.058Z</time>
</trkpt>
<trkpt lat="41.990559" lon="2.8246349000000066">
<ele>73.48000283999907</ele>
<time>2026-07-12T14:28:58.058Z</time>
</trkpt>
<trkpt lat="41.9905633" lon="2.82464379999999">
<ele>73.48243884246689</ele>
<time>2026-07-12T14:28:59.938Z</time>
</trkpt>
<trkpt lat="41.9905916" lon="2.82464490000001">
<ele>73.53257364040857</ele>
<time>2026-07-12T14:29:01.842Z</time>
</trkpt>
<trkpt lat="41.990622" lon="2.824672800000002">
<ele>73.55048038749393</ele>
<time>2026-07-12T14:29:03.705Z</time>
</trkpt>
<trkpt lat="41.9906373" lon="2.8247016999999914">
<ele>73.53006949004455</ele>
<time>2026-07-12T14:29:05.831Z</time>
</trkpt>
<trkpt lat="41.9906391" lon="2.8247268000000076">
<ele>73.49423690068187</ele>
<time>2026-07-12T14:29:07.760Z</time>
</trkpt>
<trkpt lat="41.9906468" lon="2.82475740000001">
<ele>73.45243406036427</ele>
<time>2026-07-12T14:29:09.831Z</time>
</trkpt>
<trkpt lat="41.99065" lon="2.8247902999999894">
<ele>73.41891729992216</ele>
<time>2026-07-12T14:29:11.830Z</time>
</trkpt>
<trkpt lat="41.9906669" lon="2.82481709999999">
<ele>73.40174392415156</ele>
<time>2026-07-12T14:29:13.831Z</time>
</trkpt>
<trkpt lat="41.9906821" lon="2.8248293000000047">
<ele>73.40002987163477</ele>
<time>2026-07-12T14:29:15.830Z</time>
</trkpt>
<trkpt lat="41.9906994" lon="2.824826800000011">
<ele>73.41471036156312</ele>
<time>2026-07-12T14:29:17.831Z</time>
</trkpt>
</trkseg></trk></gpx>
