<?xml version="1.0" encoding="UTF-8"?>
<gpx version="1.1" creator="Senda">
<bounds minlat="0.0" minlon="0.0" maxlat="0.0" maxlon="0.0" />
<trk><name>sarria-2026-07-14</name><trkseg>
<trkpt lat="41.9916095" lon="2.8249615000000006">
<ele>73.12023112271196</ele>
<time>2026-07-14T04:22:29.033Z</time>
</trkpt>
<trkpt lat="41.9916509" lon="2.824991600000004">
<ele>72.7904921455456</ele>
<time>2026-07-14T04:22:32.649Z</time>
</trkpt>
<trkpt lat="41.9916978" lon="2.8250184999999988">
<ele>72.50354765675475</ele>
<time>2026-07-14T04:22:37.627Z</time>
</trkpt>
<trkpt lat="41.9917359" lon="2.8250513000000126">
<ele>72.14867032903473</ele>
<time>2026-07-14T04:22:41.626Z</time>
</trkpt>
<trkpt lat="41.9917762" lon="2.8250897000000066">
<ele>71.71647297303625</ele>
<time>2026-07-14T04:22:45.626Z</time>
</trkpt>
<trkpt lat="41.9918155" lon="2.825129000000004">
<ele>71.42394962177609</ele>
<time>2026-07-14T04:22:49.367Z</time>
</trkpt>
<trkpt lat="41.9918611" lon="2.8251596000000063">
<ele>71.21037683563166</ele>
<time>2026-07-14T04:22:53.666Z</time>
</trkpt>
<trkpt lat="41.9918991" lon="2.8251941000000045">
<ele>71.16228272344465</ele>
<time>2026-07-14T04:22:56.932Z</time>
</trkpt>
<trkpt lat="41.9919396" lon="2.8252218000000084">
<ele>71.18610909206691</ele>
<time>2026-07-14T04:23:00.637Z</time>
</trkpt>
<trkpt lat="41.9919782" lon="2.825254099999995">
<ele>71.29967461299341</ele>
<time>2026-07-14T04:23:08.226Z</time>
</trkpt>
<trkpt lat="41.9920207" lon="2.825278400000002">
<ele>71.34297296246129</ele>
<time>2026-07-14T04:23:14.627Z</time>
</trkpt>
<trkpt lat="41.9920637" lon="2.8253196999999943">
<ele>71.41238703639185</ele>
<time>2026-07-14T04:23:18.634Z</time>
</trkpt>
<trkpt lat="41.9921057" lon="2.82534609999999">
<ele>71.337089188551</ele>
<time>2026-07-14T04:23:22.550Z</time>
</trkpt>
<trkpt lat="41.9921498" lon="2.825378900000004">
<ele>71.31415002985482</ele>
<time>2026-07-14T04:23:26.626Z</time>
</trkpt>
<trkpt lat="41.9921908" lon="2.825411900000006">
<ele>71.35122316413675</ele>
<time>2026-07-14T04:23:30.626Z</time>
</trkpt>
<trkpt lat="41.9922323" lon="2.8254407000000015">
<ele>71.20537717040334</ele>
<time>2026-07-14T04:23:33.645Z</time>
</trkpt>
<trkpt lat="41.9922768" lon="2.825472200000007">
<ele>70.86728068098431</ele>
<time>2026-07-14T04:23:37.565Z</time>
</trkpt>
<trkpt lat="41.9923199" lon="2.8254968999999903">
<ele>70.56397180797369</ele>
<time>2026-07-14T04:23:40.229Z</time>
</trkpt>
<trkpt lat="41.9923639" lon="2.8255214000000137">
<ele>70.29363600206673</ele>
<time>2026-07-14T04:23:43.885Z</time>
</trkpt>
<trkpt lat="41.9924064" lon="2.8255479000000037">
<ele>70.0919197479552</ele>
<time>2026-07-14T04:23:47.031Z</time>
</trkpt>
<trkpt lat="41.9924532" lon="2.8255621000000133">
<ele>69.80770357966742</ele>
<time>2026-07-14T04:23:50.512Z</time>
</trkpt>
<trkpt lat="41.9925001" lon="2.82559950000001">
<ele>69.87383459278361</ele>
<time>2026-07-14T04:23:54.658Z</time>
</trkpt>
<trkpt lat="41.9925493" lon="2.8256169">
<ele>70.20377352232097</ele>
<time>2026-07-14T04:23:58.466Z</time>
</trkpt>
<trkpt lat="41.9925942" lon="2.8256384999999966">
<ele>70.46870887986691</ele>
<time>2026-07-14T04:24:01.906Z</time>
</trkpt>
<trkpt lat="41.9926416" lon="2.825667699999997">
<ele>70.67801115044766</ele>
<time>2026-07-14T04:24:05.706Z</time>
</trkpt>
<trkpt lat="41.9926851" lon="2.8256900000000087">
<ele>70.76845026138791</ele>
<time>2026-07-14T04:24:08.692Z</time>
</trkpt>
<trkpt lat="41.9927286" lon="2.825712299999992">
<ele>70.78007106308547</ele>
<time>2026-07-14T04:24:11.868Z</time>
</trkpt>
<trkpt lat="41.992771" lon="2.8257426000000123">
<ele>70.67059385781388</ele>
<time>2026-07-14T04:24:15.325Z</time>
</trkpt>
<trkpt lat="41.9928146" lon="2.825767500000012">
<ele>70.30155194717615</ele>
<time>2026-07-14T04:24:18.636Z</time>
</trkpt>
<trkpt lat="41.9928641" lon="2.8257895000000133">
<ele>69.94200021024476</ele>
<time>2026-07-14T04:24:22.662Z</time>
</trkpt>
<trkpt lat="41.9929157" lon="2.8257984999999906">
<ele>69.61099715411281</ele>
<time>2026-07-14T04:24:26.310Z</time>
</trkpt>
<trkpt lat="41.9929629" lon="2.825807700000013">
<ele>69.32636638395861</ele>
<time>2026-07-14T04:24:29.429Z</time>
</trkpt>
<trkpt lat="41.9930094" lon="2.8258227999999974">
<ele>69.07723629739122</ele>
<time>2026-07-14T04:24:32.533Z</time>
</trkpt>
<trkpt lat="41.9930523" lon="2.825804000000005">
<ele>68.80722747604815</ele>
<time>2026-07-14T04:24:35.925Z</time>
</trkpt>
<trkpt lat="41.9930921" lon="2.8258352999999943">
<ele>68.92969690563137</ele>
<time>2026-07-14T04:24:38.637Z</time>
</trkpt>
<trkpt lat="41.9931404" lon="2.825848900000011">
<ele>69.03574470547676</ele>
<time>2026-07-14T04:24:41.661Z</time>
</trkpt>
<trkpt lat="41.9931881" lon="2.8258552000000066">
<ele>69.12714898102072</ele>
<time>2026-07-14T04:24:44.636Z</time>
</trkpt>
<trkpt lat="41.9932354" lon="2.825858199999999">
<ele>69.20733798288188</ele>
<time>2026-07-14T04:24:47.645Z</time>
</trkpt>
<trkpt lat="41.9932869" lon="2.8258606999999927">
<ele>69.29644115235106</ele>
<time>2026-07-14T04:24:51.085Z</time>
</trkpt>
<trkpt lat="41.9933336" lon="2.825846399999989">
<ele>69.15682912670812</ele>
<time>2026-07-14T04:24:54.166Z</time>
</trkpt>
<trkpt lat="41.9933866" lon="2.8258382999999867">
<ele>68.91237965126557</ele>
<time>2026-07-14T04:24:57.252Z</time>
</trkpt>
<trkpt lat="41.9934357" lon="2.8258312000000103">
<ele>68.68466711472648</ele>
<time>2026-07-14T04:25:01.332Z</time>
</trkpt>
<trkpt lat="41.9934823" lon="2.825830200000013">
<ele>68.53547782821502</ele>
<time>2026-07-14T04:25:04.370Z</time>
</trkpt>
<trkpt lat="41.9935273" lon="2.8258241999999996">
<ele>68.32559438169815</ele>
<time>2026-07-14T04:25:07.746Z</time>
</trkpt>
<trkpt lat="41.9935753" lon="2.8258180999999922">
<ele>68.10091601275786</ele>
<time>2026-07-14T04:25:10.706Z</time>
</trkpt>
<trkpt lat="41.9936219" lon="2.825814600000001">
<ele>67.9408915314993</ele>
<time>2026-07-14T04:25:14.448Z</time>
</trkpt>
<trkpt lat="41.9936685" lon="2.8258156999999926">
<ele>67.88255515289701</ele>
<time>2026-07-14T04:25:17.847Z</time>
</trkpt>
<trkpt lat="41.9937173" lon="2.825807900000001">
<ele>67.7017764313041</ele>
<time>2026-07-14T04:25:21.525Z</time>
</trkpt>
<trkpt lat="41.9937635" lon="2.8257857000000115">
<ele>67.33507247065253</ele>
<time>2026-07-14T04:25:24.931Z</time>
</trkpt>
<trkpt lat="41.9938073" lon="2.8257686999999976">
<ele>67.04391125326539</ele>
<time>2026-07-14T04:25:28.010Z</time>
</trkpt>
<trkpt lat="41.9938523" lon="2.8257625999999902">
<ele>66.89653603536185</ele>
<time>2026-07-14T04:25:31.089Z</time>
</trkpt>
<trkpt lat="41.9938951" lon="2.825738599999994">
<ele>66.56437621311564</ele>
<time>2026-07-14T04:25:34.152Z</time>
</trkpt>
<trkpt lat="41.9939369" lon="2.825714699999992">
<ele>66.34916165070992</ele>
<time>2026-07-14T04:25:37.676Z</time>
</trkpt>
<trkpt lat="41.9939791" lon="2.8256891000000053">
<ele>66.16148951653636</ele>
<time>2026-07-14T04:25:40.676Z</time>
</trkpt>
<trkpt lat="41.9940257" lon="2.825667799999991">
<ele>66.07914382998197</ele>
<time>2026-07-14T04:25:44.033Z</time>
</trkpt>
<trkpt lat="41.9940738" lon="2.825659999999999">
<ele>66.16491633186962</ele>
<time>2026-07-14T04:25:47.471Z</time>
</trkpt>
<trkpt lat="41.9941194" lon="2.825654700000001">
<ele>66.2779675315483</ele>
<time>2026-07-14T04:25:50.551Z</time>
</trkpt>
<trkpt lat="41.9941716" lon="2.8256451999999967">
<ele>66.40844047814659</ele>
<time>2026-07-14T04:25:54.326Z</time>
</trkpt>
<trkpt lat="41.9942164" lon="2.825637900000004">
<ele>66.55752847817219</ele>
<time>2026-07-14T04:25:57.469Z</time>
</trkpt>
<trkpt lat="41.9942618" lon="2.825634000000008">
<ele>66.73102009548833</ele>
<time>2026-07-14T04:26:00.925Z</time>
</trkpt>
<trkpt lat="41.9943069" lon="2.8256350999999995">
<ele>66.93921836664838</ele>
<time>2026-07-14T04:26:04.013Z</time>
</trkpt>
<trkpt lat="41.9943533" lon="2.825626900000003">
<ele>67.08137170474764</ele>
<time>2026-07-14T04:26:07.683Z</time>
</trkpt>
<trkpt lat="41.9944021" lon="2.825618800000001">
<ele>67.23109675398817</ele>
<time>2026-07-14T04:26:11.210Z</time>
</trkpt>
<trkpt lat="41.9944548" lon="2.825602900000007">
<ele>67.30585647704443</ele>
<time>2026-07-14T04:26:14.626Z</time>
</trkpt>
<trkpt lat="41.9945021" lon="2.825592300000011">
<ele>67.37027404638714</ele>
<time>2026-07-14T04:26:18.626Z</time>
</trkpt>
<trkpt lat="41.9945476" lon="2.8255962000000068">
<ele>67.53856955754127</ele>
<time>2026-07-14T04:26:21.676Z</time>
</trkpt>
<trkpt lat="41.9945914" lon="2.825582099999991">
<ele>67.49611615773937</ele>
<time>2026-07-14T04:26:25.506Z</time>
</trkpt>
<trkpt lat="41.9946438" lon="2.8255661999999973">
<ele>67.40481251165511</ele>
<time>2026-07-14T04:26:29.676Z</time>
</trkpt>
<trkpt lat="41.9946959" lon="2.8255497000000105">
<ele>67.30712078749715</ele>
<time>2026-07-14T04:26:33.349Z</time>
</trkpt>
<trkpt lat="41.9947435" lon="2.8255426999999997">
<ele>67.5120687877642</ele>
<time>2026-07-14T04:26:36.427Z</time>
</trkpt>
<trkpt lat="41.9947906" lon="2.8255306000000076">
<ele>67.72668482200012</ele>
<time>2026-07-14T04:26:39.891Z</time>
</trkpt>
<trkpt lat="41.9948354" lon="2.8255208999999866">
<ele>67.94918567234411</ele>
<time>2026-07-14T04:26:42.755Z</time>
</trkpt>
<trkpt lat="41.9948847" lon="2.825503999999995">
<ele>68.0681331903449</ele>
<time>2026-07-14T04:26:46.090Z</time>
</trkpt>
<trkpt lat="41.994931" lon="2.825495799999999">
<ele>68.3045932985463</ele>
<time>2026-07-14T04:26:49.111Z</time>
</trkpt>
<trkpt lat="41.9949782" lon="2.8254798000000108">
<ele>68.38779855395784</ele>
<time>2026-07-14T04:26:52.687Z</time>
</trkpt>
<trkpt lat="41.9950276" lon="2.825465699999995">
<ele>68.62378109195717</ele>
<time>2026-07-14T04:26:55.927Z</time>
</trkpt>
<trkpt lat="41.9950746" lon="2.825446900000003">
<ele>68.77512798334374</ele>
<time>2026-07-14T04:26:59.676Z</time>
</trkpt>
<trkpt lat="41.9951169" lon="2.8254234000000054">
<ele>68.76299490527714</ele>
<time>2026-07-14T04:27:03.045Z</time>
</trkpt>
<trkpt lat="41.9951624" lon="2.82540929999999">
<ele>68.96572852195712</ele>
<time>2026-07-14T04:27:06.028Z</time>
</trkpt>
<trkpt lat="41.9952114" lon="2.825386199999997">
<ele>69.00251231448303</ele>
<time>2026-07-14T04:27:10.189Z</time>
</trkpt>
<trkpt lat="41.9952506" lon="2.8253474999999924">
<ele>68.57870447113021</ele>
<time>2026-07-14T04:27:13.606Z</time>
</trkpt>
<trkpt lat="41.9952992" lon="2.8253229000000033">
<ele>68.18776012259714</ele>
<time>2026-07-14T04:27:17.309Z</time>
</trkpt>
<trkpt lat="41.9953462" lon="2.8253072999999915">
<ele>67.75553377013593</ele>
<time>2026-07-14T04:27:20.365Z</time>
</trkpt>
<trkpt lat="41.9953924" lon="2.825292899999994">
<ele>67.3601965090014</ele>
<time>2026-07-14T04:27:23.829Z</time>
</trkpt>
<trkpt lat="41.9954373" lon="2.8252875000000017">
<ele>67.16125971549681</ele>
<time>2026-07-14T04:27:26.925Z</time>
</trkpt>
<trkpt lat="41.9954964" lon="2.825290599999988">
<ele>67.10891161888256</ele>
<time>2026-07-14T04:27:30.646Z</time>
</trkpt>
<trkpt lat="41.9955408" lon="2.8252682000000107">
<ele>66.58230260670595</ele>
<time>2026-07-14T04:27:34.711Z</time>
</trkpt>
<trkpt lat="41.9955833" lon="2.825243499999999">
<ele>66.40092571936827</ele>
<time>2026-07-14T04:27:38.112Z</time>
</trkpt>
<trkpt lat="41.9956274" lon="2.825219500000003">
<ele>66.38386059079986</ele>
<time>2026-07-14T04:27:41.677Z</time>
</trkpt>
<trkpt lat="41.9956706" lon="2.825194500000009">
<ele>66.3859160941731</ele>
<time>2026-07-14T04:27:44.750Z</time>
</trkpt>
<trkpt lat="41.9957169" lon="2.825172600000002">
<ele>66.51773583706365</ele>
<time>2026-07-14T04:27:48.167Z</time>
</trkpt>
<trkpt lat="41.9957643" lon="2.825154099999992">
<ele>66.75638760359566</ele>
<time>2026-07-14T04:27:51.676Z</time>
</trkpt>
<trkpt lat="41.9958114" lon="2.8251419999999996">
<ele>67.11840324698571</ele>
<time>2026-07-14T04:27:54.718Z</time>
</trkpt>
<trkpt lat="41.9958574" lon="2.8251209999999958">
<ele>67.2638730657221</ele>
<time>2026-07-14T04:27:58.310Z</time>
</trkpt>
<trkpt lat="41.9959029" lon="2.825099300000005">
<ele>67.28046394550513</ele>
<time>2026-07-14T04:28:01.676Z</time>
</trkpt>
<trkpt lat="41.9959465" lon="2.8250797000000034">
<ele>67.2481507153272</ele>
<time>2026-07-14T04:28:05.032Z</time>
</trkpt>
<trkpt lat="41.9959919" lon="2.825057700000002">
<ele>67.11460155668874</ele>
<time>2026-07-14T04:28:08.488Z</time>
</trkpt>
<trkpt lat="41.996046" lon="2.8250387999999873">
<ele>67.01686750658506</ele>
<time>2026-07-14T04:28:12.191Z</time>
</trkpt>
<trkpt lat="41.9960924" lon="2.8250203000000056">
<ele>66.890435701564</ele>
<time>2026-07-14T04:28:16.029Z</time>
</trkpt>
<trkpt lat="41.9961451" lon="2.8249897000000033">
<ele>66.72440371858022</ele>
<time>2026-07-14T04:28:19.286Z</time>
</trkpt>
<trkpt lat="41.996188" lon="2.8249685000000113">
<ele>66.70025940488756</ele>
<time>2026-07-14T04:28:22.625Z</time>
</trkpt>
<trkpt lat="41.9962377" lon="2.82493199999999">
<ele>66.44146090910235</ele>
<time>2026-07-14T04:28:25.886Z</time>
</trkpt>
<trkpt lat="41.9962792" lon="2.8249043000000142">
<ele>66.27361886751802</ele>
<time>2026-07-14T04:28:29.927Z</time>
</trkpt>
<trkpt lat="41.9963266" lon="2.8248775000000137">
<ele>66.16981317063849</ele>
<time>2026-07-14T04:28:33.676Z</time>
</trkpt>
<trkpt lat="41.9963769" lon="2.824864600000012">
<ele>66.3539841650004</ele>
<time>2026-07-14T04:28:37.688Z</time>
</trkpt>
<trkpt lat="41.9964219" lon="2.82484070000001">
<ele>66.44086530062697</ele>
<time>2026-07-14T04:28:41.113Z</time>
</trkpt>
<trkpt lat="41.996468" lon="2.824813799999987">
<ele>66.44881549250009</ele>
<time>2026-07-14T04:28:44.676Z</time>
</trkpt>
<trkpt lat="41.9965091" lon="2.82478789999999">
<ele>66.35223245809732</ele>
<time>2026-07-14T04:28:47.676Z</time>
</trkpt>
<trkpt lat="41.9965494" lon="2.8247551000000044">
<ele>66.03485592558731</ele>
<time>2026-07-14T04:28:50.906Z</time>
</trkpt>
<trkpt lat="41.9965969" lon="2.8247274000000004">
<ele>66.07331502108563</ele>
<time>2026-07-14T04:28:54.676Z</time>
</trkpt>
<trkpt lat="41.9966432" lon="2.824712000000005">
<ele>66.2259374584512</ele>
<time>2026-07-14T04:28:58.008Z</time>
</trkpt>
<trkpt lat="41.9966857" lon="2.824688100000003">
<ele>66.26968063543718</ele>
<time>2026-07-14T04:29:01.471Z</time>
</trkpt>
<trkpt lat="41.9967291" lon="2.8246719999999925">
<ele>66.56127782292958</ele>
<time>2026-07-14T04:29:04.862Z</time>
</trkpt>
<trkpt lat="41.9967789" lon="2.824657699999989">
<ele>66.96516155191581</ele>
<time>2026-07-14T04:29:08.173Z</time>
</trkpt>
<trkpt lat="41.9968264" lon="2.8246468000000107">
<ele>67.39536669696737</ele>
<time>2026-07-14T04:29:11.570Z</time>
</trkpt>
<trkpt lat="41.996871" lon="2.8246315000000095">
<ele>67.68919433107855</ele>
<time>2026-07-14T04:29:14.650Z</time>
</trkpt>
<trkpt lat="41.9969154" lon="2.8246129999999994">
<ele>67.90401105194398</ele>
<time>2026-07-14T04:29:17.809Z</time>
</trkpt>
<trkpt lat="41.9969584" lon="2.8245944999999892">
<ele>68.05426819695029</ele>
<time>2026-07-14T04:29:20.888Z</time>
</trkpt>
<trkpt lat="41.9970041" lon="2.8245939999999905">
<ele>68.56114791800502</ele>
<time>2026-07-14T04:29:24.088Z</time>
</trkpt>
<trkpt lat="41.9970459" lon="2.824566699999991">
<ele>68.46395145121106</ele>
<time>2026-07-14T04:29:28.169Z</time>
</trkpt>
<trkpt lat="41.9970768" lon="2.8245516000000066">
<ele>68.49795464309709</ele>
<time>2026-07-14T04:29:30.809Z</time>
</trkpt>
<trkpt lat="41.9970768" lon="2.8245516000000066">
<ele>68.49795464309709</ele>
<time>2026-07-14T04:29:30.809Z</time>
</trkpt>
<trkpt lat="41.9970799" lon="2.8245560999999952">
<ele>68.62706728407964</ele>
<time>2026-07-14T04:29:32.920Z</time>
</trkpt>
<trkpt lat="41.9971017" lon="2.8245516000000066">
<ele>68.77957430005438</ele>
<time>2026-07-14T04:29:34.757Z</time>
</trkpt>
<trkpt lat="41.9971364" lon="2.824539200000004">
<ele>68.91270606262091</ele>
<time>2026-07-14T04:29:36.984Z</time>
</trkpt>
<trkpt lat="41.9972838" lon="2.8244846999999993">
<ele>68.86018496651648</ele>
<time>2026-07-14T04:29:39.064Z</time>
</trkpt>
<trkpt lat="41.9973255" lon="2.824456700000013">
<ele>68.34181046455785</ele>
<time>2026-07-14T04:29:41.065Z</time>
</trkpt>
<trkpt lat="41.997357" lon="2.824460600000009">
<ele>68.52280969146993</ele>
<time>2026-07-14T04:29:43.626Z</time>
</trkpt>
<trkpt lat="41.9973833" lon="2.8244603999999924">
<ele>68.59608529561659</ele>
<time>2026-07-14T04:29:45.625Z</time>
</trkpt>
<trkpt lat="41.9974104" lon="2.8244656999999904">
<ele>68.78416632102076</ele>
<time>2026-07-14T04:29:47.637Z</time>
</trkpt>
<trkpt lat="41.9974399" lon="2.8244446999999866">
<ele>68.45507220523452</ele>
<time>2026-07-14T04:29:49.676Z</time>
</trkpt>
<trkpt lat="41.9974667" lon="2.8244253000000015">
<ele>68.17805053275607</ele>
<time>2026-07-14T04:29:51.625Z</time>
</trkpt>
<trkpt lat="41.9974895" lon="2.824419599999999">
<ele>68.16177780645435</ele>
<time>2026-07-14T04:29:53.543Z</time>
</trkpt>
<trkpt lat="41.9975114" lon="2.8244166000000064">
<ele>68.17729494973605</ele>
<time>2026-07-14T04:29:55.558Z</time>
</trkpt>
<trkpt lat="41.9975356" lon="2.8244161000000076">
<ele>68.23613466959401</ele>
<time>2026-07-14T04:29:57.667Z</time>
</trkpt>
<trkpt lat="41.9975787" lon="2.8244113000000084">
<ele>68.2703075589905</ele>
<time>2026-07-14T04:30:01.599Z</time>
</trkpt>
<trkpt lat="41.9976098" lon="2.824417000000011">
<ele>68.4605877284881</ele>
<time>2026-07-14T04:30:03.638Z</time>
</trkpt>
<trkpt lat="41.9976354" lon="2.8244191">
<ele>68.57026445704548</ele>
<time>2026-07-14T04:30:05.644Z</time>
</trkpt>
<trkpt lat="41.997662" lon="2.8244129999999927">
<ele>68.53499487424982</ele>
<time>2026-07-14T04:30:07.643Z</time>
</trkpt>
<trkpt lat="41.9976904" lon="2.8244114000000025">
<ele>68.58598581002661</ele>
<time>2026-07-14T04:30:09.646Z</time>
</trkpt>
<trkpt lat="41.9977158" lon="2.8244187999999895">
<ele>68.79027993892369</ele>
<time>2026-07-14T04:30:11.644Z</time>
</trkpt>
<trkpt lat="41.9977417" lon="2.824429400000014">
<ele>69.05307066882541</ele>
<time>2026-07-14T04:30:13.644Z</time>
</trkpt>
<trkpt lat="41.997769" lon="2.8244358999999974">
<ele>69.24584082839993</ele>
<time>2026-07-14T04:30:15.742Z</time>
</trkpt>
<trkpt lat="41.9977744" lon="2.8244338000000084">
<ele>69.22328583974225</ele>
<time>2026-07-14T04:30:17.644Z</time>
</trkpt>
<trkpt lat="41.9977826" lon="2.824425600000012">
<ele>69.13790603238749</ele>
<time>2026-07-14T04:30:19.644Z</time>
</trkpt>
<trkpt lat="41.9977864" lon="2.8244220999999925">
<ele>69.10467316848995</ele>
<time>2026-07-14T04:30:21.644Z</time>
</trkpt>
<trkpt lat="41.9978045" lon="2.824415700000003">
<ele>69.13081436871131</ele>
<time>2026-07-14T04:30:23.649Z</time>
</trkpt>
<trkpt lat="41.9978262" lon="2.8244109000000037">
<ele>69.21480924296662</ele>
<time>2026-07-14T04:30:25.644Z</time>
</trkpt>
<trkpt lat="41.9978526" lon="2.824408500000004">
<ele>69.37870947820323</ele>
<time>2026-07-14T04:30:27.680Z</time>
</trkpt>
<trkpt lat="41.9978739" lon="2.824410400000005">
<ele>69.57748903031697</ele>
<time>2026-07-14T04:30:29.644Z</time>
</trkpt>
<trkpt lat="41.9978949" lon="2.8244168999999886">
<ele>69.85154332174064</ele>
<time>2026-07-14T04:30:31.486Z</time>
</trkpt>
<trkpt lat="41.9979225" lon="2.8244287999999926">
<ele>70.2649727894057</ele>
<time>2026-07-14T04:30:33.465Z</time>
</trkpt>
<trkpt lat="41.9979484" lon="2.8244339000000025">
<ele>70.54770931583904</ele>
<time>2026-07-14T04:30:35.545Z</time>
</trkpt>
<trkpt lat="41.9979732" lon="2.8244280000000117">
<ele>70.63958979591851</ele>
<time>2026-07-14T04:30:37.584Z</time>
</trkpt>
<trkpt lat="41.9979971" lon="2.8244238999999993">
<ele>70.75597099091156</ele>
<time>2026-07-14T04:30:39.623Z</time>
</trkpt>
<trkpt lat="41.9980208" lon="2.8244199000000094">
<ele>70.87389656770183</ele>
<time>2026-07-14T04:30:41.679Z</time>
</trkpt>
<trkpt lat="41.9980435" lon="2.82441399999999">
<ele>70.95533870882912</ele>
<time>2026-07-14T04:30:43.719Z</time>
</trkpt>
<trkpt lat="41.9980633" lon="2.8244080000000054">
<ele>70.91082574457474</ele>
<time>2026-07-14T04:30:45.645Z</time>
</trkpt>
<trkpt lat="41.9980874" lon="2.82440170000001">
<ele>70.76454656944323</ele>
<time>2026-07-14T04:30:47.644Z</time>
</trkpt>
<trkpt lat="41.9981074" lon="2.824400400000002">
<ele>70.70559750151268</ele>
<time>2026-07-14T04:30:49.660Z</time>
</trkpt>
<trkpt lat="41.9981571" lon="2.8243909999999914">
<ele>70.47980643222397</ele>
<time>2026-07-14T04:30:53.624Z</time>
</trkpt>
<trkpt lat="41.9981901" lon="2.824396400000012">
<ele>70.4912169249596</ele>
<time>2026-07-14T04:30:55.664Z</time>
</trkpt>
<trkpt lat="41.9982165" lon="2.824403100000012">
<ele>70.52440497024509</ele>
<time>2026-07-14T04:30:57.644Z</time>
</trkpt>
<trkpt lat="41.998246" lon="2.8244214000000056">
<ele>70.67979721505372</ele>
<time>2026-07-14T04:30:59.654Z</time>
</trkpt>
<trkpt lat="41.9982737" lon="2.8244484999999884">
<ele>70.91585743994389</ele>
<time>2026-07-14T04:31:01.671Z</time>
</trkpt>
<trkpt lat="41.9982981" lon="2.8244671999999866">
<ele>71.04255373618679</ele>
<time>2026-07-14T04:31:03.664Z</time>
</trkpt>
<trkpt lat="41.9983186" lon="2.824473100000006">
<ele>71.03382782821423</ele>
<time>2026-07-14T04:31:05.678Z</time>
</trkpt>
<trkpt lat="41.9983394" lon="2.8244789000000026">
<ele>71.0662059397443</ele>
<time>2026-07-14T04:31:07.699Z</time>
</trkpt>
<trkpt lat="41.9983658" lon="2.824472500000013">
<ele>71.0407831053316</ele>
<time>2026-07-14T04:31:09.663Z</time>
</trkpt>
<trkpt lat="41.9983889" lon="2.82448389999999">
<ele>71.23941453323737</ele>
<time>2026-07-14T04:31:11.645Z</time>
</trkpt>
<trkpt lat="41.9984166" lon="2.8244794999999954">
<ele>71.20725766755868</ele>
<time>2026-07-14T04:31:13.693Z</time>
</trkpt>
<trkpt lat="41.9984531" lon="2.8244615000000124">
<ele>71.0560941129556</ele>
<time>2026-07-14T04:31:15.708Z</time>
</trkpt>
<trkpt lat="41.998476" lon="2.8244450999999913">
<ele>70.89765094316387</ele>
<time>2026-07-14T04:31:17.651Z</time>
</trkpt>
<trkpt lat="41.9985018" lon="2.8244233000000065">
<ele>70.66814275227817</ele>
<time>2026-07-14T04:31:19.665Z</time>
</trkpt>
<trkpt lat="41.9985254" lon="2.8244074000000126">
<ele>70.49605767056089</ele>
<time>2026-07-14T04:31:21.681Z</time>
</trkpt>
<trkpt lat="41.998554" lon="2.824394500000011">
<ele>70.3560458635268</ele>
<time>2026-07-14T04:31:23.647Z</time>
</trkpt>
<trkpt lat="41.9985777" lon="2.8243836000000044">
<ele>70.23048593410428</ele>
<time>2026-07-14T04:31:25.644Z</time>
</trkpt>
<trkpt lat="41.9986365" lon="2.8243606000000057">
<ele>69.94457953444368</ele>
<time>2026-07-14T04:31:29.481Z</time>
</trkpt>
<trkpt lat="41.9986619" lon="2.8243593999999916">
<ele>69.93232112269807</ele>
<time>2026-07-14T04:31:31.481Z</time>
</trkpt>
<trkpt lat="41.9986933" lon="2.824367300000006">
<ele>70.04635057780332</ele>
<time>2026-07-14T04:31:33.504Z</time>
</trkpt>
<trkpt lat="41.9987258" lon="2.8243849000000125">
<ele>70.29909512382501</ele>
<time>2026-07-14T04:31:35.504Z</time>
</trkpt>
<trkpt lat="41.9987603" lon="2.824387300000012">
<ele>70.34330129070884</ele>
<time>2026-07-14T04:31:37.650Z</time>
</trkpt>
<trkpt lat="41.9988089" lon="2.8243857999999875">
<ele>70.33659188413824</ele>
<time>2026-07-14T04:31:41.460Z</time>
</trkpt>
<trkpt lat="41.9988425" lon="2.8243822999999963">
<ele>70.29545157341974</ele>
<time>2026-07-14T04:31:43.482Z</time>
</trkpt>
<trkpt lat="41.9988694" lon="2.824393100000009">
<ele>70.46260210558758</ele>
<time>2026-07-14T04:31:45.521Z</time>
</trkpt>
<trkpt lat="41.9988957" lon="2.8244133000000033">
<ele>70.78749088524731</ele>
<time>2026-07-14T04:31:47.464Z</time>
</trkpt>
<trkpt lat="41.9989217" lon="2.8244311999999923">
<ele>71.12005361930231</ele>
<time>2026-07-14T04:31:49.462Z</time>
</trkpt>
<trkpt lat="41.9989551" lon="2.824439699999999">
<ele>71.33747825624422</ele>
<time>2026-07-14T04:31:51.503Z</time>
</trkpt>
<trkpt lat="41.99898" lon="2.824450299999995">
<ele>71.57460934374875</ele>
<time>2026-07-14T04:31:53.525Z</time>
</trkpt>
<trkpt lat="41.9990054" lon="2.824458800000002">
<ele>71.78621252302588</ele>
<time>2026-07-14T04:31:55.563Z</time>
</trkpt>
<trkpt lat="41.9990396" lon="2.824457999999993">
<ele>71.87100046567747</ele>
<time>2026-07-14T04:31:57.644Z</time>
</trkpt>
<trkpt lat="41.9990653" lon="2.82445340000001">
<ele>71.86386437941893</ele>
<time>2026-07-14T04:31:59.642Z</time>
</trkpt>
<trkpt lat="41.9990889" lon="2.8244531999999936">
<ele>71.92633790739973</ele>
<time>2026-07-14T04:32:01.602Z</time>
</trkpt>
<trkpt lat="41.9991306" lon="2.8244325999999944">
<ele>71.66032214486219</ele>
<time>2026-07-14T04:32:03.641Z</time>
</trkpt>
<trkpt lat="41.9991547" lon="2.8244326999999885">
<ele>71.72205783664782</ele>
<time>2026-07-14T04:32:05.640Z</time>
</trkpt>
<trkpt lat="41.9991815" lon="2.8244325999999944">
<ele>71.71171820608139</ele>
<time>2026-07-14T04:32:07.639Z</time>
</trkpt>
<trkpt lat="41.999212" lon="2.8244338000000084">
<ele>71.66563749377738</ele>
<time>2026-07-14T04:32:09.639Z</time>
</trkpt>
<trkpt lat="41.9992488" lon="2.8244334000000038">
<ele>71.57647530225296</ele>
<time>2026-07-14T04:32:11.663Z</time>
</trkpt>
<trkpt lat="41.99928" lon="2.824434999999994">
<ele>71.53180057125878</ele>
<time>2026-07-14T04:32:13.679Z</time>
</trkpt>
<trkpt lat="41.9993112" lon="2.8244271000000083">
<ele>71.34518030085133</ele>
<time>2026-07-14T04:32:15.644Z</time>
</trkpt>
<trkpt lat="41.9993456" lon="2.8244147999999996">
<ele>71.10834131908186</ele>
<time>2026-07-14T04:32:17.701Z</time>
</trkpt>
<trkpt lat="41.9993765" lon="2.824415799999997">
<ele>71.06971458475562</ele>
<time>2026-07-14T04:32:19.644Z</time>
</trkpt>
<trkpt lat="41.9994075" lon="2.824422800000008">
<ele>71.09892943667585</ele>
<time>2026-07-14T04:32:21.657Z</time>
</trkpt>
<trkpt lat="41.999441" lon="2.824424999999991">
<ele>71.05849884063412</ele>
<time>2026-07-14T04:32:23.672Z</time>
</trkpt>
<trkpt lat="41.9994665" lon="2.824422499999997">
<ele>71.04330788922029</ele>
<time>2026-07-14T04:32:25.644Z</time>
</trkpt>
<trkpt lat="41.9994959" lon="2.8244195000000047">
<ele>71.03330031948909</ele>
<time>2026-07-14T04:32:27.647Z</time>
</trkpt>
<trkpt lat="41.9995212" lon="2.8244147000000055">
<ele>71.00221902892001</ele>
<time>2026-07-14T04:32:29.552Z</time>
</trkpt>
<trkpt lat="41.9995781" lon="2.8244079000000113">
<ele>70.97544032084953</ele>
<time>2026-07-14T04:32:33.443Z</time>
</trkpt>
<trkpt lat="41.9996061" lon="2.824405000000013">
<ele>70.96758024263453</ele>
<time>2026-07-14T04:32:35.523Z</time>
</trkpt>
<trkpt lat="41.9996365" lon="2.8244007000000124">
<ele>70.94809084287289</ele>
<time>2026-07-14T04:32:37.521Z</time>
</trkpt>
<trkpt lat="41.9996641" lon="2.8243975999999975">
<ele>70.93901226179209</ele>
<time>2026-07-14T04:32:39.544Z</time>
</trkpt>
<trkpt lat="41.9996929" lon="2.824397299999987">
<ele>70.95887354057437</ele>
<time>2026-07-14T04:32:41.583Z</time>
</trkpt>
<trkpt lat="41.9997229" lon="2.8243970000000047">
<ele>70.97505790295477</ele>
<time>2026-07-14T04:32:43.599Z</time>
</trkpt>
<trkpt lat="41.99975" lon="2.8243961999999954">
<ele>70.86948545626119</ele>
<time>2026-07-14T04:32:45.542Z</time>
</trkpt>
<trkpt lat="41.9997768" lon="2.8243940000000123">
<ele>70.7507197720992</ele>
<time>2026-07-14T04:32:47.519Z</time>
</trkpt>
<trkpt lat="41.9998051" lon="2.8243922999999995">
<ele>70.6309566590236</ele>
<time>2026-07-14T04:32:49.460Z</time>
</trkpt>
<trkpt lat="41.9998334" lon="2.8243902000000105">
<ele>70.50653574118398</ele>
<time>2026-07-14T04:32:51.539Z</time>
</trkpt>
<trkpt lat="41.999862" lon="2.824386500000003">
<ele>70.36358501153298</ele>
<time>2026-07-14T04:32:53.603Z</time>
</trkpt>
<trkpt lat="41.9998836" lon="2.824386599999997">
<ele>70.28556942181996</ele>
<time>2026-07-14T04:32:55.446Z</time>
</trkpt>
<trkpt lat="41.9999248" lon="2.8243890999999905">
<ele>70.16184529607042</ele>
<time>2026-07-14T04:32:57.643Z</time>
</trkpt>
<trkpt lat="41.9999513" lon="2.824389300000007">
<ele>70.0674000850511</ele>
<time>2026-07-14T04:32:59.666Z</time>
</trkpt>
<trkpt lat="41.9999786" lon="2.824389300000007">
<ele>69.96787150539805</ele>
<time>2026-07-14T04:33:01.664Z</time>
</trkpt>
<trkpt lat="42.0000069" lon="2.8243908999999974">
<ele>70.43937792348575</ele>
<time>2026-07-14T04:33:03.661Z</time>
</trkpt>
<trkpt lat="42.0000359" lon="2.824388699999986">
<ele>70.41432891511685</ele>
<time>2026-07-14T04:33:05.645Z</time>
</trkpt>
<trkpt lat="42.000067" lon="2.8243838999999866">
<ele>70.3596765332183</ele>
<time>2026-07-14T04:33:07.719Z</time>
</trkpt>
<trkpt lat="42.0000996" lon="2.824379999999991">
<ele>70.3152714729289</ele>
<time>2026-07-14T04:33:09.706Z</time>
</trkpt>
<trkpt lat="42.0001289" lon="2.824373900000012">
<ele>70.24581740426555</ele>
<time>2026-07-14T04:33:11.644Z</time>
</trkpt>
<trkpt lat="42.000158" lon="2.8243696000000114">
<ele>70.19685797881539</ele>
<time>2026-07-14T04:33:13.649Z</time>
</trkpt>
<trkpt lat="42.0001832" lon="2.8243674">
<ele>70.17180897044649</ele>
<time>2026-07-14T04:33:15.552Z</time>
</trkpt>
<trkpt lat="42.0002253" lon="2.824364800000012">
<ele>70.14220559692191</ele>
<time>2026-07-14T04:33:17.679Z</time>
</trkpt>
<trkpt lat="42.0002558" lon="2.824362199999996">
<ele>70.11260222339226</ele>
<time>2026-07-14T04:33:19.645Z</time>
</trkpt>
<trkpt lat="42.0002863" lon="2.8243560999999886">
<ele>70.05518876478304</ele>
<time>2026-07-14T04:33:21.644Z</time>
</trkpt>
<trkpt lat="42.0003254" lon="2.824349000000012">
<ele>70.03952587002398</ele>
<time>2026-07-14T04:33:23.692Z</time>
</trkpt>
<trkpt lat="42.000355" lon="2.8243506000000025">
<ele>70.10345105415871</ele>
<time>2026-07-14T04:33:25.644Z</time>
</trkpt>
<trkpt lat="42.0003853" lon="2.824352900000008">
<ele>70.17274190686666</ele>
<time>2026-07-14T04:33:27.644Z</time>
</trkpt>
<trkpt lat="42.0004218" lon="2.8243591000000094">
<ele>70.28048404610567</ele>
<time>2026-07-14T04:33:29.657Z</time>
</trkpt>
<trkpt lat="42.0004525" lon="2.8243624000000125">
<ele>70.34894157169096</ele>
<time>2026-07-14T04:33:31.648Z</time>
</trkpt>
<trkpt lat="42.0004838" lon="2.8243629000000112">
<ele>70.39441616950724</ele>
<time>2026-07-14T04:33:33.663Z</time>
</trkpt>
<trkpt lat="42.0005157" lon="2.8243632999999875">
<ele>70.43938013274659</ele>
<time>2026-07-14T04:33:35.694Z</time>
</trkpt>
<trkpt lat="42.0005457" lon="2.824362000000008">
<ele>70.47184990019868</ele>
<time>2026-07-14T04:33:37.644Z</time>
</trkpt>
<trkpt lat="42.0005753" lon="2.824360399999989">
<ele>70.42547190902366</ele>
<time>2026-07-14T04:33:39.644Z</time>
</trkpt>
<trkpt lat="42.0006089" lon="2.824361500000009">
<ele>70.33985707039648</ele>
<time>2026-07-14T04:33:41.644Z</time>
</trkpt>
<trkpt lat="42.0006315" lon="2.8243606000000057">
<ele>70.27209572168171</ele>
<time>2026-07-14T04:33:43.657Z</time>
</trkpt>
<trkpt lat="42.0006566" lon="2.8243578000000014">
<ele>70.18321144061751</ele>
<time>2026-07-14T04:33:45.644Z</time>
</trkpt>
<trkpt lat="42.0006937" lon="2.8243545999999924">
<ele>70.05455011209783</ele>
<time>2026-07-14T04:33:47.644Z</time>
</trkpt>
<trkpt lat="42.0007173" lon="2.8243520999999987">
<ele>69.9667188980215</ele>
<time>2026-07-14T04:33:49.652Z</time>
</trkpt>
<trkpt lat="42.0007424" lon="2.8243501000000037">
<ele>69.87668956172737</ele>
<time>2026-07-14T04:33:51.667Z</time>
</trkpt>
<trkpt lat="42.0007772" lon="2.8243492999999944">
<ele>69.76714786950663</ele>
<time>2026-07-14T04:33:53.683Z</time>
</trkpt>
<trkpt lat="42.0008013" lon="2.8243467000000066">
<ele>69.67093499395021</ele>
<time>2026-07-14T04:33:55.650Z</time>
</trkpt>
<trkpt lat="42.0008666" lon="2.824347700000004">
<ele>69.6324843984109</ele>
<time>2026-07-14T04:33:59.501Z</time>
</trkpt>
<trkpt lat="42.0008987" lon="2.8243466000000126">
<ele>69.6728458097306</ele>
<time>2026-07-14T04:34:01.498Z</time>
</trkpt>
<trkpt lat="42.0009282" lon="2.8243420999999955">
<ele>69.67924581689446</ele>
<time>2026-07-14T04:34:03.545Z</time>
</trkpt>
<trkpt lat="42.000956" lon="2.8243392999999912">
<ele>69.70093536048117</ele>
<time>2026-07-14T04:34:05.584Z</time>
</trkpt>
<trkpt lat="42.0009854" lon="2.8243373999999903">
<ele>69.73487393953596</ele>
<time>2026-07-14T04:34:07.684Z</time>
</trkpt>
<trkpt lat="42.0010084" lon="2.8243439000000023">
<ele>69.82619323996353</ele>
<time>2026-07-14T04:34:09.564Z</time>
</trkpt>
<trkpt lat="42.0010322" lon="2.824356300000005">
<ele>69.96010839791417</ele>
<time>2026-07-14T04:34:11.579Z</time>
</trkpt>
<trkpt lat="42.0010604" lon="2.8243678999999986">
<ele>70.08622014106086</ele>
<time>2026-07-14T04:34:13.685Z</time>
</trkpt>
<trkpt lat="42.0010898" lon="2.8243745999999987">
<ele>70.17128093932072</ele>
<time>2026-07-14T04:34:15.679Z</time>
</trkpt>
<trkpt lat="42.0011125" lon="2.82438479999999">
<ele>70.26673349436653</ele>
<time>2026-07-14T04:34:17.685Z</time>
</trkpt>
<trkpt lat="42.0011362" lon="2.824384600000002">
<ele>70.31801400904011</ele>
<time>2026-07-14T04:34:19.685Z</time>
</trkpt>
<trkpt lat="42.0011638" lon="2.824379499999992">
<ele>70.34753558284622</ele>
<time>2026-07-14T04:34:21.684Z</time>
</trkpt>
<trkpt lat="42.001194" lon="2.8243704999999864">
<ele>70.36139490589005</ele>
<time>2026-07-14T04:34:23.684Z</time>
</trkpt>
<trkpt lat="42.0012198" lon="2.8243672000000117">
<ele>70.40201739189125</ele>
<time>2026-07-14T04:34:25.684Z</time>
</trkpt>
<trkpt lat="42.001245" lon="2.8243651999999884">
<ele>70.44981227886919</ele>
<time>2026-07-14T04:34:27.684Z</time>
</trkpt>
<trkpt lat="42.0012967" lon="2.824355499999996">
<ele>70.52021473076516</ele>
<time>2026-07-14T04:34:31.500Z</time>
</trkpt>
<trkpt lat="42.0013238" lon="2.8243533000000127">
<ele>70.57476107463522</ele>
<time>2026-07-14T04:34:33.524Z</time>
</trkpt>
<trkpt lat="42.0013544" lon="2.8243546999999865">
<ele>70.6565089826273</ele>
<time>2026-07-14T04:34:35.563Z</time>
</trkpt>
<trkpt lat="42.0013791" lon="2.8243554000000017">
<ele>70.72001155997357</ele>
<time>2026-07-14T04:34:37.538Z</time>
</trkpt>
<trkpt lat="42.0014067" lon="2.824353000000002">
<ele>70.7301498034781</ele>
<time>2026-07-14T04:34:39.545Z</time>
</trkpt>
<trkpt lat="42.0014392" lon="2.82435670000001">
<ele>70.73421569881452</ele>
<time>2026-07-14T04:34:41.585Z</time>
</trkpt>
<trkpt lat="42.0014648" lon="2.824360899999988">
<ele>70.74543671362765</ele>
<time>2026-07-14T04:34:43.585Z</time>
</trkpt>
<trkpt lat="42.0014938" lon="2.824364800000012">
<ele>70.755436504943</ele>
<time>2026-07-14T04:34:45.625Z</time>
</trkpt>
<trkpt lat="42.0015216" lon="2.824368200000009">
<ele>70.76471368721396</ele>
<time>2026-07-14T04:34:47.625Z</time>
</trkpt>
<trkpt lat="42.0015499" lon="2.824372000000011">
<ele>70.77762431038015</ele>
<time>2026-07-14T04:34:49.560Z</time>
</trkpt>
<trkpt lat="42.0015782" lon="2.824374699999993">
<ele>70.78545822674684</ele>
<time>2026-07-14T04:34:51.424Z</time>
</trkpt>
<trkpt lat="42.0016122" lon="2.8243783000000064">
<ele>70.7986669748392</ele>
<time>2026-07-14T04:34:53.519Z</time>
</trkpt>
<trkpt lat="42.0016433" lon="2.824380600000012">
<ele>70.80582955455269</ele>
<time>2026-07-14T04:34:55.622Z</time>
</trkpt>
<trkpt lat="42.0016666" lon="2.8243830000000116">
<ele>70.81648835187926</ele>
<time>2026-07-14T04:34:57.457Z</time>
</trkpt>
<trkpt lat="42.0017026" lon="2.82438479999999">
<ele>70.8255845678778</ele>
<time>2026-07-14T04:34:59.604Z</time>
</trkpt>
<trkpt lat="42.0017314" lon="2.8243908000000033">
<ele>70.867860295402</ele>
<time>2026-07-14T04:35:01.602Z</time>
</trkpt>
<trkpt lat="42.0017537" lon="2.8243941000000063">
<ele>70.89270398607106</ele>
<time>2026-07-14T04:35:03.501Z</time>
</trkpt>
<trkpt lat="42.0017882" lon="2.824396400000012">
<ele>70.91165100367873</ele>
<time>2026-07-14T04:35:05.684Z</time>
</trkpt>
<trkpt lat="42.0018134" lon="2.8244055000000117">
<ele>70.9876608607189</ele>
<time>2026-07-14T04:35:07.624Z</time>
</trkpt>
<trkpt lat="42.0018335" lon="2.824411199999986">
<ele>71.03844132236385</ele>
<time>2026-07-14T04:35:09.499Z</time>
</trkpt>
<trkpt lat="42.0018678" lon="2.8244213000000116">
<ele>71.1337096104118</ele>
<time>2026-07-14T04:35:11.684Z</time>
</trkpt>
<trkpt lat="42.0018928" lon="2.824424499999992">
<ele>71.16991523680977</ele>
<time>2026-07-14T04:35:13.683Z</time>
</trkpt>
<trkpt lat="42.0019198" lon="2.824431599999997">
<ele>71.24477189553812</ele>
<time>2026-07-14T04:35:15.682Z</time>
</trkpt>
<trkpt lat="42.0019489" lon="2.824433699999986">
<ele>71.27196127452517</ele>
<time>2026-07-14T04:35:17.680Z</time>
</trkpt>
<trkpt lat="42.0019791" lon="2.8244324000000063">
<ele>71.19547455850616</ele>
<time>2026-07-14T04:35:19.702Z</time>
</trkpt>
<trkpt lat="42.0020035" lon="2.824428299999994">
<ele>71.10721229940816</ele>
<time>2026-07-14T04:35:21.537Z</time>
</trkpt>
<trkpt lat="42.00204" lon="2.8244253000000015">
<ele>71.00623231585158</ele>
<time>2026-07-14T04:35:23.684Z</time>
</trkpt>
<trkpt lat="42.0020991" lon="2.8243922999999995">
<ele>70.6303853727078</ele>
<time>2026-07-14T04:35:27.625Z</time>
</trkpt>
<trkpt lat="42.0021355" lon="2.8243924999999876">
<ele>70.5723726881498</ele>
<time>2026-07-14T04:35:29.625Z</time>
</trkpt>
<trkpt lat="42.002168" lon="2.82440170000001">
<ele>70.5827559741027</ele>
<time>2026-07-14T04:35:31.684Z</time>
</trkpt>
<trkpt lat="42.002201" lon="2.824403999999987">
<ele>70.54004087026074</ele>
<time>2026-07-14T04:35:33.630Z</time>
</trkpt>
<trkpt lat="42.0022314" lon="2.8244048999999904">
<ele>70.49476280624981</ele>
<time>2026-07-14T04:35:35.647Z</time>
</trkpt>
<trkpt lat="42.0022615" lon="2.8244079000000113">
<ele>70.47635278740177</ele>
<time>2026-07-14T04:35:37.699Z</time>
</trkpt>
<trkpt lat="42.0022788" lon="2.8244076999999947">
<ele>70.45362352000691</ele>
<time>2026-07-14T04:35:38.723Z</time>
</trkpt>
<trkpt lat="42.0023414" lon="2.8243969000000106">
<ele>70.29763340785257</ele>
<time>2026-07-14T04:35:42.625Z</time>
</trkpt>
<trkpt lat="42.0023993" lon="2.8243937999999957">
<ele>70.19611272312576</ele>
<time>2026-07-14T04:35:44.626Z</time>
</trkpt>
<trkpt lat="42.0024424" lon="2.8243905999999868">
<ele>70.11112488496173</ele>
<time>2026-07-14T04:35:46.504Z</time>
</trkpt>
<trkpt lat="42.0024815" lon="2.8243907000000092">
<ele>70.05749825260261</ele>
<time>2026-07-14T04:35:48.632Z</time>
</trkpt>
<trkpt lat="42.002517" lon="2.824391800000001">
<ele>70.06128316857475</ele>
<time>2026-07-14T04:35:50.695Z</time>
</trkpt>
<trkpt lat="42.0025479" lon="2.8243976999999916">
<ele>70.17010996282976</ele>
<time>2026-07-14T04:35:52.625Z</time>
</trkpt>
<trkpt lat="42.002578" lon="2.824403899999993">
<ele>70.28104906475541</ele>
<time>2026-07-14T04:35:54.625Z</time>
</trkpt>
<trkpt lat="42.0026053" lon="2.82440729999999">
<ele>70.36248773760391</ele>
<time>2026-07-14T04:35:56.647Z</time>
</trkpt>
<trkpt lat="42.0026332" lon="2.8244096999999897">
<ele>70.4364590576585</ele>
<time>2026-07-14T04:35:58.662Z</time>
</trkpt>
<trkpt lat="42.0026655" lon="2.824415600000009">
<ele>70.55107487327106</ele>
<time>2026-07-14T04:36:00.625Z</time>
</trkpt>
<trkpt lat="42.0026954" lon="2.824417199999999">
<ele>70.62241759382395</ele>
<time>2026-07-14T04:36:02.693Z</time>
</trkpt>
<trkpt lat="42.0027243" lon="2.824421699999988">
<ele>70.71906297208572</ele>
<time>2026-07-14T04:36:04.708Z</time>
</trkpt>
<trkpt lat="42.0027549" lon="2.824435099999988">
<ele>70.90306231172214</ele>
<time>2026-07-14T04:36:06.625Z</time>
</trkpt>
<trkpt lat="42.0027861" lon="2.824444999999997">
<ele>71.04283349382942</ele>
<time>2026-07-14T04:36:08.628Z</time>
</trkpt>
<trkpt lat="42.0028142" lon="2.8244465999999875">
<ele>71.0208513767325</ele>
<time>2026-07-14T04:36:10.644Z</time>
</trkpt>
<trkpt lat="42.0028393" lon="2.824429699999996">
<ele>70.85788074309473</ele>
<time>2026-07-14T04:36:12.625Z</time>
</trkpt>
<trkpt lat="42.0028621" lon="2.8244075000000066">
<ele>70.68417189477866</ele>
<time>2026-07-14T04:36:14.628Z</time>
</trkpt>
<trkpt lat="42.0028812" lon="2.824381299999999">
<ele>70.51343275057641</ele>
<time>2026-07-14T04:36:16.644Z</time>
</trkpt>
<trkpt lat="42.0029017" lon="2.824352900000008">
<ele>70.3623121361982</ele>
<time>2026-07-14T04:36:18.661Z</time>
</trkpt>
<trkpt lat="42.0029219" lon="2.824327000000011">
<ele>70.25874759483919</ele>
<time>2026-07-14T04:36:20.677Z</time>
</trkpt>
<trkpt lat="42.0029425" lon="2.8242998999999998">
<ele>70.182661675409</ele>
<time>2026-07-14T04:36:22.693Z</time>
</trkpt>
<trkpt lat="42.0029582" lon="2.8242850999999973">
<ele>70.17134360910909</ele>
<time>2026-07-14T04:36:24.710Z</time>
</trkpt>
<trkpt lat="42.0029669" lon="2.8242772000000116">
<ele>70.17229059687502</ele>
<time>2026-07-14T04:36:26.629Z</time>
</trkpt>
<trkpt lat="42.0029579" lon="2.824268399999994">
<ele>70.10181232741417</ele>
<time>2026-07-14T04:36:28.646Z</time>
</trkpt>
<trkpt lat="42.0029607" lon="2.8242453999999952">
<ele>70.02093425007943</ele>
<time>2026-07-14T04:36:30.662Z</time>
</trkpt>
<trkpt lat="42.0029717" lon="2.82421930000001">
<ele>69.97751861290692</ele>
<time>2026-07-14T04:36:32.678Z</time>
</trkpt>
<trkpt lat="42.0029774" lon="2.8241894999999886">
<ele>69.96022074091672</ele>
<time>2026-07-14T04:36:34.694Z</time>
</trkpt>
<trkpt lat="42.0029811" lon="2.8241568999999913">
<ele>70.03705014117583</ele>
<time>2026-07-14T04:36:36.711Z</time>
</trkpt>
<trkpt lat="42.002992" lon="2.8241238999999894">
<ele>70.16235972245106</ele>
<time>2026-07-14T04:36:38.719Z</time>
</trkpt>
<trkpt lat="42.0029983" lon="2.8240889999999865">
<ele>70.26359969294079</ele>
<time>2026-07-14T04:36:40.703Z</time>
</trkpt>
<trkpt lat="42.002999" lon="2.8240543999999943">
<ele>70.32817863179301</ele>
<time>2026-07-14T04:36:42.647Z</time>
</trkpt>
<trkpt lat="42.002986" lon="2.8240140000000054">
<ele>70.30742917759864</ele>
<time>2026-07-14T04:36:44.679Z</time>
</trkpt>
<trkpt lat="42.0029718" lon="2.823980299999988">
<ele>70.26264668772549</ele>
<time>2026-07-14T04:36:46.679Z</time>
</trkpt>
<trkpt lat="42.0029539" lon="2.82394579999999">
<ele>70.18793302688289</ele>
<time>2026-07-14T04:36:48.694Z</time>
</trkpt>
<trkpt lat="42.0029317" lon="2.8239076000000125">
<ele>70.03757748694453</ele>
<time>2026-07-14T04:36:50.710Z</time>
</trkpt>
<trkpt lat="42.0029097" lon="2.8238907999999867">
<ele>69.8709771429344</ele>
<time>2026-07-14T04:36:52.655Z</time>
</trkpt>
<trkpt lat="42.0028919" lon="2.8238642999999968">
<ele>69.74990425713729</ele>
<time>2026-07-14T04:36:54.655Z</time>
</trkpt>
<trkpt lat="42.0028797" lon="2.823834099999999">
<ele>69.68573892611673</ele>
<time>2026-07-14T04:36:56.655Z</time>
</trkpt>
<trkpt lat="42.0028675" lon="2.8238004000000103">
<ele>69.64701875949997</ele>
<time>2026-07-14T04:36:58.655Z</time>
</trkpt>
<trkpt lat="42.0028599" lon="2.8237681999999893">
<ele>69.64460581919269</ele>
<time>2026-07-14T04:37:00.646Z</time>
</trkpt>
<trkpt lat="42.0028526" lon="2.8237360999999908">
<ele>69.65825364227702</ele>
<time>2026-07-14T04:37:02.655Z</time>
</trkpt>
<trkpt lat="42.0028435" lon="2.823707100000007">
<ele>69.68236138139942</ele>
<time>2026-07-14T04:37:04.661Z</time>
</trkpt>
<trkpt lat="42.002826" lon="2.823674899999986">
<ele>69.73318898774885</ele>
<time>2026-07-14T04:37:06.701Z</time>
</trkpt>
<trkpt lat="42.0028072" lon="2.8236458000000084">
<ele>69.81477591836988</ele>
<time>2026-07-14T04:37:08.621Z</time>
</trkpt>
<trkpt lat="42.0027938" lon="2.8236156000000108">
<ele>69.81566779219101</ele>
<time>2026-07-14T04:37:10.655Z</time>
</trkpt>
<trkpt lat="42.0027776" lon="2.823585400000013">
<ele>69.81172784527058</ele>
<time>2026-07-14T04:37:12.602Z</time>
</trkpt>
<trkpt lat="42.0027582" lon="2.8235526999999934">
<ele>69.77727266624119</ele>
<time>2026-07-14T04:37:14.602Z</time>
</trkpt>
<trkpt lat="42.0027399" lon="2.8235211999999876">
<ele>69.70253574126434</ele>
<time>2026-07-14T04:37:16.655Z</time>
</trkpt>
<trkpt lat="42.0027246" lon="2.8234927000000027">
<ele>69.60284303025301</ele>
<time>2026-07-14T04:37:18.655Z</time>
</trkpt>
<trkpt lat="42.0027093" lon="2.823461199999997">
<ele>69.46237399166077</ele>
<time>2026-07-14T04:37:20.655Z</time>
</trkpt>
<trkpt lat="42.0026939" lon="2.8234276000000023">
<ele>69.27942494068849</ele>
<time>2026-07-14T04:37:22.656Z</time>
</trkpt>
<trkpt lat="42.0026782" lon="2.8233932999999922">
<ele>69.05542184345636</ele>
<time>2026-07-14T04:37:24.581Z</time>
</trkpt>
<trkpt lat="42.002662" lon="2.8233562000000063">
<ele>68.82598510044633</ele>
<time>2026-07-14T04:37:26.724Z</time>
</trkpt>
<trkpt lat="42.0026482" lon="2.8233232999999984">
<ele>68.7393467129142</ele>
<time>2026-07-14T04:37:28.675Z</time>
</trkpt>
<trkpt lat="42.0026333" lon="2.8232903999999905">
<ele>68.6454164306276</ele>
<time>2026-07-14T04:37:30.579Z</time>
</trkpt>
<trkpt lat="42.0026147" lon="2.823252800000006">
<ele>68.52765233117161</ele>
<time>2026-07-14T04:37:32.655Z</time>
</trkpt>
<trkpt lat="42.0025975" lon="2.8232130000000097">
<ele>68.41933180033688</ele>
<time>2026-07-14T04:37:34.655Z</time>
</trkpt>
<trkpt lat="42.0025779" lon="2.823178200000001">
<ele>68.29448711936942</ele>
<time>2026-07-14T04:37:36.744Z</time>
</trkpt>
<trkpt lat="42.0025618" lon="2.823145199999999">
<ele>68.19244070188104</ele>
<time>2026-07-14T04:37:38.703Z</time>
</trkpt>
<trkpt lat="42.0025301" lon="2.8230705">
<ele>67.76555345306383</ele>
<time>2026-07-14T04:37:42.663Z</time>
</trkpt>
<trkpt lat="42.002513" lon="2.8230365999999947">
<ele>67.21364216252628</ele>
<time>2026-07-14T04:37:44.486Z</time>
</trkpt>
<trkpt lat="42.0024943" lon="2.822999299999992">
<ele>66.60021103590606</ele>
<time>2026-07-14T04:37:46.581Z</time>
</trkpt>
<trkpt lat="42.0024771" lon="2.8229631000000097">
<ele>66.00999528239083</ele>
<time>2026-07-14T04:37:48.621Z</time>
</trkpt>
<trkpt lat="42.0024587" lon="2.822929799999997">
<ele>65.46291771359256</ele>
<time>2026-07-14T04:37:50.621Z</time>
</trkpt>
<trkpt lat="42.0024415" lon="2.822896700000001">
<ele>64.94124812629263</ele>
<time>2026-07-14T04:37:52.645Z</time>
</trkpt>
<trkpt lat="42.0024256" lon="2.8228598999999974">
<ele>64.39726766772581</ele>
<time>2026-07-14T04:37:54.644Z</time>
</trkpt>
<trkpt lat="42.0024102" lon="2.8228209000000106">
<ele>63.844646590079975</ele>
<time>2026-07-14T04:37:56.683Z</time>
</trkpt>
<trkpt lat="42.0023949" lon="2.8227847999999938">
<ele>63.56622754405468</ele>
<time>2026-07-14T04:37:58.699Z</time>
</trkpt>
<trkpt lat="42.0023811" lon="2.8227496000000087">
<ele>63.43671652416538</ele>
<time>2026-07-14T04:38:00.714Z</time>
</trkpt>
<trkpt lat="42.0023547" lon="2.8226809999999887">
<ele>63.29241630232061</ele>
<time>2026-07-14T04:38:04.655Z</time>
</trkpt>
<trkpt lat="42.0023403" lon="2.822647499999988">
<ele>63.27410527120141</ele>
<time>2026-07-14T04:38:06.655Z</time>
</trkpt>
<trkpt lat="42.0023111" lon="2.8226040000000125">
<ele>63.33259764447754</ele>
<time>2026-07-14T04:38:10.487Z</time>
</trkpt>
<trkpt lat="42.0022933" lon="2.822556800000001">
<ele>63.44658880270337</ele>
<time>2026-07-14T04:38:12.462Z</time>
</trkpt>
<trkpt lat="42.0022773" lon="2.8225193000000104">
<ele>63.507568270457135</ele>
<time>2026-07-14T04:38:14.526Z</time>
</trkpt>
<trkpt lat="42.0022632" lon="2.822485999999998">
<ele>63.404918892044336</ele>
<time>2026-07-14T04:38:16.564Z</time>
</trkpt>
<trkpt lat="42.0022493" lon="2.822456499999987">
<ele>63.31238587889968</ele>
<time>2026-07-14T04:38:18.379Z</time>
</trkpt>
<trkpt lat="42.0022318" lon="2.8224205999999867">
<ele>63.1908881207447</ele>
<time>2026-07-14T04:38:20.601Z</time>
</trkpt>
<trkpt lat="42.0022172" lon="2.822388799999999">
<ele>63.018647009680365</ele>
<time>2026-07-14T04:38:22.639Z</time>
</trkpt>
<trkpt lat="42.0022026" lon="2.8223556000000087">
<ele>62.80195701074385</ele>
<time>2026-07-14T04:38:24.686Z</time>
</trkpt>
<trkpt lat="42.0021877" lon="2.8223218999999915">
<ele>62.589595718959714</ele>
<time>2026-07-14T04:38:26.701Z</time>
</trkpt>
<trkpt lat="42.0021762" lon="2.822289100000006">
<ele>62.3950686591426</ele>
<time>2026-07-14T04:38:28.655Z</time>
</trkpt>
<trkpt lat="42.0021633" lon="2.822256100000004">
<ele>62.20358410916731</ele>
<time>2026-07-14T04:38:30.656Z</time>
</trkpt>
<trkpt lat="42.0021467" lon="2.822225599999996">
<ele>62.1684035466809</ele>
<time>2026-07-14T04:38:32.585Z</time>
</trkpt>
<trkpt lat="42.0021298" lon="2.822197700000004">
<ele>62.14867566059724</ele>
<time>2026-07-14T04:38:34.584Z</time>
</trkpt>
<trkpt lat="42.0021122" lon="2.8221672999999896">
<ele>62.128607648530824</ele>
<time>2026-07-14T04:38:36.703Z</time>
</trkpt>
<trkpt lat="42.0020966" lon="2.8221353000000136">
<ele>62.111504501698626</ele>
<time>2026-07-14T04:38:38.656Z</time>
</trkpt>
<trkpt lat="42.0020826" lon="2.822100500000005">
<ele>62.096923026775706</ele>
<time>2026-07-14T04:38:40.734Z</time>
</trkpt>
<trkpt lat="42.0020671" lon="2.8220699999999965">
<ele>62.080612830336385</ele>
<time>2026-07-14T04:38:42.655Z</time>
</trkpt>
<trkpt lat="42.0020507" lon="2.8220382000000086">
<ele>62.06372472031201</ele>
<time>2026-07-14T04:38:44.655Z</time>
</trkpt>
<trkpt lat="42.0020352" lon="2.8220051000000126">
<ele>62.04841644437272</ele>
<time>2026-07-14T04:38:46.670Z</time>
</trkpt>
<trkpt lat="42.0020188" lon="2.821973000000014">
<ele>62.048950497666915</ele>
<time>2026-07-14T04:38:48.725Z</time>
</trkpt>
<trkpt lat="42.0020073" lon="2.821936899999997">
<ele>62.363125902715716</ele>
<time>2026-07-14T04:38:50.702Z</time>
</trkpt>
<trkpt lat="42.0019943" lon="2.821900900000003">
<ele>62.7168105479903</ele>
<time>2026-07-14T04:38:52.720Z</time>
</trkpt>
<trkpt lat="42.0019833" lon="2.8218669000000034">
<ele>63.08465342714969</ele>
<time>2026-07-14T04:38:54.655Z</time>
</trkpt>
<trkpt lat="42.0019777" lon="2.821865300000013">
<ele>63.12190787968256</ele>
<time>2026-07-14T04:38:56.736Z</time>
</trkpt>
<trkpt lat="42.0019611" lon="2.821808599999997">
<ele>63.81447014747205</ele>
<time>2026-07-14T04:38:58.655Z</time>
</trkpt>
<trkpt lat="42.0019429" lon="2.8217731000000015">
<ele>64.2944579528738</ele>
<time>2026-07-14T04:39:00.656Z</time>
</trkpt>
<trkpt lat="42.0019278" lon="2.821739100000002">
<ele>64.5786187791454</ele>
<time>2026-07-14T04:39:02.672Z</time>
</trkpt>
<trkpt lat="42.0019163" lon="2.8217035000000124">
<ele>64.86797424918734</ele>
<time>2026-07-14T04:39:04.689Z</time>
</trkpt>
<trkpt lat="42.0019017" lon="2.821669700000001">
<ele>64.72525224923876</ele>
<time>2026-07-14T04:39:06.706Z</time>
</trkpt>
<trkpt lat="42.0018889" lon="2.821637900000013">
<ele>64.53215084671899</ele>
<time>2026-07-14T04:39:08.655Z</time>
</trkpt>
<trkpt lat="42.0018752" lon="2.821604900000011">
<ele>64.34915649172049</ele>
<time>2026-07-14T04:39:10.655Z</time>
</trkpt>
<trkpt lat="42.0018555" lon="2.8215431000000137">
<ele>64.09554209162992</ele>
<time>2026-07-14T04:39:14.404Z</time>
</trkpt>
<trkpt lat="42.0018413" lon="2.821510499999988">
<ele>63.96733634248526</ele>
<time>2026-07-14T04:39:16.379Z</time>
</trkpt>
<trkpt lat="42.0018239" lon="2.821480500000007">
<ele>63.85175026990495</ele>
<time>2026-07-14T04:39:18.362Z</time>
</trkpt>
<trkpt lat="42.0018052" lon="2.821451499999995">
<ele>63.75732161746</ele>
<time>2026-07-14T04:39:20.361Z</time>
</trkpt>
<trkpt lat="42.0017871" lon="2.821421700000002">
<ele>63.68964207627313</ele>
<time>2026-07-14T04:39:22.361Z</time>
</trkpt>
<trkpt lat="42.0017691" lon="2.8213930999999945">
<ele>63.395546087403666</ele>
<time>2026-07-14T04:39:24.362Z</time>
</trkpt>
<trkpt lat="42.0017615" lon="2.821396099999987">
<ele>63.40706887560896</ele>
<time>2026-07-14T04:39:26.361Z</time>
</trkpt>
<trkpt lat="42.0017418" lon="2.8213369999999998">
<ele>62.790676881207666</ele>
<time>2026-07-14T04:39:28.383Z</time>
</trkpt>
<trkpt lat="42.0017227" lon="2.8213017999999863">
<ele>62.413806039326204</ele>
<time>2026-07-14T04:39:30.407Z</time>
</trkpt>
<trkpt lat="42.0017065" lon="2.821268500000002">
<ele>62.065794470561585</ele>
<time>2026-07-14T04:39:32.421Z</time>
</trkpt>
<trkpt lat="42.0016917" lon="2.8212350000000015">
<ele>61.72271046691459</ele>
<time>2026-07-14T04:39:34.421Z</time>
</trkpt>
<trkpt lat="42.0016774" lon="2.8212000999999987">
<ele>61.371370774476986</ele>
<time>2026-07-14T04:39:36.444Z</time>
</trkpt>
<trkpt lat="42.0016662" lon="2.8211656000000005">
<ele>61.036937301952086</ele>
<time>2026-07-14T04:39:38.459Z</time>
</trkpt>
<trkpt lat="42.0016539" lon="2.8211278999999934">
<ele>60.78187338803621</ele>
<time>2026-07-14T04:39:40.499Z</time>
</trkpt>
<trkpt lat="42.0016405" lon="2.821091999999993">
<ele>60.706082959744954</ele>
<time>2026-07-14T04:39:42.524Z</time>
</trkpt>
<trkpt lat="42.0016278" lon="2.82105820000001">
<ele>60.63680890578493</ele>
<time>2026-07-14T04:39:44.539Z</time>
</trkpt>
<trkpt lat="42.0016147" lon="2.821028399999989">
<ele>60.57926977269664</ele>
<time>2026-07-14T04:39:46.348Z</time>
</trkpt>
<trkpt lat="42.0015877" lon="2.8209727999999927">
<ele>60.47956953017985</ele>
<time>2026-07-14T04:39:50.020Z</time>
</trkpt>
<trkpt lat="42.0015723" lon="2.820937299999997">
<ele>60.4172602772425</ele>
<time>2026-07-14T04:39:52.243Z</time>
</trkpt>
<trkpt lat="42.0015545" lon="2.8208999999999946">
<ele>60.35657876697351</ele>
<time>2026-07-14T04:39:54.281Z</time>
</trkpt>
<trkpt lat="42.0015397" lon="2.8208793000000014">
<ele>60.33083081923524</ele>
<time>2026-07-14T04:39:56.105Z</time>
</trkpt>
<trkpt lat="42.0015306" lon="2.8208620999999994">
<ele>60.30647695389457</ele>
<time>2026-07-14T04:39:58.304Z</time>
</trkpt>
<trkpt lat="42.001511" lon="2.8208199000000036">
<ele>60.326077137881164</ele>
<time>2026-07-14T04:40:00.319Z</time>
</trkpt>
<trkpt lat="42.0014924" lon="2.8207856999999876">
<ele>60.34783292963628</ele>
<time>2026-07-14T04:40:02.360Z</time>
</trkpt>
<trkpt lat="42.0014784" lon="2.8207542000000103">
<ele>60.36470588012907</ele>
<time>2026-07-14T04:40:04.360Z</time>
</trkpt>
<trkpt lat="42.0014682" lon="2.820724399999989">
<ele>60.37703668373465</ele>
<time>2026-07-14T04:40:06.206Z</time>
</trkpt>
<trkpt lat="42.0014562" lon="2.8207017000000008">
<ele>60.39390060660614</ele>
<time>2026-07-14T04:40:08.421Z</time>
</trkpt>
<trkpt lat="42.0014304" lon="2.82062719999999">
<ele>60.4313881140219</ele>
<time>2026-07-14T04:40:12.381Z</time>
</trkpt>
<trkpt lat="42.0014121" lon="2.820588700000002">
<ele>60.46189428518204</ele>
<time>2026-07-14T04:40:14.404Z</time>
</trkpt>
<trkpt lat="42.0013958" lon="2.8205633000000034">
<ele>60.48552689610123</ele>
<time>2026-07-14T04:40:16.419Z</time>
</trkpt>
<trkpt lat="42.0013818" lon="2.820534600000002">
<ele>60.48885355611388</ele>
<time>2026-07-14T04:40:18.242Z</time>
</trkpt>
<trkpt lat="42.0013652" lon="2.820499500000011">
<ele>60.482131363977004</ele>
<time>2026-07-14T04:40:20.465Z</time>
</trkpt>
<trkpt lat="42.0013526" lon="2.8204752999999982">
<ele>60.47816909303396</ele>
<time>2026-07-14T04:40:22.281Z</time>
</trkpt>
<trkpt lat="42.0013486" lon="2.8204589000000055">
<ele>60.47529852389374</ele>
<time>2026-07-14T04:40:24.519Z</time>
</trkpt>
<trkpt lat="42.0013342" lon="2.8204133000000127">
<ele>60.46836148363649</ele>
<time>2026-07-14T04:40:26.582Z</time>
</trkpt>
<trkpt lat="42.0013166" lon="2.8203691999999876">
<ele>60.463356898129284</ele>
<time>2026-07-14T04:40:28.655Z</time>
</trkpt>
<trkpt lat="42.0013002" lon="2.8203248000000087">
<ele>60.459343027163996</ele>
<time>2026-07-14T04:40:30.581Z</time>
</trkpt>
<trkpt lat="42.0012828" lon="2.8203014000000053">
<ele>60.4486451994752</ele>
<time>2026-07-14T04:40:32.604Z</time>
</trkpt>
<trkpt lat="42.0012639" lon="2.820278000000002">
<ele>60.402187272136445</ele>
<time>2026-07-14T04:40:34.443Z</time>
</trkpt>
<trkpt lat="42.0012456" lon="2.8202421999999956">
<ele>60.34702454386701</ele>
<time>2026-07-14T04:40:36.682Z</time>
</trkpt>
<trkpt lat="42.0012284" lon="2.820211499999999">
<ele>60.3211394152055</ele>
<time>2026-07-14T04:40:38.666Z</time>
</trkpt>
<trkpt lat="42.0012108" lon="2.8201811000000134">
<ele>60.31538688547661</ele>
<time>2026-07-14T04:40:40.705Z</time>
</trkpt>
<trkpt lat="42.0011935" lon="2.8201502999999946">
<ele>60.32735181956688</ele>
<time>2026-07-14T04:40:42.704Z</time>
</trkpt>
<trkpt lat="42.0011776" lon="2.8201197999999863">
<ele>60.353496899887205</ele>
<time>2026-07-14T04:40:44.680Z</time>
</trkpt>
<trkpt lat="42.0011654" lon="2.8200846999999953">
<ele>60.379519824527044</ele>
<time>2026-07-14T04:40:46.720Z</time>
</trkpt>
<trkpt lat="42.0011515" lon="2.820050100000003">
<ele>60.42901670589368</ele>
<time>2026-07-14T04:40:48.744Z</time>
</trkpt>
<trkpt lat="42.0011368" lon="2.8200237000000072">
<ele>60.49627539019591</ele>
<time>2026-07-14T04:40:50.545Z</time>
</trkpt>
<trkpt lat="42.0011162" lon="2.8199955999999986">
<ele>60.591294882438575</ele>
<time>2026-07-14T04:40:52.744Z</time>
</trkpt>
<trkpt lat="42.0010971" lon="2.8199736999999914">
<ele>60.62523612895617</ele>
<time>2026-07-14T04:40:54.744Z</time>
</trkpt>
<trkpt lat="42.001084" lon="2.8199453999999946">
<ele>60.64460346072646</ele>
<time>2026-07-14T04:40:56.655Z</time>
</trkpt>
<trkpt lat="42.0010696" lon="2.819909700000011">
<ele>60.67947881699303</ele>
<time>2026-07-14T04:40:58.655Z</time>
</trkpt>
<trkpt lat="42.0010599" lon="2.8198739999999987">
<ele>60.7157838663739</ele>
<time>2026-07-14T04:41:00.623Z</time>
</trkpt>
<trkpt lat="42.001043" lon="2.8198409999999967">
<ele>60.78522684459175</ele>
<time>2026-07-14T04:41:02.672Z</time>
</trkpt>
<trkpt lat="42.001023" lon="2.819805300000013">
<ele>60.88546953841581</ele>
<time>2026-07-14T04:41:04.687Z</time>
</trkpt>
<trkpt lat="42.0010186" lon="2.8197707999999864">
<ele>60.936336188435796</ele>
<time>2026-07-14T04:41:06.686Z</time>
</trkpt>
<trkpt lat="42.0010043" lon="2.819736000000006">
<ele>61.132736944793365</ele>
<time>2026-07-14T04:41:08.685Z</time>
</trkpt>
<trkpt lat="42.000992" lon="2.8196986000000095">
<ele>61.507034658786765</ele>
<time>2026-07-14T04:41:10.700Z</time>
</trkpt>
<trkpt lat="42.0009803" lon="2.819661400000001">
<ele>61.904035050716146</ele>
<time>2026-07-14T04:41:12.725Z</time>
</trkpt>
<trkpt lat="42.0009698" lon="2.8196277000000123">
<ele>62.28647438638595</ele>
<time>2026-07-14T04:41:14.655Z</time>
</trkpt>
<trkpt lat="42.0009565" lon="2.819590599999998">
<ele>62.7501753812711</ele>
<time>2026-07-14T04:41:16.669Z</time>
</trkpt>
<trkpt lat="42.0009429" lon="2.8195561">
<ele>63.22255932193861</ele>
<time>2026-07-14T04:41:18.655Z</time>
</trkpt>
<trkpt lat="42.0009289" lon="2.819521000000009">
<ele>63.73540164886411</ele>
<time>2026-07-14T04:41:20.655Z</time>
</trkpt>
<trkpt lat="42.0009171" lon="2.819488299999989">
<ele>64.22490837783607</ele>
<time>2026-07-14T04:41:22.655Z</time>
</trkpt>
<trkpt lat="42.000905" lon="2.8194593999999995">
<ele>64.54226000717638</ele>
<time>2026-07-14T04:41:24.656Z</time>
</trkpt>
<trkpt lat="42.0008919" lon="2.819422199999991">
<ele>64.64026242986837</ele>
<time>2026-07-14T04:41:26.656Z</time>
</trkpt>
<trkpt lat="42.000863" lon="2.8193488">
<ele>64.86778070742136</ele>
<time>2026-07-14T04:41:30.485Z</time>
</trkpt>
<trkpt lat="42.0008518" lon="2.8193206999999916">
<ele>64.95424842237699</ele>
<time>2026-07-14T04:41:32.540Z</time>
</trkpt>
<trkpt lat="42.0008394" lon="2.819283799999994">
<ele>65.03557478368928</ele>
<time>2026-07-14T04:41:34.563Z</time>
</trkpt>
<trkpt lat="42.0008259" lon="2.8192492999999956">
<ele>64.91387156892003</ele>
<time>2026-07-14T04:41:36.562Z</time>
</trkpt>
<trkpt lat="42.0008109" lon="2.8192181999999946">
<ele>64.66174667125607</ele>
<time>2026-07-14T04:41:38.522Z</time>
</trkpt>
<trkpt lat="42.0007946" lon="2.819184299999989">
<ele>64.37732813550598</ele>
<time>2026-07-14T04:41:40.520Z</time>
</trkpt>
<trkpt lat="42.0007776" lon="2.819153199999988">
<ele>64.06515719746164</ele>
<time>2026-07-14T04:41:42.655Z</time>
</trkpt>
<trkpt lat="42.000762" lon="2.8191268999999863">
<ele>63.81690408230686</ele>
<time>2026-07-14T04:41:44.566Z</time>
</trkpt>
<trkpt lat="42.0007448" lon="2.819104500000009">
<ele>63.591571242252044</ele>
<time>2026-07-14T04:41:46.565Z</time>
</trkpt>
<trkpt lat="42.0007282" lon="2.8190759999999955">
<ele>63.385589892005804</ele>
<time>2026-07-14T04:41:48.604Z</time>
</trkpt>
<trkpt lat="42.0007112" lon="2.81905119999999">
<ele>63.21358980147878</ele>
<time>2026-07-14T04:41:50.579Z</time>
</trkpt>
<trkpt lat="42.0006926" lon="2.8190223999999944">
<ele>63.05679649338717</ele>
<time>2026-07-14T04:41:52.586Z</time>
</trkpt>
<trkpt lat="42.0006772" lon="2.818996300000009">
<ele>62.95389024482215</ele>
<time>2026-07-14T04:41:54.585Z</time>
</trkpt>
<trkpt lat="42.0006639" lon="2.8189635999999894">
<ele>62.88944807837325</ele>
<time>2026-07-14T04:41:56.584Z</time>
</trkpt>
<trkpt lat="42.0006528" lon="2.8189227000000017">
<ele>62.86671896485492</ele>
<time>2026-07-14T04:41:58.606Z</time>
</trkpt>
<trkpt lat="42.0006444" lon="2.818891100000002">
<ele>62.974612354441</ele>
<time>2026-07-14T04:42:00.660Z</time>
</trkpt>
<trkpt lat="42.0006436" lon="2.818852300000003">
<ele>63.17789253143298</ele>
<time>2026-07-14T04:42:02.619Z</time>
</trkpt>
<trkpt lat="42.000635" lon="2.818811100000005">
<ele>63.4077805287804</ele>
<time>2026-07-14T04:42:04.642Z</time>
</trkpt>
<trkpt lat="42.0006235" lon="2.8187823000000094">
<ele>63.599828486115314</ele>
<time>2026-07-14T04:42:06.657Z</time>
</trkpt>
<trkpt lat="42.0006111" lon="2.8187441999999976">
<ele>63.88325892413155</ele>
<time>2026-07-14T04:42:08.720Z</time>
</trkpt>
<trkpt lat="42.0006014" lon="2.818709399999989">
<ele>64.16640924579733</ele>
<time>2026-07-14T04:42:10.672Z</time>
</trkpt>
<trkpt lat="42.0005884" lon="2.818675799999994">
<ele>64.49077233498363</ele>
<time>2026-07-14T04:42:12.663Z</time>
</trkpt>
<trkpt lat="42.0005732" lon="2.818643900000012">
<ele>64.85477713274672</ele>
<time>2026-07-14T04:42:14.679Z</time>
</trkpt>
<trkpt lat="42.0005571" lon="2.818611400000009">
<ele>64.97752696828154</ele>
<time>2026-07-14T04:42:16.655Z</time>
</trkpt>
<trkpt lat="42.000526" lon="2.818548800000002">
<ele>64.57344222503168</ele>
<time>2026-07-14T04:42:20.506Z</time>
</trkpt>
<trkpt lat="42.0005112" lon="2.8185153999999955">
<ele>64.39192069893876</ele>
<time>2026-07-14T04:42:22.546Z</time>
</trkpt>
<trkpt lat="42.0004996" lon="2.8184862999999893">
<ele>64.25670221500428</ele>
<time>2026-07-14T04:42:24.361Z</time>
</trkpt>
<trkpt lat="42.0004816" lon="2.8184553000000108">
<ele>64.09059907063175</ele>
<time>2026-07-14T04:42:26.512Z</time>
</trkpt>
<trkpt lat="42.0004716" lon="2.818411200000014">
<ele>63.9731390321782</ele>
<time>2026-07-14T04:42:28.599Z</time>
</trkpt>
<trkpt lat="42.0004631" lon="2.818380600000012">
<ele>63.89308525188388</ele>
<time>2026-07-14T04:42:30.606Z</time>
</trkpt>
<trkpt lat="42.0004479" lon="2.8183388999999863">
<ele>63.823292599292664</ele>
<time>2026-07-14T04:42:32.646Z</time>
</trkpt>
<trkpt lat="42.0004479" lon="2.8183085999999946">
<ele>63.858293682194095</ele>
<time>2026-07-14T04:42:34.661Z</time>
</trkpt>
<trkpt lat="42.0004454" lon="2.818273199999993">
<ele>63.89627607784099</ele>
<time>2026-07-14T04:42:36.655Z</time>
</trkpt>
<trkpt lat="42.0004395" lon="2.818236799999994">
<ele>63.94346392976385</ele>
<time>2026-07-14T04:42:38.683Z</time>
</trkpt>
<trkpt lat="42.0004269" lon="2.8182012999999984">
<ele>64.01709475931271</ele>
<time>2026-07-14T04:42:40.682Z</time>
</trkpt>
<trkpt lat="42.0004068" lon="2.818165899999997">
<ele>64.14848535032976</ele>
<time>2026-07-14T04:42:42.655Z</time>
</trkpt>
<trkpt lat="42.0003886" lon="2.818128900000005">
<ele>64.33290143111158</ele>
<time>2026-07-14T04:42:44.705Z</time>
</trkpt>
<trkpt lat="42.0003675" lon="2.8180963000000077">
<ele>64.56850620953118</ele>
<time>2026-07-14T04:42:46.704Z</time>
</trkpt>
<trkpt lat="42.0003194" lon="2.818067500000012">
<ele>65.15799648884695</ele>
<time>2026-07-14T04:42:48.703Z</time>
</trkpt>
<trkpt lat="42.000271" lon="2.818028499999997">
<ele>66.12048384210998</ele>
<time>2026-07-14T04:42:52.502Z</time>
</trkpt>
<trkpt lat="42.0002629" lon="2.817992199999992">
<ele>66.75582471812261</ele>
<time>2026-07-14T04:42:54.662Z</time>
</trkpt>
<trkpt lat="42.0002626" lon="2.817955699999999">
<ele>67.39466609482386</ele>
<time>2026-07-14T04:42:56.646Z</time>
</trkpt>
<trkpt lat="42.0002675" lon="2.817933199999999">
<ele>67.78847242293043</ele>
<time>2026-07-14T04:42:58.581Z</time>
</trkpt>
<trkpt lat="42.0002816" lon="2.81791530000001">
<ele>68.06294351646622</ele>
<time>2026-07-14T04:43:00.405Z</time>
</trkpt>
<trkpt lat="42.0003019" lon="2.8178971000000104">
<ele>68.13930307854115</ele>
<time>2026-07-14T04:43:02.603Z</time>
</trkpt>
<trkpt lat="42.0003268" lon="2.8178945999999883">
<ele>67.88466308978998</ele>
<time>2026-07-14T04:43:04.585Z</time>
</trkpt>
<trkpt lat="42.0003531" lon="2.817889000000008">
<ele>67.65692136222923</ele>
<time>2026-07-14T04:43:06.584Z</time>
</trkpt>
<trkpt lat="42.0003827" lon="2.817884399999997">
<ele>67.36563484749789</ele>
<time>2026-07-14T04:43:08.559Z</time>
</trkpt>
<trkpt lat="42.0004105" lon="2.8178819000000033">
<ele>67.05999204175967</ele>
<time>2026-07-14T04:43:10.559Z</time>
</trkpt>
<trkpt lat="42.000447" lon="2.8178851000000122">
<ele>66.57142901186899</ele>
<time>2026-07-14T04:43:12.366Z</time>
</trkpt>
<trkpt lat="42.0004734" lon="2.8178973999999926">
<ele>66.10539582692941</ele>
<time>2026-07-14T04:43:14.541Z</time>
</trkpt>
<trkpt lat="42.0004991" lon="2.8178988999999888">
<ele>65.7849321308653</ele>
<time>2026-07-14T04:43:16.523Z</time>
</trkpt>
<trkpt lat="42.0005236" lon="2.8178854999999885">
<ele>65.63321942509197</ele>
<time>2026-07-14T04:43:18.505Z</time>
</trkpt>
<trkpt lat="42.0005442" lon="2.817866600000002">
<ele>65.56399181128849</ele>
<time>2026-07-14T04:43:20.343Z</time>
</trkpt>
<trkpt lat="42.0005586" lon="2.8178470999999945">
<ele>65.61700531536795</ele>
<time>2026-07-14T04:43:22.519Z</time>
</trkpt>
<trkpt lat="42.0005586" lon="2.8177894000000094">
<ele>66.31387174920694</ele>
<time>2026-07-14T04:43:24.566Z</time>
</trkpt>
<trkpt lat="42.0005816" lon="2.817747499999996">
<ele>67.46536049065568</ele>
<time>2026-07-14T04:43:26.580Z</time>
</trkpt>
<trkpt lat="42.000608" lon="2.8177153999999973">
<ele>68.39807656129233</ele>
<time>2026-07-14T04:43:28.619Z</time>
</trkpt>
<trkpt lat="42.0006287" lon="2.817686600000002">
<ele>69.16907720119737</ele>
<time>2026-07-14T04:43:30.465Z</time>
</trkpt>
<trkpt lat="42.0006506" lon="2.817654900000008">
<ele>69.9732709063775</ele>
<time>2026-07-14T04:43:32.703Z</time>
</trkpt>
<trkpt lat="42.0006679" lon="2.8176248000000044">
<ele>70.67655942200177</ele>
<time>2026-07-14T04:43:34.656Z</time>
</trkpt>
<trkpt lat="42.0006986" lon="2.8175655000000006">
<ele>71.96042488512971</ele>
<time>2026-07-14T04:43:38.666Z</time>
</trkpt>
<trkpt lat="42.0007174" lon="2.817536799999999">
<ele>72.5659511045651</ele>
<time>2026-07-14T04:43:40.682Z</time>
</trkpt>
<trkpt lat="42.0007364" lon="2.817511599999989">
<ele>72.91234514162284</ele>
<time>2026-07-14T04:43:42.655Z</time>
</trkpt>
<trkpt lat="42.0007526" lon="2.8174789999999916">
<ele>73.1039266852334</ele>
<time>2026-07-14T04:43:44.710Z</time>
</trkpt>
<trkpt lat="42.0007675" lon="2.8174512999999877">
<ele>73.2816852449106</ele>
<time>2026-07-14T04:43:46.726Z</time>
</trkpt>
<trkpt lat="42.0007789" lon="2.8174225999999862">
<ele>73.45216174680985</ele>
<time>2026-07-14T04:43:48.655Z</time>
</trkpt>
<trkpt lat="42.0007879" lon="2.817391200000003">
<ele>73.62574023966287</ele>
<time>2026-07-14T04:43:50.655Z</time>
</trkpt>
<trkpt lat="42.0008058" lon="2.817329199999989">
<ele>73.9870533910169</ele>
<time>2026-07-14T04:43:54.521Z</time>
</trkpt>
<trkpt lat="42.0008187" lon="2.817297499999995">
<ele>74.20728527812552</ele>
<time>2026-07-14T04:43:56.545Z</time>
</trkpt>
<trkpt lat="42.0008314" lon="2.8172686000000056">
<ele>74.42256346410801</ele>
<time>2026-07-14T04:43:58.560Z</time>
</trkpt>
<trkpt lat="42.0008472" lon="2.8172359000000142">
<ele>74.5693360580204</ele>
<time>2026-07-14T04:44:00.583Z</time>
</trkpt>
<trkpt lat="42.0008617" lon="2.8172083999999984">
<ele>74.61019360692677</ele>
<time>2026-07-14T04:44:02.565Z</time>
</trkpt>
<trkpt lat="42.00088" lon="2.817179500000009">
<ele>74.65259357472085</ele>
<time>2026-07-14T04:44:04.579Z</time>
</trkpt>
<trkpt lat="42.0009023" lon="2.817150599999991">
<ele>74.69407727147701</ele>
<time>2026-07-14T04:44:06.602Z</time>
</trkpt>
<trkpt lat="42.000922" lon="2.817120100000011">
<ele>74.7290257945474</ele>
<time>2026-07-14T04:44:08.626Z</time>
</trkpt>
<trkpt lat="42.0009416" lon="2.817085200000008">
<ele>74.76097490433058</ele>
<time>2026-07-14T04:44:10.641Z</time>
</trkpt>
<trkpt lat="42.0009627" lon="2.8170547">
<ele>74.78607833530909</ele>
<time>2026-07-14T04:44:12.663Z</time>
</trkpt>
<trkpt lat="42.0009798" lon="2.8170234000000107">
<ele>74.80457743170773</ele>
<time>2026-07-14T04:44:14.703Z</time>
</trkpt>
<trkpt lat="42.0010066" lon="2.8169910999999956">
<ele>74.82088630668495</ele>
<time>2026-07-14T04:44:16.625Z</time>
</trkpt>
<trkpt lat="42.0010188" lon="2.816964000000013">
<ele>74.82990034816659</ele>
<time>2026-07-14T04:44:18.655Z</time>
</trkpt>
<trkpt lat="42.0010357" lon="2.8169340000000034">
<ele>74.84109009077268</ele>
<time>2026-07-14T04:44:20.655Z</time>
</trkpt>
<trkpt lat="42.001066" lon="2.8168718999999953">
<ele>74.81212930336618</ele>
<time>2026-07-14T04:44:24.482Z</time>
</trkpt>
<trkpt lat="42.0010812" lon="2.8168383999999946">
<ele>74.7700593132241</ele>
<time>2026-07-14T04:44:26.545Z</time>
</trkpt>
<trkpt lat="42.0010951" lon="2.816799599999996">
<ele>74.70882536920558</ele>
<time>2026-07-14T04:44:28.599Z</time>
</trkpt>
<trkpt lat="42.0011083" lon="2.8167687000000114">
<ele>74.63805294369982</ele>
<time>2026-07-14T04:44:30.622Z</time>
</trkpt>
<trkpt lat="42.0011219" lon="2.816738100000009">
<ele>74.53788752942</ele>
<time>2026-07-14T04:44:32.460Z</time>
</trkpt>
<trkpt lat="42.0011355" lon="2.8166994999999986">
<ele>74.44477366625216</ele>
<time>2026-07-14T04:44:34.707Z</time>
</trkpt>
<trkpt lat="42.0011488" lon="2.816669100000013">
<ele>74.323086114089</ele>
<time>2026-07-14T04:44:36.704Z</time>
</trkpt>
<trkpt lat="42.0011674" lon="2.8166340999999875">
<ele>74.14084987165079</ele>
<time>2026-07-14T04:44:38.686Z</time>
</trkpt>
<trkpt lat="42.0011815" lon="2.816608000000002">
<ele>74.00350687916495</ele>
<time>2026-07-14T04:44:40.699Z</time>
</trkpt>
<trkpt lat="42.0011994" lon="2.816578899999996">
<ele>73.84055063192633</ele>
<time>2026-07-14T04:44:42.690Z</time>
</trkpt>
<trkpt lat="42.0012272" lon="2.816556100000014">
<ele>73.6531969346309</ele>
<time>2026-07-14T04:44:44.545Z</time>
</trkpt>
<trkpt lat="42.001248" lon="2.8165362999999957">
<ele>73.50434887545461</ele>
<time>2026-07-14T04:44:46.719Z</time>
</trkpt>
<trkpt lat="42.0012681" lon="2.8165105999999867">
<ele>73.34032867665907</ele>
<time>2026-07-14T04:44:48.656Z</time>
</trkpt>
<trkpt lat="42.0012899" lon="2.8164840000000027">
<ele>73.1656419319886</ele>
<time>2026-07-14T04:44:50.656Z</time>
</trkpt>
<trkpt lat="42.0013108" lon="2.816462999999999">
<ele>73.01121710842395</ele>
<time>2026-07-14T04:44:52.656Z</time>
</trkpt>
<trkpt lat="42.0013321" lon="2.8164429999999925">
<ele>72.85760768387874</ele>
<time>2026-07-14T04:44:54.666Z</time>
</trkpt>
<trkpt lat="42.0013548" lon="2.8164251999999976">
<ele>72.70412668947095</ele>
<time>2026-07-14T04:44:56.682Z</time>
</trkpt>
<trkpt lat="42.0013788" lon="2.816412899999989">
<ele>72.56138074582903</ele>
<time>2026-07-14T04:44:58.696Z</time>
</trkpt>
<trkpt lat="42.0014037" lon="2.8164027999999917">
<ele>72.50841271202289</ele>
<time>2026-07-14T04:45:00.711Z</time>
</trkpt>
<trkpt lat="42.0014304" lon="2.816391799999991">
<ele>72.54079352201228</ele>
<time>2026-07-14T04:45:02.655Z</time>
</trkpt>
<trkpt lat="42.0014544" lon="2.816386200000011">
<ele>72.58470634954288</ele>
<time>2026-07-14T04:45:04.739Z</time>
</trkpt>
<trkpt lat="42.0014801" lon="2.8163806000000022">
<ele>72.63086594853115</ele>
<time>2026-07-14T04:45:06.655Z</time>
</trkpt>
<trkpt lat="42.0015366" lon="2.816367899999989">
<ele>72.72092603579092</ele>
<time>2026-07-14T04:45:10.542Z</time>
</trkpt>
<trkpt lat="42.0015635" lon="2.8163590000000056">
<ele>72.74332016710444</ele>
<time>2026-07-14T04:45:12.563Z</time>
</trkpt>
<trkpt lat="42.0015926" lon="2.8163490999999965">
<ele>72.76097668279347</ele>
<time>2026-07-14T04:45:14.585Z</time>
</trkpt>
<trkpt lat="42.0016184" lon="2.8163378000000137">
<ele>72.75690684812109</ele>
<time>2026-07-14T04:45:16.623Z</time>
</trkpt>
<trkpt lat="42.0016461" lon="2.816330800000003">
<ele>72.77890718211826</ele>
<time>2026-07-14T04:45:18.662Z</time>
</trkpt>
<trkpt lat="42.0016731" lon="2.8163246999999956">
<ele>72.82065273482179</ele>
<time>2026-07-14T04:45:20.684Z</time>
</trkpt>
<trkpt lat="42.0016996" lon="2.8163280999999927">
<ele>73.02362537361273</ele>
<time>2026-07-14T04:45:22.706Z</time>
</trkpt>
<trkpt lat="42.0017277" lon="2.816324199999997">
<ele>73.19389440402188</ele>
<time>2026-07-14T04:45:24.705Z</time>
</trkpt>
<trkpt lat="42.0017563" lon="2.8163160000000005">
<ele>73.34929870662171</ele>
<time>2026-07-14T04:45:26.719Z</time>
</trkpt>
<trkpt lat="42.0017875" lon="2.8163102000000038">
<ele>73.5419806675776</ele>
<time>2026-07-14T04:45:28.686Z</time>
</trkpt>
<trkpt lat="42.0018175" lon="2.8163035999999977">
<ele>73.7286200459136</ele>
<time>2026-07-14T04:45:30.604Z</time>
</trkpt>
<trkpt lat="42.0018485" lon="2.8162987000000044">
<ele>73.93516133984123</ele>
<time>2026-07-14T04:45:32.603Z</time>
</trkpt>
<trkpt lat="42.0018736" lon="2.8162935999999945">
<ele>74.10241298077278</ele>
<time>2026-07-14T04:45:34.603Z</time>
</trkpt>
<trkpt lat="42.0019037" lon="2.8162844000000007">
<ele>74.3001732215702</ele>
<time>2026-07-14T04:45:36.626Z</time>
</trkpt>
<trkpt lat="42.0019312" lon="2.816275200000007">
<ele>74.48695603218472</ele>
<time>2026-07-14T04:45:38.682Z</time>
</trkpt>
<trkpt lat="42.0019577" lon="2.8162665000000118">
<ele>74.61937137023558</ele>
<time>2026-07-14T04:45:40.641Z</time>
</trkpt>
<trkpt lat="42.0019847" lon="2.816251599999987">
<ele>74.65338588411375</ele>
<time>2026-07-14T04:45:42.641Z</time>
</trkpt>
<trkpt lat="42.0020055" lon="2.816241700000006">
<ele>74.6782660916217</ele>
<time>2026-07-14T04:45:44.472Z</time>
</trkpt>
<trkpt lat="42.002034" lon="2.8162312000000043">
<ele>74.71451338066946</ele>
<time>2026-07-14T04:45:46.303Z</time>
</trkpt>
<trkpt lat="42.0020611" lon="2.816223000000008">
<ele>74.74908829777806</ele>
<time>2026-07-14T04:45:48.303Z</time>
</trkpt>
<trkpt lat="42.0020969" lon="2.8162169999999946">
<ele>74.80477584259043</ele>
<time>2026-07-14T04:45:50.301Z</time>
</trkpt>
<trkpt lat="42.0021234" lon="2.816215800000009">
<ele>74.8553133326356</ele>
<time>2026-07-14T04:45:52.324Z</time>
</trkpt>
<trkpt lat="42.0021604" lon="2.81622329999999">
<ele>74.96217411166216</ele>
<time>2026-07-14T04:45:54.339Z</time>
</trkpt>
<trkpt lat="42.0021889" lon="2.8162149999999997">
<ele>74.98697885006585</ele>
<time>2026-07-14T04:45:56.322Z</time>
</trkpt>
<trkpt lat="42.0022194" lon="2.816204099999993">
<ele>74.99903299136322</ele>
<time>2026-07-14T04:45:58.345Z</time>
</trkpt>
<trkpt lat="42.0022464" lon="2.8161977000000036">
<ele>74.81353737107361</ele>
<time>2026-07-14T04:46:00.184Z</time>
</trkpt>
<trkpt lat="42.0022758" lon="2.816192000000001">
<ele>74.55117239076354</ele>
<time>2026-07-14T04:46:02.199Z</time>
</trkpt>
<trkpt lat="42.0023046" lon="2.816185499999989">
<ele>74.28593490108697</ele>
<time>2026-07-14T04:46:04.206Z</time>
</trkpt>
<trkpt lat="42.0023363" lon="2.816179699999992">
<ele>73.9975770968275</ele>
<time>2026-07-14T04:46:06.422Z</time>
</trkpt>
<trkpt lat="42.0023621" lon="2.8161724999999933">
<ele>73.74521136182165</ele>
<time>2026-07-14T04:46:08.246Z</time>
</trkpt>
<trkpt lat="42.0023921" lon="2.8161619999999914">
<ele>73.43365609682579</ele>
<time>2026-07-14T04:46:10.420Z</time>
</trkpt>
<trkpt lat="42.0024197" lon="2.816150300000004">
<ele>73.12804248740673</ele>
<time>2026-07-14T04:46:12.484Z</time>
</trkpt>
<trkpt lat="42.0024479" lon="2.816143100000005">
<ele>72.8420003322307</ele>
<time>2026-07-14T04:46:14.501Z</time>
</trkpt>
<trkpt lat="42.0024604" lon="2.816144600000001">
<ele>72.74685976157693</ele>
<time>2026-07-14T04:46:16.340Z</time>
</trkpt>
<trkpt lat="42.0024971" lon="2.8161274999999932">
<ele>72.33721648895244</ele>
<time>2026-07-14T04:46:18.379Z</time>
</trkpt>
<trkpt lat="42.0025357" lon="2.8161249000000055">
<ele>72.3325527088005</ele>
<time>2026-07-14T04:46:20.562Z</time>
</trkpt>
<trkpt lat="42.0025586" lon="2.8161250999999936">
<ele>72.37425538559971</ele>
<time>2026-07-14T04:46:22.385Z</time>
</trkpt>
<trkpt lat="42.0025866" lon="2.8161211999999978">
<ele>72.3988321220816</ele>
<time>2026-07-14T04:46:24.385Z</time>
</trkpt>
<trkpt lat="42.0026107" lon="2.8161189999999863">
<ele>72.42123923499844</ele>
<time>2026-07-14T04:46:26.463Z</time>
</trkpt>
<trkpt lat="42.0026422" lon="2.816117200000008">
<ele>72.45325233228023</ele>
<time>2026-07-14T04:46:28.366Z</time>
</trkpt>
<trkpt lat="42.0026729" lon="2.816112699999991">
<ele>72.45184977198946</ele>
<time>2026-07-14T04:46:30.581Z</time>
</trkpt>
<trkpt lat="42.0027006" lon="2.816108100000008">
<ele>72.43434441870743</ele>
<time>2026-07-14T04:46:32.603Z</time>
</trkpt>
<trkpt lat="42.0027274" lon="2.816103599999991">
<ele>72.40644972830094</ele>
<time>2026-07-14T04:46:34.602Z</time>
</trkpt>
<trkpt lat="42.0027788" lon="2.8160966000000087">
<ele>72.3481401865496</ele>
<time>2026-07-14T04:46:38.400Z</time>
</trkpt>
<trkpt lat="42.0028073" lon="2.8160940999999866">
<ele>72.21238931683258</ele>
<time>2026-07-14T04:46:40.423Z</time>
</trkpt>
<trkpt lat="42.0028356" lon="2.8160933000000057">
<ele>72.09018948765763</ele>
<time>2026-07-14T04:46:42.422Z</time>
</trkpt>
<trkpt lat="42.002865" lon="2.816092900000001">
<ele>71.96971208267982</ele>
<time>2026-07-14T04:46:44.443Z</time>
</trkpt>
<trkpt lat="42.0029025" lon="2.8160946000000138">
<ele>71.84713148892996</ele>
<time>2026-07-14T04:46:46.602Z</time>
</trkpt>
<trkpt lat="42.0029256" lon="2.8160919000000035">
<ele>71.71948761953593</ele>
<time>2026-07-14T04:46:48.599Z</time>
</trkpt>
<trkpt lat="42.002951" lon="2.816087600000003">
<ele>71.56203777313415</ele>
<time>2026-07-14T04:46:50.405Z</time>
</trkpt>
<trkpt lat="42.0029848" lon="2.8160852000000034">
<ele>71.39934681192437</ele>
<time>2026-07-14T04:46:52.419Z</time>
</trkpt>
<trkpt lat="42.0030114" lon="2.8160838000000012">
<ele>71.27856572361927</ele>
<time>2026-07-14T04:46:54.418Z</time>
</trkpt>
<trkpt lat="42.003042" lon="2.8160858999999903">
<ele>71.18838530294364</ele>
<time>2026-07-14T04:46:56.601Z</time>
</trkpt>
<trkpt lat="42.003078" lon="2.8160881000000018">
<ele>71.06451979194604</ele>
<time>2026-07-14T04:46:58.601Z</time>
</trkpt>
<trkpt lat="42.0031003" lon="2.8160879000000136">
<ele>70.95974177383756</ele>
<time>2026-07-14T04:47:00.598Z</time>
</trkpt>
<trkpt lat="42.0031288" lon="2.8161024999999995">
<ele>70.99586339805163</ele>
<time>2026-07-14T04:47:02.622Z</time>
</trkpt>
<trkpt lat="42.0031507" lon="2.8161157000000117">
<ele>71.03380563121793</ele>
<time>2026-07-14T04:47:04.517Z</time>
</trkpt>
<trkpt lat="42.003189" lon="2.8161182000000053">
<ele>70.86184472013144</ele>
<time>2026-07-14T04:47:06.700Z</time>
</trkpt>
<trkpt lat="42.0032149" lon="2.816117999999989">
<ele>70.72506220130458</ele>
<time>2026-07-14T04:47:08.723Z</time>
</trkpt>
<trkpt lat="42.0032417" lon="2.816120000000012">
<ele>70.60387344360812</ele>
<time>2026-07-14T04:47:10.682Z</time>
</trkpt>
<trkpt lat="42.0032694" lon="2.816124599999995">
<ele>70.49797066723201</ele>
<time>2026-07-14T04:47:12.544Z</time>
</trkpt>
<trkpt lat="42.0032989" lon="2.8161288000000013">
<ele>70.37389911851696</ele>
<time>2026-07-14T04:47:14.520Z</time>
</trkpt>
<trkpt lat="42.0033291" lon="2.8161231999999927">
<ele>70.16906245006822</ele>
<time>2026-07-14T04:47:16.655Z</time>
</trkpt>
<trkpt lat="42.003384" lon="2.8161296000000107">
<ele>70.03822117521796</ele>
<time>2026-07-14T04:47:20.699Z</time>
</trkpt>
<trkpt lat="42.0034098" lon="2.8161181000000113">
<ele>69.90515252051514</ele>
<time>2026-07-14T04:47:22.699Z</time>
</trkpt>
<trkpt lat="42.0034376" lon="2.816112699999991">
<ele>69.81089971501906</ele>
<time>2026-07-14T04:47:24.722Z</time>
</trkpt>
<trkpt lat="42.0034689" lon="2.8161235999999974">
<ele>69.77712639364151</ele>
<time>2026-07-14T04:47:26.720Z</time>
</trkpt>
<trkpt lat="42.003494" lon="2.8161337999999887">
<ele>69.74341089445105</ele>
<time>2026-07-14T04:47:28.655Z</time>
</trkpt>
<trkpt lat="42.0035277" lon="2.816151899999994">
<ele>69.78233571497579</ele>
<time>2026-07-14T04:47:30.662Z</time>
</trkpt>
<trkpt lat="42.0035689" lon="2.816175600000008">
<ele>69.7302661657181</ele>
<time>2026-07-14T04:47:32.500Z</time>
</trkpt>
<trkpt lat="42.003594" lon="2.816181599999993">
<ele>69.60849984069196</ele>
<time>2026-07-14T04:47:34.682Z</time>
</trkpt>
<trkpt lat="42.0036183" lon="2.8161739999999895">
<ele>69.44251044237555</ele>
<time>2026-07-14T04:47:36.705Z</time>
</trkpt>
<trkpt lat="42.0036434" lon="2.8161733999999967">
<ele>69.23117365271806</ele>
<time>2026-07-14T04:47:38.719Z</time>
</trkpt>
<trkpt lat="42.0036761" lon="2.81618499999999">
<ele>68.97951396599733</ele>
<time>2026-07-14T04:47:40.582Z</time>
</trkpt>
<trkpt lat="42.0037033" lon="2.8161928000000103">
<ele>68.76691231036354</ele>
<time>2026-07-14T04:47:42.655Z</time>
</trkpt>
<trkpt lat="42.0037307" lon="2.816202000000004">
<ele>68.55557108970301</ele>
<time>2026-07-14T04:47:44.579Z</time>
</trkpt>
<trkpt lat="42.0037609" lon="2.816209100000009">
<ele>68.31698155649175</ele>
<time>2026-07-14T04:47:46.746Z</time>
</trkpt>
<trkpt lat="42.0037828" lon="2.8162149999999997">
<ele>68.14557887208812</ele>
<time>2026-07-14T04:47:48.673Z</time>
</trkpt>
<trkpt lat="42.0038039" lon="2.816230499999989">
<ele>67.99997806711995</ele>
<time>2026-07-14T04:47:50.559Z</time>
</trkpt>
<trkpt lat="42.0038312" lon="2.8162504000000013">
<ele>67.81177854117722</ele>
<time>2026-07-14T04:47:52.662Z</time>
</trkpt>
<trkpt lat="42.003853" lon="2.8162685000000067">
<ele>67.66631540473924</ele>
<time>2026-07-14T04:47:54.564Z</time>
</trkpt>
<trkpt lat="42.0038786" lon="2.8162844000000007">
<ele>67.48521124716515</ele>
<time>2026-07-14T04:47:56.539Z</time>
</trkpt>
<trkpt lat="42.0039057" lon="2.8163008999999875">
<ele>67.59459067305613</ele>
<time>2026-07-14T04:47:58.521Z</time>
</trkpt>
<trkpt lat="42.0039298" lon="2.816316300000011">
<ele>68.07926751040786</ele>
<time>2026-07-14T04:48:00.680Z</time>
</trkpt>
<trkpt lat="42.0039545" lon="2.8163300999999876">
<ele>68.59213173944072</ele>
<time>2026-07-14T04:48:02.526Z</time>
</trkpt>
<trkpt lat="42.0039815" lon="2.8163452999999947">
<ele>69.17742381311395</ele>
<time>2026-07-14T04:48:04.485Z</time>
</trkpt>
<trkpt lat="42.0040028" lon="2.8163538000000017">
<ele>69.63828746702</ele>
<time>2026-07-14T04:48:06.484Z</time>
</trkpt>
<trkpt lat="42.0040332" lon="2.816361300000011">
<ele>70.28617302764141</ele>
<time>2026-07-14T04:48:08.655Z</time>
</trkpt>
<trkpt lat="42.0040585" lon="2.816379699999999">
<ele>70.92249629125668</ele>
<time>2026-07-14T04:48:10.681Z</time>
</trkpt>
<trkpt lat="42.0040827" lon="2.8163978999999983">
<ele>71.56281809740969</ele>
<time>2026-07-14T04:48:12.520Z</time>
</trkpt>
<trkpt lat="42.0041141" lon="2.8164098000000024">
<ele>72.33089526307177</ele>
<time>2026-07-14T04:48:14.543Z</time>
</trkpt>
<trkpt lat="42.0041457" lon="2.8164149000000123">
<ele>72.9932324389146</ele>
<time>2026-07-14T04:48:16.566Z</time>
</trkpt>
<trkpt lat="42.0041788" lon="2.816420899999997">
<ele>73.49229658898892</ele>
<time>2026-07-14T04:48:18.655Z</time>
</trkpt>
<trkpt lat="42.0042106" lon="2.8164251999999976">
<ele>73.4269585670086</ele>
<time>2026-07-14T04:48:20.741Z</time>
</trkpt>
<trkpt lat="42.0042359" lon="2.8164257999999904">
<ele>73.40887616734037</ele>
<time>2026-07-14T04:48:22.655Z</time>
</trkpt>
<trkpt lat="42.0042644" lon="2.8164202000000103">
<ele>73.42867339163881</ele>
<time>2026-07-14T04:48:24.641Z</time>
</trkpt>
<trkpt lat="42.0042983" lon="2.8164144000000135">
<ele>73.42340903614163</ele>
<time>2026-07-14T04:48:26.665Z</time>
</trkpt>
<trkpt lat="42.004323" lon="2.816414100000003">
<ele>73.39476220679089</ele>
<time>2026-07-14T04:48:28.662Z</time>
</trkpt>
<trkpt lat="42.0043508" lon="2.8164117999999974">
<ele>73.36294544624516</ele>
<time>2026-07-14T04:48:30.646Z</time>
</trkpt>
<trkpt lat="42.0043799" lon="2.816418099999993">
<ele>73.3300584984615</ele>
<time>2026-07-14T04:48:32.660Z</time>
</trkpt>
<trkpt lat="42.0044121" lon="2.8164190999999903">
<ele>73.3020019197157</ele>
<time>2026-07-14T04:48:34.684Z</time>
</trkpt>
<trkpt lat="42.0044417" lon="2.8164232000000027">
<ele>73.29489745595305</ele>
<time>2026-07-14T04:48:36.655Z</time>
</trkpt>
<trkpt lat="42.0044719" lon="2.816436500000009">
<ele>73.32345181840095</ele>
<time>2026-07-14T04:48:38.655Z</time>
</trkpt>
<trkpt lat="42.0045036" lon="2.8164374000000123">
<ele>73.27213778868501</ele>
<time>2026-07-14T04:48:40.657Z</time>
</trkpt>
<trkpt lat="42.00453" lon="2.8164516999999876">
<ele>73.26125198171498</ele>
<time>2026-07-14T04:48:42.656Z</time>
</trkpt>
<trkpt lat="42.0045576" lon="2.816466399999996">
<ele>73.22038596197721</ele>
<time>2026-07-14T04:48:44.670Z</time>
</trkpt>
<trkpt lat="42.0045848" lon="2.8164840999999967">
<ele>73.15305202546662</ele>
<time>2026-07-14T04:48:46.655Z</time>
</trkpt>
<trkpt lat="42.0046365" lon="2.816501499999987">
<ele>72.95166106422474</ele>
<time>2026-07-14T04:48:50.425Z</time>
</trkpt>
<trkpt lat="42.004664" lon="2.8165016000000094">
<ele>72.83976849011596</ele>
<time>2026-07-14T04:48:52.442Z</time>
</trkpt>
<trkpt lat="42.0046977" lon="2.8164896000000113">
<ele>72.74580532328528</ele>
<time>2026-07-14T04:48:54.655Z</time>
</trkpt>
<trkpt lat="42.0047505" lon="2.8164904999999862">
<ele>72.58310328750913</ele>
<time>2026-07-14T04:48:58.540Z</time>
</trkpt>
<trkpt lat="42.0047797" lon="2.816484900000006">
<ele>72.53023421712228</ele>
<time>2026-07-14T04:49:00.656Z</time>
</trkpt>
<trkpt lat="42.0048331" lon="2.816485599999993">
<ele>72.40063309635373</ele>
<time>2026-07-14T04:49:04.480Z</time>
</trkpt>
<trkpt lat="42.0048667" lon="2.8164951999999914">
<ele>72.35773428062215</ele>
<time>2026-07-14T04:49:06.504Z</time>
</trkpt>
<trkpt lat="42.0048943" lon="2.816497400000003">
<ele>72.32045106169956</ele>
<time>2026-07-14T04:49:08.655Z</time>
</trkpt>
<trkpt lat="42.0049463" lon="2.816499399999998">
<ele>72.25171778175176</ele>
<time>2026-07-14T04:49:12.523Z</time>
</trkpt>
<trkpt lat="42.0049741" lon="2.8164951999999914">
<ele>72.1639433923421</ele>
<time>2026-07-14T04:49:14.655Z</time>
</trkpt>
<trkpt lat="42.0050235" lon="2.816502600000007">
<ele>72.0563159562386</ele>
<time>2026-07-14T04:49:18.520Z</time>
</trkpt>
<trkpt lat="42.00506" lon="2.816512799999998">
<ele>71.8700630348663</ele>
<time>2026-07-14T04:49:20.559Z</time>
</trkpt>
<trkpt lat="42.0050872" lon="2.8165151000000037">
<ele>71.66344631811899</ele>
<time>2026-07-14T04:49:22.581Z</time>
</trkpt>
<trkpt lat="42.0051161" lon="2.8165137999999956">
<ele>71.39684761970689</ele>
<time>2026-07-14T04:49:24.605Z</time>
</trkpt>
<trkpt lat="42.0051505" lon="2.8165169000000105">
<ele>71.13732823672599</ele>
<time>2026-07-14T04:49:26.659Z</time>
</trkpt>
<trkpt lat="42.0051809" lon="2.8165188000000114">
<ele>70.897186241834</ele>
<time>2026-07-14T04:49:28.601Z</time>
</trkpt>
<trkpt lat="42.0052069" lon="2.8165190999999936">
<ele>70.67534705910312</ele>
<time>2026-07-14T04:49:30.625Z</time>
</trkpt>
<trkpt lat="42.0052351" lon="2.8165175999999974">
<ele>70.41249146774597</ele>
<time>2026-07-14T04:49:32.623Z</time>
</trkpt>
<trkpt lat="42.0052707" lon="2.81652840000001">
<ele>70.23415337258363</ele>
<time>2026-07-14T04:49:34.663Z</time>
</trkpt>
<trkpt lat="42.0052975" lon="2.8165333999999973">
<ele>70.21011856731968</ele>
<time>2026-07-14T04:49:36.662Z</time>
</trkpt>
<trkpt lat="42.005327" lon="2.8165328999999986">
<ele>70.30204791029072</ele>
<time>2026-07-14T04:49:38.684Z</time>
</trkpt>
<trkpt lat="42.0053583" lon="2.816541000000001">
<ele>70.51248303100705</ele>
<time>2026-07-14T04:49:40.699Z</time>
</trkpt>
<trkpt lat="42.0053846" lon="2.8165419999999983">
<ele>70.61664992343589</ele>
<time>2026-07-14T04:49:42.722Z</time>
</trkpt>
<trkpt lat="42.005407" lon="2.8165427000000136">
<ele>70.70389338320592</ele>
<time>2026-07-14T04:49:44.721Z</time>
</trkpt>
<trkpt lat="42.0054273" lon="2.8165391">
<ele>70.72331136453994</ele>
<time>2026-07-14T04:49:46.713Z</time>
</trkpt>
<trkpt lat="42.0054497" lon="2.8165328999999986">
<ele>70.70981788660043</ele>
<time>2026-07-14T04:49:48.728Z</time>
</trkpt>
<trkpt lat="42.0054754" lon="2.8165277999999887">
<ele>70.71917604836868</ele>
<time>2026-07-14T04:49:50.761Z</time>
</trkpt>
<trkpt lat="42.0055033" lon="2.8165256999999997">
<ele>70.77753771136923</ele>
<time>2026-07-14T04:49:52.656Z</time>
</trkpt>
<trkpt lat="42.0055267" lon="2.816524600000008">
<ele>70.83549233612472</ele>
<time>2026-07-14T04:49:54.666Z</time>
</trkpt>
<trkpt lat="42.0055518" lon="2.816518599999995">
<ele>70.81933397242737</ele>
<time>2026-07-14T04:49:56.682Z</time>
</trkpt>
<trkpt lat="42.0055844" lon="2.8165090999999904">
<ele>70.65238044451816</ele>
<time>2026-07-14T04:49:58.698Z</time>
</trkpt>
<trkpt lat="42.0056033" lon="2.8164978000000076">
<ele>70.43176427051093</ele>
<time>2026-07-14T04:50:00.713Z</time>
</trkpt>
<trkpt lat="42.0056267" lon="2.8164851999999883">
<ele>70.1880822082152</ele>
<time>2026-07-14T04:50:02.655Z</time>
</trkpt>
<trkpt lat="42.005682" lon="2.8164706000000024">
<ele>69.86612211011673</ele>
<time>2026-07-14T04:50:06.486Z</time>
</trkpt>
<trkpt lat="42.0057104" lon="2.8164667000000065">
<ele>69.76056106480704</ele>
<time>2026-07-14T04:50:08.655Z</time>
</trkpt>
<trkpt lat="42.0057651" lon="2.816457299999996">
<ele>69.54029589552968</ele>
<time>2026-07-14T04:50:12.483Z</time>
</trkpt>
<trkpt lat="42.005794" lon="2.8164576000000068">
<ele>69.49854573336178</ele>
<time>2026-07-14T04:50:14.562Z</time>
</trkpt>
<trkpt lat="42.0058201" lon="2.8164596000000017">
<ele>69.48266068902497</ele>
<time>2026-07-14T04:50:16.426Z</time>
</trkpt>
<trkpt lat="42.0058554" lon="2.816453700000011">
<ele>69.30485644429204</ele>
<time>2026-07-14T04:50:18.680Z</time>
</trkpt>
<trkpt lat="42.0058844" lon="2.816464300000007">
<ele>69.28091475435056</ele>
<time>2026-07-14T04:50:20.671Z</time>
</trkpt>
<trkpt lat="42.0059177" lon="2.8164754999999957">
<ele>69.22561190658986</ele>
<time>2026-07-14T04:50:22.655Z</time>
</trkpt>
<trkpt lat="42.0059462" lon="2.816496900000004">
<ele>69.28328277390467</ele>
<time>2026-07-14T04:50:24.543Z</time>
</trkpt>
<trkpt lat="42.0059813" lon="2.81650479999999">
<ele>69.14539805376343</ele>
<time>2026-07-14T04:50:26.662Z</time>
</trkpt>
<trkpt lat="42.0060113" lon="2.8165151999999978">
<ele>69.04861766829625</ele>
<time>2026-07-14T04:50:28.655Z</time>
</trkpt>
<trkpt lat="42.0060354" lon="2.8165138999999897">
<ele>68.88334335627859</ele>
<time>2026-07-14T04:50:30.477Z</time>
</trkpt>
<trkpt lat="42.0060608" lon="2.8165084999999976">
<ele>68.6808629146607</ele>
<time>2026-07-14T04:50:32.444Z</time>
</trkpt>
<trkpt lat="42.0060861" lon="2.816500600000012">
<ele>68.46823467279404</ele>
<time>2026-07-14T04:50:34.403Z</time>
</trkpt>
<trkpt lat="42.0061155" lon="2.8165017000000034">
<ele>68.29591137350877</ele>
<time>2026-07-14T04:50:36.426Z</time>
</trkpt>
<trkpt lat="42.0061501" lon="2.8165135000000134">
<ele>68.30563476122296</ele>
<time>2026-07-14T04:50:38.425Z</time>
</trkpt>
<trkpt lat="42.0061784" lon="2.8165070999999955">
<ele>68.23526619582151</ele>
<time>2026-07-14T04:50:40.439Z</time>
</trkpt>
<trkpt lat="42.006204" lon="2.816507999999999">
<ele>68.21054160258242</ele>
<time>2026-07-14T04:50:42.655Z</time>
</trkpt>
<trkpt lat="42.0062694" lon="2.8165295000000015">
<ele>68.2443464314725</ele>
<time>2026-07-14T04:50:46.541Z</time>
</trkpt>
<trkpt lat="42.0063025" lon="2.816530699999987">
<ele>68.20719889409273</ele>
<time>2026-07-14T04:50:48.563Z</time>
</trkpt>
<trkpt lat="42.0063316" lon="2.8165348999999935">
<ele>68.18900301710993</ele>
<time>2026-07-14T04:50:50.603Z</time>
</trkpt>
<trkpt lat="42.0063645" lon="2.8165420999999924">
<ele>68.17767737521879</ele>
<time>2026-07-14T04:50:52.641Z</time>
</trkpt>
<trkpt lat="42.0063955" lon="2.8165453000000014">
<ele>68.14877584950067</ele>
<time>2026-07-14T04:50:54.664Z</time>
</trkpt>
<trkpt lat="42.0064235" lon="2.816554999999994">
<ele>68.25016444628524</ele>
<time>2026-07-14T04:50:56.655Z</time>
</trkpt>
<trkpt lat="42.0064519" lon="2.8165660999999886">
<ele>68.3668352736434</ele>
<time>2026-07-14T04:50:58.656Z</time>
</trkpt>
<trkpt lat="42.0064834" lon="2.8165798999999936">
<ele>68.50199825116972</ele>
<time>2026-07-14T04:51:00.655Z</time>
</trkpt>
<trkpt lat="42.0065188" lon="2.8165942999999913">
<ele>68.648417282607</ele>
<time>2026-07-14T04:51:02.655Z</time>
</trkpt>
<trkpt lat="42.0065817" lon="2.816613200000006">
<ele>68.8787392692192</ele>
<time>2026-07-14T04:51:06.655Z</time>
</trkpt>
<trkpt lat="42.0066116" lon="2.816630900000007">
<ele>69.02375772182135</ele>
<time>2026-07-14T04:51:08.580Z</time>
</trkpt>
<trkpt lat="42.0066406" lon="2.8166526999999917">
<ele>69.18275809125443</ele>
<time>2026-07-14T04:51:10.563Z</time>
</trkpt>
<trkpt lat="42.0066731" lon="2.8166741">
<ele>69.34735543714986</ele>
<time>2026-07-14T04:51:12.579Z</time>
</trkpt>
<trkpt lat="42.0067051" lon="2.8166881999999873">
<ele>69.19991723155414</ele>
<time>2026-07-14T04:51:14.618Z</time>
</trkpt>
<trkpt lat="42.0067362" lon="2.8166996999999867">
<ele>68.84065432954566</ele>
<time>2026-07-14T04:51:16.498Z</time>
</trkpt>
<trkpt lat="42.0067725" lon="2.816703799999999">
<ele>68.52293736645949</ele>
<time>2026-07-14T04:51:18.722Z</time>
</trkpt>
<trkpt lat="42.0068041" lon="2.8167012000000113">
<ele>68.33293893998423</ele>
<time>2026-07-14T04:51:20.690Z</time>
</trkpt>
<trkpt lat="42.0068357" lon="2.8167000999999914">
<ele>68.12140465226388</ele>
<time>2026-07-14T04:51:22.667Z</time>
</trkpt>
<trkpt lat="42.006866" lon="2.8166927000000044">
<ele>68.00172381125356</ele>
<time>2026-07-14T04:51:24.699Z</time>
</trkpt>
<trkpt lat="42.0068975" lon="2.8166974000000096">
<ele>67.71312497990691</ele>
<time>2026-07-14T04:51:26.723Z</time>
</trkpt>
<trkpt lat="42.006926" lon="2.816695299999992">
<ele>67.53475026172633</ele>
<time>2026-07-14T04:51:28.695Z</time>
</trkpt>
<trkpt lat="42.0069546" lon="2.816699800000009">
<ele>67.27267760544879</ele>
<time>2026-07-14T04:51:30.695Z</time>
</trkpt>
<trkpt lat="42.0069843" lon="2.8167134999999917">
<ele>66.89127676295605</ele>
<time>2026-07-14T04:51:32.695Z</time>
</trkpt>
<trkpt lat="42.0070096" lon="2.816718299999991">
<ele>66.64585513434915</ele>
<time>2026-07-14T04:51:34.695Z</time>
</trkpt>
<trkpt lat="42.007037" lon="2.816720299999986">
<ele>66.41969307200422</ele>
<time>2026-07-14T04:51:36.696Z</time>
</trkpt>
<trkpt lat="42.0070666" lon="2.816728299999994">
<ele>66.08439219504608</ele>
<time>2026-07-14T04:51:38.695Z</time>
</trkpt>
<trkpt lat="42.0070954" lon="2.8167344000000014">
<ele>65.7740567560847</ele>
<time>2026-07-14T04:51:40.695Z</time>
</trkpt>
<trkpt lat="42.0071244" lon="2.8167392000000007">
<ele>65.47532785576709</ele>
<time>2026-07-14T04:51:42.695Z</time>
</trkpt>
<trkpt lat="42.0071538" lon="2.816757300000006">
<ele>64.93917679506065</ele>
<time>2026-07-14T04:51:44.640Z</time>
</trkpt>
<trkpt lat="42.0071849" lon="2.8167741000000035">
<ele>64.38682205152836</ele>
<time>2026-07-14T04:51:46.695Z</time>
</trkpt>
<trkpt lat="42.0072139" lon="2.8167841000000067">
<ele>63.954738684567836</ele>
<time>2026-07-14T04:51:48.665Z</time>
</trkpt>
<trkpt lat="42.0072375" lon="2.81679410000001">
<ele>63.594024707812416</ele>
<time>2026-07-14T04:51:50.647Z</time>
</trkpt>
<trkpt lat="42.0072706" lon="2.8168051000000105">
<ele>63.30371744464163</ele>
<time>2026-07-14T04:51:52.695Z</time>
</trkpt>
<trkpt lat="42.0073017" lon="2.8168066000000067">
<ele>63.19668290623143</ele>
<time>2026-07-14T04:51:54.695Z</time>
</trkpt>
<trkpt lat="42.0073273" lon="2.8167993000000138">
<ele>63.29719555741184</ele>
<time>2026-07-14T04:51:56.503Z</time>
</trkpt>
<trkpt lat="42.00736" lon="2.8167894999999987">
<ele>63.45643715455032</ele>
<time>2026-07-14T04:51:58.695Z</time>
</trkpt>
<trkpt lat="42.0073906" lon="2.816788900000006">
<ele>63.414872242748956</ele>
<time>2026-07-14T04:52:00.695Z</time>
</trkpt>
<trkpt lat="42.0074488" lon="2.8167991999999913">
<ele>63.03300624581931</ele>
<time>2026-07-14T04:52:04.563Z</time>
</trkpt>
<trkpt lat="42.007476" lon="2.816811699999988">
<ele>62.626240093801776</ele>
<time>2026-07-14T04:52:06.603Z</time>
</trkpt>
<trkpt lat="42.0075044" lon="2.8168205000000057">
<ele>62.29773194836913</ele>
<time>2026-07-14T04:52:08.603Z</time>
</trkpt>
<trkpt lat="42.0075354" lon="2.8168228000000113">
<ele>62.16160802269758</ele>
<time>2026-07-14T04:52:10.619Z</time>
</trkpt>
<trkpt lat="42.0075636" lon="2.8168229000000053">
<ele>62.100589677935204</ele>
<time>2026-07-14T04:52:12.642Z</time>
</trkpt>
<trkpt lat="42.0075899" lon="2.8168216999999913">
<ele>62.079816741070026</ele>
<time>2026-07-14T04:52:14.482Z</time>
</trkpt>
<trkpt lat="42.0076241" lon="2.8168244999999956">
<ele>61.9319923728694</ele>
<time>2026-07-14T04:52:16.682Z</time>
</trkpt>
<trkpt lat="42.0076523" lon="2.8168276000000105">
<ele>61.79078801761864</ele>
<time>2026-07-14T04:52:18.706Z</time>
</trkpt>
<trkpt lat="42.0076805" lon="2.816835300000008">
<ele>61.52972193426807</ele>
<time>2026-07-14T04:52:20.721Z</time>
</trkpt>
<trkpt lat="42.0077066" lon="2.8168474000000003">
<ele>61.16316300631637</ele>
<time>2026-07-14T04:52:22.705Z</time>
</trkpt>
<trkpt lat="42.0077338" lon="2.8168556999999907">
<ele>60.90207412904624</ele>
<time>2026-07-14T04:52:24.695Z</time>
</trkpt>
<trkpt lat="42.0077587" lon="2.816861700000004">
<ele>60.70941850939409</ele>
<time>2026-07-14T04:52:26.667Z</time>
</trkpt>
<trkpt lat="42.007784" lon="2.8168614999999875">
<ele>60.67622140227712</ele>
<time>2026-07-14T04:52:28.705Z</time>
</trkpt>
<trkpt lat="42.0078171" lon="2.816861899999992">
<ele>60.648682420298734</ele>
<time>2026-07-14T04:52:30.695Z</time>
</trkpt>
<trkpt lat="42.0078369" lon="2.8168632999999943">
<ele>60.606498593280435</ele>
<time>2026-07-14T04:52:32.695Z</time>
</trkpt>
<trkpt lat="42.0078636" lon="2.8168609999999887">
<ele>60.653776300328914</ele>
<time>2026-07-14T04:52:34.700Z</time>
</trkpt>
<trkpt lat="42.0078917" lon="2.8168580999999904">
<ele>60.71491157247246</ele>
<time>2026-07-14T04:52:36.695Z</time>
</trkpt>
<trkpt lat="42.0079166" lon="2.816861899999992">
<ele>60.61182402121611</ele>
<time>2026-07-14T04:52:38.696Z</time>
</trkpt>
<trkpt lat="42.0079431" lon="2.816867000000002">
<ele>60.47694764577329</ele>
<time>2026-07-14T04:52:40.695Z</time>
</trkpt>
<trkpt lat="42.0079708" lon="2.8168675000000007">
<ele>60.45496732463014</ele>
<time>2026-07-14T04:52:42.695Z</time>
</trkpt>
<trkpt lat="42.0079962" lon="2.816866900000008">
<ele>60.46065650440221</ele>
<time>2026-07-14T04:52:44.644Z</time>
</trkpt>
<trkpt lat="42.0080524" lon="2.816868800000009">
<ele>60.394953036610595</ele>
<time>2026-07-14T04:52:48.500Z</time>
</trkpt>
<trkpt lat="42.0080765" lon="2.8168575999999916">
<ele>60.65014727373265</ele>
<time>2026-07-14T04:52:50.443Z</time>
</trkpt>
<trkpt lat="42.0081032" lon="2.8168520000000115">
<ele>60.75680116971032</ele>
<time>2026-07-14T04:52:52.466Z</time>
</trkpt>
<trkpt lat="42.0081281" lon="2.8168560000000014">
<ele>60.63675197520942</ele>
<time>2026-07-14T04:52:54.386Z</time>
</trkpt>
<trkpt lat="42.0081813" lon="2.816858499999995">
<ele>60.52568817913368</ele>
<time>2026-07-14T04:52:58.226Z</time>
</trkpt>
<trkpt lat="42.0082068" lon="2.816860399999996">
<ele>60.45727494100298</ele>
<time>2026-07-14T04:53:00.161Z</time>
</trkpt>
<trkpt lat="42.0082348" lon="2.8168641999999977">
<ele>60.3444523648425</ele>
<time>2026-07-14T04:53:02.064Z</time>
</trkpt>
<trkpt lat="42.0082621" lon="2.816866800000014">
<ele>60.26097135180857</ele>
<time>2026-07-14T04:53:04.103Z</time>
</trkpt>
<trkpt lat="42.0082905" lon="2.8168673000000126">
<ele>60.224168189670394</ele>
<time>2026-07-14T04:53:06.126Z</time>
</trkpt>
<trkpt lat="42.0083274" lon="2.8168697000000122">
<ele>60.13865315654754</ele>
<time>2026-07-14T04:53:08.365Z</time>
</trkpt>
<trkpt lat="42.0083539" lon="2.816879099999994">
<ele>60.0335963675947</ele>
<time>2026-07-14T04:53:10.469Z</time>
</trkpt>
<trkpt lat="42.0083827" lon="2.816892800000005">
<ele>60.12290242273222</ele>
<time>2026-07-14T04:53:12.379Z</time>
</trkpt>
<trkpt lat="42.0084118" lon="2.816899400000011">
<ele>60.38265569253251</ele>
<time>2026-07-14T04:53:14.379Z</time>
</trkpt>
<trkpt lat="42.0084393" lon="2.8169075000000134">
<ele>60.6097348562033</ele>
<time>2026-07-14T04:53:16.202Z</time>
</trkpt>
<trkpt lat="42.0084723" lon="2.8169149000000004">
<ele>60.94441655204314</ele>
<time>2026-07-14T04:53:18.426Z</time>
</trkpt>
<trkpt lat="42.0085026" lon="2.816931399999987">
<ele>61.12307133072587</ele>
<time>2026-07-14T04:53:20.440Z</time>
</trkpt>
<trkpt lat="42.008534" lon="2.816945099999998">
<ele>61.39864908370063</ele>
<time>2026-07-14T04:53:22.480Z</time>
</trkpt>
<trkpt lat="42.0085634" lon="2.8169580999999937">
<ele>61.68671316928052</ele>
<time>2026-07-14T04:53:24.520Z</time>
</trkpt>
<trkpt lat="42.0085931" lon="2.816972800000002">
<ele>61.97666499130334</ele>
<time>2026-07-14T04:53:26.600Z</time>
</trkpt>
<trkpt lat="42.0086207" lon="2.8169902999999863">
<ele>62.13603964484288</ele>
<time>2026-07-14T04:53:28.463Z</time>
</trkpt>
<trkpt lat="42.0086509" lon="2.817009200000001">
<ele>62.004527315486996</ele>
<time>2026-07-14T04:53:30.702Z</time>
</trkpt>
<trkpt lat="42.0086783" lon="2.8170259999999985">
<ele>61.91366421228051</ele>
<time>2026-07-14T04:53:32.686Z</time>
</trkpt>
<trkpt lat="42.008709" lon="2.8170446999999967">
<ele>61.86560293877002</ele>
<time>2026-07-14T04:53:34.695Z</time>
</trkpt>
<trkpt lat="42.0087315" lon="2.817062099999987">
<ele>61.82409996564651</ele>
<time>2026-07-14T04:53:36.695Z</time>
</trkpt>
<trkpt lat="42.0087567" lon="2.817081800000011">
<ele>61.81991667836475</ele>
<time>2026-07-14T04:53:38.724Z</time>
</trkpt>
<trkpt lat="42.0087766" lon="2.817110100000008">
<ele>61.735803118144325</ele>
<time>2026-07-14T04:53:40.587Z</time>
</trkpt>
<trkpt lat="42.0088037" lon="2.8171279000000027">
<ele>61.86699126323482</ele>
<time>2026-07-14T04:53:42.695Z</time>
</trkpt>
<trkpt lat="42.0088295" lon="2.817149999999998">
<ele>62.0014934323746</ele>
<time>2026-07-14T04:53:44.731Z</time>
</trkpt>
<trkpt lat="42.0088512" lon="2.8171807999999885">
<ele>62.09075510763643</ele>
<time>2026-07-14T04:53:46.695Z</time>
</trkpt>
<trkpt lat="42.0088957" lon="2.8172235000000114">
<ele>62.54069098747658</ele>
<time>2026-07-14T04:53:50.547Z</time>
</trkpt>
<trkpt lat="42.008925" lon="2.817236500000007">
<ele>62.7322814875087</ele>
<time>2026-07-14T04:53:52.579Z</time>
</trkpt>
<trkpt lat="42.0089556" lon="2.8172482999999886">
<ele>62.853017884318895</ele>
<time>2026-07-14T04:53:54.643Z</time>
</trkpt>
<trkpt lat="42.0089841" lon="2.8172581000000037">
<ele>62.866488536062725</ele>
<time>2026-07-14T04:53:56.763Z</time>
</trkpt>
<trkpt lat="42.0090089" lon="2.8172658999999953">
<ele>62.89897907356154</ele>
<time>2026-07-14T04:53:58.695Z</time>
</trkpt>
<trkpt lat="42.0090379" lon="2.8172771000000125">
<ele>62.914699631667744</ele>
<time>2026-07-14T04:54:00.695Z</time>
</trkpt>
<trkpt lat="42.0090632" lon="2.8172826999999927">
<ele>63.00134275822511</ele>
<time>2026-07-14T04:54:02.695Z</time>
</trkpt>
<trkpt lat="42.0090909" lon="2.8172888">
<ele>63.103165619829205</ele>
<time>2026-07-14T04:54:04.677Z</time>
</trkpt>
<trkpt lat="42.0090787" lon="2.817389300000002">
<ele>61.5483884874049</ele>
<time>2026-07-14T04:54:06.695Z</time>
</trkpt>
<trkpt lat="42.0091012" lon="2.8174247999999977">
<ele>61.24723311843811</ele>
<time>2026-07-14T04:54:08.695Z</time>
</trkpt>
<trkpt lat="42.0091388" lon="2.8174558000000047">
<ele>61.195545418362926</ele>
<time>2026-07-14T04:54:10.696Z</time>
</trkpt>
<trkpt lat="42.009166" lon="2.8174729000000127">
<ele>61.25584290003848</ele>
<time>2026-07-14T04:54:12.625Z</time>
</trkpt>
<trkpt lat="42.0091888" lon="2.817474599999997">
<ele>61.4869507656298</ele>
<time>2026-07-14T04:54:14.759Z</time>
</trkpt>
<trkpt lat="42.0092102" lon="2.8174815000000137">
<ele>61.65888386354385</ele>
<time>2026-07-14T04:54:16.744Z</time>
</trkpt>
<trkpt lat="42.0092319" lon="2.8174889000000007">
<ele>61.841770085449674</ele>
<time>2026-07-14T04:54:18.703Z</time>
</trkpt>
<trkpt lat="42.0092566" lon="2.8174954000000128">
<ele>62.084418565664194</ele>
<time>2026-07-14T04:54:20.743Z</time>
</trkpt>
<trkpt lat="42.0092799" lon="2.817504200000002">
<ele>62.303422611969836</ele>
<time>2026-07-14T04:54:22.679Z</time>
</trkpt>
<trkpt lat="42.0093026" lon="2.817502200000007">
<ele>62.611739260177686</ele>
<time>2026-07-14T04:54:24.624Z</time>
</trkpt>
<trkpt lat="42.0093344" lon="2.8174948999999856">
<ele>63.06447799239094</ele>
<time>2026-07-14T04:54:26.623Z</time>
</trkpt>
<trkpt lat="42.0093604" lon="2.817476400000004">
<ele>63.48229153405949</ele>
<time>2026-07-14T04:54:28.639Z</time>
</trkpt>
<trkpt lat="42.0093863" lon="2.8174616999999955">
<ele>63.843677299999406</ele>
<time>2026-07-14T04:54:30.639Z</time>
</trkpt>
<trkpt lat="42.0094135" lon="2.8174583999999925">
<ele>64.15554096795366</ele>
<time>2026-07-14T04:54:32.663Z</time>
</trkpt>
<trkpt lat="42.0094456" lon="2.8174549000000013">
<ele>64.51329518875171</ele>
<time>2026-07-14T04:54:34.719Z</time>
</trkpt>
<trkpt lat="42.0094706" lon="2.817452099999997">
<ele>64.71036619598955</ele>
<time>2026-07-14T04:54:36.638Z</time>
</trkpt>
<trkpt lat="42.0094966" lon="2.8174385000000086">
<ele>64.85738907070869</ele>
<time>2026-07-14T04:54:38.663Z</time>
</trkpt>
<trkpt lat="42.0095249" lon="2.817410300000006">
<ele>65.04859286948015</ele>
<time>2026-07-14T04:54:40.479Z</time>
</trkpt>
<trkpt lat="42.0095478" lon="2.8173902000000055">
<ele>65.21159489287643</ele>
<time>2026-07-14T04:54:42.663Z</time>
</trkpt>
<trkpt lat="42.0095663" lon="2.817363699999987">
<ele>65.37269892413968</ele>
<time>2026-07-14T04:54:44.625Z</time>
</trkpt>
<trkpt lat="42.0095885" lon="2.8173395000000028">
<ele>65.56292137346782</ele>
<time>2026-07-14T04:54:46.686Z</time>
</trkpt>
<trkpt lat="42.0096137" lon="2.8173156999999946">
<ele>65.78408013721155</ele>
<time>2026-07-14T04:54:48.701Z</time>
</trkpt>
<trkpt lat="42.0096305" lon="2.8172888">
<ele>65.97065647384363</ele>
<time>2026-07-14T04:54:50.662Z</time>
</trkpt>
<trkpt lat="42.00965" lon="2.817267500000014">
<ele>66.16973700256486</ele>
<time>2026-07-14T04:54:52.703Z</time>
</trkpt>
<trkpt lat="42.0096711" lon="2.817247000000009">
<ele>66.38746698000138</ele>
<time>2026-07-14T04:54:54.686Z</time>
</trkpt>
<trkpt lat="42.0096938" lon="2.817233899999991">
<ele>66.50510505815846</ele>
<time>2026-07-14T04:54:56.695Z</time>
</trkpt>
<trkpt lat="42.0097183" lon="2.8172241000000042">
<ele>66.633512618312</ele>
<time>2026-07-14T04:54:58.701Z</time>
</trkpt>
<trkpt lat="42.0097445" lon="2.8172213">
<ele>66.71374123251336</ele>
<time>2026-07-14T04:55:00.621Z</time>
</trkpt>
<trkpt lat="42.0097783" lon="2.81721619999999">
<ele>66.58808946969731</ele>
<time>2026-07-14T04:55:02.500Z</time>
</trkpt>
<trkpt lat="42.0098106" lon="2.81720949999999">
<ele>66.46417924591361</ele>
<time>2026-07-14T04:55:04.699Z</time>
</trkpt>
<trkpt lat="42.009839" lon="2.817207200000013">
<ele>66.37302570097903</ele>
<time>2026-07-14T04:55:06.695Z</time>
</trkpt>
<trkpt lat="42.0098675" lon="2.817195400000003">
<ele>66.25005254883862</ele>
<time>2026-07-14T04:55:08.649Z</time>
</trkpt>
<trkpt lat="42.0098887" lon="2.817184499999996">
<ele>66.15674705291853</ele>
<time>2026-07-14T04:55:10.695Z</time>
</trkpt>
<trkpt lat="42.0099162" lon="2.8171833000000106">
<ele>66.0813915429507</ele>
<time>2026-07-14T04:55:12.696Z</time>
</trkpt>
<trkpt lat="42.0099495" lon="2.8171927999999866">
<ele>66.01889710341683</ele>
<time>2026-07-14T04:55:14.695Z</time>
</trkpt>
<trkpt lat="42.0099799" lon="2.817196800000005">
<ele>65.9452789471257</ele>
<time>2026-07-14T04:55:16.695Z</time>
</trkpt>
<trkpt lat="42.0100082" lon="2.817193000000003">
<ele>65.86026811343797</ele>
<time>2026-07-14T04:55:18.695Z</time>
</trkpt>
<trkpt lat="42.010038" lon="2.8171873999999946">
<ele>65.90066598004906</ele>
<time>2026-07-14T04:55:20.696Z</time>
</trkpt>
<trkpt lat="42.0100689" lon="2.8171859999999924">
<ele>65.98444586437493</ele>
<time>2026-07-14T04:55:22.668Z</time>
</trkpt>
<trkpt lat="42.0100988" lon="2.8171911000000023">
<ele>66.06634865994857</ele>
<time>2026-07-14T04:55:24.571Z</time>
</trkpt>
<trkpt lat="42.010128" lon="2.8172031999999945">
<ele>66.13360552302831</ele>
<time>2026-07-14T04:55:26.523Z</time>
</trkpt>
<trkpt lat="42.0101604" lon="2.8172123999999883">
<ele>66.1958859747954</ele>
<time>2026-07-14T04:55:28.524Z</time>
</trkpt>
<trkpt lat="42.0101873" lon="2.817210799999998">
<ele>66.25750434750319</ele>
<time>2026-07-14T04:55:30.539Z</time>
</trkpt>
<trkpt lat="42.0102166" lon="2.817205400000006">
<ele>66.33738998023428</ele>
<time>2026-07-14T04:55:32.586Z</time>
</trkpt>
<trkpt lat="42.0102508" lon="2.8171940999999947">
<ele>66.45814666043917</ele>
<time>2026-07-14T04:55:34.627Z</time>
</trkpt>
<trkpt lat="42.0102764" lon="2.817190900000014">
<ele>66.53782153335976</ele>
<time>2026-07-14T04:55:36.665Z</time>
</trkpt>
<trkpt lat="42.0103065" lon="2.8171867000000077">
<ele>66.57844828713024</ele>
<time>2026-07-14T04:55:38.695Z</time>
</trkpt>
<trkpt lat="42.0103365" lon="2.8171839999999975">
<ele>66.54899584306665</ele>
<time>2026-07-14T04:55:40.695Z</time>
</trkpt>
<trkpt lat="42.010363" lon="2.817183099999994">
<ele>66.51622909312515</ele>
<time>2026-07-14T04:55:42.695Z</time>
</trkpt>
<trkpt lat="42.0104116" lon="2.8171773999999914">
<ele>66.47685054203365</ele>
<time>2026-07-14T04:55:46.437Z</time>
</trkpt>
<trkpt lat="42.0104511" lon="2.8171622000000127">
<ele>66.500583963221</ele>
<time>2026-07-14T04:55:48.683Z</time>
</trkpt>
<trkpt lat="42.0104774" lon="2.8171589000000097">
<ele>66.48292427587118</ele>
<time>2026-07-14T04:55:50.746Z</time>
</trkpt>
<trkpt lat="42.0105025" lon="2.8171528000000023">
<ele>66.48230250063695</ele>
<time>2026-07-14T04:55:52.704Z</time>
</trkpt>
<trkpt lat="42.0105351" lon="2.8171544999999867">
<ele>66.43080729285874</ele>
<time>2026-07-14T04:55:54.695Z</time>
</trkpt>
<trkpt lat="42.0105676" lon="2.8171630999999877">
<ele>66.34087526883884</ele>
<time>2026-07-14T04:55:56.701Z</time>
</trkpt>
<trkpt lat="42.0105913" lon="2.8171735999999896">
<ele>66.31830998358271</ele>
<time>2026-07-14T04:55:58.524Z</time>
</trkpt>
<trkpt lat="42.0106283" lon="2.8171719000000053">
<ele>66.39473344441261</ele>
<time>2026-07-14T04:56:00.666Z</time>
</trkpt>
<trkpt lat="42.0106582" lon="2.81717900000001">
<ele>66.42137777937182</ele>
<time>2026-07-14T04:56:02.481Z</time>
</trkpt>
<trkpt lat="42.0106953" lon="2.8171965999999884">
<ele>66.43638770300618</ele>
<time>2026-07-14T04:56:04.568Z</time>
</trkpt>
<trkpt lat="42.0107393" lon="2.8172104999999874">
<ele>66.5021864156161</ele>
<time>2026-07-14T04:56:06.703Z</time>
</trkpt>
<trkpt lat="42.0107636" lon="2.8172317000000078">
<ele>66.52056144632449</ele>
<time>2026-07-14T04:56:08.661Z</time>
</trkpt>
<trkpt lat="42.0107813" lon="2.817259500000006">
<ele>66.55088909696597</ele>
<time>2026-07-14T04:56:10.611Z</time>
</trkpt>
<trkpt lat="42.0108141" lon="2.8172711999999933">
<ele>66.65539765791056</ele>
<time>2026-07-14T04:56:12.707Z</time>
</trkpt>
<trkpt lat="42.0108427" lon="2.8172816999999952">
<ele>66.74441076535985</ele>
<time>2026-07-14T04:56:14.704Z</time>
</trkpt>
<trkpt lat="42.0108741" lon="2.817292600000002">
<ele>67.01573606403447</ele>
<time>2026-07-14T04:56:16.719Z</time>
</trkpt>
<trkpt lat="42.0109037" lon="2.8173071999999877">
<ele>67.33121847770772</ele>
<time>2026-07-14T04:56:18.696Z</time>
</trkpt>
<trkpt lat="42.010934" lon="2.8173213000000032">
<ele>67.67754584278686</ele>
<time>2026-07-14T04:56:20.695Z</time>
</trkpt>
<trkpt lat="42.0109625" lon="2.8173260000000084">
<ele>67.99738798199265</ele>
<time>2026-07-14T04:56:22.706Z</time>
</trkpt>
<trkpt lat="42.010991" lon="2.8173247999999944">
<ele>68.30070532636738</ele>
<time>2026-07-14T04:56:24.664Z</time>
</trkpt>
<trkpt lat="42.0110193" lon="2.8173210999999867">
<ele>68.58768184941502</ele>
<time>2026-07-14T04:56:26.719Z</time>
</trkpt>
<trkpt lat="42.0110552" lon="2.8173209999999926">
<ele>68.97034456786646</ele>
<time>2026-07-14T04:56:28.695Z</time>
</trkpt>
<trkpt lat="42.0110843" lon="2.8173420999999905">
<ele>69.42329670468709</ele>
<time>2026-07-14T04:56:30.696Z</time>
</trkpt>
<trkpt lat="42.0111188" lon="2.817360199999996">
<ele>69.95212047426176</ele>
<time>2026-07-14T04:56:32.699Z</time>
</trkpt>
<trkpt lat="42.0111478" lon="2.8173677999999995">
<ele>70.00098492998679</ele>
<time>2026-07-14T04:56:34.696Z</time>
</trkpt>
<trkpt lat="42.011174" lon="2.8173802000000023">
<ele>69.96789474023669</ele>
<time>2026-07-14T04:56:36.625Z</time>
</trkpt>
<trkpt lat="42.0112028" lon="2.8173797000000036">
<ele>69.82167657712982</ele>
<time>2026-07-14T04:56:38.695Z</time>
</trkpt>
<trkpt lat="42.01123" lon="2.817387400000001">
<ele>69.74231168755009</ele>
<time>2026-07-14T04:56:40.695Z</time>
</trkpt>
<trkpt lat="42.0112567" lon="2.8173883999999987">
<ele>69.61566442667991</ele>
<time>2026-07-14T04:56:42.759Z</time>
</trkpt>
<trkpt lat="42.0112813" lon="2.817391799999996">
<ele>69.51540066038568</ele>
<time>2026-07-14T04:56:44.647Z</time>
</trkpt>
<trkpt lat="42.0113081" lon="2.8173940000000073">
<ele>69.394842509113</ele>
<time>2026-07-14T04:56:46.696Z</time>
</trkpt>
<trkpt lat="42.0113319" lon="2.817400499999991">
<ele>69.31605530268439</ele>
<time>2026-07-14T04:56:48.677Z</time>
</trkpt>
<trkpt lat="42.0113562" lon="2.817407199999991">
<ele>69.23357335205161</ele>
<time>2026-07-14T04:56:50.625Z</time>
</trkpt>
<trkpt lat="42.0113838" lon="2.817403299999995">
<ele>69.06793932823092</ele>
<time>2026-07-14T04:56:52.708Z</time>
</trkpt>
<trkpt lat="42.0114099" lon="2.817423600000012">
<ele>69.0693593728884</ele>
<time>2026-07-14T04:56:54.625Z</time>
</trkpt>
<trkpt lat="42.0114632" lon="2.8174390000000074">
<ele>69.04817580003846</ele>
<time>2026-07-14T04:56:58.421Z</time>
</trkpt>
<trkpt lat="42.0114898" lon="2.8174458999999956">
<ele>69.02615620163976</ele>
<time>2026-07-14T04:57:00.444Z</time>
</trkpt>
<trkpt lat="42.0115158" lon="2.8174517999999864">
<ele>68.99643543352636</ele>
<time>2026-07-14T04:57:02.461Z</time>
</trkpt>
<trkpt lat="42.0115403" lon="2.817455200000012">
<ele>68.95598921562849</ele>
<time>2026-07-14T04:57:04.485Z</time>
</trkpt>
<trkpt lat="42.0115638" lon="2.817456800000002">
<ele>68.90886038170342</ele>
<time>2026-07-14T04:57:06.501Z</time>
</trkpt>
<trkpt lat="42.0115862" lon="2.817454199999986">
<ele>68.84840342088152</ele>
<time>2026-07-14T04:57:08.524Z</time>
</trkpt>
<trkpt lat="42.0116096" lon="2.8174512999999877">
<ele>68.78620916584555</ele>
<time>2026-07-14T04:57:10.524Z</time>
</trkpt>
<trkpt lat="42.0116343" lon="2.8174462000000062">
<ele>68.71639447222641</ele>
<time>2026-07-14T04:57:12.563Z</time>
</trkpt>
<trkpt lat="42.0116604" lon="2.8174425999999926">
<ele>68.65074855966748</ele>
<time>2026-07-14T04:57:14.579Z</time>
</trkpt>
<trkpt lat="42.0116899" lon="2.8174472000000037">
<ele>68.58538037358963</ele>
<time>2026-07-14T04:57:16.641Z</time>
</trkpt>
<trkpt lat="42.0117133" lon="2.817446999999987">
<ele>68.48913128469627</ele>
<time>2026-07-14T04:57:18.601Z</time>
</trkpt>
<trkpt lat="42.0117412" lon="2.817455999999993">
<ele>68.38910697528733</ele>
<time>2026-07-14T04:57:20.625Z</time>
</trkpt>
<trkpt lat="42.0117708" lon="2.8174610000000087">
<ele>68.2703986133751</ele>
<time>2026-07-14T04:57:22.681Z</time>
</trkpt>
<trkpt lat="42.0117936" lon="2.8174569999999903">
<ele>68.16931329284557</ele>
<time>2026-07-14T04:57:24.641Z</time>
</trkpt>
<trkpt lat="42.0118193" lon="2.8174563000000035">
<ele>68.06034991639265</ele>
<time>2026-07-14T04:57:26.602Z</time>
</trkpt>
<trkpt lat="42.0118418" lon="2.817471399999988">
<ele>67.96947685727707</ele>
<time>2026-07-14T04:57:28.457Z</time>
</trkpt>
<trkpt lat="42.0118794" lon="2.8175000999999895">
<ele>67.79701476948927</ele>
<time>2026-07-14T04:57:30.623Z</time>
</trkpt>
<trkpt lat="42.0119063" lon="2.8175158999999894">
<ele>67.65907086242133</ele>
<time>2026-07-14T04:57:32.599Z</time>
</trkpt>
<trkpt lat="42.011935" lon="2.8175263999999913">
<ele>67.50275617535624</ele>
<time>2026-07-14T04:57:34.558Z</time>
</trkpt>
<trkpt lat="42.0119652" lon="2.817535300000003">
<ele>67.35833978084845</ele>
<time>2026-07-14T04:57:36.566Z</time>
</trkpt>
<trkpt lat="42.0119935" lon="2.817538000000013">
<ele>67.38617498680439</ele>
<time>2026-07-14T04:57:38.622Z</time>
</trkpt>
<trkpt lat="42.0120211" lon="2.8175397999999916">
<ele>67.41421924723832</ele>
<time>2026-07-14T04:57:40.565Z</time>
</trkpt>
<trkpt lat="42.0120474" lon="2.8175348000000042">
<ele>67.45758906522153</ele>
<time>2026-07-14T04:57:42.540Z</time>
</trkpt>
<trkpt lat="42.0120724" lon="2.817521699999986">
<ele>67.51723785907627</ele>
<time>2026-07-14T04:57:44.604Z</time>
</trkpt>
<trkpt lat="42.0120977" lon="2.8175157000000013">
<ele>67.54939843849209</ele>
<time>2026-07-14T04:57:46.539Z</time>
</trkpt>
<trkpt lat="42.0121265" lon="2.8175152000000026">
<ele>67.58378447073846</ele>
<time>2026-07-14T04:57:48.443Z</time>
</trkpt>
<trkpt lat="42.0121565" lon="2.817516299999994">
<ele>67.62002619828179</ele>
<time>2026-07-14T04:57:50.499Z</time>
</trkpt>
<trkpt lat="42.0122013" lon="2.817623200000014">
<ele>67.3126157979615</ele>
<time>2026-07-14T04:57:54.364Z</time>
</trkpt>
<trkpt lat="42.0122467" lon="2.8176526000000024">
<ele>67.1998931648358</ele>
<time>2026-07-14T04:57:56.340Z</time>
</trkpt>
<trkpt lat="42.0122818" lon="2.8176587000000097">
<ele>67.1030711857783</ele>
<time>2026-07-14T04:57:58.339Z</time>
</trkpt>
<trkpt lat="42.0123132" lon="2.8176666999999895">
<ele>67.00755863167113</ele>
<time>2026-07-14T04:58:00.419Z</time>
</trkpt>
<trkpt lat="42.0123441" lon="2.8176717999999994">
<ele>66.92512721351972</ele>
<time>2026-07-14T04:58:02.404Z</time>
</trkpt>
<trkpt lat="42.0123746" lon="2.8176756999999952">
<ele>66.84866267353199</ele>
<time>2026-07-14T04:58:04.459Z</time>
</trkpt>
<trkpt lat="42.0124044" lon="2.8176770999999974">
<ele>66.7832087276369</ele>
<time>2026-07-14T04:58:06.419Z</time>
</trkpt>
<trkpt lat="42.0124324" lon="2.817678900000004">
<ele>66.72016333158268</ele>
<time>2026-07-14T04:58:08.444Z</time>
</trkpt>
<trkpt lat="42.012459" lon="2.8176684999999964">
<ele>66.70276736897597</ele>
<time>2026-07-14T04:58:10.444Z</time>
</trkpt>
<trkpt lat="42.0124874" lon="2.817660200000006">
<ele>66.67317118588682</ele>
<time>2026-07-14T04:58:12.459Z</time>
</trkpt>
<trkpt lat="42.0125267" lon="2.817660100000012">
<ele>66.60617940248662</ele>
<time>2026-07-14T04:58:14.443Z</time>
</trkpt>
<trkpt lat="42.0125593" lon="2.817667499999999">
<ele>66.56747020891706</ele>
<time>2026-07-14T04:58:16.419Z</time>
</trkpt>
<trkpt lat="42.0125958" lon="2.817676199999994">
<ele>66.53310396241433</ele>
<time>2026-07-14T04:58:18.419Z</time>
</trkpt>
<trkpt lat="42.012627" lon="2.817680800000005">
<ele>66.5165452101912</ele>
<time>2026-07-14T04:58:20.419Z</time>
</trkpt>
<trkpt lat="42.0126838" lon="2.8176990999999987">
<ele>66.49401634364959</ele>
<time>2026-07-14T04:58:24.443Z</time>
</trkpt>
<trkpt lat="42.0127178" lon="2.817712499999999">
<ele>66.49776149065717</ele>
<time>2026-07-14T04:58:26.461Z</time>
</trkpt>
<trkpt lat="42.0127533" lon="2.8177254000000005">
<ele>66.51758227972503</ele>
<time>2026-07-14T04:58:28.486Z</time>
</trkpt>
<trkpt lat="42.0127894" lon="2.8177378000000033">
<ele>66.55289271410753</ele>
<time>2026-07-14T04:58:30.487Z</time>
</trkpt>
<trkpt lat="42.0128208" lon="2.8177516000000082">
<ele>66.84795071806772</ele>
<time>2026-07-14T04:58:32.527Z</time>
</trkpt>
<trkpt lat="42.0128504" lon="2.8177684000000056">
<ele>67.21217008969444</ele>
<time>2026-07-14T04:58:34.583Z</time>
</trkpt>
<trkpt lat="42.0128785" lon="2.817780499999998">
<ele>67.56738419319433</ele>
<time>2026-07-14T04:58:36.520Z</time>
</trkpt>
<trkpt lat="42.0129073" lon="2.8177916999999866">
<ele>67.94389810463683</ele>
<time>2026-07-14T04:58:38.505Z</time>
</trkpt>
<trkpt lat="42.0129377" lon="2.8178069999999877">
<ele>68.35970445675441</ele>
<time>2026-07-14T04:58:40.506Z</time>
</trkpt>
<trkpt lat="42.0129704" lon="2.8178264000000013">
<ele>68.78191059767917</ele>
<time>2026-07-14T04:58:42.506Z</time>
</trkpt>
<trkpt lat="42.0129956" lon="2.817842200000001">
<ele>69.11289055130416</ele>
<time>2026-07-14T04:58:44.507Z</time>
</trkpt>
<trkpt lat="42.0130238" lon="2.817852700000003">
<ele>69.4751683060619</ele>
<time>2026-07-14T04:58:46.522Z</time>
</trkpt>
<trkpt lat="42.0130478" lon="2.8178636000000097">
<ele>69.78947167650963</ele>
<time>2026-07-14T04:58:48.362Z</time>
</trkpt>
<trkpt lat="42.0130788" lon="2.8178747000000044">
<ele>70.12598749954917</ele>
<time>2026-07-14T04:58:50.546Z</time>
</trkpt>
<trkpt lat="42.0131049" lon="2.817886200000004">
<ele>70.11751714619128</ele>
<time>2026-07-14T04:58:52.562Z</time>
</trkpt>
<trkpt lat="42.0131329" lon="2.817896300000001">
<ele>70.09016001521115</ele>
<time>2026-07-14T04:58:54.562Z</time>
</trkpt>
<trkpt lat="42.013162" lon="2.817906999999991">
<ele>70.04625509104726</ele>
<time>2026-07-14T04:58:56.587Z</time>
</trkpt>
<trkpt lat="42.0131905" lon="2.8179163000000074">
<ele>69.98889443058644</ele>
<time>2026-07-14T04:58:58.586Z</time>
</trkpt>
<trkpt lat="42.0132201" lon="2.8179216999999994">
<ele>69.9223460583772</ele>
<time>2026-07-14T04:59:00.642Z</time>
</trkpt>
<trkpt lat="42.0132484" lon="2.817924699999992">
<ele>69.85639503144749</ele>
<time>2026-07-14T04:59:02.585Z</time>
</trkpt>
<trkpt lat="42.0132752" lon="2.817929499999991">
<ele>69.78370154415003</ele>
<time>2026-07-14T04:59:04.584Z</time>
</trkpt>
<trkpt lat="42.0133033" lon="2.817934699999995">
<ele>69.69972228326453</ele>
<time>2026-07-14T04:59:06.640Z</time>
</trkpt>
<trkpt lat="42.0133317" lon="2.8179428999999914">
<ele>69.59359167462118</ele>
<time>2026-07-14T04:59:08.600Z</time>
</trkpt>
<trkpt lat="42.0133568" lon="2.817941200000007">
<ele>69.56337086710708</ele>
<time>2026-07-14T04:59:10.663Z</time>
</trkpt>
<trkpt lat="42.0133792" lon="2.8179403000000036">
<ele>69.62967820805588</ele>
<time>2026-07-14T04:59:12.583Z</time>
</trkpt>
<trkpt lat="42.0134053" lon="2.8179514999999924">
<ele>69.66671144030396</ele>
<time>2026-07-14T04:59:14.584Z</time>
</trkpt>
<trkpt lat="42.0134249" lon="2.8179627000000096">
<ele>69.70236284883055</ele>
<time>2026-07-14T04:59:16.584Z</time>
</trkpt>
<trkpt lat="42.0134444" lon="2.8179502000000127">
<ele>69.79333557694369</ele>
<time>2026-07-14T04:59:18.710Z</time>
</trkpt>
<trkpt lat="42.0134641" lon="2.817932899999988">
<ele>69.87081149912147</ele>
<time>2026-07-14T04:59:20.696Z</time>
</trkpt>
<trkpt lat="42.0134808" lon="2.8179251999999906">
<ele>69.91440528839264</ele>
<time>2026-07-14T04:59:22.695Z</time>
</trkpt>
<trkpt lat="42.0134924" lon="2.8179111000000034">
<ele>69.93758660302655</ele>
<time>2026-07-14T04:59:24.647Z</time>
</trkpt>
<trkpt lat="42.0135185" lon="2.8178339000000108">
<ele>69.89262348934908</ele>
<time>2026-07-14T04:59:28.502Z</time>
</trkpt>
<trkpt lat="42.0135249" lon="2.817798900000014">
<ele>69.83334038923243</ele>
<time>2026-07-14T04:59:30.527Z</time>
</trkpt>
<trkpt lat="42.0135291" lon="2.817764799999992">
<ele>69.75138015393657</ele>
<time>2026-07-14T04:59:32.518Z</time>
</trkpt>
<trkpt lat="42.013562" lon="2.8177308999999866">
<ele>69.62819623031629</ele>
<time>2026-07-14T04:59:34.520Z</time>
</trkpt>
<trkpt lat="42.0135729" lon="2.8177022000000136">
<ele>69.56576107017031</ele>
<time>2026-07-14T04:59:36.543Z</time>
</trkpt>
<trkpt lat="42.0135863" lon="2.817671499999989">
<ele>69.50587174724095</ele>
<time>2026-07-14T04:59:38.544Z</time>
</trkpt>
<trkpt lat="42.013626" lon="2.817631299999988">
<ele>69.43439048703996</ele>
<time>2026-07-14T04:59:40.521Z</time>
</trkpt>
<trkpt lat="42.0136364" lon="2.8175966999999957">
<ele>69.38544410342034</ele>
<time>2026-07-14T04:59:42.544Z</time>
</trkpt>
<trkpt lat="42.0136454" lon="2.8175612">
<ele>69.3345566480198</ele>
<time>2026-07-14T04:59:44.545Z</time>
</trkpt>
<trkpt lat="42.0136715" lon="2.817528699999997">
<ele>69.25500385106417</ele>
<time>2026-07-14T04:59:46.561Z</time>
</trkpt>
<trkpt lat="42.013684" lon="2.8175013999999976">
<ele>69.38834250431344</ele>
<time>2026-07-14T04:59:48.585Z</time>
</trkpt>
<trkpt lat="42.0136937" lon="2.8174681000000135">
<ele>69.59104134854645</ele>
<time>2026-07-14T04:59:50.586Z</time>
</trkpt>
<trkpt lat="42.0137026" lon="2.817432300000007">
<ele>69.79957028237375</ele>
<time>2026-07-14T04:59:52.625Z</time>
</trkpt>
<trkpt lat="42.0137185" lon="2.817399899999998">
<ele>69.93914526022388</ele>
<time>2026-07-14T04:59:54.706Z</time>
</trkpt>
<trkpt lat="42.013727" lon="2.8173643000000084">
<ele>70.11634636516992</ele>
<time>2026-07-14T04:59:56.666Z</time>
</trkpt>
<trkpt lat="42.013735" lon="2.8173300999999924">
<ele>70.27529463674352</ele>
<time>2026-07-14T04:59:58.665Z</time>
</trkpt>
<trkpt lat="42.0137988" lon="2.8173414000000037">
<ele>69.82437522996587</ele>
<time>2026-07-14T05:00:00.665Z</time>
</trkpt>
<trkpt lat="42.0138117" lon="2.817314699999997">
<ele>69.86107106934315</ele>
<time>2026-07-14T05:00:02.681Z</time>
</trkpt>
<trkpt lat="42.0138186" lon="2.817280199999999">
<ele>69.9581237236466</ele>
<time>2026-07-14T05:00:04.681Z</time>
</trkpt>
<trkpt lat="42.0140791" lon="2.8183482999999967">
<ele>68.60593868737944</ele>
<time>2026-07-14T05:00:08.666Z</time>
</trkpt>
<trkpt lat="42.0141171" lon="2.8183712999999955">
<ele>68.03743346270865</ele>
<time>2026-07-14T05:00:10.707Z</time>
</trkpt>
<trkpt lat="42.0141504" lon="2.818402700000007">
<ele>67.48270006233396</ele>
<time>2026-07-14T05:00:12.624Z</time>
</trkpt>
<trkpt lat="42.014169" lon="2.8184143000000006">
<ele>67.16155903356216</ele>
<time>2026-07-14T05:00:14.695Z</time>
</trkpt>
<trkpt lat="42.0142072" lon="2.8184526999999946">
<ele>66.76782882274227</ele>
<time>2026-07-14T05:00:16.647Z</time>
</trkpt>
<trkpt lat="42.0142429" lon="2.818472700000001">
<ele>66.68875932846221</ele>
<time>2026-07-14T05:00:18.743Z</time>
</trkpt>
<trkpt lat="42.0142673" lon="2.8185028000000045">
<ele>66.5712489471295</ele>
<time>2026-07-14T05:00:20.680Z</time>
</trkpt>
<trkpt lat="42.014293" lon="2.818545499999999">
<ele>66.39331970271552</ele>
<time>2026-07-14T05:00:22.744Z</time>
</trkpt>
<trkpt lat="42.0143176" lon="2.818573100000009">
<ele>66.25613283574671</ele>
<time>2026-07-14T05:00:24.664Z</time>
</trkpt>
<trkpt lat="42.0143516" lon="2.818600800000013">
<ele>66.09028102260342</ele>
<time>2026-07-14T05:00:26.681Z</time>
</trkpt>
<trkpt lat="42.014371" lon="2.818621500000006">
<ele>65.96695409003661</ele>
<time>2026-07-14T05:00:28.659Z</time>
</trkpt>
<trkpt lat="42.0143977" lon="2.8186421999999993">
<ele>65.929022758674</ele>
<time>2026-07-14T05:00:30.695Z</time>
</trkpt>
<trkpt lat="42.014426" lon="2.8186575999999945">
<ele>66.09645612392258</ele>
<time>2026-07-14T05:00:32.685Z</time>
</trkpt>
<trkpt lat="42.0144619" lon="2.8186613999999963">
<ele>66.04523486411708</ele>
<time>2026-07-14T05:00:34.679Z</time>
</trkpt>
<trkpt lat="42.0144882" lon="2.818680300000011">
<ele>66.34676683654811</ele>
<time>2026-07-14T05:00:36.665Z</time>
</trkpt>
<trkpt lat="42.0145156" lon="2.8186982">
<ele>66.62006161362413</ele>
<time>2026-07-14T05:00:38.706Z</time>
</trkpt>
<trkpt lat="42.0145552" lon="2.818698799999993">
<ele>66.69328043210444</ele>
<time>2026-07-14T05:00:40.740Z</time>
</trkpt>
<trkpt lat="42.0145797" lon="2.818715999999995">
<ele>66.89840323709517</ele>
<time>2026-07-14T05:00:42.701Z</time>
</trkpt>
<trkpt lat="42.0146045" lon="2.8187393999999983">
<ele>67.12873276119336</ele>
<time>2026-07-14T05:00:44.720Z</time>
</trkpt>
<trkpt lat="42.014631" lon="2.8187528999999927">
<ele>67.24132666237286</ele>
<time>2026-07-14T05:00:46.720Z</time>
</trkpt>
<trkpt lat="42.01466" lon="2.8187647999999967">
<ele>67.3169389142088</ele>
<time>2026-07-14T05:00:48.737Z</time>
</trkpt>
<trkpt lat="42.0146878" lon="2.8187791000000004">
<ele>67.38413939020788</ele>
<time>2026-07-14T05:00:50.695Z</time>
</trkpt>
<trkpt lat="42.0147151" lon="2.8187936999999863">
<ele>67.42637258955733</ele>
<time>2026-07-14T05:00:52.695Z</time>
</trkpt>
<trkpt lat="42.0147422" lon="2.818811299999993">
<ele>67.45367008061</ele>
<time>2026-07-14T05:00:54.695Z</time>
</trkpt>
<trkpt lat="42.0147709" lon="2.818830300000002">
<ele>67.40624060931233</ele>
<time>2026-07-14T05:00:56.763Z</time>
</trkpt>
<trkpt lat="42.0147998" lon="2.8188426000000106">
<ele>67.31264937671462</ele>
<time>2026-07-14T05:00:58.740Z</time>
</trkpt>
<trkpt lat="42.0148236" lon="2.8188623000000064">
<ele>67.24059427408588</ele>
<time>2026-07-14T05:01:00.764Z</time>
</trkpt>
<trkpt lat="42.0148483" lon="2.818884099999991">
<ele>67.14263031779258</ele>
<time>2026-07-14T05:01:02.766Z</time>
</trkpt>
<trkpt lat="42.014873" lon="2.8189061999999865">
<ele>67.01776954903714</ele>
<time>2026-07-14T05:01:04.695Z</time>
</trkpt>
<trkpt lat="42.014898" lon="2.8189323">
<ele>67.0860071968361</ele>
<time>2026-07-14T05:01:06.695Z</time>
</trkpt>
<trkpt lat="42.0149248" lon="2.818956799999995">
<ele>67.19695401227096</ele>
<time>2026-07-14T05:01:08.696Z</time>
</trkpt>
<trkpt lat="42.0149499" lon="2.818979000000013">
<ele>67.25454644811475</ele>
<time>2026-07-14T05:01:10.698Z</time>
</trkpt>
<trkpt lat="42.014963" lon="2.8190231000000097">
<ele>67.62708183794913</ele>
<time>2026-07-14T05:01:12.764Z</time>
</trkpt>
<trkpt lat="42.0149878" lon="2.8190442000000075">
<ele>67.59685788065495</ele>
<time>2026-07-14T05:01:14.763Z</time>
</trkpt>
<trkpt lat="42.0150117" lon="2.8190607999999884">
<ele>67.50110325883908</ele>
<time>2026-07-14T05:01:16.764Z</time>
</trkpt>
<trkpt lat="42.0150376" lon="2.8190773000000036">
<ele>67.50062494504276</ele>
<time>2026-07-14T05:01:18.741Z</time>
</trkpt>
<trkpt lat="42.0150663" lon="2.8190926000000047">
<ele>67.51655029699137</ele>
<time>2026-07-14T05:01:20.727Z</time>
</trkpt>
<trkpt lat="42.0150957" lon="2.8191085999999927">
<ele>67.48383816597409</ele>
<time>2026-07-14T05:01:22.702Z</time>
</trkpt>
<trkpt lat="42.01512" lon="2.819127299999991">
<ele>67.437088486044</ele>
<time>2026-07-14T05:01:24.760Z</time>
</trkpt>
<trkpt lat="42.0151457" lon="2.8191433000000075">
<ele>67.32439307015031</ele>
<time>2026-07-14T05:01:26.705Z</time>
</trkpt>
<trkpt lat="42.015173" lon="2.8191657000000134">
<ele>67.15817716837459</ele>
<time>2026-07-14T05:01:28.681Z</time>
</trkpt>
<trkpt lat="42.0151968" lon="2.8191936999999996">
<ele>66.9580857065453</ele>
<time>2026-07-14T05:01:30.666Z</time>
</trkpt>
<trkpt lat="42.0152237" lon="2.8192179000000124">
<ele>67.08674085564515</ele>
<time>2026-07-14T05:01:32.642Z</time>
</trkpt>
<trkpt lat="42.0152505" lon="2.8192426999999896">
<ele>67.26282707801269</ele>
<time>2026-07-14T05:01:34.619Z</time>
</trkpt>
<trkpt lat="42.0152768" lon="2.8192650000000015">
<ele>67.43688241148374</ele>
<time>2026-07-14T05:01:36.579Z</time>
</trkpt>
<trkpt lat="42.0153039" lon="2.8192874000000074">
<ele>67.66982030729675</ele>
<time>2026-07-14T05:01:38.539Z</time>
</trkpt>
<trkpt lat="42.0153282" lon="2.819311099999993">
<ele>68.05403052864611</ele>
<time>2026-07-14T05:01:40.524Z</time>
</trkpt>
<trkpt lat="42.015352" lon="2.819336600000014">
<ele>68.43146118357187</ele>
<time>2026-07-14T05:01:42.500Z</time>
</trkpt>
<trkpt lat="42.0153737" lon="2.8193620000000124">
<ele>68.77487169055725</ele>
<time>2026-07-14T05:01:44.460Z</time>
</trkpt>
<trkpt lat="42.0153936" lon="2.819392999999991">
<ele>69.17310472962329</ele>
<time>2026-07-14T05:01:46.420Z</time>
</trkpt>
<trkpt lat="42.0154159" lon="2.819422599999996">
<ele>69.49956380724561</ele>
<time>2026-07-14T05:01:48.444Z</time>
</trkpt>
<trkpt lat="42.0154375" lon="2.8194488999999976">
<ele>69.74341796920955</ele>
<time>2026-07-14T05:01:50.325Z</time>
</trkpt>
<trkpt lat="42.0154571" lon="2.819478900000007">
<ele>69.98397480843823</ele>
<time>2026-07-14T05:01:52.324Z</time>
</trkpt>
<trkpt lat="42.0154713" lon="2.8195130000000006">
<ele>70.22728548553827</ele>
<time>2026-07-14T05:01:54.220Z</time>
</trkpt>
<trkpt lat="42.0154842" lon="2.819546800000012">
<ele>70.5178496873566</ele>
<time>2026-07-14T05:01:56.180Z</time>
</trkpt>
<trkpt lat="42.0155007" lon="2.81958130000001">
<ele>70.85293663161465</ele>
<time>2026-07-14T05:01:58.125Z</time>
</trkpt>
<trkpt lat="42.0155233" lon="2.8196052000000122">
<ele>71.11440984181137</ele>
<time>2026-07-14T05:02:00.126Z</time>
</trkpt>
<trkpt lat="42.0155329" lon="2.819644399999987">
<ele>71.61034742209318</ele>
<time>2026-07-14T05:02:02.005Z</time>
</trkpt>
<trkpt lat="42.0155398" lon="2.819687899999991">
<ele>72.18894242074363</ele>
<time>2026-07-14T05:02:03.998Z</time>
</trkpt>
<trkpt lat="42.0155474" lon="2.8197265000000016">
<ele>72.73470354354264</ele>
<time>2026-07-14T05:02:05.943Z</time>
</trkpt>
<trkpt lat="42.0155579" lon="2.8197640999999862">
<ele>73.01531141417466</ele>
<time>2026-07-14T05:02:07.943Z</time>
</trkpt>
<trkpt lat="42.0155719" lon="2.819796200000013">
<ele>72.85221954163617</ele>
<time>2026-07-14T05:02:09.903Z</time>
</trkpt>
<trkpt lat="42.0155799" lon="2.819831300000004">
<ele>72.5499894776582</ele>
<time>2026-07-14T05:02:11.839Z</time>
</trkpt>
<trkpt lat="42.0155865" lon="2.8198653999999976">
<ele>72.17500624122164</ele>
<time>2026-07-14T05:02:13.823Z</time>
</trkpt>
<trkpt lat="42.0155967" lon="2.819906099999997">
<ele>71.70567093393508</ele>
<time>2026-07-14T05:02:15.782Z</time>
</trkpt>
<trkpt lat="42.0155986" lon="2.8199433000000056">
<ele>71.3995258874081</ele>
<time>2026-07-14T05:02:17.760Z</time>
</trkpt>
<trkpt lat="42.0155991" lon="2.819981200000001">
<ele>71.11024841742375</ele>
<time>2026-07-14T05:02:19.743Z</time>
</trkpt>
<trkpt lat="42.0155974" lon="2.8200185999999974">
<ele>70.85326516984468</ele>
<time>2026-07-14T05:02:21.745Z</time>
</trkpt>
<trkpt lat="42.0155951" lon="2.820059200000003">
<ele>70.55968807157213</ele>
<time>2026-07-14T05:02:23.722Z</time>
</trkpt>
<trkpt lat="42.0155967" lon="2.82009579999999">
<ele>70.2480687028593</ele>
<time>2026-07-14T05:02:25.682Z</time>
</trkpt>
<trkpt lat="42.0155951" lon="2.82013409999999">
<ele>69.95563120625529</ele>
<time>2026-07-14T05:02:27.666Z</time>
</trkpt>
<trkpt lat="42.0155893" lon="2.8201774000000057">
<ele>69.65136616381768</ele>
<time>2026-07-14T05:02:29.619Z</time>
</trkpt>
<trkpt lat="42.0155809" lon="2.820210599999996">
<ele>69.43408562993943</ele>
<time>2026-07-14T05:02:31.579Z</time>
</trkpt>
<trkpt lat="42.0155709" lon="2.8202454000000046">
<ele>69.28325939968141</ele>
<time>2026-07-14T05:02:33.539Z</time>
</trkpt>
<trkpt lat="42.0155633" lon="2.8202856999999995">
<ele>69.11597225614715</ele>
<time>2026-07-14T05:02:35.499Z</time>
</trkpt>
<trkpt lat="42.015556" lon="2.8203188999999895">
<ele>69.0101944862483</ele>
<time>2026-07-14T05:02:37.444Z</time>
</trkpt>
<trkpt lat="42.0155477" lon="2.820356199999992">
<ele>68.85448139029913</ele>
<time>2026-07-14T05:02:39.405Z</time>
</trkpt>
<trkpt lat="42.015538" lon="2.8203967999999975">
<ele>68.66797051163994</ele>
<time>2026-07-14T05:02:41.340Z</time>
</trkpt>
<trkpt lat="42.0155312" lon="2.8204331999999965">
<ele>68.43901794175103</ele>
<time>2026-07-14T05:02:43.302Z</time>
</trkpt>
<trkpt lat="42.0155229" lon="2.820469900000006">
<ele>68.21016980881137</ele>
<time>2026-07-14T05:02:45.261Z</time>
</trkpt>
<trkpt lat="42.0155185" lon="2.8205125000000066">
<ele>67.83756837269456</ele>
<time>2026-07-14T05:02:47.245Z</time>
</trkpt>
<trkpt lat="42.0155108" lon="2.8205489000000057">
<ele>67.55675327746788</ele>
<time>2026-07-14T05:02:49.206Z</time>
</trkpt>
<trkpt lat="42.0155013" lon="2.820583499999998">
<ele>67.29238859389656</ele>
<time>2026-07-14T05:02:51.159Z</time>
</trkpt>
<trkpt lat="42.015496" lon="2.8206203000000016">
<ele>67.26960269027803</ele>
<time>2026-07-14T05:02:53.119Z</time>
</trkpt>
<trkpt lat="42.0154914" lon="2.820654399999995">
<ele>67.23807772640342</ele>
<time>2026-07-14T05:02:55.080Z</time>
</trkpt>
<trkpt lat="42.0154838" lon="2.820687200000009">
<ele>67.21964060674104</ele>
<time>2026-07-14T05:02:57.066Z</time>
</trkpt>
<trkpt lat="42.0154781" lon="2.820723600000008">
<ele>67.1607594932586</ele>
<time>2026-07-14T05:02:59.106Z</time>
</trkpt>
<trkpt lat="42.0154691" lon="2.820761400000009">
<ele>67.09662884479975</ele>
<time>2026-07-14T05:03:01.084Z</time>
</trkpt>
<trkpt lat="42.0154571" lon="2.8207980999999904">
<ele>67.01954556562386</ele>
<time>2026-07-14T05:03:03.021Z</time>
</trkpt>
<trkpt lat="42.0154486" lon="2.8208371999999997">
<ele>66.89370033812362</ele>
<time>2026-07-14T05:03:05.040Z</time>
</trkpt>
<trkpt lat="42.0154389" lon="2.820882299999994">
<ele>66.7235692550821</ele>
<time>2026-07-14T05:03:07.025Z</time>
</trkpt>
<trkpt lat="42.0154322" lon="2.820914799999997">
<ele>66.59916050837538</ele>
<time>2026-07-14T05:03:09.042Z</time>
</trkpt>
<trkpt lat="42.0154277" lon="2.82095129999999">
<ele>66.45698553568701</ele>
<time>2026-07-14T05:03:11.043Z</time>
</trkpt>
<trkpt lat="42.0154219" lon="2.8209918000000016">
<ele>66.29859677910886</ele>
<time>2026-07-14T05:03:13.044Z</time>
</trkpt>
<trkpt lat="42.0154166" lon="2.821031000000005">
<ele>66.14418337258037</ele>
<time>2026-07-14T05:03:15.045Z</time>
</trkpt>
<trkpt lat="42.0154114" lon="2.8210698999999977">
<ele>65.98999152811211</ele>
<time>2026-07-14T05:03:17.046Z</time>
</trkpt>
<trkpt lat="42.0154081" lon="2.8211042000000077">
<ele>65.85317912986079</ele>
<time>2026-07-14T05:03:18.863Z</time>
</trkpt>
<trkpt lat="42.0154029" lon="2.8211450999999954">
<ele>65.73046825635825</ele>
<time>2026-07-14T05:03:20.695Z</time>
</trkpt>
<trkpt lat="42.0153949" lon="2.8211814999999945">
<ele>65.9122978684513</ele>
<time>2026-07-14T05:03:22.680Z</time>
</trkpt>
<trkpt lat="42.0153929" lon="2.8212206000000037">
<ele>66.10938160272745</ele>
<time>2026-07-14T05:03:24.704Z</time>
</trkpt>
<trkpt lat="42.0153874" lon="2.8212580000000003">
<ele>66.30536618044388</ele>
<time>2026-07-14T05:03:26.681Z</time>
</trkpt>
<trkpt lat="42.0153822" lon="2.821296100000012">
<ele>66.50982435946182</ele>
<time>2026-07-14T05:03:28.667Z</time>
</trkpt>
<trkpt lat="42.0153778" lon="2.8213317000000018">
<ele>66.70447625635977</ele>
<time>2026-07-14T05:03:30.483Z</time>
</trkpt>
<trkpt lat="42.0153712" lon="2.821374600000013">
<ele>66.94859409349712</ele>
<time>2026-07-14T05:03:32.695Z</time>
</trkpt>
<trkpt lat="42.0153604" lon="2.8214135999999996">
<ele>67.19438922596531</ele>
<time>2026-07-14T05:03:34.695Z</time>
</trkpt>
<trkpt lat="42.0153468" lon="2.821450900000002">
<ele>67.11763016453837</ele>
<time>2026-07-14T05:03:36.580Z</time>
</trkpt>
<trkpt lat="42.0153366" lon="2.8214869999999905">
<ele>66.97011465779974</ele>
<time>2026-07-14T05:03:38.406Z</time>
</trkpt>
<trkpt lat="42.0153257" lon="2.821529400000003">
<ele>66.77819272241565</ele>
<time>2026-07-14T05:03:40.695Z</time>
</trkpt>
<trkpt lat="42.0153022" lon="2.8215961999999877">
<ele>66.44542089659986</ele>
<time>2026-07-14T05:03:44.696Z</time>
</trkpt>
<trkpt lat="42.0152925" lon="2.821632099999988">
<ele>66.23718945797012</ele>
<time>2026-07-14T05:03:46.661Z</time>
</trkpt>
<trkpt lat="42.0152886" lon="2.8216754000000037">
<ele>65.9902980349954</ele>
<time>2026-07-14T05:03:48.766Z</time>
</trkpt>
<trkpt lat="42.0152844" lon="2.8217156999999986">
<ele>65.84135730128983</ele>
<time>2026-07-14T05:03:50.695Z</time>
</trkpt>
<trkpt lat="42.0152756" lon="2.8217586000000097">
<ele>65.78189694517724</ele>
<time>2026-07-14T05:03:52.766Z</time>
</trkpt>
<trkpt lat="42.0152669" lon="2.821796000000006">
<ele>65.73703437176044</ele>
<time>2026-07-14T05:03:54.742Z</time>
</trkpt>
<trkpt lat="42.0152584" lon="2.8218352000000095">
<ele>65.69735113813631</ele>
<time>2026-07-14T05:03:56.718Z</time>
</trkpt>
<trkpt lat="42.0152518" lon="2.821858800000001">
<ele>65.67828660051208</ele>
<time>2026-07-14T05:03:58.695Z</time>
</trkpt>
<trkpt lat="42.0152445" lon="2.821895799999993">
<ele>65.65144659675411</ele>
<time>2026-07-14T05:04:00.679Z</time>
</trkpt>
<trkpt lat="42.0152362" lon="2.8219311000000005">
<ele>65.63361607117749</ele>
<time>2026-07-14T05:04:02.599Z</time>
</trkpt>
<trkpt lat="42.0152261" lon="2.82196669999999">
<ele>65.62573711723206</ele>
<time>2026-07-14T05:04:04.696Z</time>
</trkpt>
<trkpt lat="42.0152139" lon="2.8220057999999995">
<ele>65.6763099521368</ele>
<time>2026-07-14T05:04:06.721Z</time>
</trkpt>
<trkpt lat="42.0152077" lon="2.8220439000000113">
<ele>65.72485226184544</ele>
<time>2026-07-14T05:04:08.695Z</time>
</trkpt>
<trkpt lat="42.015204" lon="2.8220843999999943">
<ele>65.76931650308033</ele>
<time>2026-07-14T05:04:10.683Z</time>
</trkpt>
<trkpt lat="42.0152111" lon="2.8221182000000056">
<ele>65.79028202868878</ele>
<time>2026-07-14T05:04:12.695Z</time>
</trkpt>
<trkpt lat="42.015211" lon="2.822152299999999">
<ele>65.82329076439902</ele>
<time>2026-07-14T05:04:14.695Z</time>
</trkpt>
<trkpt lat="42.0152075" lon="2.8221861000000104">
<ele>65.85993931380689</ele>
<time>2026-07-14T05:04:16.695Z</time>
</trkpt>
<trkpt lat="42.0152074" lon="2.8222228999999857">
<ele>65.89490350226032</ele>
<time>2026-07-14T05:04:18.695Z</time>
</trkpt>
<trkpt lat="42.0152282" lon="2.822298100000012">
<ele>65.85159642568854</ele>
<time>2026-07-14T05:04:22.695Z</time>
</trkpt>
<trkpt lat="42.0152421" lon="2.8223364000000117">
<ele>65.79593024024638</ele>
<time>2026-07-14T05:04:24.695Z</time>
</trkpt>
<trkpt lat="42.0152597" lon="2.8223752000000104">
<ele>65.73959654948729</ele>
<time>2026-07-14T05:04:26.695Z</time>
</trkpt>
<trkpt lat="42.0152705" lon="2.8224183000000096">
<ele>65.68480520361794</ele>
<time>2026-07-14T05:04:28.783Z</time>
</trkpt>
<trkpt lat="42.0152766" lon="2.8224548000000027">
<ele>65.64123461248477</ele>
<time>2026-07-14T05:04:30.695Z</time>
</trkpt>
<trkpt lat="42.0152805" lon="2.8225004999999896">
<ele>65.58927273298504</ele>
<time>2026-07-14T05:04:32.696Z</time>
</trkpt>
<trkpt lat="42.0152831" lon="2.8225392999999883">
<ele>65.55483107179576</ele>
<time>2026-07-14T05:04:34.720Z</time>
</trkpt>
<trkpt lat="42.0152881" lon="2.8225782000000095">
<ele>65.55590664909695</ele>
<time>2026-07-14T05:04:36.695Z</time>
</trkpt>
<trkpt lat="42.0152888" lon="2.8226146000000085">
<ele>65.55822995713164</ele>
<time>2026-07-14T05:04:38.695Z</time>
</trkpt>
<trkpt lat="42.0152827" lon="2.8226568999999984">
<ele>65.5568694221509</ele>
<time>2026-07-14T05:04:40.695Z</time>
</trkpt>
<trkpt lat="42.0152702" lon="2.8226999999999975">
<ele>65.54529794325491</ele>
<time>2026-07-14T05:04:42.696Z</time>
</trkpt>
<trkpt lat="42.0152512" lon="2.8227415000000065">
<ele>65.51743887882718</ele>
<time>2026-07-14T05:04:44.641Z</time>
</trkpt>
<trkpt lat="42.0152336" lon="2.822776900000008">
<ele>65.48208405068026</ele>
<time>2026-07-14T05:04:46.586Z</time>
</trkpt>
<trkpt lat="42.0152192" lon="2.822808100000003">
<ele>65.44512186409928</ele>
<time>2026-07-14T05:04:48.580Z</time>
</trkpt>
<trkpt lat="42.0152024" lon="2.822841899999986">
<ele>65.33339808851258</ele>
<time>2026-07-14T05:04:50.723Z</time>
</trkpt>
<trkpt lat="42.0151733" lon="2.8229061000000115">
<ele>65.1143783532334</ele>
<time>2026-07-14T05:04:54.524Z</time>
</trkpt>
<trkpt lat="42.0151639" lon="2.822942899999987">
<ele>65.000314955202</ele>
<time>2026-07-14T05:04:56.372Z</time>
</trkpt>
<trkpt lat="42.0151531" lon="2.8229896999999937">
<ele>64.85546648782224</ele>
<time>2026-07-14T05:04:58.695Z</time>
</trkpt>
<trkpt lat="42.0151581" lon="2.8230350000000044">
<ele>64.74921171514188</ele>
<time>2026-07-14T05:05:00.624Z</time>
</trkpt>
<trkpt lat="42.0151409" lon="2.823110600000007">
<ele>64.56401107946793</ele>
<time>2026-07-14T05:05:04.483Z</time>
</trkpt>
<trkpt lat="42.0151308" lon="2.823155200000002">
<ele>64.53203565388793</ele>
<time>2026-07-14T05:05:06.695Z</time>
</trkpt>
<trkpt lat="42.0151201" lon="2.823192199999994">
<ele>64.50682652662076</ele>
<time>2026-07-14T05:05:08.675Z</time>
</trkpt>
<trkpt lat="42.0151088" lon="2.8232304">
<ele>64.48677149650112</ele>
<time>2026-07-14T05:05:10.699Z</time>
</trkpt>
<trkpt lat="42.0151017" lon="2.823270100000002">
<ele>64.47791100013089</ele>
<time>2026-07-14T05:05:12.695Z</time>
</trkpt>
<trkpt lat="42.0150984" lon="2.8233127999999965">
<ele>64.47644858033244</ele>
<time>2026-07-14T05:05:14.695Z</time>
</trkpt>
<trkpt lat="42.0150892" lon="2.8233538000000067">
<ele>64.47438341164428</ele>
<time>2026-07-14T05:05:16.696Z</time>
</trkpt>
<trkpt lat="42.0150761" lon="2.823391600000008">
<ele>64.45467479647259</ele>
<time>2026-07-14T05:05:18.698Z</time>
</trkpt>
<trkpt lat="42.0150654" lon="2.8234285999999997">
<ele>64.4321470074866</ele>
<time>2026-07-14T05:05:20.695Z</time>
</trkpt>
<trkpt lat="42.0150552" lon="2.823463299999986">
<ele>64.41634580823904</ele>
<time>2026-07-14T05:05:22.683Z</time>
</trkpt>
<trkpt lat="42.0150486" lon="2.8234964000000105">
<ele>64.40421444360135</ele>
<time>2026-07-14T05:05:24.683Z</time>
</trkpt>
<trkpt lat="42.0150381" lon="2.823535700000008">
<ele>64.39633635942103</ele>
<time>2026-07-14T05:05:26.706Z</time>
</trkpt>
<trkpt lat="42.015029" lon="2.8235770999999943">
<ele>64.39223010370247</ele>
<time>2026-07-14T05:05:28.682Z</time>
</trkpt>
<trkpt lat="42.0150248" lon="2.823618600000003">
<ele>64.38627828772866</ele>
<time>2026-07-14T05:05:30.643Z</time>
</trkpt>
<trkpt lat="42.0150158" lon="2.8236583000000053">
<ele>64.48405294795467</ele>
<time>2026-07-14T05:05:32.619Z</time>
</trkpt>
<trkpt lat="42.0150086" lon="2.8236980000000074">
<ele>64.76852496079738</ele>
<time>2026-07-14T05:05:34.603Z</time>
</trkpt>
<trkpt lat="42.0150028" lon="2.8237338000000136">
<ele>65.01876476200377</ele>
<time>2026-07-14T05:05:36.563Z</time>
</trkpt>
<trkpt lat="42.0149985" lon="2.8237742999999966">
<ele>65.3049210176418</ele>
<time>2026-07-14T05:05:38.523Z</time>
</trkpt>
<trkpt lat="42.0149913" lon="2.823814199999987">
<ele>65.56074692464061</ele>
<time>2026-07-14T05:05:40.485Z</time>
</trkpt>
<trkpt lat="42.0149845" lon="2.823853299999996">
<ele>65.8022738924667</ele>
<time>2026-07-14T05:05:42.696Z</time>
</trkpt>
<trkpt lat="42.0149729" lon="2.8238930999999923">
<ele>65.99946335185805</ele>
<time>2026-07-14T05:05:44.696Z</time>
</trkpt>
<trkpt lat="42.014957" lon="2.8239308999999935">
<ele>66.11796009352045</ele>
<time>2026-07-14T05:05:46.695Z</time>
</trkpt>
<trkpt lat="42.0149456" lon="2.8239643">
<ele>66.20726555793792</ele>
<time>2026-07-14T05:05:48.695Z</time>
</trkpt>
<trkpt lat="42.014925" lon="2.823995200000013">
<ele>66.188374468677</ele>
<time>2026-07-14T05:05:50.696Z</time>
</trkpt>
<trkpt lat="42.0149064" lon="2.824017099999992">
<ele>66.12859542221331</ele>
<time>2026-07-14T05:05:52.695Z</time>
</trkpt>
<trkpt lat="42.0148831" lon="2.824039199999987">
<ele>66.01519225848978</ele>
<time>2026-07-14T05:05:54.686Z</time>
</trkpt>
<trkpt lat="42.0148534" lon="2.824047699999994">
<ele>65.76253768983756</ele>
<time>2026-07-14T05:05:56.696Z</time>
</trkpt>
<trkpt lat="42.0148277" lon="2.824066700000003">
<ele>65.59169212938494</ele>
<time>2026-07-14T05:05:58.695Z</time>
</trkpt>
<trkpt lat="42.0148073" lon="2.824084599999992">
<ele>65.46097525420538</ele>
<time>2026-07-14T05:06:00.695Z</time>
</trkpt>
<trkpt lat="42.014789" lon="2.8241151999999943">
<ele>65.39650238561175</ele>
<time>2026-07-14T05:06:02.639Z</time>
</trkpt>
<trkpt lat="42.0147705" lon="2.8241514999999993">
<ele>65.34052201933098</ele>
<time>2026-07-14T05:06:04.664Z</time>
</trkpt>
<trkpt lat="42.0147739" lon="2.824206199999992">
<ele>65.53067763254947</ele>
<time>2026-07-14T05:06:06.695Z</time>
</trkpt>
<trkpt lat="42.0147622" lon="2.8242481000000055">
<ele>65.12256397533903</ele>
<time>2026-07-14T05:06:08.639Z</time>
</trkpt>
<trkpt lat="42.0147476" lon="2.8242832999999905">
<ele>64.71592732815864</ele>
<time>2026-07-14T05:06:10.703Z</time>
</trkpt>
<trkpt lat="42.0147337" lon="2.8243129999999894">
<ele>64.33137220828237</ele>
<time>2026-07-14T05:06:12.775Z</time>
</trkpt>
<trkpt lat="42.0147214" lon="2.824343099999993">
<ele>63.96147187880043</ele>
<time>2026-07-14T05:06:14.599Z</time>
</trkpt>
<trkpt lat="42.0147023" lon="2.824379300000004">
<ele>63.464528082654624</ele>
<time>2026-07-14T05:06:16.759Z</time>
</trkpt>
<trkpt lat="42.0146852" lon="2.8244046000000083">
<ele>63.07228707614873</ele>
<time>2026-07-14T05:06:18.695Z</time>
</trkpt>
<trkpt lat="42.0146645" lon="2.8244300000000067">
<ele>62.63747497253098</ele>
<time>2026-07-14T05:06:20.719Z</time>
</trkpt>
<trkpt lat="42.0146408" lon="2.8244477000000074">
<ele>62.21642881536574</ele>
<time>2026-07-14T05:06:22.719Z</time>
</trkpt>
<trkpt lat="42.014633" lon="2.8244795999999894">
<ele>61.94061502044666</ele>
<time>2026-07-14T05:06:24.703Z</time>
</trkpt>
<trkpt lat="42.0146296" lon="2.8245081000000027">
<ele>62.107429491488325</ele>
<time>2026-07-14T05:06:26.623Z</time>
</trkpt>
<trkpt lat="42.0146209" lon="2.824540600000006">
<ele>62.209101761078664</ele>
<time>2026-07-14T05:06:28.663Z</time>
</trkpt>
<trkpt lat="42.0146137" lon="2.824570499999993">
<ele>62.292473874357846</ele>
<time>2026-07-14T05:06:30.696Z</time>
</trkpt>
<trkpt lat="42.0145995" lon="2.8246024000000034">
<ele>62.23471986107606</ele>
<time>2026-07-14T05:06:32.760Z</time>
</trkpt>
<trkpt lat="42.0145775" lon="2.824629399999992">
<ele>61.94907172646683</ele>
<time>2026-07-14T05:06:34.695Z</time>
</trkpt>
<trkpt lat="42.014542" lon="2.82462799999999">
<ele>61.22445348686088</ele>
<time>2026-07-14T05:06:36.695Z</time>
</trkpt>
<trkpt lat="42.0145301" lon="2.8246374999999944">
<ele>61.00845162321258</ele>
<time>2026-07-14T05:06:38.585Z</time>
</trkpt>
<trkpt lat="42.0145196" lon="2.824663700000002">
<ele>60.845860030943115</ele>
<time>2026-07-14T05:06:40.561Z</time>
</trkpt>
<trkpt lat="42.0145131" lon="2.8247049000000004">
<ele>60.775996300956464</ele>
<time>2026-07-14T05:06:42.539Z</time>
</trkpt>
<trkpt lat="42.0145024" lon="2.824737099999993">
<ele>60.56002057821563</ele>
<time>2026-07-14T05:06:44.523Z</time>
</trkpt>
<trkpt lat="42.014489" lon="2.8247795999999994">
<ele>60.244244437031725</ele>
<time>2026-07-14T05:06:46.500Z</time>
</trkpt>
<trkpt lat="42.0144759" lon="2.82480799999999">
<ele>59.974435523181214</ele>
<time>2026-07-14T05:06:48.696Z</time>
</trkpt>
<trkpt lat="42.0144586" lon="2.824835400000012">
<ele>59.8349778514218</ele>
<time>2026-07-14T05:06:50.695Z</time>
</trkpt>
<trkpt lat="42.01444" lon="2.824870599999997">
<ele>60.01866049681227</ele>
<time>2026-07-14T05:06:52.760Z</time>
</trkpt>
<trkpt lat="42.0144276" lon="2.824898999999988">
<ele>60.133004343320415</ele>
<time>2026-07-14T05:06:54.695Z</time>
</trkpt>
<trkpt lat="42.0144097" lon="2.8249236999999994">
<ele>60.24466594489138</ele>
<time>2026-07-14T05:06:56.695Z</time>
</trkpt>
<trkpt lat="42.0143889" lon="2.8249515999999915">
<ele>60.347089880028705</ele>
<time>2026-07-14T05:06:58.625Z</time>
</trkpt>
<trkpt lat="42.0143681" lon="2.8249840000000006">
<ele>60.42382600961194</ele>
<time>2026-07-14T05:07:00.724Z</time>
</trkpt>
<trkpt lat="42.0143472" lon="2.8250130000000127">
<ele>60.46861200226536</ele>
<time>2026-07-14T05:07:02.725Z</time>
</trkpt>
<trkpt lat="42.0143279" lon="2.825045899999992">
<ele>60.51323549693822</ele>
<time>2026-07-14T05:07:04.686Z</time>
</trkpt>
<trkpt lat="42.0143145" lon="2.8250719000000117">
<ele>60.589068415681616</ele>
<time>2026-07-14T05:07:06.695Z</time>
</trkpt>
<trkpt lat="42.014296" lon="2.8250968000000114">
<ele>60.668766219986026</ele>
<time>2026-07-14T05:07:08.624Z</time>
</trkpt>
<trkpt lat="42.0142734" lon="2.825127199999997">
<ele>60.76793623897443</ele>
<time>2026-07-14T05:07:10.625Z</time>
</trkpt>
<trkpt lat="42.0142526" lon="2.825162000000006">
<ele>60.878009395753516</ele>
<time>2026-07-14T05:07:12.584Z</time>
</trkpt>
<trkpt lat="42.0142351" lon="2.8251961999999935">
<ele>60.984675117327804</ele>
<time>2026-07-14T05:07:14.520Z</time>
</trkpt>
<trkpt lat="42.0142169" lon="2.8252319999999997">
<ele>61.09808170177827</ele>
<time>2026-07-14T05:07:16.504Z</time>
</trkpt>
<trkpt lat="42.0141978" lon="2.825265800000011">
<ele>61.2094721582974</ele>
<time>2026-07-14T05:07:18.464Z</time>
</trkpt>
<trkpt lat="42.0141754" lon="2.8252960000000087">
<ele>61.0639552524318</ele>
<time>2026-07-14T05:07:20.441Z</time>
</trkpt>
<trkpt lat="42.0141542" lon="2.8253275000000144">
<ele>60.410223557516076</ele>
<time>2026-07-14T05:07:22.401Z</time>
</trkpt>
<trkpt lat="42.0141343" lon="2.825358399999999">
<ele>59.57106103926267</ele>
<time>2026-07-14T05:07:24.361Z</time>
</trkpt>
<trkpt lat="42.0140943" lon="2.82542380000001">
<ele>58.0313649228677</ele>
<time>2026-07-14T05:07:28.264Z</time>
</trkpt>
<trkpt lat="42.0140744" lon="2.8254559000000086">
<ele>57.36563898343462</ele>
<time>2026-07-14T05:07:30.200Z</time>
</trkpt>
<trkpt lat="42.0140569" lon="2.825488699999994">
<ele>56.79049048201537</ele>
<time>2026-07-14T05:07:32.184Z</time>
</trkpt>
<trkpt lat="42.0140405" lon="2.825523299999986">
<ele>56.27069336951345</ele>
<time>2026-07-14T05:07:34.143Z</time>
</trkpt>
<trkpt lat="42.0140253" lon="2.8255571999999916">
<ele>55.8249548169223</ele>
<time>2026-07-14T05:07:36.119Z</time>
</trkpt>
<trkpt lat="42.0140081" lon="2.8255902999999876">
<ele>55.417053905530324</ele>
<time>2026-07-14T05:07:38.103Z</time>
</trkpt>
<trkpt lat="42.0139912" lon="2.825624800000014">
<ele>55.4863243541976</ele>
<time>2026-07-14T05:07:40.062Z</time>
</trkpt>
<trkpt lat="42.0139731" lon="2.8256588000000136">
<ele>55.65197570311443</ele>
<time>2026-07-14T05:07:42.044Z</time>
</trkpt>
<trkpt lat="42.0139524" lon="2.8256901000000028">
<ele>55.88896587592083</ele>
<time>2026-07-14T05:07:43.980Z</time>
</trkpt>
<trkpt lat="42.0139345" lon="2.825722600000006">
<ele>56.24113823898799</ele>
<time>2026-07-14T05:07:45.922Z</time>
</trkpt>
<trkpt lat="42.0139204" lon="2.825756399999989">
<ele>56.68839249273625</ele>
<time>2026-07-14T05:07:47.866Z</time>
</trkpt>
<trkpt lat="42.0139009" lon="2.8257878999999946">
<ele>57.27542222104333</ele>
<time>2026-07-14T05:07:49.745Z</time>
</trkpt>
<trkpt lat="42.0138828" lon="2.8258202000000097">
<ele>57.978697735538134</ele>
<time>2026-07-14T05:07:51.664Z</time>
</trkpt>
<trkpt lat="42.0138611" lon="2.8258513000000107">
<ele>58.71953368346401</ele>
<time>2026-07-14T05:07:53.681Z</time>
</trkpt>
<trkpt lat="42.0138422" lon="2.8258797999999956">
<ele>59.355444463449174</ele>
<time>2026-07-14T05:07:55.583Z</time>
</trkpt>
<trkpt lat="42.0138255" lon="2.8259099999999933">
<ele>59.897120698553394</ele>
<time>2026-07-14T05:07:57.526Z</time>
</trkpt>
<trkpt lat="42.0138089" lon="2.8259405999999956">
<ele>60.39660383382095</ele>
<time>2026-07-14T05:07:59.461Z</time>
</trkpt>
<trkpt lat="42.013791" lon="2.8259703999999886">
<ele>60.857373572479275</ele>
<time>2026-07-14T05:08:01.404Z</time>
</trkpt>
<trkpt lat="42.0137724" lon="2.8259994000000006">
<ele>61.270830458225824</ele>
<time>2026-07-14T05:08:03.339Z</time>
</trkpt>
<trkpt lat="42.0137545" lon="2.826034099999987">
<ele>61.67051118992004</ele>
<time>2026-07-14T05:08:05.362Z</time>
</trkpt>
<trkpt lat="42.0137367" lon="2.826061399999986">
<ele>61.96910192514823</ele>
<time>2026-07-14T05:08:07.265Z</time>
</trkpt>
<trkpt lat="42.0137214" lon="2.8260926000000097">
<ele>62.23344110995028</ele>
<time>2026-07-14T05:08:09.344Z</time>
</trkpt>
<trkpt lat="42.0137124" lon="2.8261263999999926">
<ele>62.44717496710802</ele>
<time>2026-07-14T05:08:11.280Z</time>
</trkpt>
<trkpt lat="42.0136965" lon="2.8261471000000142">
<ele>62.58921775969103</ele>
<time>2026-07-14T05:08:13.183Z</time>
</trkpt>
<trkpt lat="42.0136725" lon="2.826170399999995">
<ele>62.66128019211126</ele>
<time>2026-07-14T05:08:15.086Z</time>
</trkpt>
<trkpt lat="42.0136376" lon="2.826181300000002">
<ele>62.78683060140713</ele>
<time>2026-07-14T05:08:17.005Z</time>
</trkpt>
<trkpt lat="42.0136051" lon="2.8261942000000033">
<ele>62.79913708463029</ele>
<time>2026-07-14T05:08:18.885Z</time>
</trkpt>
<trkpt lat="42.0135809" lon="2.826210400000008">
<ele>62.78614088617972</ele>
<time>2026-07-14T05:08:20.695Z</time>
</trkpt>
<trkpt lat="42.01355" lon="2.826221800000013">
<ele>62.747800847003695</ele>
<time>2026-07-14T05:08:22.696Z</time>
</trkpt>
<trkpt lat="42.0135155" lon="2.826229699999999">
<ele>62.69302467565595</ele>
<time>2026-07-14T05:08:24.695Z</time>
</trkpt>
<trkpt lat="42.0134893" lon="2.826223800000008">
<ele>62.640003601266514</ele>
<time>2026-07-14T05:08:26.695Z</time>
</trkpt>
<trkpt lat="42.0134617" lon="2.8262167999999974">
<ele>62.58683249089887</ele>
<time>2026-07-14T05:08:28.695Z</time>
</trkpt>
<trkpt lat="42.0134286" lon="2.826196699999997">
<ele>62.526100180574815</ele>
<time>2026-07-14T05:08:30.624Z</time>
</trkpt>
<trkpt lat="42.0134033" lon="2.826186100000001">
<ele>62.487342584310724</ele>
<time>2026-07-14T05:08:32.624Z</time>
</trkpt>
<trkpt lat="42.0133742" lon="2.826172100000008">
<ele>62.44940710683488</ele>
<time>2026-07-14T05:08:34.624Z</time>
</trkpt>
<trkpt lat="42.0133536" lon="2.826175500000005">
<ele>62.41976837637803</ele>
<time>2026-07-14T05:08:36.629Z</time>
</trkpt>
<trkpt lat="42.013335" lon="2.8261612999999954">
<ele>62.56570977133606</ele>
<time>2026-07-14T05:08:38.643Z</time>
</trkpt>
<trkpt lat="42.0133003" lon="2.8261407999999903">
<ele>62.87089571287316</ele>
<time>2026-07-14T05:08:40.659Z</time>
</trkpt>
<trkpt lat="42.0132636" lon="2.8260931000000085">
<ele>63.207946414147294</ele>
<time>2026-07-14T05:08:42.642Z</time>
</trkpt>
<trkpt lat="42.0132311" lon="2.826048500000013">
<ele>63.49487826266006</ele>
<time>2026-07-14T05:08:44.601Z</time>
</trkpt>
<trkpt lat="42.0132054" lon="2.8260072999999863">
<ele>63.71511952622205</ele>
<time>2026-07-14T05:08:46.600Z</time>
</trkpt>
<trkpt lat="42.0131729" lon="2.8259755999999925">
<ele>63.97551649498666</ele>
<time>2026-07-14T05:08:48.600Z</time>
</trkpt>
<trkpt lat="42.013147" lon="2.825952000000001">
<ele>64.17640173733153</ele>
<time>2026-07-14T05:08:50.640Z</time>
</trkpt>
<trkpt lat="42.0131234" lon="2.825920800000006">
<ele>64.35507363893012</ele>
<time>2026-07-14T05:08:52.544Z</time>
</trkpt>
<trkpt lat="42.0130935" lon="2.825912399999993">
<ele>64.57547163207529</ele>
<time>2026-07-14T05:08:54.583Z</time>
</trkpt>
<trkpt lat="42.0130639" lon="2.825901299999998">
<ele>64.73966043553328</ele>
<time>2026-07-14T05:08:56.481Z</time>
</trkpt>
<trkpt lat="42.0130334" lon="2.825887200000011">
<ele>64.80251378302349</ele>
<time>2026-07-14T05:08:58.519Z</time>
</trkpt>
<trkpt lat="42.0129968" lon="2.825873400000006">
<ele>64.88094024617601</ele>
<time>2026-07-14T05:09:00.504Z</time>
</trkpt>
<trkpt lat="42.0129732" lon="2.82586169999999">
<ele>64.95540902417491</ele>
<time>2026-07-14T05:09:02.463Z</time>
</trkpt>
<trkpt lat="42.0129497" lon="2.825851">
<ele>65.03538134947276</ele>
<time>2026-07-14T05:09:04.423Z</time>
</trkpt>
<trkpt lat="42.0129242" lon="2.825840900000003">
<ele>65.11335244539272</ele>
<time>2026-07-14T05:09:06.383Z</time>
</trkpt>
<trkpt lat="42.0128975" lon="2.825830599999989">
<ele>65.18960512212216</ele>
<time>2026-07-14T05:09:08.344Z</time>
</trkpt>
<trkpt lat="42.0128692" lon="2.8258174000000054">
<ele>65.27013515780123</ele>
<time>2026-07-14T05:09:10.321Z</time>
</trkpt>
<trkpt lat="42.0128341" lon="2.82580200000001">
<ele>65.35933670743762</ele>
<time>2026-07-14T05:09:12.281Z</time>
</trkpt>
<trkpt lat="42.0128069" lon="2.8257905000000108">
<ele>65.42139290193452</ele>
<time>2026-07-14T05:09:14.265Z</time>
</trkpt>
<trkpt lat="42.0127803" lon="2.8257778999999914">
<ele>65.39586349724122</ele>
<time>2026-07-14T05:09:16.226Z</time>
</trkpt>
<trkpt lat="42.0127555" lon="2.825768900000014">
<ele>65.30880928372817</ele>
<time>2026-07-14T05:09:18.202Z</time>
</trkpt>
<trkpt lat="42.0127275" lon="2.825751700000012">
<ele>65.21969029470547</ele>
<time>2026-07-14T05:09:20.163Z</time>
</trkpt>
<trkpt lat="42.0127019" lon="2.825731399999995">
<ele>65.14334637215717</ele>
<time>2026-07-14T05:09:22.139Z</time>
</trkpt>
<trkpt lat="42.0126749" lon="2.825712600000003">
<ele>65.05783087786452</ele>
<time>2026-07-14T05:09:24.123Z</time>
</trkpt>
<trkpt lat="42.0126414" lon="2.8256933000000117">
<ele>64.94464091252992</ele>
<time>2026-07-14T05:09:26.125Z</time>
</trkpt>
<trkpt lat="42.0126193" lon="2.8256766000000084">
<ele>64.8740152321384</ele>
<time>2026-07-14T05:09:28.086Z</time>
</trkpt>
<trkpt lat="42.0126029" lon="2.8256475999999964">
<ele>64.8415150723277</ele>
<time>2026-07-14T05:09:30.039Z</time>
</trkpt>
<trkpt lat="42.0125827" lon="2.825622199999998">
<ele>64.78723697531728</ele>
<time>2026-07-14T05:09:32.001Z</time>
</trkpt>
<trkpt lat="42.0125516" lon="2.82559950000001">
<ele>64.68180270062295</ele>
<time>2026-07-14T05:09:34.025Z</time>
</trkpt>
<trkpt lat="42.0125276" lon="2.825585899999993">
<ele>64.61538770988685</ele>
<time>2026-07-14T05:09:35.985Z</time>
</trkpt>
<trkpt lat="42.0124968" lon="2.825585700000005">
<ele>64.65658945291605</ele>
<time>2026-07-14T05:09:37.963Z</time>
</trkpt>
<trkpt lat="42.0124598" lon="2.825586499999986">
<ele>64.79982861036106</ele>
<time>2026-07-14T05:09:39.922Z</time>
</trkpt>
<trkpt lat="42.012437" lon="2.825580400000007">
<ele>64.92085648150133</ele>
<time>2026-07-14T05:09:41.899Z</time>
</trkpt>
<trkpt lat="42.01243" lon="2.8255829000000006">
<ele>64.93624652113664</ele>
<time>2026-07-14T05:09:43.884Z</time>
</trkpt>
<trkpt lat="42.0123997" lon="2.825555400000013">
<ele>65.18514192497504</ele>
<time>2026-07-14T05:09:45.844Z</time>
</trkpt>
<trkpt lat="42.0123522" lon="2.8255364000000043">
<ele>65.44733731607758</ele>
<time>2026-07-14T05:09:47.845Z</time>
</trkpt>
<trkpt lat="42.0123261" lon="2.825514999999996">
<ele>65.63203396671798</ele>
<time>2026-07-14T05:09:49.903Z</time>
</trkpt>
<trkpt lat="42.0122996" lon="2.825497200000001">
<ele>65.79605693209785</ele>
<time>2026-07-14T05:09:51.800Z</time>
</trkpt>
<trkpt lat="42.0122709" lon="2.8254789000000073">
<ele>65.96273127393039</ele>
<time>2026-07-14T05:09:53.864Z</time>
</trkpt>
<trkpt lat="42.0122453" lon="2.8254637999999943">
<ele>66.10092448040083</ele>
<time>2026-07-14T05:09:55.801Z</time>
</trkpt>
<trkpt lat="42.0122192" lon="2.8254493999999966">
<ele>66.12339100880858</ele>
<time>2026-07-14T05:09:57.825Z</time>
</trkpt>
<trkpt lat="42.0121857" lon="2.8254314000000136">
<ele>66.10451767387043</ele>
<time>2026-07-14T05:09:59.826Z</time>
</trkpt>
<trkpt lat="42.0121653" lon="2.825417200000004">
<ele>66.10249733784117</ele>
<time>2026-07-14T05:10:01.666Z</time>
</trkpt>
<trkpt lat="42.0121384" lon="2.8254006999999888">
<ele>66.09011772018275</ele>
<time>2026-07-14T05:10:03.738Z</time>
</trkpt>
<trkpt lat="42.0121107" lon="2.825382399999995">
<ele>66.0792179285266</ele>
<time>2026-07-14T05:10:05.723Z</time>
</trkpt>
<trkpt lat="42.0120722" lon="2.825359600000013">
<ele>66.05136060555257</ele>
<time>2026-07-14T05:10:07.722Z</time>
</trkpt>
<trkpt lat="42.0120509" lon="2.8253334999999993">
<ele>66.07581625043315</ele>
<time>2026-07-14T05:10:09.706Z</time>
</trkpt>
<trkpt lat="42.012033" lon="2.8253071999999975">
<ele>66.10212318521211</ele>
<time>2026-07-14T05:10:11.643Z</time>
</trkpt>
<trkpt lat="42.0120091" lon="2.825288499999999">
<ele>66.07944087811059</ele>
<time>2026-07-14T05:10:13.659Z</time>
</trkpt>
<trkpt lat="42.0119915" lon="2.825271700000002">
<ele>66.07385110462118</ele>
<time>2026-07-14T05:10:15.563Z</time>
</trkpt>
<trkpt lat="42.0119742" lon="2.825256599999989">
<ele>66.06866656673378</ele>
<time>2026-07-14T05:10:17.564Z</time>
</trkpt>
<trkpt lat="42.0119478" lon="2.82523359999999">
<ele>66.13061821279766</ele>
<time>2026-07-14T05:10:19.579Z</time>
</trkpt>
<trkpt lat="42.0119228" lon="2.8252099000000044">
<ele>66.30125260586004</ele>
<time>2026-07-14T05:10:21.619Z</time>
</trkpt>
<trkpt lat="42.0119035" lon="2.8251894999999934">
<ele>66.48541338633525</ele>
<time>2026-07-14T05:10:23.562Z</time>
</trkpt>
<trkpt lat="42.0118855" lon="2.825166700000011">
<ele>66.71714041850262</ele>
<time>2026-07-14T05:10:25.585Z</time>
</trkpt>
<trkpt lat="42.0118738" lon="2.825138900000013">
<ele>66.98085251945669</ele>
<time>2026-07-14T05:10:27.561Z</time>
</trkpt>
<trkpt lat="42.0118586" lon="2.8251155000000097">
<ele>67.27361140096684</ele>
<time>2026-07-14T05:10:29.624Z</time>
</trkpt>
<trkpt lat="42.011849" lon="2.825085900000005">
<ele>67.59930781390045</ele>
<time>2026-07-14T05:10:31.662Z</time>
</trkpt>
<trkpt lat="42.0117278" lon="2.8252306999999917">
<ele>66.72816398539072</ele>
<time>2026-07-14T05:10:33.685Z</time>
</trkpt>
<trkpt lat="42.0116814" lon="2.825224399999996">
<ele>66.9522586641029</ele>
<time>2026-07-14T05:10:35.684Z</time>
</trkpt>
<trkpt lat="42.0116507" lon="2.8252204000000063">
<ele>66.99924029457794</ele>
<time>2026-07-14T05:10:37.683Z</time>
</trkpt>
<trkpt lat="42.0116241" lon="2.8252132000000074">
<ele>67.08364927305935</ele>
<time>2026-07-14T05:10:39.658Z</time>
</trkpt>
<trkpt lat="42.011589" lon="2.825208900000007">
<ele>67.10426949859158</ele>
<time>2026-07-14T05:10:41.722Z</time>
</trkpt>
<trkpt lat="42.0115614" lon="2.8252048999999886">
<ele>67.11814919561446</ele>
<time>2026-07-14T05:10:43.746Z</time>
</trkpt>
<trkpt lat="42.0115333" lon="2.825194900000014">
<ele>67.18188105502121</ele>
<time>2026-07-14T05:10:45.762Z</time>
</trkpt>
<trkpt lat="42.0115077" lon="2.825189899999998">
<ele>67.18175812870567</ele>
<time>2026-07-14T05:10:47.746Z</time>
</trkpt>
<trkpt lat="42.0114775" lon="2.825190099999986">
<ele>67.12081580581257</ele>
<time>2026-07-14T05:10:49.786Z</time>
</trkpt>
<trkpt lat="42.01145" lon="2.8251908999999955">
<ele>67.06183637069023</ele>
<time>2026-07-14T05:10:51.786Z</time>
</trkpt>
<trkpt lat="42.0114216" lon="2.825193299999995">
<ele>66.99486630026618</ele>
<time>2026-07-14T05:10:53.803Z</time>
</trkpt>
<trkpt lat="42.0113956" lon="2.8251981999999884">
<ele>66.87122007131883</ele>
<time>2026-07-14T05:10:55.804Z</time>
</trkpt>
<trkpt lat="42.0113711" lon="2.8252000999999893">
<ele>66.66923421765932</ele>
<time>2026-07-14T05:10:57.652Z</time>
</trkpt>
<trkpt lat="42.0113101" lon="2.8252029999999877">
<ele>66.16728649694831</ele>
<time>2026-07-14T05:11:01.445Z</time>
</trkpt>
<trkpt lat="42.011281" lon="2.8251935000000117">
<ele>66.01321196361599</ele>
<time>2026-07-14T05:11:03.422Z</time>
</trkpt>
<trkpt lat="42.0112566" lon="2.8251756999999884">
<ele>65.98507256065811</ele>
<time>2026-07-14T05:11:05.438Z</time>
</trkpt>
<trkpt lat="42.0112371" lon="2.825162199999994">
<ele>65.97482754209437</ele>
<time>2026-07-14T05:11:07.384Z</time>
</trkpt>
<trkpt lat="42.0112115" lon="2.825169499999987">
<ele>65.7274356097525</ele>
<time>2026-07-14T05:11:09.360Z</time>
</trkpt>
<trkpt lat="42.0111792" lon="2.8251649999999984">
<ele>65.5541428731186</ele>
<time>2026-07-14T05:11:11.385Z</time>
</trkpt>
<trkpt lat="42.0111526" lon="2.825151500000004">
<ele>65.53700293125175</ele>
<time>2026-07-14T05:11:13.385Z</time>
</trkpt>
<trkpt lat="42.0111293" lon="2.825136200000003">
<ele>65.58475870220778</ele>
<time>2026-07-14T05:11:15.345Z</time>
</trkpt>
<trkpt lat="42.0110958" lon="2.8251300000000015">
<ele>65.47914186379602</ele>
<time>2026-07-14T05:11:17.307Z</time>
</trkpt>
<trkpt lat="42.0110703" lon="2.8251242000000047">
<ele>65.4080025542711</ele>
<time>2026-07-14T05:11:19.123Z</time>
</trkpt>
<trkpt lat="42.0110377" lon="2.8251247000000035">
<ele>65.21931887484925</ele>
<time>2026-07-14T05:11:21.300Z</time>
</trkpt>
<trkpt lat="42.0110013" lon="2.825134399999996">
<ele>64.91058446292459</ele>
<time>2026-07-14T05:11:23.244Z</time>
</trkpt>
<trkpt lat="42.0109704" lon="2.8251400999999987">
<ele>64.68398764507555</ele>
<time>2026-07-14T05:11:25.222Z</time>
</trkpt>
<trkpt lat="42.0109383" lon="2.8251452000000086">
<ele>64.46294398202309</ele>
<time>2026-07-14T05:11:27.205Z</time>
</trkpt>
<trkpt lat="42.0109019" lon="2.825150199999996">
<ele>64.22617963966037</ele>
<time>2026-07-14T05:11:29.205Z</time>
</trkpt>
<trkpt lat="42.0108734" lon="2.825149699999997">
<ele>64.08317246483473</ele>
<time>2026-07-14T05:11:31.166Z</time>
</trkpt>
<trkpt lat="42.0108452" lon="2.8251491000000044">
<ele>63.98329726164401</ele>
<time>2026-07-14T05:11:33.167Z</time>
</trkpt>
<trkpt lat="42.0108096" lon="2.8251506999999947">
<ele>64.24530523072421</ele>
<time>2026-07-14T05:11:35.143Z</time>
</trkpt>
<trkpt lat="42.0107851" lon="2.8251493999999866">
<ele>64.4439339811435</ele>
<time>2026-07-14T05:11:37.079Z</time>
</trkpt>
<trkpt lat="42.010759" lon="2.8251365000000135">
<ele>64.73256059264523</ele>
<time>2026-07-14T05:11:38.999Z</time>
</trkpt>
<trkpt lat="42.0107377" lon="2.8251141000000075">
<ele>65.03685000268595</ele>
<time>2026-07-14T05:11:40.904Z</time>
</trkpt>
<trkpt lat="42.0107013" lon="2.8251003999999966">
<ele>65.37767594190132</ele>
<time>2026-07-14T05:11:43.105Z</time>
</trkpt>
<trkpt lat="42.0106754" lon="2.8250863000000095">
<ele>65.63446313539409</ele>
<time>2026-07-14T05:11:45.065Z</time>
</trkpt>
<trkpt lat="42.0106521" lon="2.8250744000000054">
<ele>65.85166625739224</ele>
<time>2026-07-14T05:11:47.081Z</time>
</trkpt>
<trkpt lat="42.0106175" lon="2.8250626999999895">
<ele>66.13089616836517</ele>
<time>2026-07-14T05:11:48.961Z</time>
</trkpt>
<trkpt lat="42.0105952" lon="2.8250520999999935">
<ele>66.31701137015925</ele>
<time>2026-07-14T05:11:50.865Z</time>
</trkpt>
<trkpt lat="42.0105657" lon="2.825046399999991">
<ele>66.47037223054407</ele>
<time>2026-07-14T05:11:52.865Z</time>
</trkpt>
<trkpt lat="42.0105396" lon="2.8250394000000085">
<ele>66.363554518211</ele>
<time>2026-07-14T05:11:54.691Z</time>
</trkpt>
<trkpt lat="42.0105017" lon="2.8250439999999912">
<ele>66.15779643896634</ele>
<time>2026-07-14T05:11:56.644Z</time>
</trkpt>
<trkpt lat="42.0104767" lon="2.82504560000001">
<ele>66.0284556231231</ele>
<time>2026-07-14T05:11:58.486Z</time>
</trkpt>
<trkpt lat="42.0104535" lon="2.825035299999996">
<ele>65.93266113945117</ele>
<time>2026-07-14T05:12:00.423Z</time>
</trkpt>
<trkpt lat="42.0104235" lon="2.8250217000000077">
<ele>65.80896850581586</ele>
<time>2026-07-14T05:12:02.400Z</time>
</trkpt>
<trkpt lat="42.0103989" lon="2.8250119999999868">
<ele>65.71614839917491</ele>
<time>2026-07-14T05:12:04.385Z</time>
</trkpt>
<trkpt lat="42.0103759" lon="2.8249979999999937">
<ele>65.6549123549516</ele>
<time>2026-07-14T05:12:06.361Z</time>
</trkpt>
<trkpt lat="42.0103487" lon="2.8249898999999914">
<ele>65.56700560513603</ele>
<time>2026-07-14T05:12:08.345Z</time>
</trkpt>
<trkpt lat="42.0103125" lon="2.8249888">
<ele>65.41922596914624</ele>
<time>2026-07-14T05:12:10.321Z</time>
</trkpt>
<trkpt lat="42.0102629" lon="2.824997499999995">
<ele>65.37525576392757</ele>
<time>2026-07-14T05:12:12.305Z</time>
</trkpt>
<trkpt lat="42.0102221" lon="2.825004299999989">
<ele>65.47256634144338</ele>
<time>2026-07-14T05:12:14.265Z</time>
</trkpt>
<trkpt lat="42.0101802" lon="2.825003500000008">
<ele>65.60519207881376</ele>
<time>2026-07-14T05:12:16.241Z</time>
</trkpt>
<trkpt lat="42.010145" lon="2.824994000000004">
<ele>65.72931841025535</ele>
<time>2026-07-14T05:12:18.200Z</time>
</trkpt>
<trkpt lat="42.0101054" lon="2.8249905000000126">
<ele>65.84527418549072</ele>
<time>2026-07-14T05:12:20.184Z</time>
</trkpt>
<trkpt lat="42.0100654" lon="2.82499150000001">
<ele>65.9571412911256</ele>
<time>2026-07-14T05:12:22.120Z</time>
</trkpt>
<trkpt lat="42.010029" lon="2.824993599999999">
<ele>66.06203113773209</ele>
<time>2026-07-14T05:12:24.080Z</time>
</trkpt>
<trkpt lat="42.0100004" lon="2.82499039999999">
<ele>66.13202194438956</ele>
<time>2026-07-14T05:12:26.063Z</time>
</trkpt>
<trkpt lat="42.0099688" lon="2.824988200000007">
<ele>66.20576291786695</ele>
<time>2026-07-14T05:12:28.086Z</time>
</trkpt>
<trkpt lat="42.0099367" lon="2.824997300000007">
<ele>66.27741061318468</ele>
<time>2026-07-14T05:12:30.260Z</time>
</trkpt>
<trkpt lat="42.0099056" lon="2.8250017999999955">
<ele>66.33753206147458</ele>
<time>2026-07-14T05:12:32.244Z</time>
</trkpt>
<trkpt lat="42.0098754" lon="2.8250084999999956">
<ele>66.38267261227686</ele>
<time>2026-07-14T05:12:34.259Z</time>
</trkpt>
<trkpt lat="42.0098446" lon="2.8250189999999975">
<ele>66.40478105847713</ele>
<time>2026-07-14T05:12:36.282Z</time>
</trkpt>
<trkpt lat="42.0098186" lon="2.8250261999999964">
<ele>66.41574860108771</ele>
<time>2026-07-14T05:12:38.307Z</time>
</trkpt>
<trkpt lat="42.0097923" lon="2.8250381999999945">
<ele>66.39106868267794</ele>
<time>2026-07-14T05:12:40.321Z</time>
</trkpt>
<trkpt lat="42.0097631" lon="2.8250486999999964">
<ele>66.35847675261985</ele>
<time>2026-07-14T05:12:42.400Z</time>
</trkpt>
<trkpt lat="42.0097413" lon="2.8250513000000126">
<ele>66.36054448051814</ele>
<time>2026-07-14T05:12:44.424Z</time>
</trkpt>
<trkpt lat="42.0097264" lon="2.8250466000000074">
<ele>66.38275485021013</ele>
<time>2026-07-14T05:12:46.464Z</time>
</trkpt>
<trkpt lat="42.0097024" lon="2.825041900000002">
<ele>66.37843191338904</ele>
<time>2026-07-14T05:12:48.519Z</time>
</trkpt>
<trkpt lat="42.0096837" lon="2.8250380000000064">
<ele>66.37385953638947</ele>
<time>2026-07-14T05:12:50.654Z</time>
</trkpt>
<trkpt lat="42.0096637" lon="2.8250346000000093">
<ele>66.36227425795147</ele>
<time>2026-07-14T05:12:52.581Z</time>
</trkpt>
<trkpt lat="42.0096433" lon="2.825041099999993">
<ele>66.29915885735176</ele>
<time>2026-07-14T05:12:54.524Z</time>
</trkpt>
<trkpt lat="42.0096325" lon="2.8250109999999893">
<ele>66.4212094933601</ele>
<time>2026-07-14T05:12:56.675Z</time>
</trkpt>
<trkpt lat="42.0095922" lon="2.8250102000000084">
<ele>66.34546703975995</ele>
<time>2026-07-14T05:12:58.683Z</time>
</trkpt>
<trkpt lat="42.0095622" lon="2.8250049000000104">
<ele>66.3035669840404</ele>
<time>2026-07-14T05:13:00.665Z</time>
</trkpt>
<trkpt lat="42.0095345" lon="2.8250003999999933">
<ele>66.25867969938054</ele>
<time>2026-07-14T05:13:02.680Z</time>
</trkpt>
<trkpt lat="42.0095065" lon="2.8249955">
<ele>66.20949374700493</ele>
<time>2026-07-14T05:13:04.695Z</time>
</trkpt>
<trkpt lat="42.0094781" lon="2.8249917999999923">
<ele>66.1523429743675</ele>
<time>2026-07-14T05:13:06.709Z</time>
</trkpt>
<trkpt lat="42.0094481" lon="2.824994900000007">
<ele>66.09470259124872</ele>
<time>2026-07-14T05:13:08.624Z</time>
</trkpt>
<trkpt lat="42.0094205" lon="2.8249806000000035">
<ele>66.0879007884714</ele>
<time>2026-07-14T05:13:10.625Z</time>
</trkpt>
<trkpt lat="42.0093892" lon="2.824985599999991">
<ele>66.05906824457686</ele>
<time>2026-07-14T05:13:12.743Z</time>
</trkpt>
<trkpt lat="42.0093544" lon="2.824983599999996">
<ele>66.03103051689526</ele>
<time>2026-07-14T05:13:14.701Z</time>
</trkpt>
<trkpt lat="42.0093293" lon="2.824974800000007">
<ele>66.00537753751976</ele>
<time>2026-07-14T05:13:16.700Z</time>
</trkpt>
<trkpt lat="42.009304" lon="2.8249616999999887">
<ele>65.9689036482688</ele>
<time>2026-07-14T05:13:18.684Z</time>
</trkpt>
<trkpt lat="42.009269" lon="2.8249481999999944">
<ele>65.90895526841487</ele>
<time>2026-07-14T05:13:20.699Z</time>
</trkpt>
<trkpt lat="42.0092418" lon="2.8249404000000027">
<ele>65.85768664144737</ele>
<time>2026-07-14T05:13:22.714Z</time>
</trkpt>
<trkpt lat="42.0092131" lon="2.824934000000013">
<ele>65.80094609741529</ele>
<time>2026-07-14T05:13:24.658Z</time>
</trkpt>
<trkpt lat="42.0091616" lon="2.8249321000000123">
<ele>65.82845474182972</ele>
<time>2026-07-14T05:13:28.480Z</time>
</trkpt>
<trkpt lat="42.0091353" lon="2.824929300000008">
<ele>65.94708762360696</ele>
<time>2026-07-14T05:13:30.520Z</time>
</trkpt>
<trkpt lat="42.0091052" lon="2.8249237999999934">
<ele>66.07750451259938</ele>
<time>2026-07-14T05:13:32.565Z</time>
</trkpt>
<trkpt lat="42.0090736" lon="2.824919499999993">
<ele>66.21913251639063</ele>
<time>2026-07-14T05:13:34.524Z</time>
</trkpt>
<trkpt lat="42.0090411" lon="2.8249179000000026">
<ele>66.37235130585697</ele>
<time>2026-07-14T05:13:36.562Z</time>
</trkpt>
<trkpt lat="42.0090106" lon="2.824913500000008">
<ele>66.50979704570004</ele>
<time>2026-07-14T05:13:38.560Z</time>
</trkpt>
<trkpt lat="42.0089826" lon="2.8249096000000122">
<ele>66.63698958854407</ele>
<time>2026-07-14T05:13:40.583Z</time>
</trkpt>
<trkpt lat="42.0089549" lon="2.8249059999999986">
<ele>66.76400873867806</ele>
<time>2026-07-14T05:13:42.541Z</time>
</trkpt>
<trkpt lat="42.0089249" lon="2.8249046999999905">
<ele>66.907523240673</ele>
<time>2026-07-14T05:13:44.645Z</time>
</trkpt>
<trkpt lat="42.0088971" lon="2.8249027999999896">
<ele>67.01784180507995</ele>
<time>2026-07-14T05:13:46.540Z</time>
</trkpt>
<trkpt lat="42.0088603" lon="2.824906300000009">
<ele>67.01550749225825</ele>
<time>2026-07-14T05:13:48.603Z</time>
</trkpt>
<trkpt lat="42.0088324" lon="2.8249031000000002">
<ele>66.99908660731288</ele>
<time>2026-07-14T05:13:50.442Z</time>
</trkpt>
<trkpt lat="42.0088035" lon="2.82489369999999">
<ele>66.95938658281122</ele>
<time>2026-07-14T05:13:52.602Z</time>
</trkpt>
<trkpt lat="42.0087721" lon="2.8248869999999897">
<ele>66.92090815975685</ele>
<time>2026-07-14T05:13:54.722Z</time>
</trkpt>
<trkpt lat="42.0087496" lon="2.824881199999993">
<ele>66.88573822110392</ele>
<time>2026-07-14T05:13:56.561Z</time>
</trkpt>
<trkpt lat="42.0087179" lon="2.824882300000013">
<ele>66.87163730862302</ele>
<time>2026-07-14T05:13:58.632Z</time>
</trkpt>
<trkpt lat="42.0086818" lon="2.8248868999999956">
<ele>66.87340439860559</ele>
<time>2026-07-14T05:14:00.743Z</time>
</trkpt>
<trkpt lat="42.0086556" lon="2.8248806999999942">
<ele>66.82664296276178</ele>
<time>2026-07-14T05:14:02.630Z</time>
</trkpt>
<trkpt lat="42.0086268" lon="2.824868400000014">
<ele>66.73864696307346</ele>
<time>2026-07-14T05:14:04.566Z</time>
</trkpt>
<trkpt lat="42.0085975" lon="2.8248555000000124">
<ele>66.78321578146146</ele>
<time>2026-07-14T05:14:06.654Z</time>
</trkpt>
<trkpt lat="42.0085799" lon="2.8248264000000063">
<ele>66.76285970435399</ele>
<time>2026-07-14T05:14:08.669Z</time>
</trkpt>
<trkpt lat="42.0085603" lon="2.824813000000006">
<ele>66.85073521823642</ele>
<time>2026-07-14T05:14:10.668Z</time>
</trkpt>
<trkpt lat="42.0085238" lon="2.8248178999999993">
<ele>67.10739936264639</ele>
<time>2026-07-14T05:14:12.683Z</time>
</trkpt>
<trkpt lat="42.0084727" lon="2.82484070000001">
<ele>67.40626655940713</ele>
<time>2026-07-14T05:14:14.698Z</time>
</trkpt>
<trkpt lat="42.0084181" lon="2.824860699999988">
<ele>67.61479141138538</ele>
<time>2026-07-14T05:14:16.655Z</time>
</trkpt>
<trkpt lat="42.0083861" lon="2.824856899999986">
<ele>67.78284065329454</ele>
<time>2026-07-14T05:14:18.709Z</time>
</trkpt>
<trkpt lat="42.0083534" lon="2.8248522000000094">
<ele>67.97385046558288</ele>
<time>2026-07-14T05:14:20.652Z</time>
</trkpt>
<trkpt lat="42.0083202" lon="2.8248476999999923">
<ele>68.12364935441548</ele>
<time>2026-07-14T05:14:22.624Z</time>
</trkpt>
<trkpt lat="42.0082899" lon="2.824845900000014">
<ele>68.22461690919947</ele>
<time>2026-07-14T05:14:24.624Z</time>
</trkpt>
<trkpt lat="42.0082573" lon="2.8248399000000006">
<ele>68.36638522769353</ele>
<time>2026-07-14T05:14:26.735Z</time>
</trkpt>
<trkpt lat="42.0082328" lon="2.82484070000001">
<ele>68.42908549122467</ele>
<time>2026-07-14T05:14:28.624Z</time>
</trkpt>
<trkpt lat="42.0082024" lon="2.824839499999996">
<ele>68.52476570262984</ele>
<time>2026-07-14T05:14:30.724Z</time>
</trkpt>
<trkpt lat="42.0081728" lon="2.824838800000009">
<ele>68.6140229744719</ele>
<time>2026-07-14T05:14:32.691Z</time>
</trkpt>
<trkpt lat="42.0081422" lon="2.824834199999998">
<ele>68.73719400946062</ele>
<time>2026-07-14T05:14:34.586Z</time>
</trkpt>
<trkpt lat="42.0081081" lon="2.8248349000000132">
<ele>68.82763424630545</ele>
<time>2026-07-14T05:14:36.585Z</time>
</trkpt>
<trkpt lat="42.0080824" lon="2.824833500000011">
<ele>68.91104205500797</ele>
<time>2026-07-14T05:14:38.519Z</time>
</trkpt>
<trkpt lat="42.0080528" lon="2.8248312999999996">
<ele>68.9567740851078</ele>
<time>2026-07-14T05:14:40.502Z</time>
</trkpt>
<trkpt lat="42.0080162" lon="2.824825000000004">
<ele>68.9619850116707</ele>
<time>2026-07-14T05:14:42.461Z</time>
</trkpt>
<trkpt lat="42.0079876" lon="2.82481820000001">
<ele>68.97564761828411</ele>
<time>2026-07-14T05:14:44.445Z</time>
</trkpt>
<trkpt lat="42.0079707" lon="2.824813599999999">
<ele>68.98567365673216</ele>
<time>2026-07-14T05:14:46.419Z</time>
</trkpt>
<trkpt lat="42.0079591" lon="2.824815000000001">
<ele>68.96117392042812</ele>
<time>2026-07-14T05:14:48.402Z</time>
</trkpt>
<trkpt lat="42.0079419" lon="2.824813199999994">
<ele>68.95062207193355</ele>
<time>2026-07-14T05:14:50.360Z</time>
</trkpt>
<trkpt lat="42.0079208" lon="2.824814800000013">
<ele>68.91294960838123</ele>
<time>2026-07-14T05:14:52.302Z</time>
</trkpt>
<trkpt lat="42.0078929" lon="2.824817700000011">
<ele>68.85960837965777</ele>
<time>2026-07-14T05:14:54.285Z</time>
</trkpt>
<trkpt lat="42.0078632" lon="2.8248179999999934">
<ele>68.82043521872843</ele>
<time>2026-07-14T05:14:56.651Z</time>
</trkpt>
<trkpt lat="42.007814" lon="2.82480910000001">
<ele>68.80371747392154</ele>
<time>2026-07-14T05:15:00.656Z</time>
</trkpt>
<trkpt lat="42.0077875" lon="2.824802500000004">
<ele>68.80124179522349</ele>
<time>2026-07-14T05:15:02.662Z</time>
</trkpt>
<trkpt lat="42.0077622" lon="2.8248022999999876">
<ele>68.80860655912474</ele>
<time>2026-07-14T05:15:04.624Z</time>
</trkpt>
<trkpt lat="42.0077362" lon="2.824806499999994">
<ele>68.8010571789856</ele>
<time>2026-07-14T05:15:06.625Z</time>
</trkpt>
<trkpt lat="42.0077064" lon="2.824806300000006">
<ele>68.8125496806633</ele>
<time>2026-07-14T05:15:08.625Z</time>
</trkpt>
<trkpt lat="42.007679" lon="2.8248059999999953">
<ele>68.82303682429648</ele>
<time>2026-07-14T05:15:10.695Z</time>
</trkpt>
<trkpt lat="42.007652" lon="2.8248054000000025">
<ele>68.8332515201515</ele>
<time>2026-07-14T05:15:12.710Z</time>
</trkpt>
<trkpt lat="42.0076233" lon="2.8248014000000126">
<ele>68.84404212422595</ele>
<time>2026-07-14T05:15:14.624Z</time>
</trkpt>
<trkpt lat="42.0075966" lon="2.824797799999999">
<ele>68.84848315985616</ele>
<time>2026-07-14T05:15:16.624Z</time>
</trkpt>
<trkpt lat="42.0075677" lon="2.824792599999995">
<ele>68.84571285682605</ele>
<time>2026-07-14T05:15:18.665Z</time>
</trkpt>
<trkpt lat="42.0075328" lon="2.824783300000007">
<ele>68.8246987381245</ele>
<time>2026-07-14T05:15:20.624Z</time>
</trkpt>
<trkpt lat="42.0075059" lon="2.824782599999992">
<ele>68.8153334311092</ele>
<time>2026-07-14T05:15:22.694Z</time>
</trkpt>
<trkpt lat="42.0074808" lon="2.8247802999999863">
<ele>68.80074960704262</ele>
<time>2026-07-14T05:15:24.624Z</time>
</trkpt>
<trkpt lat="42.0074456" lon="2.824781800000011">
<ele>68.79419566862764</ele>
<time>2026-07-14T05:15:26.638Z</time>
</trkpt>
<trkpt lat="42.007423" lon="2.8247794000000113">
<ele>68.77932156213969</ele>
<time>2026-07-14T05:15:28.661Z</time>
</trkpt>
<trkpt lat="42.0073946" lon="2.8247802999999863">
<ele>68.77315826717802</ele>
<time>2026-07-14T05:15:30.539Z</time>
</trkpt>
<trkpt lat="42.0073611" lon="2.82477320000001">
<ele>68.73719833144592</ele>
<time>2026-07-14T05:15:32.562Z</time>
</trkpt>
<trkpt lat="42.0073267" lon="2.8247637000000054">
<ele>68.6896319910196</ele>
<time>2026-07-14T05:15:34.657Z</time>
</trkpt>
<trkpt lat="42.0072976" lon="2.824754899999988">
<ele>68.65950255736483</ele>
<time>2026-07-14T05:15:36.649Z</time>
</trkpt>
<trkpt lat="42.007268" lon="2.8247432000000003">
<ele>68.71038075157884</ele>
<time>2026-07-14T05:15:38.624Z</time>
</trkpt>
<trkpt lat="42.0072384" lon="2.824731899999989">
<ele>68.76315061382401</ele>
<time>2026-07-14T05:15:40.631Z</time>
</trkpt>
<trkpt lat="42.0072071" lon="2.824724300000014">
<ele>68.80973630026158</ele>
<time>2026-07-14T05:15:42.647Z</time>
</trkpt>
<trkpt lat="42.0071695" lon="2.8247222999999906">
<ele>68.83271488107137</ele>
<time>2026-07-14T05:15:44.685Z</time>
</trkpt>
<trkpt lat="42.0071394" lon="2.824719899999991">
<ele>68.8606780807502</ele>
<time>2026-07-14T05:15:46.685Z</time>
</trkpt>
<trkpt lat="42.0071093" lon="2.8247186000000113">
<ele>68.8826946326956</ele>
<time>2026-07-14T05:15:48.660Z</time>
</trkpt>
<trkpt lat="42.0070768" lon="2.824719200000004">
<ele>68.88896759226516</ele>
<time>2026-07-14T05:15:50.644Z</time>
</trkpt>
<trkpt lat="42.0070452" lon="2.8247308999999916">
<ele>68.77368100618627</ele>
<time>2026-07-14T05:15:52.659Z</time>
</trkpt>
<trkpt lat="42.0070148" lon="2.8247378000000083">
<ele>68.69424681682725</ele>
<time>2026-07-14T05:15:54.643Z</time>
</trkpt>
<trkpt lat="42.0069842" lon="2.824743600000005">
<ele>68.61687872322237</ele>
<time>2026-07-14T05:15:56.625Z</time>
</trkpt>
<trkpt lat="42.0069538" lon="2.8247321000000056">
<ele>68.76201524671605</ele>
<time>2026-07-14T05:15:58.640Z</time>
</trkpt>
<trkpt lat="42.0069235" lon="2.824727800000005">
<ele>68.92727812328317</ele>
<time>2026-07-14T05:16:00.735Z</time>
</trkpt>
<trkpt lat="42.0068986" lon="2.824728399999998">
<ele>69.00881758829352</ele>
<time>2026-07-14T05:16:02.606Z</time>
</trkpt>
<trkpt lat="42.0068727" lon="2.824738499999995">
<ele>68.98867708064613</ele>
<time>2026-07-14T05:16:04.645Z</time>
</trkpt>
<trkpt lat="42.0068443" lon="2.824731200000002">
<ele>69.1738992302561</ele>
<time>2026-07-14T05:16:06.541Z</time>
</trkpt>
<trkpt lat="42.0068152" lon="2.8247306000000094">
<ele>69.28594000895106</ele>
<time>2026-07-14T05:16:08.523Z</time>
</trkpt>
<trkpt lat="42.0067819" lon="2.8247239000000093">
<ele>69.46547949080065</ele>
<time>2026-07-14T05:16:10.523Z</time>
</trkpt>
<trkpt lat="42.006752" lon="2.8247189999999875">
<ele>69.60763301819165</ele>
<time>2026-07-14T05:16:12.443Z</time>
</trkpt>
<trkpt lat="42.0067167" lon="2.8247162000000117">
<ele>69.74450673097763</ele>
<time>2026-07-14T05:16:14.735Z</time>
</trkpt>
<trkpt lat="42.0066885" lon="2.8247081000000094">
<ele>69.88649409755062</ele>
<time>2026-07-14T05:16:16.640Z</time>
</trkpt>
<trkpt lat="42.0066603" lon="2.8247101999999984">
<ele>69.84917002886792</ele>
<time>2026-07-14T05:16:18.657Z</time>
</trkpt>
<trkpt lat="42.006628" lon="2.824709299999995">
<ele>69.72408423526777</ele>
<time>2026-07-14T05:16:20.671Z</time>
</trkpt>
<trkpt lat="42.0066031" lon="2.8247087999999962">
<ele>69.62642544306446</ele>
<time>2026-07-14T05:16:22.624Z</time>
</trkpt>
<trkpt lat="42.0065747" lon="2.824705800000004">
<ele>69.52834827585644</ele>
<time>2026-07-14T05:16:24.624Z</time>
</trkpt>
<trkpt lat="42.0065432" lon="2.8247069999999894">
<ele>69.39436444791126</ele>
<time>2026-07-14T05:16:26.629Z</time>
</trkpt>
<trkpt lat="42.0065145" lon="2.8246996000000024">
<ele>69.31760953918676</ele>
<time>2026-07-14T05:16:28.715Z</time>
</trkpt>
<trkpt lat="42.0064863" lon="2.8246945999999866">
<ele>69.2288960854747</ele>
<time>2026-07-14T05:16:30.625Z</time>
</trkpt>
<trkpt lat="42.0064602" lon="2.8246911999999895">
<ele>69.13961739781668</ele>
<time>2026-07-14T05:16:32.634Z</time>
</trkpt>
<trkpt lat="42.0064264" lon="2.824688100000003">
<ele>69.0165544606839</ele>
<time>2026-07-14T05:16:34.681Z</time>
</trkpt>
<trkpt lat="42.0063979" lon="2.8246799000000067">
<ele>68.9395543605493</ele>
<time>2026-07-14T05:16:36.665Z</time>
</trkpt>
<trkpt lat="42.0063692" lon="2.824674299999998">
<ele>69.22466419771071</ele>
<time>2026-07-14T05:16:38.625Z</time>
</trkpt>
<trkpt lat="42.0063395" lon="2.8246765000000096">
<ele>69.4839248012224</ele>
<time>2026-07-14T05:16:40.584Z</time>
</trkpt>
<trkpt lat="42.0063102" lon="2.824673600000011">
<ele>69.76046868880366</ele>
<time>2026-07-14T05:16:42.559Z</time>
</trkpt>
<trkpt lat="42.0062815" lon="2.824666900000011">
<ele>70.04239186020821</ele>
<time>2026-07-14T05:16:44.479Z</time>
</trkpt>
<trkpt lat="42.0062518" lon="2.824660599999987">
<ele>70.32704124201513</ele>
<time>2026-07-14T05:16:46.439Z</time>
</trkpt>
<trkpt lat="42.0062202" lon="2.8246592000000135">
<ele>70.61073432035548</ele>
<time>2026-07-14T05:16:48.399Z</time>
</trkpt>
<trkpt lat="42.0061885" lon="2.8246554000000117">
<ele>70.8995005309131</ele>
<time>2026-07-14T05:16:50.502Z</time>
</trkpt>
<trkpt lat="42.0061289" lon="2.8246566999999914">
<ele>71.4217848217898</ele>
<time>2026-07-14T05:16:54.325Z</time>
</trkpt>
<trkpt lat="42.0060969" lon="2.8246513999999934">
<ele>71.36303411641498</ele>
<time>2026-07-14T05:16:56.299Z</time>
</trkpt>
<trkpt lat="42.0060733" lon="2.824646599999994">
<ele>71.21538994458312</ele>
<time>2026-07-14T05:16:58.266Z</time>
</trkpt>
<trkpt lat="42.0060455" lon="2.8246436999999958">
<ele>71.03756066942583</ele>
<time>2026-07-14T05:17:00.266Z</time>
</trkpt>
<trkpt lat="42.0060181" lon="2.8246387000000084">
<ele>70.86416147664139</ele>
<time>2026-07-14T05:17:02.202Z</time>
</trkpt>
<trkpt lat="42.0059869" lon="2.824639300000001">
<ele>70.65962802894926</ele>
<time>2026-07-14T05:17:04.026Z</time>
</trkpt>
<trkpt lat="42.0059556" lon="2.824637999999993">
<ele>70.45625634573442</ele>
<time>2026-07-14T05:17:06.146Z</time>
</trkpt>
<trkpt lat="42.0059262" lon="2.8246387000000084">
<ele>70.26344805140914</ele>
<time>2026-07-14T05:17:08.144Z</time>
</trkpt>
<trkpt lat="42.0058906" lon="2.8246406000000093">
<ele>70.02935511359034</ele>
<time>2026-07-14T05:17:10.464Z</time>
</trkpt>
<trkpt lat="42.0058611" lon="2.8246435000000076">
<ele>69.83477784051685</ele>
<time>2026-07-14T05:17:12.360Z</time>
</trkpt>
<trkpt lat="42.0058309" lon="2.824646300000012">
<ele>69.72152662675774</ele>
<time>2026-07-14T05:17:14.320Z</time>
</trkpt>
<trkpt lat="42.0058006" lon="2.824649700000009">
<ele>69.7687595443502</ele>
<time>2026-07-14T05:17:16.280Z</time>
</trkpt>
<trkpt lat="42.0057633" lon="2.8246528999999896">
<ele>69.82962953674843</ele>
<time>2026-07-14T05:17:18.280Z</time>
</trkpt>
<trkpt lat="42.0057233" lon="2.824656400000009">
<ele>69.89769470310678</ele>
<time>2026-07-14T05:17:20.184Z</time>
</trkpt>
<trkpt lat="42.0056801" lon="2.8246579000000054">
<ele>69.97202447186717</ele>
<time>2026-07-14T05:17:22.145Z</time>
</trkpt>
<trkpt lat="42.0056412" lon="2.824662100000012">
<ele>70.04429682399096</ele>
<time>2026-07-14T05:17:24.295Z</time>
</trkpt>
<trkpt lat="42.0055614" lon="2.8246726000000137">
<ele>70.20939926833985</ele>
<time>2026-07-14T05:17:28.063Z</time>
</trkpt>
<trkpt lat="42.0055316" lon="2.824676299999993">
<ele>70.30708122049931</ele>
<time>2026-07-14T05:17:30.006Z</time>
</trkpt>
<trkpt lat="42.0054952" lon="2.82467410000001">
<ele>70.40618295831769</ele>
<time>2026-07-14T05:17:31.965Z</time>
</trkpt>
<trkpt lat="42.0054593" lon="2.8246717000000103">
<ele>70.49779554437721</ele>
<time>2026-07-14T05:17:33.964Z</time>
</trkpt>
<trkpt lat="42.0054265" lon="2.824668800000012">
<ele>70.5722197358172</ele>
<time>2026-07-14T05:17:35.923Z</time>
</trkpt>
<trkpt lat="42.0053911" lon="2.824667000000005">
<ele>70.65605438979036</ele>
<time>2026-07-14T05:17:37.883Z</time>
</trkpt>
<trkpt lat="42.0053582" lon="2.8246619999999893">
<ele>70.70170220713922</ele>
<time>2026-07-14T05:17:39.859Z</time>
</trkpt>
<trkpt lat="42.0053251" lon="2.8246575000000007">
<ele>70.74246214483911</ele>
<time>2026-07-14T05:17:41.882Z</time>
</trkpt>
<trkpt lat="42.0052966" lon="2.824641299999996">
<ele>70.64021821536326</ele>
<time>2026-07-14T05:17:43.786Z</time>
</trkpt>
<trkpt lat="42.0052673" lon="2.8246283000000005">
<ele>70.48563851465282</ele>
<time>2026-07-14T05:17:45.745Z</time>
</trkpt>
<trkpt lat="42.0052415" lon="2.8246190000000126">
<ele>70.35325942165285</ele>
<time>2026-07-14T05:17:47.665Z</time>
</trkpt>
<trkpt lat="42.0052272" lon="2.824618799999996">
<ele>70.33006723263502</ele>
<time>2026-07-14T05:17:49.721Z</time>
</trkpt>
<trkpt lat="42.0051981" lon="2.8246045999999865">
<ele>70.19047747199292</ele>
<time>2026-07-14T05:17:51.705Z</time>
</trkpt>
<trkpt lat="42.0052508" lon="2.824636400000003">
<ele>70.52851506802425</ele>
<time>2026-07-14T05:17:53.761Z</time>
</trkpt>
<trkpt lat="42.0052138" lon="2.824632500000007">
<ele>70.41282494442758</ele>
<time>2026-07-14T05:17:55.665Z</time>
</trkpt>
<trkpt lat="42.0051753" lon="2.8246337999999866">
<ele>70.33742553462707</ele>
<time>2026-07-14T05:17:57.760Z</time>
</trkpt>
<trkpt lat="42.0051437" lon="2.8246289999999874">
<ele>70.24750405849035</ele>
<time>2026-07-14T05:17:59.745Z</time>
</trkpt>
<trkpt lat="42.0051149" lon="2.8246250999999916">
<ele>70.17944844048675</ele>
<time>2026-07-14T05:18:01.743Z</time>
</trkpt>
<trkpt lat="42.005086" lon="2.8246211000000017">
<ele>70.12177366352614</ele>
<time>2026-07-14T05:18:03.726Z</time>
</trkpt>
<trkpt lat="42.0050568" lon="2.824620100000004">
<ele>70.07478663756034</ele>
<time>2026-07-14T05:18:05.701Z</time>
</trkpt>
<trkpt lat="42.0050191" lon="2.824613999999997">
<ele>70.02666726595054</ele>
<time>2026-07-14T05:18:07.725Z</time>
</trkpt>
<trkpt lat="42.0049928" lon="2.824610299999989">
<ele>69.97808633561449</ele>
<time>2026-07-14T05:18:09.685Z</time>
</trkpt>
<trkpt lat="42.0049651" lon="2.824606899999992">
<ele>69.90367042921751</ele>
<time>2026-07-14T05:18:11.604Z</time>
</trkpt>
<trkpt lat="42.0049294" lon="2.8246024999999975">
<ele>69.806678244015</ele>
<time>2026-07-14T05:18:13.580Z</time>
</trkpt>
<trkpt lat="42.0049035" lon="2.8245985000000076">
<ele>69.7370649605317</ele>
<time>2026-07-14T05:18:15.563Z</time>
</trkpt>
<trkpt lat="42.0048744" lon="2.8245919999999956">
<ele>69.66145887765424</ele>
<time>2026-07-14T05:18:17.563Z</time>
</trkpt>
<trkpt lat="42.0048469" lon="2.824587000000008">
<ele>69.58668025171065</ele>
<time>2026-07-14T05:18:19.482Z</time>
</trkpt>
<trkpt lat="42.0048146" lon="2.82458299999999">
<ele>69.49451828871281</ele>
<time>2026-07-14T05:18:21.658Z</time>
</trkpt>
<trkpt lat="42.0047711" lon="2.824551200000002">
<ele>69.40522002090465</ele>
<time>2026-07-14T05:18:25.481Z</time>
</trkpt>
<trkpt lat="42.0047351" lon="2.8245483999999976">
<ele>69.29382302426636</ele>
<time>2026-07-14T05:18:27.425Z</time>
</trkpt>
<trkpt lat="42.0046979" lon="2.8245554000000084">
<ele>69.26565952231745</ele>
<time>2026-07-14T05:18:29.441Z</time>
</trkpt>
<trkpt lat="42.0046709" lon="2.8245573000000093">
<ele>69.2665807979402</ele>
<time>2026-07-14T05:18:31.343Z</time>
</trkpt>
<trkpt lat="42.004644" lon="2.824556300000012">
<ele>69.26738485703459</ele>
<time>2026-07-14T05:18:33.303Z</time>
</trkpt>
<trkpt lat="42.0046159" lon="2.8245583000000067">
<ele>69.2717624525988</ele>
<time>2026-07-14T05:18:35.319Z</time>
</trkpt>
<trkpt lat="42.0045904" lon="2.824570300000005">
<ele>69.30142476227478</ele>
<time>2026-07-14T05:18:37.183Z</time>
</trkpt>
<trkpt lat="42.0045649" lon="2.824585799999994">
<ele>69.3567630469658</ele>
<time>2026-07-14T05:18:39.142Z</time>
</trkpt>
<trkpt lat="42.0045327" lon="2.824593099999987">
<ele>69.4092697737497</ele>
<time>2026-07-14T05:18:41.125Z</time>
</trkpt>
<trkpt lat="42.0045085" lon="2.824598299999991">
<ele>69.45529285521319</ele>
<time>2026-07-14T05:18:43.085Z</time>
</trkpt>
<trkpt lat="42.0044813" lon="2.8246042000000102">
<ele>69.51487891690046</ele>
<time>2026-07-14T05:18:45.085Z</time>
</trkpt>
<trkpt lat="42.0044516" lon="2.824608600000005">
<ele>69.577378912089</ele>
<time>2026-07-14T05:18:47.044Z</time>
</trkpt>
<trkpt lat="42.0044172" lon="2.824610799999988">
<ele>69.6475747792544</ele>
<time>2026-07-14T05:18:49.146Z</time>
</trkpt>
<trkpt lat="42.0043849" lon="2.824608000000012">
<ele>69.68309615109104</ele>
<time>2026-07-14T05:18:51.146Z</time>
</trkpt>
<trkpt lat="42.004352" lon="2.8246019000000047">
<ele>69.69374686383256</ele>
<time>2026-07-14T05:18:53.145Z</time>
</trkpt>
<trkpt lat="42.004325" lon="2.8245846000000085">
<ele>69.60680112034365</ele>
<time>2026-07-14T05:18:55.024Z</time>
</trkpt>
<trkpt lat="42.0042881" lon="2.8245504999999866">
<ele>69.38496951965416</ele>
<time>2026-07-14T05:18:57.079Z</time>
</trkpt>
<trkpt lat="42.0042579" lon="2.82453559999999">
<ele>69.28731847006523</ele>
<time>2026-07-14T05:18:59.104Z</time>
</trkpt>
<trkpt lat="42.0042291" lon="2.8245257000000095">
<ele>69.22075196082665</ele>
<time>2026-07-14T05:19:00.999Z</time>
</trkpt>
<trkpt lat="42.0041993" lon="2.824521400000009">
<ele>69.1981603333141</ele>
<time>2026-07-14T05:19:02.943Z</time>
</trkpt>
<trkpt lat="42.0041665" lon="2.8245272000000057">
<ele>69.25433367337557</ele>
<time>2026-07-14T05:19:04.966Z</time>
</trkpt>
<trkpt lat="42.0041351" lon="2.824528600000008">
<ele>69.20324965146393</ele>
<time>2026-07-14T05:19:06.901Z</time>
</trkpt>
<trkpt lat="42.0041067" lon="2.824526700000007">
<ele>69.12728056538688</ele>
<time>2026-07-14T05:19:08.717Z</time>
</trkpt>
<trkpt lat="42.0040779" lon="2.8245309000000134">
<ele>69.1074834968547</ele>
<time>2026-07-14T05:19:10.624Z</time>
</trkpt>
<trkpt lat="42.0040466" lon="2.8245297999999934">
<ele>69.03305215563584</ele>
<time>2026-07-14T05:19:12.635Z</time>
</trkpt>
<trkpt lat="42.0040162" lon="2.824530299999992">
<ele>68.97531555811562</ele>
<time>2026-07-14T05:19:14.651Z</time>
</trkpt>
<trkpt lat="42.003988" lon="2.824530699999997">
<ele>68.9211271387548</ele>
<time>2026-07-14T05:19:16.735Z</time>
</trkpt>
<trkpt lat="42.0039525" lon="2.824528299999997">
<ele>68.82642541656564</ele>
<time>2026-07-14T05:19:18.738Z</time>
</trkpt>
<trkpt lat="42.0039206" lon="2.8245257000000095">
<ele>68.73755740143747</ele>
<time>2026-07-14T05:19:20.667Z</time>
</trkpt>
<trkpt lat="42.0038933" lon="2.8245242000000133">
<ele>68.67611132905199</ele>
<time>2026-07-14T05:19:22.658Z</time>
</trkpt>
<trkpt lat="42.0038638" lon="2.8245277000000044">
<ele>68.87975575311953</ele>
<time>2026-07-14T05:19:24.601Z</time>
</trkpt>
<trkpt lat="42.0038364" lon="2.824520299999989">
<ele>68.97306192621456</ele>
<time>2026-07-14T05:19:26.736Z</time>
</trkpt>
<trkpt lat="42.0038147" lon="2.824496399999987">
<ele>68.88481918506046</ele>
<time>2026-07-14T05:19:28.559Z</time>
</trkpt>
<trkpt lat="42.0037909" lon="2.824473299999994">
<ele>68.8945034025697</ele>
<time>2026-07-14T05:19:30.598Z</time>
</trkpt>
<trkpt lat="42.0037718" lon="2.8244497000000024">
<ele>69.15019152133128</ele>
<time>2026-07-14T05:19:32.606Z</time>
</trkpt>
<trkpt lat="42.0037527" lon="2.8244234999999946">
<ele>69.41653909988378</ele>
<time>2026-07-14T05:19:34.646Z</time>
</trkpt>
<trkpt lat="42.0037252" lon="2.824410499999999">
<ele>69.64517689514871</ele>
<time>2026-07-14T05:19:36.646Z</time>
</trkpt>
<trkpt lat="42.0036909" lon="2.82440729999999">
<ele>69.8508846361187</ele>
<time>2026-07-14T05:19:38.622Z</time>
</trkpt>
<trkpt lat="42.0036598" lon="2.824400099999991">
<ele>70.06002031986391</ele>
<time>2026-07-14T05:19:40.621Z</time>
</trkpt>
<trkpt lat="42.0036285" lon="2.8243902000000105">
<ele>70.28214755828624</ele>
<time>2026-07-14T05:19:42.604Z</time>
</trkpt>
<trkpt lat="42.0035934" lon="2.8243928999999923">
<ele>70.36791857643713</ele>
<time>2026-07-14T05:19:44.659Z</time>
</trkpt>
<trkpt lat="42.0035646" lon="2.8244109000000037">
<ele>70.35255588315417</ele>
<time>2026-07-14T05:19:46.586Z</time>
</trkpt>
<trkpt lat="42.0035361" lon="2.824423700000011">
<ele>70.38820486098591</ele>
<time>2026-07-14T05:19:48.563Z</time>
</trkpt>
<trkpt lat="42.0035062" lon="2.824429699999996">
<ele>70.4634349696408</ele>
<time>2026-07-14T05:19:50.563Z</time>
</trkpt>
<trkpt lat="42.0034746" lon="2.824434700000012">
<ele>70.5579071218976</ele>
<time>2026-07-14T05:19:52.651Z</time>
</trkpt>
<trkpt lat="42.0034143" lon="2.8244708999999943">
<ele>70.84492266131632</ele>
<time>2026-07-14T05:19:56.650Z</time>
</trkpt>
<trkpt lat="42.0033759" lon="2.824508199999997">
<ele>71.2997089449467</ele>
<time>2026-07-14T05:20:00.440Z</time>
</trkpt>
<trkpt lat="42.0033511" lon="2.8245223000000124">
<ele>71.53479364954453</ele>
<time>2026-07-14T05:20:02.423Z</time>
</trkpt>
<trkpt lat="42.0033262" lon="2.8245362000000114">
<ele>71.69324277007884</ele>
<time>2026-07-14T05:20:04.654Z</time>
</trkpt>
<trkpt lat="42.0032959" lon="2.824540799999994">
<ele>71.6851735779576</ele>
<time>2026-07-14T05:20:06.669Z</time>
</trkpt>
<trkpt lat="42.0032688" lon="2.824556300000012">
<ele>71.77642147045758</ele>
<time>2026-07-14T05:20:08.685Z</time>
</trkpt>
<trkpt lat="42.0032243" lon="2.8244459000000006">
<ele>70.90634066836193</ele>
<time>2026-07-14T05:20:10.682Z</time>
</trkpt>
<trkpt lat="42.0031846" lon="2.8243989000000056">
<ele>70.70925136058314</ele>
<time>2026-07-14T05:20:12.697Z</time>
</trkpt>
<trkpt lat="42.0031582" lon="2.8243764999999996">
<ele>70.63685787292589</ele>
<time>2026-07-14T05:20:14.624Z</time>
</trkpt>
<trkpt lat="42.0031322" lon="2.8243541999999877">
<ele>70.58459619304345</ele>
<time>2026-07-14T05:20:16.735Z</time>
</trkpt>
<trkpt lat="42.0031157" lon="2.8243329000000017">
<ele>70.54762817391195</ele>
<time>2026-07-14T05:20:18.624Z</time>
</trkpt>
<trkpt lat="42.0030942" lon="2.82430819999999">
<ele>70.52217690181055</ele>
<time>2026-07-14T05:20:20.719Z</time>
</trkpt>
<trkpt lat="42.0030748" lon="2.824285500000002">
<ele>70.51412235346923</ele>
<time>2026-07-14T05:20:22.646Z</time>
</trkpt>
<trkpt lat="42.0030534" lon="2.8242712999999924">
<ele>70.49586050576309</ele>
<time>2026-07-14T05:20:24.695Z</time>
</trkpt>
<trkpt lat="42.0030293" lon="2.8242653000000075">
<ele>70.38781107843974</ele>
<time>2026-07-14T05:20:26.605Z</time>
</trkpt>
<trkpt lat="42.0029977" lon="2.824261799999988">
<ele>70.24548607464345</ele>
<time>2026-07-14T05:20:28.621Z</time>
</trkpt>
<trkpt lat="42.0029743" lon="2.8242600000000095">
<ele>70.13862444028118</ele>
<time>2026-07-14T05:20:30.685Z</time>
</trkpt>
<trkpt lat="42.0029461" lon="2.8242659999999944">
<ele>70.04285867565736</ele>
<time>2026-07-14T05:20:32.700Z</time>
</trkpt>
<trkpt lat="42.0029197" lon="2.824276800000007">
<ele>69.9897499944062</ele>
<time>2026-07-14T05:20:34.524Z</time>
</trkpt>
<trkpt lat="42.0028919" lon="2.824296199999992">
<ele>70.00147516885067</ele>
<time>2026-07-14T05:20:36.651Z</time>
</trkpt>
<trkpt lat="42.0028645" lon="2.824319800000012">
<ele>70.07606865501839</ele>
<time>2026-07-14T05:20:38.642Z</time>
</trkpt>
<trkpt lat="42.002843" lon="2.8243487999999957">
<ele>70.24152422137394</ele>
<time>2026-07-14T05:20:40.660Z</time>
</trkpt>
<trkpt lat="42.0028168" lon="2.8243683000000033">
<ele>70.36157018350637</ele>
<time>2026-07-14T05:20:42.624Z</time>
</trkpt>
<trkpt lat="42.0027888" lon="2.824373400000013">
<ele>70.3789018485448</ele>
<time>2026-07-14T05:20:44.644Z</time>
</trkpt>
<trkpt lat="42.0027664" lon="2.824380899999994">
<ele>70.4157238568263</ele>
<time>2026-07-14T05:20:46.165Z</time>
</trkpt>
<trkpt lat="42.0027664" lon="2.824380899999994">
<ele>70.4157238568263</ele>
<time>2026-07-14T05:20:46.165Z</time>
</trkpt>
<trkpt lat="42.0027505" lon="2.8243750999999975">
<ele>70.33272526523099</ele>
<time>2026-07-14T05:20:50.197Z</time>
</trkpt>
<trkpt lat="42.0025883" lon="2.824417699999998">
<ele>70.42377514722763</ele>
<time>2026-07-14T05:20:52.172Z</time>
</trkpt>
<trkpt lat="42.0025414" lon="2.8244213000000116">
<ele>70.3665680282622</ele>
<time>2026-07-14T05:20:54.197Z</time>
</trkpt>
<trkpt lat="42.0025073" lon="2.8244225999999912">
<ele>70.31291279606937</ele>
<time>2026-07-14T05:20:56.172Z</time>
</trkpt>
<trkpt lat="42.0024777" lon="2.8244268999999917">
<ele>70.37060640187832</ele>
<time>2026-07-14T05:20:58.157Z</time>
</trkpt>
<trkpt lat="42.0024491" lon="2.824426299999999">
<ele>70.39609045763973</ele>
<time>2026-07-14T05:21:00.172Z</time>
</trkpt>
<trkpt lat="42.0024363" lon="2.8244291000000032">
<ele>70.43253654096918</ele>
<time>2026-07-14T05:21:02.476Z</time>
</trkpt>
<trkpt lat="42.0024005" lon="2.8244304000000113">
<ele>70.48005657436599</ele>
<time>2026-07-14T05:21:04.570Z</time>
</trkpt>
<trkpt lat="42.0023708" lon="2.8244333000000097">
<ele>70.53256059685884</ele>
<time>2026-07-14T05:21:06.490Z</time>
</trkpt>
<trkpt lat="42.0023455" lon="2.824432800000011">
<ele>70.55435867493456</ele>
<time>2026-07-14T05:21:08.473Z</time>
</trkpt>
<trkpt lat="42.00232" lon="2.824428299999994">
<ele>70.54829990219271</ele>
<time>2026-07-14T05:21:10.455Z</time>
</trkpt>
<trkpt lat="42.0022957" lon="2.824427600000007">
<ele>70.56905002598731</ele>
<time>2026-07-14T05:21:12.390Z</time>
</trkpt>
<trkpt lat="42.0022666" lon="2.824427700000001">
<ele>70.60048627473181</ele>
<time>2026-07-14T05:21:14.413Z</time>
</trkpt>
<trkpt lat="42.0022375" lon="2.824422300000009">
<ele>70.59708883609751</ele>
<time>2026-07-14T05:21:16.372Z</time>
</trkpt>
<trkpt lat="42.0022065" lon="2.824409099999997">
<ele>70.56312553206801</ele>
<time>2026-07-14T05:21:18.396Z</time>
</trkpt>
<trkpt lat="42.0021794" lon="2.82439389999999">
<ele>70.51001745796788</ele>
<time>2026-07-14T05:21:20.331Z</time>
</trkpt>
<trkpt lat="42.0021518" lon="2.8243837999999926">
<ele>70.48388064897944</ele>
<time>2026-07-14T05:21:22.330Z</time>
</trkpt>
<trkpt lat="42.002123" lon="2.824378700000011">
<ele>70.48994164097084</ele>
<time>2026-07-14T05:21:24.289Z</time>
</trkpt>
<trkpt lat="42.002093" lon="2.8243789999999933">
<ele>70.53635043760387</ele>
<time>2026-07-14T05:21:26.297Z</time>
</trkpt>
<trkpt lat="42.0020637" lon="2.824387400000006">
<ele>70.64816538466239</ele>
<time>2026-07-14T05:21:28.255Z</time>
</trkpt>
<trkpt lat="42.0020416" lon="2.8243927999999983">
<ele>70.72855563382184</ele>
<time>2026-07-14T05:21:30.293Z</time>
</trkpt>
<trkpt lat="42.0020345" lon="2.8243990999999937">
<ele>70.79393793464315</ele>
<time>2026-07-14T05:21:32.251Z</time>
</trkpt>
<trkpt lat="42.002028" lon="2.824415600000009">
<ele>70.94714098194818</ele>
<time>2026-07-14T05:21:34.731Z</time>
</trkpt>
<trkpt lat="42.0020278" lon="2.8244206999999903">
<ele>70.99144189464103</ele>
<time>2026-07-14T05:21:36.756Z</time>
</trkpt>
<trkpt lat="42.0019886" lon="2.8243996999999865">
<ele>70.87817514437448</ele>
<time>2026-07-14T05:21:38.691Z</time>
</trkpt>
<trkpt lat="42.0019637" lon="2.8243916000000127">
<ele>70.8450407345303</ele>
<time>2026-07-14T05:21:40.571Z</time>
</trkpt>
<trkpt lat="42.0019334" lon="2.8243785999999886">
<ele>70.74918561660624</ele>
<time>2026-07-14T05:21:42.571Z</time>
</trkpt>
<trkpt lat="42.0019041" lon="2.8243769000000043">
<ele>70.7377095170816</ele>
<time>2026-07-14T05:21:44.450Z</time>
</trkpt>
<trkpt lat="42.0018745" lon="2.824377499999997">
<ele>70.74766370411801</ele>
<time>2026-07-14T05:21:46.434Z</time>
</trkpt>
<trkpt lat="42.0018406" lon="2.8243752999999856">
<ele>70.73403521804188</ele>
<time>2026-07-14T05:21:48.394Z</time>
</trkpt>
<trkpt lat="42.0018183" lon="2.8243730000000085">
<ele>70.7188185206983</ele>
<time>2026-07-14T05:21:50.377Z</time>
</trkpt>
<trkpt lat="42.0017918" lon="2.8243696000000114">
<ele>70.69672907608425</ele>
<time>2026-07-14T05:21:52.353Z</time>
</trkpt>
<trkpt lat="42.0017632" lon="2.824365300000011">
<ele>70.67004844503239</ele>
<time>2026-07-14T05:21:54.334Z</time>
</trkpt>
<trkpt lat="42.001707" lon="2.8243629000000112">
<ele>70.6682186018001</ele>
<time>2026-07-14T05:21:58.276Z</time>
</trkpt>
<trkpt lat="42.0016744" lon="2.8243606000000057">
<ele>70.66219209562527</ele>
<time>2026-07-14T05:22:00.275Z</time>
</trkpt>
<trkpt lat="42.0016448" lon="2.8243593999999916">
<ele>70.66547405596872</ele>
<time>2026-07-14T05:22:02.234Z</time>
</trkpt>
<trkpt lat="42.0015951" lon="2.8243857999999875">
<ele>70.84976470474271</ele>
<time>2026-07-14T05:22:06.176Z</time>
</trkpt>
<trkpt lat="42.0015625" lon="2.8243870999999956">
<ele>70.8640684022299</ele>
<time>2026-07-14T05:22:08.151Z</time>
</trkpt>
<trkpt lat="42.0015011" lon="2.8243870999999956">
<ele>70.87576293934897</ele>
<time>2026-07-14T05:22:12.109Z</time>
</trkpt>
<trkpt lat="42.0014726" lon="2.824391200000008">
<ele>70.90291027623513</ele>
<time>2026-07-14T05:22:14.077Z</time>
</trkpt>
<trkpt lat="42.0014428" lon="2.824387800000011">
<ele>70.89041693776414</ele>
<time>2026-07-14T05:22:16.052Z</time>
</trkpt>
<trkpt lat="42.0014145" lon="2.82437920000001">
<ele>70.85388991783432</ele>
<time>2026-07-14T05:22:17.970Z</time>
</trkpt>
<trkpt lat="42.0013845" lon="2.82437010000001">
<ele>70.80254129009853</ele>
<time>2026-07-14T05:22:19.953Z</time>
</trkpt>
<trkpt lat="42.0013564" lon="2.8243664000000024">
<ele>70.71891705830744</ele>
<time>2026-07-14T05:22:21.912Z</time>
</trkpt>
<trkpt lat="42.0013206" lon="2.8243573999999967">
<ele>70.58812244769204</ele>
<time>2026-07-14T05:22:23.896Z</time>
</trkpt>
<trkpt lat="42.0012978" lon="2.8243380000000116">
<ele>70.42966192402844</ele>
<time>2026-07-14T05:22:25.814Z</time>
</trkpt>
<trkpt lat="42.0012784" lon="2.8243071999999927">
<ele>70.21188207084549</ele>
<time>2026-07-14T05:22:27.693Z</time>
</trkpt>
<trkpt lat="42.0012495" lon="2.8242812999999956">
<ele>69.9851640413106</ele>
<time>2026-07-14T05:22:29.693Z</time>
</trkpt>
<trkpt lat="42.001226" lon="2.824268200000006">
<ele>69.83949738630923</ele>
<time>2026-07-14T05:22:31.612Z</time>
</trkpt>
<trkpt lat="42.001203" lon="2.8242502999999886">
<ele>69.66234161764737</ele>
<time>2026-07-14T05:22:33.636Z</time>
</trkpt>
<trkpt lat="42.0011647" lon="2.824239299999988">
<ele>69.47225568252955</ele>
<time>2026-07-14T05:22:35.595Z</time>
</trkpt>
<trkpt lat="42.0011441" lon="2.824231999999995">
<ele>69.35872339536353</ele>
<time>2026-07-14T05:22:37.570Z</time>
</trkpt>
<trkpt lat="42.0011193" lon="2.824226799999991">
<ele>69.24284799677997</ele>
<time>2026-07-14T05:22:39.553Z</time>
</trkpt>
<trkpt lat="42.0010824" lon="2.824222700000007">
<ele>69.09639356395883</ele>
<time>2026-07-14T05:22:41.536Z</time>
</trkpt>
<trkpt lat="42.0010513" lon="2.824221499999993">
<ele>68.9875942903687</ele>
<time>2026-07-14T05:22:43.535Z</time>
</trkpt>
<trkpt lat="42.0010192" lon="2.824219999999997">
<ele>68.87222475643038</ele>
<time>2026-07-14T05:22:45.648Z</time>
</trkpt>
<trkpt lat="42.0009867" lon="2.8242183000000125">
<ele>68.75263804763249</ele>
<time>2026-07-14T05:22:47.630Z</time>
</trkpt>
<trkpt lat="42.0009649" lon="2.824214000000012">
<ele>68.64459766223798</ele>
<time>2026-07-14T05:22:49.630Z</time>
</trkpt>
<trkpt lat="42.0009408" lon="2.824212999999986">
<ele>68.55558658949141</ele>
<time>2026-07-14T05:22:51.631Z</time>
</trkpt>
<trkpt lat="42.0009206" lon="2.8242078000000106">
<ele>68.44067652940704</ele>
<time>2026-07-14T05:22:53.533Z</time>
</trkpt>
<trkpt lat="42.0008917" lon="2.8241941999999938">
<ele>68.27632225152598</ele>
<time>2026-07-14T05:22:55.673Z</time>
</trkpt>
<trkpt lat="42.000869" lon="2.8241768000000036">
<ele>68.22092565306478</ele>
<time>2026-07-14T05:22:57.649Z</time>
</trkpt>
<trkpt lat="42.000854" lon="2.8241529000000014">
<ele>68.20949668099259</ele>
<time>2026-07-14T05:22:59.617Z</time>
</trkpt>
<trkpt lat="42.00083" lon="2.8241424999999936">
<ele>68.19354842444784</ele>
<time>2026-07-14T05:23:01.593Z</time>
</trkpt>
<trkpt lat="42.0008059" lon="2.8241353999999887">
<ele>68.30742988525398</ele>
<time>2026-07-14T05:23:03.514Z</time>
</trkpt>
<trkpt lat="42.0007843" lon="2.8241198999999995">
<ele>68.41010321227708</ele>
<time>2026-07-14T05:23:05.553Z</time>
</trkpt>
<trkpt lat="42.0007666" lon="2.8240993999999944">
<ele>68.48656017889023</ele>
<time>2026-07-14T05:23:07.553Z</time>
</trkpt>
<trkpt lat="42.0007478" lon="2.8240764999999897">
<ele>68.55098892669065</ele>
<time>2026-07-14T05:23:09.537Z</time>
</trkpt>
<trkpt lat="42.0007245" lon="2.82405940000001">
<ele>68.61156699187508</ele>
<time>2026-07-14T05:23:11.456Z</time>
</trkpt>
<trkpt lat="42.0006387" lon="2.8242133999999908">
<ele>69.253991345852</ele>
<time>2026-07-14T05:23:13.432Z</time>
</trkpt>
<trkpt lat="42.0005601" lon="2.8243286999999953">
<ele>70.29649738791842</ele>
<time>2026-07-14T05:23:15.417Z</time>
</trkpt>
<trkpt lat="42.000509" lon="2.8243309000000067">
<ele>70.22466345447772</ele>
<time>2026-07-14T05:23:17.352Z</time>
</trkpt>
<trkpt lat="42.0004696" lon="2.8243296999999927">
<ele>70.13605324954126</ele>
<time>2026-07-14T05:23:19.648Z</time>
</trkpt>
<trkpt lat="42.0004392" lon="2.824330599999996">
<ele>70.08065423319516</ele>
<time>2026-07-14T05:23:21.648Z</time>
</trkpt>
<trkpt lat="42.0004094" lon="2.8243400000000065">
<ele>70.10011914174196</ele>
<time>2026-07-14T05:23:23.660Z</time>
</trkpt>
<trkpt lat="42.000383" lon="2.824355099999991">
<ele>70.18919846198291</ele>
<time>2026-07-14T05:23:25.670Z</time>
</trkpt>
<trkpt lat="42.0003524" lon="2.8243519000000106">
<ele>70.11198921388991</ele>
<time>2026-07-14T05:23:27.694Z</time>
</trkpt>
<trkpt lat="42.0003266" lon="2.824356800000004">
<ele>70.12206127931184</ele>
<time>2026-07-14T05:23:29.597Z</time>
</trkpt>
<trkpt lat="42.0003034" lon="2.8243651999999884">
<ele>70.17910102373762</ele>
<time>2026-07-14T05:23:31.649Z</time>
</trkpt>
<trkpt lat="42.0002654" lon="2.8243452000000104">
<ele>69.91904170417206</ele>
<time>2026-07-14T05:23:33.648Z</time>
</trkpt>
<trkpt lat="42.0002335" lon="2.824339000000009">
<ele>69.84844904422607</ele>
<time>2026-07-14T05:23:35.649Z</time>
</trkpt>
<trkpt lat="42.0001746" lon="2.824346399999996">
<ele>69.9327047996492</ele>
<time>2026-07-14T05:23:39.532Z</time>
</trkpt>
<trkpt lat="42.0001519" lon="2.8243712000000016">
<ele>70.21507543944826</ele>
<time>2026-07-14T05:23:41.655Z</time>
</trkpt>
<trkpt lat="42.0001355" lon="2.8243961000000013">
<ele>70.49858467053998</ele>
<time>2026-07-14T05:23:43.648Z</time>
</trkpt>
<trkpt lat="42.000105" lon="2.82438479999999">
<ele>70.36992385482242</ele>
<time>2026-07-14T05:23:45.648Z</time>
</trkpt>
<trkpt lat="42.0000763" lon="2.8243875000000003">
<ele>70.40066581963971</ele>
<time>2026-07-14T05:23:47.648Z</time>
</trkpt>
<trkpt lat="42.0000489" lon="2.824403100000012">
<ele>70.57828606080744</ele>
<time>2026-07-14T05:23:49.661Z</time>
</trkpt>
<trkpt lat="42.0000259" lon="2.8244272999999964">
<ele>70.85382515287043</ele>
<time>2026-07-14T05:23:51.657Z</time>
</trkpt>
<trkpt lat="41.999998" lon="2.8244385000000136">
<ele>70.44974552754758</ele>
<time>2026-07-14T05:23:53.576Z</time>
</trkpt>
<trkpt lat="41.9999445" lon="2.8244028000000014">
<ele>70.23989415450703</ele>
<time>2026-07-14T05:23:55.575Z</time>
</trkpt>
<trkpt lat="41.9999106" lon="2.8243897000000118">
<ele>70.22008421100615</ele>
<time>2026-07-14T05:23:57.591Z</time>
</trkpt>
<trkpt lat="41.999878" lon="2.8243830000000116">
<ele>70.26798133914056</ele>
<time>2026-07-14T05:23:59.494Z</time>
</trkpt>
<trkpt lat="41.9998431" lon="2.824377499999997">
<ele>70.33926817696185</ele>
<time>2026-07-14T05:24:01.477Z</time>
</trkpt>
<trkpt lat="41.9998108" lon="2.8243718999999885">
<ele>70.40189665612117</ele>
<time>2026-07-14T05:24:03.450Z</time>
</trkpt>
<trkpt lat="41.9997805" lon="2.8243617999999913">
<ele>70.41372635730366</ele>
<time>2026-07-14T05:24:05.416Z</time>
</trkpt>
<trkpt lat="41.999753" lon="2.824347700000004">
<ele>70.37850152142282</ele>
<time>2026-07-14T05:24:07.391Z</time>
</trkpt>
<trkpt lat="41.9997224" lon="2.8243348000000026">
<ele>70.37141230662868</ele>
<time>2026-07-14T05:24:09.374Z</time>
</trkpt>
<trkpt lat="41.9996923" lon="2.8243333000000064">
<ele>70.3301338518229</ele>
<time>2026-07-14T05:24:11.333Z</time>
</trkpt>
<trkpt lat="41.9996608" lon="2.8243321999999864">
<ele>70.2884067303016</ele>
<time>2026-07-14T05:24:13.292Z</time>
</trkpt>
<trkpt lat="41.99963" lon="2.8243314999999996">
<ele>70.25116686966997</ele>
<time>2026-07-14T05:24:15.236Z</time>
</trkpt>
<trkpt lat="41.9995985" lon="2.824330500000002">
<ele>70.21008484055375</ele>
<time>2026-07-14T05:24:17.234Z</time>
</trkpt>
<trkpt lat="41.9995695" lon="2.824330300000014">
<ele>70.1794327716714</ele>
<time>2026-07-14T05:24:19.234Z</time>
</trkpt>
<trkpt lat="41.9995416" lon="2.8243316999999877">
<ele>70.16624087642715</ele>
<time>2026-07-14T05:24:21.193Z</time>
</trkpt>
<trkpt lat="41.9994902" lon="2.8243321999999864">
<ele>70.1209000969968</ele>
<time>2026-07-14T05:24:24.976Z</time>
</trkpt>
<trkpt lat="41.9994595" lon="2.8243368999999916">
<ele>70.14007367833095</ele>
<time>2026-07-14T05:24:26.896Z</time>
</trkpt>
<trkpt lat="41.9994333" lon="2.8243332000000123">
<ele>70.07689103081012</ele>
<time>2026-07-14T05:24:28.831Z</time>
</trkpt>
<trkpt lat="41.9993999" lon="2.8243420000000015">
<ele>70.15295183508843</ele>
<time>2026-07-14T05:24:30.831Z</time>
</trkpt>
<trkpt lat="41.9993685" lon="2.8243504000000144">
<ele>70.24259726443823</ele>
<time>2026-07-14T05:24:32.774Z</time>
</trkpt>
<trkpt lat="41.9993342" lon="2.8243560999999886">
<ele>70.3107373841552</ele>
<time>2026-07-14T05:24:34.732Z</time>
</trkpt>
<trkpt lat="41.9993058" lon="2.824356800000004">
<ele>70.31684243124431</ele>
<time>2026-07-14T05:24:36.703Z</time>
</trkpt>
<trkpt lat="41.9992735" lon="2.824359500000014">
<ele>70.3553148749509</ele>
<time>2026-07-14T05:24:38.737Z</time>
</trkpt>
<trkpt lat="41.999243" lon="2.8243591000000094">
<ele>70.34726301422616</ele>
<time>2026-07-14T05:24:40.656Z</time>
</trkpt>
<trkpt lat="41.9992124" lon="2.824358200000006">
<ele>70.329622746989</ele>
<time>2026-07-14T05:24:42.614Z</time>
</trkpt>
<trkpt lat="41.9991816" lon="2.8243559999999945">
<ele>70.2860726706219</ele>
<time>2026-07-14T05:24:44.596Z</time>
</trkpt>
<trkpt lat="41.9991508" lon="2.8243533000000127">
<ele>70.2132449307342</ele>
<time>2026-07-14T05:24:46.611Z</time>
</trkpt>
<trkpt lat="41.9991226" lon="2.824353599999995">
<ele>70.18274915406708</ele>
<time>2026-07-14T05:24:48.593Z</time>
</trkpt>
<trkpt lat="41.9990723" lon="2.8243586000000107">
<ele>70.2066883186124</ele>
<time>2026-07-14T05:24:52.457Z</time>
</trkpt>
<trkpt lat="41.9990394" lon="2.8243624000000125">
<ele>70.22731334375784</ele>
<time>2026-07-14T05:24:54.455Z</time>
</trkpt>
<trkpt lat="41.999007" lon="2.8243625000000065">
<ele>70.18310355035906</ele>
<time>2026-07-14T05:24:56.414Z</time>
</trkpt>
<trkpt lat="41.9989777" lon="2.8243597000000022">
<ele>70.09607068789784</ele>
<time>2026-07-14T05:24:58.375Z</time>
</trkpt>
<trkpt lat="41.9989498" lon="2.8243645000000015">
<ele>70.13367078582755</ele>
<time>2026-07-14T05:25:00.333Z</time>
</trkpt>
<trkpt lat="41.998917" lon="2.8243598999999904">
<ele>70.01567432180947</ele>
<time>2026-07-14T05:25:02.316Z</time>
</trkpt>
<trkpt lat="41.9988604" lon="2.824358100000012">
<ele>69.94403249826071</ele>
<time>2026-07-14T05:25:06.234Z</time>
</trkpt>
<trkpt lat="41.9988266" lon="2.8243541999999877">
<ele>69.8822950240661</ele>
<time>2026-07-14T05:25:08.216Z</time>
</trkpt>
<trkpt lat="41.9987991" lon="2.8243487000000016">
<ele>69.79963330741211</ele>
<time>2026-07-14T05:25:10.190Z</time>
</trkpt>
<trkpt lat="41.9987694" lon="2.8243472999999994">
<ele>69.77682736128389</ele>
<time>2026-07-14T05:25:12.157Z</time>
</trkpt>
<trkpt lat="41.9987422" lon="2.8243473999999935">
<ele>69.77580492909438</ele>
<time>2026-07-14T05:25:14.091Z</time>
</trkpt>
<trkpt lat="41.9987136" lon="2.8243458999999973">
<ele>69.75234280183315</ele>
<time>2026-07-14T05:25:16.116Z</time>
</trkpt>
<trkpt lat="41.9986857" lon="2.8243471000000113">
<ele>69.7665924654002</ele>
<time>2026-07-14T05:25:18.074Z</time>
</trkpt>
<trkpt lat="41.9986601" lon="2.8243703999999923">
<ele>70.08202462667231</ele>
<time>2026-07-14T05:25:20.033Z</time>
</trkpt>
<trkpt lat="41.9986293" lon="2.8243884999999977">
<ele>70.31913136105985</ele>
<time>2026-07-14T05:25:22.056Z</time>
</trkpt>
<trkpt lat="41.998596" lon="2.8243990999999937">
<ele>70.44483438249988</ele>
<time>2026-07-14T05:25:24.055Z</time>
</trkpt>
<trkpt lat="41.9985717" lon="2.8244055000000117">
<ele>70.50978411573878</ele>
<time>2026-07-14T05:25:25.882Z</time>
</trkpt>
<trkpt lat="41.9985391" lon="2.8244056000000057">
<ele>70.48486623653277</ele>
<time>2026-07-14T05:25:28.013Z</time>
</trkpt>
<trkpt lat="41.9985078" lon="2.824407100000002">
<ele>70.47788618879993</ele>
<time>2026-07-14T05:25:30.036Z</time>
</trkpt>
<trkpt lat="41.9984766" lon="2.8243976999999916">
<ele>70.34186084676243</ele>
<time>2026-07-14T05:25:32.035Z</time>
</trkpt>
<trkpt lat="41.9984447" lon="2.8243864000000087">
<ele>70.19099381210506</ele>
<time>2026-07-14T05:25:34.090Z</time>
</trkpt>
<trkpt lat="41.9984134" lon="2.824377499999997">
<ele>70.0755004987683</ele>
<time>2026-07-14T05:25:36.091Z</time>
</trkpt>
<trkpt lat="41.9983769" lon="2.8243750999999975">
<ele>70.03338467418621</ele>
<time>2026-07-14T05:25:38.010Z</time>
</trkpt>
<trkpt lat="41.99835" lon="2.8243741">
<ele>70.0115530384676</ele>
<time>2026-07-14T05:25:40.057Z</time>
</trkpt>
<trkpt lat="41.9983192" lon="2.824375900000007">
<ele>70.03868065421264</ele>
<time>2026-07-14T05:25:41.993Z</time>
</trkpt>
<trkpt lat="41.9982883" lon="2.8243855000000053">
<ele>70.18787245515341</ele>
<time>2026-07-14T05:25:43.975Z</time>
</trkpt>
<trkpt lat="41.998256" lon="2.8244010999999887">
<ele>70.42138173045771</ele>
<time>2026-07-14T05:25:45.974Z</time>
</trkpt>
<trkpt lat="41.998226" lon="2.824415600000009">
<ele>70.65734959296377</ele>
<time>2026-07-14T05:25:47.973Z</time>
</trkpt>
<trkpt lat="41.9981967" lon="2.824422499999997">
<ele>70.81257717078677</ele>
<time>2026-07-14T05:25:49.956Z</time>
</trkpt>
<trkpt lat="41.9981653" lon="2.824424899999997">
<ele>70.9211878339735</ele>
<time>2026-07-14T05:25:51.931Z</time>
</trkpt>
<trkpt lat="41.9981376" lon="2.8244227000000137">
<ele>70.95905843403061</ele>
<time>2026-07-14T05:25:53.914Z</time>
</trkpt>
<trkpt lat="41.9981097" lon="2.8244167000000004">
<ele>70.93930821732026</ele>
<time>2026-07-14T05:25:55.914Z</time>
</trkpt>
<trkpt lat="41.9980804" lon="2.824410999999998">
<ele>70.92015375836824</ele>
<time>2026-07-14T05:25:57.936Z</time>
</trkpt>
<trkpt lat="41.9980506" lon="2.8244100999999944">
<ele>70.9487105052482</ele>
<time>2026-07-14T05:25:59.871Z</time>
</trkpt>
<trkpt lat="41.9980241" lon="2.8244061999999985">
<ele>70.67978933175688</ele>
<time>2026-07-14T05:26:01.714Z</time>
</trkpt>
<trkpt lat="41.9979936" lon="2.8244093000000134">
<ele>70.49171405794885</ele>
<time>2026-07-14T05:26:03.649Z</time>
</trkpt>
<trkpt lat="41.9979609" lon="2.8244147999999996">
<ele>70.32758259188067</ele>
<time>2026-07-14T05:26:05.648Z</time>
</trkpt>
<trkpt lat="41.9979298" lon="2.8244200000000035">
<ele>70.17348931042893</ele>
<time>2026-07-14T05:26:07.474Z</time>
</trkpt>
<trkpt lat="41.9978718" lon="2.82442420000001">
<ele>69.79820380879693</ele>
<time>2026-07-14T05:26:11.255Z</time>
</trkpt>
<trkpt lat="41.9978382" lon="2.824428399999988">
<ele>69.61328507434291</ele>
<time>2026-07-14T05:26:13.397Z</time>
</trkpt>
<trkpt lat="41.9978028" lon="2.8244334000000038">
<ele>69.43094737188409</ele>
<time>2026-07-14T05:26:15.211Z</time>
</trkpt>
<trkpt lat="41.9977758" lon="2.8244364999999902">
<ele>69.28089997170757</ele>
<time>2026-07-14T05:26:17.392Z</time>
</trkpt>
<trkpt lat="41.9977207" lon="2.8244386000000077">
<ele>69.1595927893785</ele>
<time>2026-07-14T05:26:21.151Z</time>
</trkpt>
<trkpt lat="41.9976912" lon="2.8244385000000136">
<ele>69.07556895501786</ele>
<time>2026-07-14T05:26:23.133Z</time>
</trkpt>
<trkpt lat="41.9976589" lon="2.8244320999999957">
<ele>68.87027399557526</ele>
<time>2026-07-14T05:26:25.292Z</time>
</trkpt>
<trkpt lat="41.9976257" lon="2.8244270000000142">
<ele>68.685565296458</ele>
<time>2026-07-14T05:26:27.115Z</time>
</trkpt>
<trkpt lat="41.9976043" lon="2.824422800000008">
<ele>68.54987864383277</ele>
<time>2026-07-14T05:26:29.074Z</time>
</trkpt>
<trkpt lat="41.9975746" lon="2.824411800000007">
<ele>68.26782639430031</ele>
<time>2026-07-14T05:26:31.231Z</time>
</trkpt>
<trkpt lat="41.9975487" lon="2.8244056000000057">
<ele>68.08282858603593</ele>
<time>2026-07-14T05:26:33.054Z</time>
</trkpt>
<trkpt lat="41.9975193" lon="2.824403700000005">
<ele>67.96563514355597</ele>
<time>2026-07-14T05:26:35.052Z</time>
</trkpt>
<trkpt lat="41.9974874" lon="2.824405799999994">
<ele>67.89965532796816</ele>
<time>2026-07-14T05:26:37.074Z</time>
</trkpt>
<trkpt lat="41.9974644" lon="2.824405399999989">
<ele>67.79137900010438</ele>
<time>2026-07-14T05:26:38.884Z</time>
</trkpt>
<trkpt lat="41.9974065" lon="2.824413600000014">
<ele>67.70537905689645</ele>
<time>2026-07-14T05:26:42.652Z</time>
</trkpt>
<trkpt lat="41.9973796" lon="2.8244115999999906">
<ele>67.55070680040583</ele>
<time>2026-07-14T05:26:44.633Z</time>
</trkpt>
<trkpt lat="41.9973547" lon="2.82440729999999">
<ele>67.3515310082739</ele>
<time>2026-07-14T05:26:46.616Z</time>
</trkpt>
<trkpt lat="41.99732" lon="2.8244133000000033">
<ele>67.33751503732316</ele>
<time>2026-07-14T05:26:48.591Z</time>
</trkpt>
<trkpt lat="41.9972868" lon="2.8244267999999977">
<ele>67.51756705113918</ele>
<time>2026-07-14T05:26:50.676Z</time>
</trkpt>
<trkpt lat="41.9972586" lon="2.824439699999999">
<ele>67.72379428220303</ele>
<time>2026-07-14T05:26:52.635Z</time>
</trkpt>
<trkpt lat="41.9972336" lon="2.8244464999999934">
<ele>67.80655482472972</ele>
<time>2026-07-14T05:26:54.554Z</time>
</trkpt>
<trkpt lat="41.9972061" lon="2.824457200000012">
<ele>67.9017149259746</ele>
<time>2026-07-14T05:26:56.553Z</time>
</trkpt>
<trkpt lat="41.9971795" lon="2.824474600000002">
<ele>68.03819066031994</ele>
<time>2026-07-14T05:26:58.551Z</time>
</trkpt>
<trkpt lat="41.9971495" lon="2.824490200000014">
<ele>68.03592501288729</ele>
<time>2026-07-14T05:27:00.573Z</time>
</trkpt>
<trkpt lat="41.9971186" lon="2.8244995000000017">
<ele>67.88133988404793</ele>
<time>2026-07-14T05:27:02.653Z</time>
</trkpt>
<trkpt lat="41.9970875" lon="2.8245086000000015">
<ele>67.72018152736855</ele>
<time>2026-07-14T05:27:04.595Z</time>
</trkpt>
<trkpt lat="41.9970596" lon="2.824512300000009">
<ele>67.4822228823579</ele>
<time>2026-07-14T05:27:06.593Z</time>
</trkpt>
<trkpt lat="41.9970317" lon="2.824511000000001">
<ele>67.13977048456279</ele>
<time>2026-07-14T05:27:08.712Z</time>
</trkpt>
<trkpt lat="41.9970052" lon="2.8245223000000124">
<ele>67.0762822500391</ele>
<time>2026-07-14T05:27:10.734Z</time>
</trkpt>
<trkpt lat="41.9969842" lon="2.824544599999996">
<ele>67.30449853858838</ele>
<time>2026-07-14T05:27:12.614Z</time>
</trkpt>
<trkpt lat="41.9969586" lon="2.8245555999999965">
<ele>67.24459881678624</ele>
<time>2026-07-14T05:27:14.613Z</time>
</trkpt>
<trkpt lat="41.9969266" lon="2.824559899999997">
<ele>66.95045749249212</ele>
<time>2026-07-14T05:27:16.716Z</time>
</trkpt>
<trkpt lat="41.9968986" lon="2.8245800999999915">
<ele>67.00387962113395</ele>
<time>2026-07-14T05:27:18.994Z</time>
</trkpt>
<trkpt lat="41.9968752" lon="2.824587400000013">
<ele>66.84675659371932</ele>
<time>2026-07-14T05:27:20.976Z</time>
</trkpt>
<trkpt lat="41.99684" lon="2.824602099999993">
<ele>66.68044418446534</ele>
<time>2026-07-14T05:27:23.016Z</time>
</trkpt>
<trkpt lat="41.9968103" lon="2.8246111999999926">
<ele>66.46839119844255</ele>
<time>2026-07-14T05:27:25.031Z</time>
</trkpt>
<trkpt lat="41.9967836" lon="2.8246198999999876">
<ele>66.28455409411309</ele>
<time>2026-07-14T05:27:26.976Z</time>
</trkpt>
<trkpt lat="41.9967509" lon="2.8246350999999947">
<ele>66.14313850111121</ele>
<time>2026-07-14T05:27:28.975Z</time>
</trkpt>
<trkpt lat="41.996727" lon="2.82464139999999">
<ele>65.94236586422042</ele>
<time>2026-07-14T05:27:31.031Z</time>
</trkpt>
<trkpt lat="41.9966995" lon="2.82465049999999">
<ele>65.74389148578044</ele>
<time>2026-07-14T05:27:32.991Z</time>
</trkpt>
<trkpt lat="41.9966604" lon="2.82467410000001">
<ele>65.6660951476352</ele>
<time>2026-07-14T05:27:35.056Z</time>
</trkpt>
<trkpt lat="41.9966362" lon="2.8246872999999937">
<ele>65.72432154211259</ele>
<time>2026-07-14T05:27:37.095Z</time>
</trkpt>
<trkpt lat="41.9966082" lon="2.824695200000008">
<ele>65.63811704813087</ele>
<time>2026-07-14T05:27:39.054Z</time>
</trkpt>
<trkpt lat="41.996579" lon="2.8247036999999864">
<ele>65.53468894372068</ele>
<time>2026-07-14T05:27:41.069Z</time>
</trkpt>
<trkpt lat="41.996546" lon="2.8247196000000088">
<ele>65.48643625530012</ele>
<time>2026-07-14T05:27:43.156Z</time>
</trkpt>
<trkpt lat="41.9965222" lon="2.824731500000013">
<ele>65.43313692885505</ele>
<time>2026-07-14T05:27:45.132Z</time>
</trkpt>
<trkpt lat="41.9964958" lon="2.824740999999989">
<ele>65.30268085803728</ele>
<time>2026-07-14T05:27:47.133Z</time>
</trkpt>
<trkpt lat="41.9964658" lon="2.8247620999999867">
<ele>65.30544890482349</ele>
<time>2026-07-14T05:27:49.133Z</time>
</trkpt>
<trkpt lat="41.9964383" lon="2.824771599999991">
<ele>65.21267003662038</ele>
<time>2026-07-14T05:27:51.156Z</time>
</trkpt>
<trkpt lat="41.9964126" lon="2.8247802999999863">
<ele>65.10886452281791</ele>
<time>2026-07-14T05:27:53.153Z</time>
</trkpt>
<trkpt lat="41.9963838" lon="2.824793199999988">
<ele>65.03819159956221</ele>
<time>2026-07-14T05:27:55.217Z</time>
</trkpt>
<trkpt lat="41.996361" lon="2.824805800000007">
<ele>65.08760511663988</ele>
<time>2026-07-14T05:27:57.191Z</time>
</trkpt>
<trkpt lat="41.9963351" lon="2.8248165999999912">
<ele>65.07518661144522</ele>
<time>2026-07-14T05:27:59.230Z</time>
</trkpt>
<trkpt lat="41.9963008" lon="2.8248300999999856">
<ele>65.04192776392752</ele>
<time>2026-07-14T05:28:01.649Z</time>
</trkpt>
<trkpt lat="41.9962739" lon="2.8248188000000027">
<ele>64.59735155816466</ele>
<time>2026-07-14T05:28:03.649Z</time>
</trkpt>
<trkpt lat="41.9962452" lon="2.8248294999999928">
<ele>64.55700899079237</ele>
<time>2026-07-14T05:28:05.625Z</time>
</trkpt>
<trkpt lat="41.9962265" lon="2.8248436000000083">
<ele>64.66551627090149</ele>
<time>2026-07-14T05:28:07.648Z</time>
</trkpt>
<trkpt lat="41.9962091" lon="2.82484740000001">
<ele>64.58897689020378</ele>
<time>2026-07-14T05:28:09.648Z</time>
</trkpt>
<trkpt lat="41.9961711" lon="2.8248695000000055">
<ele>64.6818017881823</ele>
<time>2026-07-14T05:28:11.664Z</time>
</trkpt>
<trkpt lat="41.9961296" lon="2.8249104999999872">
<ele>65.09735353605706</ele>
<time>2026-07-14T05:28:13.680Z</time>
</trkpt>
<trkpt lat="41.9961035" lon="2.8249268000000143">
<ele>65.19004105281621</ele>
<time>2026-07-14T05:28:15.663Z</time>
</trkpt>
<trkpt lat="41.9960766" lon="2.824939900000004">
<ele>65.34776451558007</ele>
<time>2026-07-14T05:28:17.648Z</time>
</trkpt>
<trkpt lat="41.9960506" lon="2.824979600000006">
<ele>65.96960099642251</ele>
<time>2026-07-14T05:28:19.648Z</time>
</trkpt>
<trkpt lat="41.9960278" lon="2.8249946999999906">
<ele>66.14171597701251</ele>
<time>2026-07-14T05:28:21.663Z</time>
</trkpt>
<trkpt lat="41.9960029" lon="2.8250113">
<ele>66.31752483544317</ele>
<time>2026-07-14T05:28:23.648Z</time>
</trkpt>
<trkpt lat="41.9959711" lon="2.8250343999999927">
<ele>66.55177492722599</ele>
<time>2026-07-14T05:28:25.648Z</time>
</trkpt>
<trkpt lat="41.9959457" lon="2.8250413000000094">
<ele>66.54984173268086</ele>
<time>2026-07-14T05:28:27.671Z</time>
</trkpt>
<trkpt lat="41.9959179" lon="2.825047000000012">
<ele>66.50217069376208</ele>
<time>2026-07-14T05:28:29.694Z</time>
</trkpt>
<trkpt lat="41.9958863" lon="2.8250686000000087">
<ele>66.67253248408188</ele>
<time>2026-07-14T05:28:31.648Z</time>
</trkpt>
<trkpt lat="41.9958623" lon="2.8250868000000082">
<ele>66.79431516769174</ele>
<time>2026-07-14T05:28:33.648Z</time>
</trkpt>
<trkpt lat="41.9958382" lon="2.825106699999992">
<ele>66.90622458389969</ele>
<time>2026-07-14T05:28:35.648Z</time>
</trkpt>
<trkpt lat="41.9958129" lon="2.825131699999986">
<ele>66.99242506873284</ele>
<time>2026-07-14T05:28:37.730Z</time>
</trkpt>
<trkpt lat="41.9957881" lon="2.8251525999999956">
<ele>67.00289769297234</ele>
<time>2026-07-14T05:28:39.730Z</time>
</trkpt>
<trkpt lat="41.9957596" lon="2.825165300000009">
<ele>66.87202752961063</ele>
<time>2026-07-14T05:28:41.648Z</time>
</trkpt>
<trkpt lat="41.9957289" lon="2.825175900000005">
<ele>66.70003541778102</ele>
<time>2026-07-14T05:28:43.648Z</time>
</trkpt>
<trkpt lat="41.9956969" lon="2.8251860999999963">
<ele>66.52170617469237</ele>
<time>2026-07-14T05:28:45.648Z</time>
</trkpt>
<trkpt lat="41.995664" lon="2.82519529999999">
<ele>66.33095474636433</ele>
<time>2026-07-14T05:28:47.649Z</time>
</trkpt>
<trkpt lat="41.9956314" lon="2.825212499999992">
<ele>66.29868613587746</ele>
<time>2026-07-14T05:28:49.732Z</time>
</trkpt>
<trkpt lat="41.9956029" lon="2.82522560000001">
<ele>66.25452316235268</ele>
<time>2026-07-14T05:28:51.654Z</time>
</trkpt>
<trkpt lat="41.9955749" lon="2.8252395000000092">
<ele>66.2463237024237</ele>
<time>2026-07-14T05:28:53.648Z</time>
</trkpt>
<trkpt lat="41.9955487" lon="2.8252535000000023">
<ele>66.2805184331317</ele>
<time>2026-07-14T05:28:55.652Z</time>
</trkpt>
<trkpt lat="41.9955242" lon="2.825271299999997">
<ele>66.67319153954364</ele>
<time>2026-07-14T05:28:57.648Z</time>
</trkpt>
<trkpt lat="41.9955006" lon="2.825290499999994">
<ele>67.09869858787795</ele>
<time>2026-07-14T05:28:59.658Z</time>
</trkpt>
<trkpt lat="41.9954746" lon="2.8253196000000003">
<ele>67.72259494615189</ele>
<time>2026-07-14T05:29:01.664Z</time>
</trkpt>
<trkpt lat="41.9954494" lon="2.8253364999999917">
<ele>68.09454641871547</ele>
<time>2026-07-14T05:29:03.648Z</time>
</trkpt>
<trkpt lat="41.9954182" lon="2.8253523999999857">
<ele>68.48001908960482</ele>
<time>2026-07-14T05:29:05.685Z</time>
</trkpt>
<trkpt lat="41.9953839" lon="2.8253639000000135">
<ele>68.80598913866042</ele>
<time>2026-07-14T05:29:07.702Z</time>
</trkpt>
<trkpt lat="41.9953528" lon="2.8253719999999873">
<ele>69.06648026437917</ele>
<time>2026-07-14T05:29:09.648Z</time>
</trkpt>
<trkpt lat="41.9953216" lon="2.8253794000000028">
<ele>69.32181165121824</ele>
<time>2026-07-14T05:29:11.648Z</time>
</trkpt>
<trkpt lat="41.9952918" lon="2.8253856999999982">
<ele>69.55702044946426</ele>
<time>2026-07-14T05:29:13.677Z</time>
</trkpt>
<trkpt lat="41.995264" lon="2.825388099999998">
<ele>69.60389648264582</ele>
<time>2026-07-14T05:29:15.648Z</time>
</trkpt>
<trkpt lat="41.9952352" lon="2.8253920999999877">
<ele>69.38329392590256</ele>
<time>2026-07-14T05:29:17.648Z</time>
</trkpt>
<trkpt lat="41.9951808" lon="2.8254111999999907">
<ele>69.20534679837822</ele>
<time>2026-07-14T05:29:21.272Z</time>
</trkpt>
<trkpt lat="41.9951257" lon="2.825417899999991">
<ele>68.74572074907597</ele>
<time>2026-07-14T05:29:25.470Z</time>
</trkpt>
<trkpt lat="41.9950991" lon="2.825427300000001">
<ele>68.6476794033282</ele>
<time>2026-07-14T05:29:27.293Z</time>
</trkpt>
<trkpt lat="41.9950726" lon="2.8254241999999863">
<ele>68.29369142420286</ele>
<time>2026-07-14T05:29:29.291Z</time>
</trkpt>
<trkpt lat="41.9950449" lon="2.8254234999999994">
<ele>67.9759456149883</ele>
<time>2026-07-14T05:29:31.496Z</time>
</trkpt>
<trkpt lat="41.9950133" lon="2.8254368999999997">
<ele>67.89390913736783</ele>
<time>2026-07-14T05:29:33.648Z</time>
</trkpt>
<trkpt lat="41.9949891" lon="2.8254268000000025">
<ele>67.44274503606132</ele>
<time>2026-07-14T05:29:35.648Z</time>
</trkpt>
<trkpt lat="41.9949365" lon="2.8254369999999938">
<ele>67.24284141433365</ele>
<time>2026-07-14T05:29:39.492Z</time>
</trkpt>
<trkpt lat="41.9948717" lon="2.8254667999999867">
<ele>67.28836751106985</ele>
<time>2026-07-14T05:29:43.313Z</time>
</trkpt>
<trkpt lat="41.9948427" lon="2.8254718000000025">
<ele>67.14577836352649</ele>
<time>2026-07-14T05:29:45.336Z</time>
</trkpt>
<trkpt lat="41.9948195" lon="2.825469400000003">
<ele>66.91799626898296</ele>
<time>2026-07-14T05:29:47.336Z</time>
</trkpt>
<trkpt lat="41.9947923" lon="2.825464799999992">
<ele>66.62235466760121</ele>
<time>2026-07-14T05:29:49.511Z</time>
</trkpt>
<trkpt lat="41.9947583" lon="2.8254723000000013">
<ele>66.47693182955783</ele>
<time>2026-07-14T05:29:51.336Z</time>
</trkpt>
<trkpt lat="41.9947353" lon="2.8254745000000128">
<ele>66.32809168666427</ele>
<time>2026-07-14T05:29:53.310Z</time>
</trkpt>
<trkpt lat="41.9947165" lon="2.8254612000000066">
<ele>65.96315684916087</ele>
<time>2026-07-14T05:29:55.294Z</time>
</trkpt>
<trkpt lat="41.9946962" lon="2.8254425000000083">
<ele>65.58467926119573</ele>
<time>2026-07-14T05:29:57.452Z</time>
</trkpt>
<trkpt lat="41.9946762" lon="2.82543290000001">
<ele>65.35923431130799</ele>
<time>2026-07-14T05:29:59.435Z</time>
</trkpt>
<trkpt lat="41.9946709" lon="2.825401499999998">
<ele>64.83356371514712</ele>
<time>2026-07-14T05:30:01.411Z</time>
</trkpt>
<trkpt lat="41.9946767" lon="2.8253263999999945">
<ele>63.64356787574602</ele>
<time>2026-07-14T05:30:05.233Z</time>
</trkpt>
<trkpt lat="41.994692" lon="2.825252000000006">
<ele>63.26960537520041</ele>
<time>2026-07-14T05:30:09.215Z</time>
</trkpt>
<trkpt lat="41.9947007" lon="2.8252100999999925">
<ele>63.14233025615609</ele>
<time>2026-07-14T05:30:11.214Z</time>
</trkpt>
<trkpt lat="41.9947117" lon="2.825181100000009">
<ele>63.058425441049785</ele>
<time>2026-07-14T05:30:13.212Z</time>
</trkpt>
<trkpt lat="41.9947267" lon="2.8251499000000138">
<ele>62.96139468683218</ele>
<time>2026-07-14T05:30:15.195Z</time>
</trkpt>
<trkpt lat="41.9946541" lon="2.8252980000000036">
<ele>63.294122205263015</ele>
<time>2026-07-14T05:30:17.371Z</time>
</trkpt>
<trkpt lat="41.9943959" lon="2.8256231000000014">
<ele>67.23839148429408</ele>
<time>2026-07-14T05:30:19.210Z</time>
</trkpt>
<trkpt lat="41.99435" lon="2.825618899999995">
<ele>67.00479188656782</ele>
<time>2026-07-14T05:30:21.416Z</time>
</trkpt>
<trkpt lat="41.9943119" lon="2.825637599999993">
<ele>66.98034042939616</ele>
<time>2026-07-14T05:30:23.375Z</time>
</trkpt>
<trkpt lat="41.9942824" lon="2.8256389000000013">
<ele>66.8587345337115</ele>
<time>2026-07-14T05:30:25.373Z</time>
</trkpt>
<trkpt lat="41.9942561" lon="2.825631399999992">
<ele>66.68676803419687</ele>
<time>2026-07-14T05:30:27.195Z</time>
</trkpt>
<trkpt lat="41.994228" lon="2.8256336000000033">
<ele>66.5783437011195</ele>
<time>2026-07-14T05:30:29.354Z</time>
</trkpt>
<trkpt lat="41.9941986" lon="2.8256389999999953">
<ele>66.48602506375063</ele>
<time>2026-07-14T05:30:31.376Z</time>
</trkpt>
<trkpt lat="41.9941385" lon="2.8256589000000076">
<ele>66.37529727768005</ele>
<time>2026-07-14T05:30:35.173Z</time>
</trkpt>
<trkpt lat="41.9940993" lon="2.8256802999999877">
<ele>66.41670214126663</ele>
<time>2026-07-14T05:30:37.316Z</time>
</trkpt>
<trkpt lat="41.9940728" lon="2.8256834999999967">
<ele>66.36738318782756</ele>
<time>2026-07-14T05:30:39.171Z</time>
</trkpt>
<trkpt lat="41.9940448" lon="2.8256835999999907">
<ele>66.28861075946679</ele>
<time>2026-07-14T05:30:41.171Z</time>
</trkpt>
<trkpt lat="41.9940089" lon="2.825696399999998">
<ele>66.31700650559125</ele>
<time>2026-07-14T05:30:43.235Z</time>
</trkpt>
<trkpt lat="41.9939821" lon="2.8256923000000143">
<ele>66.2042102531749</ele>
<time>2026-07-14T05:30:45.274Z</time>
</trkpt>
<trkpt lat="41.993955" lon="2.825691500000005">
<ele>66.12329814703244</ele>
<time>2026-07-14T05:30:47.290Z</time>
</trkpt>
<trkpt lat="41.9939198" lon="2.825698399999993">
<ele>66.11360909373101</ele>
<time>2026-07-14T05:30:49.315Z</time>
</trkpt>
<trkpt lat="41.9938753" lon="2.8256886000000065">
<ele>65.89331754628176</ele>
<time>2026-07-14T05:30:53.313Z</time>
</trkpt>
<trkpt lat="41.9938459" lon="2.8256878999999913">
<ele>65.92426667517918</ele>
<time>2026-07-14T05:30:55.298Z</time>
</trkpt>
<trkpt lat="41.9938214" lon="2.825678900000014">
<ele>65.83905505382722</ele>
<time>2026-07-14T05:30:57.312Z</time>
</trkpt>
<trkpt lat="41.9937988" lon="2.8256642000000056">
<ele>65.67524731463341</ele>
<time>2026-07-14T05:30:59.295Z</time>
</trkpt>
<trkpt lat="41.9937701" lon="2.825651399999998">
<ele>65.54351720576435</ele>
<time>2026-07-14T05:31:01.270Z</time>
</trkpt>
<trkpt lat="41.9937444" lon="2.8256575000000055">
<ele>65.65824175754764</ele>
<time>2026-07-14T05:31:03.174Z</time>
</trkpt>
<trkpt lat="41.9937106" lon="2.8256576999999936">
<ele>65.70537635127046</ele>
<time>2026-07-14T05:31:05.157Z</time>
</trkpt>
<trkpt lat="41.9936888" lon="2.825641499999989">
<ele>65.5170406650941</ele>
<time>2026-07-14T05:31:07.132Z</time>
</trkpt>
<trkpt lat="41.9936676" lon="2.8256121000000007">
<ele>65.14952543982048</ele>
<time>2026-07-14T05:31:09.115Z</time>
</trkpt>
<trkpt lat="41.9936543" lon="2.8255775000000085">
<ele>64.7670145971414</ele>
<time>2026-07-14T05:31:11.090Z</time>
</trkpt>
<trkpt lat="41.9936464" lon="2.8255394999999908">
<ele>64.44917444619901</ele>
<time>2026-07-14T05:31:13.096Z</time>
</trkpt>
<trkpt lat="41.9935656" lon="2.825814500000007">
<ele>68.08271218539474</ele>
<time>2026-07-14T05:31:15.071Z</time>
</trkpt>
<trkpt lat="41.9935174" lon="2.8258214999999893">
<ele>68.32047691974168</ele>
<time>2026-07-14T05:31:17.094Z</time>
</trkpt>
<trkpt lat="41.9934842" lon="2.8258345000000133">
<ele>68.58400518368019</ele>
<time>2026-07-14T05:31:19.029Z</time>
</trkpt>
<trkpt lat="41.9934534" lon="2.825838800000014">
<ele>68.72652943144298</ele>
<time>2026-07-14T05:31:21.012Z</time>
</trkpt>
<trkpt lat="41.9934214" lon="2.825836900000013">
<ele>68.795436769926</ele>
<time>2026-07-14T05:31:22.995Z</time>
</trkpt>
<trkpt lat="41.9933892" lon="2.8258360000000096">
<ele>68.87772320051441</ele>
<time>2026-07-14T05:31:25.011Z</time>
</trkpt>
<trkpt lat="41.9933608" lon="2.825832200000008">
<ele>68.91584580738109</ele>
<time>2026-07-14T05:31:26.954Z</time>
</trkpt>
<trkpt lat="41.9933387" lon="2.8258261000000005">
<ele>68.91084982649639</ele>
<time>2026-07-14T05:31:28.896Z</time>
</trkpt>
<trkpt lat="41.9933138" lon="2.825817999999998">
<ele>68.8624864175595</ele>
<time>2026-07-14T05:31:30.872Z</time>
</trkpt>
<trkpt lat="41.9932841" lon="2.8258209999999906">
<ele>68.89162467797581</ele>
<time>2026-07-14T05:31:32.814Z</time>
</trkpt>
<trkpt lat="41.9932553" lon="2.8258117999999968">
<ele>68.8028362307929</ele>
<time>2026-07-14T05:31:34.663Z</time>
</trkpt>
<trkpt lat="41.9932264" lon="2.825800500000014">
<ele>68.71224150773881</ele>
<time>2026-07-14T05:31:36.677Z</time>
</trkpt>
<trkpt lat="41.9931949" lon="2.8257892999999967">
<ele>68.64394909950668</ele>
<time>2026-07-14T05:31:38.695Z</time>
</trkpt>
<trkpt lat="41.9931679" lon="2.8257825000000025">
<ele>68.62073398016524</ele>
<time>2026-07-14T05:31:40.654Z</time>
</trkpt>
<trkpt lat="41.9931435" lon="2.8257711999999913">
<ele>68.57862851193634</ele>
<time>2026-07-14T05:31:42.653Z</time>
</trkpt>
<trkpt lat="41.9931205" lon="2.8257561000000067">
<ele>68.53066412071672</ele>
<time>2026-07-14T05:31:44.635Z</time>
</trkpt>
<trkpt lat="41.993093" lon="2.8257413000000042">
<ele>68.51482225338468</ele>
<time>2026-07-14T05:31:46.689Z</time>
</trkpt>
<trkpt lat="41.9930652" lon="2.8257361999999944">
<ele>68.55884348863158</ele>
<time>2026-07-14T05:31:48.616Z</time>
</trkpt>
<trkpt lat="41.9930306" lon="2.8257290999999896">
<ele>68.70178883461797</ele>
<time>2026-07-14T05:31:50.589Z</time>
</trkpt>
<trkpt lat="41.9930011" lon="2.8257197000000076">
<ele>68.91003088133564</ele>
<time>2026-07-14T05:31:52.573Z</time>
</trkpt>
<trkpt lat="41.9929724" lon="2.8257112000000006">
<ele>69.12464341671425</ele>
<time>2026-07-14T05:31:54.611Z</time>
</trkpt>
<trkpt lat="41.9929427" lon="2.825710100000009">
<ele>69.36412933630855</ele>
<time>2026-07-14T05:31:56.555Z</time>
</trkpt>
<trkpt lat="41.9929166" lon="2.8256920999999977">
<ele>69.57005852475288</ele>
<time>2026-07-14T05:31:58.577Z</time>
</trkpt>
<trkpt lat="41.9928822" lon="2.825729300000006">
<ele>69.84795860887645</ele>
<time>2026-07-14T05:32:00.630Z</time>
</trkpt>
<trkpt lat="41.9928453" lon="2.8257704000000103">
<ele>70.08557909999217</ele>
<time>2026-07-14T05:32:02.612Z</time>
</trkpt>
<trkpt lat="41.9928102" lon="2.825748400000009">
<ele>70.36790887405644</ele>
<time>2026-07-14T05:32:04.595Z</time>
</trkpt>
<trkpt lat="41.9927871" lon="2.825734799999992">
<ele>70.56914760857715</ele>
<time>2026-07-14T05:32:06.438Z</time>
</trkpt>
<trkpt lat="41.9927554" lon="2.825717300000008">
<ele>70.76773951219232</ele>
<time>2026-07-14T05:32:08.529Z</time>
</trkpt>
<trkpt lat="41.9927291" lon="2.8256997999999953">
<ele>70.79494220898002</ele>
<time>2026-07-14T05:32:10.512Z</time>
</trkpt>
<trkpt lat="41.9927054" lon="2.825681000000003">
<ele>70.78811428050055</ele>
<time>2026-07-14T05:32:12.495Z</time>
</trkpt>
<trkpt lat="41.9926824" lon="2.825660599999992">
<ele>70.74535197313739</ele>
<time>2026-07-14T05:32:14.470Z</time>
</trkpt>
<trkpt lat="41.992661" lon="2.825637400000005">
<ele>70.6646801558558</ele>
<time>2026-07-14T05:32:16.515Z</time>
</trkpt>
<trkpt lat="41.9926184" lon="2.8255920999999944">
<ele>70.38693137307177</ele>
<time>2026-07-14T05:32:20.392Z</time>
</trkpt>
<trkpt lat="41.9925941" lon="2.825568500000003">
<ele>70.00753797020123</ele>
<time>2026-07-14T05:32:22.430Z</time>
</trkpt>
<trkpt lat="41.9925713" lon="2.8255479999999977">
<ele>69.69164973302318</ele>
<time>2026-07-14T05:32:24.356Z</time>
</trkpt>
<trkpt lat="41.992546" lon="2.8255287000000067">
<ele>69.40775429402677</ele>
<time>2026-07-14T05:32:26.355Z</time>
</trkpt>
<trkpt lat="41.9925196" lon="2.8255167000000085">
<ele>69.21702633435407</ele>
<time>2026-07-14T05:32:28.353Z</time>
</trkpt>
<trkpt lat="41.9924926" lon="2.825502">
<ele>69.02090015361544</ele>
<time>2026-07-14T05:32:30.335Z</time>
</trkpt>
<trkpt lat="41.9924671" lon="2.8254842000000053">
<ele>69.08269136257636</ele>
<time>2026-07-14T05:32:32.316Z</time>
</trkpt>
<trkpt lat="41.9924374" lon="2.825467400000008">
<ele>69.24666512603379</ele>
<time>2026-07-14T05:32:34.330Z</time>
</trkpt>
<trkpt lat="41.992418" lon="2.8254458000000113">
<ele>69.29121379317651</ele>
<time>2026-07-14T05:32:36.255Z</time>
</trkpt>
<trkpt lat="41.9923987" lon="2.825420600000001">
<ele>69.3278369557427</ele>
<time>2026-07-14T05:32:38.236Z</time>
</trkpt>
<trkpt lat="41.9923728" lon="2.8253977999999904">
<ele>69.47330306043783</ele>
<time>2026-07-14T05:32:40.193Z</time>
</trkpt>
<trkpt lat="41.992345" lon="2.825380300000006">
<ele>69.69342468551939</ele>
<time>2026-07-14T05:32:42.151Z</time>
</trkpt>
<trkpt lat="41.9923116" lon="2.825368200000014">
<ele>70.02606168763774</ele>
<time>2026-07-14T05:32:44.198Z</time>
</trkpt>
<trkpt lat="41.992279" lon="2.825356400000004">
<ele>70.3662019994252</ele>
<time>2026-07-14T05:32:46.116Z</time>
</trkpt>
<trkpt lat="41.9922438" lon="2.825343800000013">
<ele>70.75105446495303</ele>
<time>2026-07-14T05:32:48.113Z</time>
</trkpt>
<trkpt lat="41.9922075" lon="2.8253396000000066">
<ele>71.14854334068124</ele>
<time>2026-07-14T05:32:50.015Z</time>
</trkpt>
<trkpt lat="41.9921738" lon="2.8253355999999883">
<ele>71.20135853902741</ele>
<time>2026-07-14T05:32:51.973Z</time>
</trkpt>
<trkpt lat="41.9921454" lon="2.8253258000000017">
<ele>71.24065699554728</ele>
<time>2026-07-14T05:32:53.932Z</time>
</trkpt>
<trkpt lat="41.9921146" lon="2.825312099999991">
<ele>71.2906463665418</ele>
<time>2026-07-14T05:32:55.955Z</time>
</trkpt>
<trkpt lat="41.9920894" lon="2.825295699999998">
<ele>71.27819937378206</ele>
<time>2026-07-14T05:32:57.874Z</time>
</trkpt>
<trkpt lat="41.9920604" lon="2.825285199999996">
<ele>71.29337722099538</ele>
<time>2026-07-14T05:32:59.849Z</time>
</trkpt>
<trkpt lat="41.9920346" lon="2.8252746999999943">
<ele>71.29669301113816</ele>
<time>2026-07-14T05:33:01.653Z</time>
</trkpt>
<trkpt lat="41.9920101" lon="2.8252551999999866">
<ele>71.2471035051473</ele>
<time>2026-07-14T05:33:03.691Z</time>
</trkpt>
<trkpt lat="41.9919837" lon="2.8252377999999965">
<ele>71.2032585487282</ele>
<time>2026-07-14T05:33:05.706Z</time>
</trkpt>
<trkpt lat="41.9919603" lon="2.825221599999992">
<ele>71.15325217860274</ele>
<time>2026-07-14T05:33:07.609Z</time>
</trkpt>
<trkpt lat="41.9919308" lon="2.8251975000000016">
<ele>71.06474985865201</ele>
<time>2026-07-14T05:33:09.716Z</time>
</trkpt>
<trkpt lat="41.9919097" lon="2.8251715000000104">
<ele>71.01606008270159</ele>
<time>2026-07-14T05:33:11.730Z</time>
</trkpt>
<trkpt lat="41.9918951" lon="2.825143099999991">
<ele>70.96700707110028</ele>
<time>2026-07-14T05:33:13.657Z</time>
</trkpt>
<trkpt lat="41.9918706" lon="2.825129000000004">
<ele>71.06745900768436</ele>
<time>2026-07-14T05:33:15.655Z</time>
</trkpt>
<trkpt lat="41.9918553" lon="2.8251041000000043">
<ele>71.10635104708273</ele>
<time>2026-07-14T05:33:17.615Z</time>
</trkpt>
<trkpt lat="41.9918435" lon="2.825078600000012">
<ele>71.14661581004161</ele>
<time>2026-07-14T05:33:19.534Z</time>
</trkpt>
<trkpt lat="41.9918252" lon="2.8250573999999915">
<ele>71.28066442022869</ele>
<time>2026-07-14T05:33:21.532Z</time>
</trkpt>
<trkpt lat="41.991791" lon="2.825043800000003">
<ele>71.61140710202307</ele>
<time>2026-07-14T05:33:23.515Z</time>
</trkpt>
<trkpt lat="41.991761" lon="2.82502869999999">
<ele>71.91062200124568</ele>
<time>2026-07-14T05:33:25.513Z</time>
</trkpt>
<trkpt lat="41.9917425" lon="2.825009499999993">
<ele>72.02712676549605</ele>
<time>2026-07-14T05:33:27.496Z</time>
</trkpt>
<trkpt lat="41.9917259" lon="2.82498369999999">
<ele>72.0704490676102</ele>
<time>2026-07-14T05:33:29.512Z</time>
</trkpt>
<trkpt lat="41.9917195" lon="2.824949900000007">
<ele>71.96622859719164</ele>
<time>2026-07-14T05:33:31.512Z</time>
</trkpt>
<trkpt lat="41.991704" lon="2.8249160000000018">
<ele>71.899621441605</ele>
<time>2026-07-14T05:33:33.455Z</time>
</trkpt>
<trkpt lat="41.9916056" lon="2.8249773999999945">
<ele>73.29660381177928</ele>
<time>2026-07-14T05:33:35.706Z</time>
</trkpt>
<trkpt lat="41.991565" lon="2.8249549999999886">
<ele>73.65319281665614</ele>
<time>2026-07-14T05:33:37.721Z</time>
</trkpt>
<trkpt lat="41.991533" lon="2.8249305999999876">
<ele>73.85618949418343</ele>
<time>2026-07-14T05:33:39.649Z</time>
</trkpt>
<trkpt lat="41.9914807" lon="2.824893199999991">
<ele>74.16419501242436</ele>
<time>2026-07-14T05:33:43.372Z</time>
</trkpt>
<trkpt lat="41.991456" lon="2.824869100000001">
<ele>74.22620499211449</ele>
<time>2026-07-14T05:33:45.435Z</time>
</trkpt>
<trkpt lat="41.9914342" lon="2.8248486999999898">
<ele>74.27587350999154</ele>
<time>2026-07-14T05:33:47.355Z</time>
</trkpt>
<trkpt lat="41.9914069" lon="2.8248293000000047">
<ele>74.38587659154973</ele>
<time>2026-07-14T05:33:49.331Z</time>
</trkpt>
<trkpt lat="41.9913866" lon="2.824809799999997">
<ele>74.40235779784805</ele>
<time>2026-07-14T05:33:51.315Z</time>
</trkpt>
<trkpt lat="41.9913634" lon="2.8247901999999954">
<ele>74.19444537200864</ele>
<time>2026-07-14T05:33:53.291Z</time>
</trkpt>
<trkpt lat="41.9913377" lon="2.824768699999993">
<ele>73.81787751769807</ele>
<time>2026-07-14T05:33:55.274Z</time>
</trkpt>
<trkpt lat="41.9913177" lon="2.8247479000000055">
<ele>73.65137587289585</ele>
<time>2026-07-14T05:33:57.234Z</time>
</trkpt>
<trkpt lat="41.9912928" lon="2.8247325000000103">
<ele>73.56840907198222</ele>
<time>2026-07-14T05:33:59.210Z</time>
</trkpt>
<trkpt lat="41.9912589" lon="2.824724599999996">
<ele>73.35783600815856</ele>
<time>2026-07-14T05:34:01.171Z</time>
</trkpt>
<trkpt lat="41.9912258" lon="2.824711199999996">
<ele>73.12402982607736</ele>
<time>2026-07-14T05:34:03.132Z</time>
</trkpt>
<trkpt lat="41.9911984" lon="2.8246916999999883">
<ele>72.88096888644318</ele>
<time>2026-07-14T05:34:05.115Z</time>
</trkpt>
<trkpt lat="41.991165" lon="2.824682700000011">
<ele>72.55035658142526</ele>
<time>2026-07-14T05:34:07.091Z</time>
</trkpt>
<trkpt lat="41.9911318" lon="2.8246790000000033">
<ele>72.21475148288489</ele>
<time>2026-07-14T05:34:09.011Z</time>
</trkpt>
<trkpt lat="41.9911041" lon="2.824670300000008">
<ele>71.88635457491202</ele>
<time>2026-07-14T05:34:10.970Z</time>
</trkpt>
<trkpt lat="41.9910682" lon="2.8246618999999953">
<ele>72.0043848135352</ele>
<time>2026-07-14T05:34:13.497Z</time>
</trkpt>
<trkpt lat="41.9910346" lon="2.824679599999996">
<ele>72.34034566343703</ele>
<time>2026-07-14T05:34:15.897Z</time>
</trkpt>
<trkpt lat="41.9910141" lon="2.824719399999992">
<ele>72.63316738518613</ele>
<time>2026-07-14T05:34:18.033Z</time>
</trkpt>
<trkpt lat="41.9910067" lon="2.824740300000002">
<ele>72.74656802236335</ele>
<time>2026-07-14T05:34:19.017Z</time>
</trkpt>
</trkseg></trk></gpx>
