<?xml version="1.0" encoding="UTF-8"?>
<gpx version="1.1" creator="STrack Rec" xmlns="http://www.topografix.com/GPX/1/1">
<bounds minlat="0.0" minlon="0.0" maxlat="0.0" maxlon="0.0" />
<trk><name>STrack Rec-2026-08-28</name><trkseg>
<trkpt lat="41.9903958" lon="2.82595409999999">
<ele>72.01400335470639</ele>
<time>2026-08-28T04:05:42.228Z</time>
</trkpt>
<trkpt lat="41.9903487" lon="2.825928299999987">
<ele>71.73599308621397</ele>
<time>2026-08-28T04:05:45.486Z</time>
</trkpt>
<trkpt lat="41.9902972" lon="2.825944600000014">
<ele>71.66766595143281</ele>
<time>2026-08-28T04:05:47.487Z</time>
</trkpt>
<trkpt lat="41.9902493" lon="2.8259462999999982">
<ele>71.63599603335769</ele>
<time>2026-08-28T04:05:51.491Z</time>
</trkpt>
<trkpt lat="41.9902126" lon="2.8259932999999933">
<ele>71.97994045112937</ele>
<time>2026-08-28T04:05:54.486Z</time>
</trkpt>
<trkpt lat="41.9901714" lon="2.8260239999999897">
<ele>72.23283728524116</ele>
<time>2026-08-28T04:05:58.270Z</time>
</trkpt>
<trkpt lat="41.9901268" lon="2.826011099999988">
<ele>72.3232755268705</ele>
<time>2026-08-28T04:06:01.451Z</time>
</trkpt>
<trkpt lat="41.9900807" lon="2.825983799999989">
<ele>72.39441986253279</ele>
<time>2026-08-28T04:06:05.028Z</time>
</trkpt>
<trkpt lat="41.990044" lon="2.8259477000000004">
<ele>72.44130016384534</ele>
<time>2026-08-28T04:06:08.729Z</time>
</trkpt>
<trkpt lat="41.9899984" lon="2.825934399999994">
<ele>72.5967359340469</ele>
<time>2026-08-28T04:06:13.487Z</time>
</trkpt>
<trkpt lat="41.9899515" lon="2.825915000000009">
<ele>73.07424118705256</ele>
<time>2026-08-28T04:06:17.110Z</time>
</trkpt>
<trkpt lat="41.9899024" lon="2.82589999999999">
<ele>73.7075649139008</ele>
<time>2026-08-28T04:06:21.273Z</time>
</trkpt>
<trkpt lat="41.9898568" lon="2.8258691000000056">
<ele>74.29044367529426</ele>
<time>2026-08-28T04:06:25.465Z</time>
</trkpt>
<trkpt lat="41.9898134" lon="2.8258434999999906">
<ele>74.71465487400337</ele>
<time>2026-08-28T04:06:29.651Z</time>
</trkpt>
<trkpt lat="41.9897704" lon="2.825816599999996">
<ele>75.12092599211195</ele>
<time>2026-08-28T04:06:33.813Z</time>
</trkpt>
<trkpt lat="41.9897288" lon="2.825790899999987">
<ele>75.51178026485836</ele>
<time>2026-08-28T04:06:40.349Z</time>
</trkpt>
<trkpt lat="41.9896882" lon="2.8257573999999863">
<ele>75.34880482659604</ele>
<time>2026-08-28T04:06:42.989Z</time>
</trkpt>
<trkpt lat="41.989646" lon="2.8257264000000077">
<ele>74.75515818877618</ele>
<time>2026-08-28T04:06:48.153Z</time>
</trkpt>
<trkpt lat="41.9896025" lon="2.825706999999994">
<ele>74.28825833529598</ele>
<time>2026-08-28T04:07:05.505Z</time>
</trkpt>
<trkpt lat="41.9895601" lon="2.8256772999999953">
<ele>73.90799517870654</ele>
<time>2026-08-28T04:07:07.670Z</time>
</trkpt>
<trkpt lat="41.9895161" lon="2.8256504999999947">
<ele>73.6245246736598</ele>
<time>2026-08-28T04:07:09.731Z</time>
</trkpt>
<trkpt lat="41.9894719" lon="2.8256244000000095">
<ele>73.44316076777794</ele>
<time>2026-08-28T04:07:13.310Z</time>
</trkpt>
<trkpt lat="41.9894235" lon="2.8256146999999885">
<ele>73.27149588311751</ele>
<time>2026-08-28T04:07:19.486Z</time>
</trkpt>
<trkpt lat="41.98938" lon="2.8255867999999964">
<ele>73.29458547660272</ele>
<time>2026-08-28T04:07:23.528Z</time>
</trkpt>
<trkpt lat="41.9893465" lon="2.8256296000000134">
<ele>73.189169490541</ele>
<time>2026-08-28T04:07:28.186Z</time>
</trkpt>
<trkpt lat="41.9893115" lon="2.825673899999998">
<ele>73.15710867824352</ele>
<time>2026-08-28T04:07:31.451Z</time>
</trkpt>
<trkpt lat="41.9892982" lon="2.8257322999999985">
<ele>73.17428477269266</ele>
<time>2026-08-28T04:07:34.726Z</time>
</trkpt>
<trkpt lat="41.9893048" lon="2.8257935999999972">
<ele>73.11565430633343</ele>
<time>2026-08-28T04:07:37.646Z</time>
</trkpt>
<trkpt lat="41.9892714" lon="2.82584700000001">
<ele>73.41606537190839</ele>
<time>2026-08-28T04:07:42.513Z</time>
</trkpt>
<trkpt lat="41.9892266" lon="2.8258606999999927">
<ele>73.89334139028423</ele>
<time>2026-08-28T04:07:48.979Z</time>
</trkpt>
<trkpt lat="41.9891829" lon="2.8258816999999965">
<ele>74.36569951280175</ele>
<time>2026-08-28T04:07:53.487Z</time>
</trkpt>
<trkpt lat="41.9891384" lon="2.825897199999986">
<ele>74.71622232600548</ele>
<time>2026-08-28T04:07:57.488Z</time>
</trkpt>
<trkpt lat="41.9890942" lon="2.8259133999999904">
<ele>74.87765569091455</ele>
<time>2026-08-28T04:08:01.188Z</time>
</trkpt>
<trkpt lat="41.9890503" lon="2.825936799999994">
<ele>75.07725311536495</ele>
<time>2026-08-28T04:08:04.527Z</time>
</trkpt>
<trkpt lat="41.9889999" lon="2.825932200000011">
<ele>75.31552554432315</ele>
<time>2026-08-28T04:08:09.185Z</time>
</trkpt>
<trkpt lat="41.9889527" lon="2.8259260000000097">
<ele>75.52248882479611</ele>
<time>2026-08-28T04:08:11.648Z</time>
</trkpt>
<trkpt lat="41.9889063" lon="2.825951500000002">
<ele>75.84136716789773</ele>
<time>2026-08-28T04:08:16.387Z</time>
</trkpt>
<trkpt lat="41.9888896" lon="2.826007599999997">
<ele>76.18339176453107</ele>
<time>2026-08-28T04:08:19.952Z</time>
</trkpt>
<trkpt lat="41.9888768" lon="2.8260688000000016">
<ele>76.56595626254688</ele>
<time>2026-08-28T04:08:24.031Z</time>
</trkpt>
<trkpt lat="41.9888735" lon="2.826139299999994">
<ele>76.94123225432081</ele>
<time>2026-08-28T04:08:27.490Z</time>
</trkpt>
<trkpt lat="41.9888889" lon="2.8262076999999977">
<ele>76.61088292342164</ele>
<time>2026-08-28T04:08:29.992Z</time>
</trkpt>
<trkpt lat="41.9889099" lon="2.8262618999999916">
<ele>76.27303719631298</ele>
<time>2026-08-28T04:08:31.987Z</time>
</trkpt>
<trkpt lat="41.9889414" lon="2.8263126999999884">
<ele>75.94998119038644</ele>
<time>2026-08-28T04:08:34.570Z</time>
</trkpt>
<trkpt lat="41.9889675" lon="2.8263637999999958">
<ele>75.73945382682322</ele>
<time>2026-08-28T04:08:36.848Z</time>
</trkpt>
<trkpt lat="41.9889896" lon="2.8264172000000087">
<ele>75.61360528194405</ele>
<time>2026-08-28T04:08:39.488Z</time>
</trkpt>
<trkpt lat="41.9889911" lon="2.826484800000003">
<ele>75.80986843750576</ele>
<time>2026-08-28T04:08:43.510Z</time>
</trkpt>
<trkpt lat="41.9889781" lon="2.8265480999999966">
<ele>75.97563838824634</ele>
<time>2026-08-28T04:08:47.487Z</time>
</trkpt>
<trkpt lat="41.9889536" lon="2.826603299999988">
<ele>75.95682680302008</ele>
<time>2026-08-28T04:08:50.487Z</time>
</trkpt>
<trkpt lat="41.9889196" lon="2.8266470000000083">
<ele>75.70461489740498</ele>
<time>2026-08-28T04:08:54.472Z</time>
</trkpt>
<trkpt lat="41.9888856" lon="2.826689299999998">
<ele>75.2990195808982</ele>
<time>2026-08-28T04:08:58.488Z</time>
</trkpt>
<trkpt lat="41.9888557" lon="2.826734899999991">
<ele>75.3938366999279</ele>
<time>2026-08-28T04:09:02.528Z</time>
</trkpt>
<trkpt lat="41.9888361" lon="2.8267898999999943">
<ele>75.78065303950282</ele>
<time>2026-08-28T04:09:07.167Z</time>
</trkpt>
<trkpt lat="41.9888057" lon="2.8268390000000068">
<ele>76.02649415753031</ele>
<time>2026-08-28T04:09:12.845Z</time>
</trkpt>
<trkpt lat="41.9887802" lon="2.8268899999999917">
<ele>76.18654579644264</ele>
<time>2026-08-28T04:09:17.131Z</time>
</trkpt>
<trkpt lat="41.9887497" lon="2.826946200000009">
<ele>76.2320772700975</ele>
<time>2026-08-28T04:09:21.507Z</time>
</trkpt>
<trkpt lat="41.9887202" lon="2.8269927000000052">
<ele>76.13512786311479</ele>
<time>2026-08-28T04:09:25.488Z</time>
</trkpt>
<trkpt lat="41.9886929" lon="2.8270492999999988">
<ele>75.93709513636361</ele>
<time>2026-08-28T04:09:28.487Z</time>
</trkpt>
<trkpt lat="41.9886714" lon="2.82710449999999">
<ele>75.66079415033313</ele>
<time>2026-08-28T04:09:31.728Z</time>
</trkpt>
<trkpt lat="41.9886489" lon="2.8271570999999938">
<ele>75.24769216536832</ele>
<time>2026-08-28T04:09:35.386Z</time>
</trkpt>
<trkpt lat="41.9886296" lon="2.8272144000000026">
<ele>74.76054729116544</ele>
<time>2026-08-28T04:09:39.006Z</time>
</trkpt>
<trkpt lat="41.988611" lon="2.8272746000000097">
<ele>74.2379369866894</ele>
<time>2026-08-28T04:09:42.497Z</time>
</trkpt>
<trkpt lat="41.9886029" lon="2.827336300000013">
<ele>74.1467743529314</ele>
<time>2026-08-28T04:09:46.548Z</time>
</trkpt>
<trkpt lat="41.9885956" lon="2.8274039000000073">
<ele>74.08561892861239</ele>
<time>2026-08-28T04:09:50.352Z</time>
</trkpt>
<trkpt lat="41.9885821" lon="2.8274734000000024">
<ele>74.40410663652062</ele>
<time>2026-08-28T04:09:53.528Z</time>
</trkpt>
<trkpt lat="41.9885674" lon="2.827534700000001">
<ele>74.71151150140217</ele>
<time>2026-08-28T04:09:56.510Z</time>
</trkpt>
<trkpt lat="41.9885506" lon="2.8275917999999933">
<ele>75.17441466565937</ele>
<time>2026-08-28T04:09:59.228Z</time>
</trkpt>
<trkpt lat="41.9885294" lon="2.827648299999993">
<ele>75.62359795819512</ele>
<time>2026-08-28T04:10:02.228Z</time>
</trkpt>
<trkpt lat="41.9885104" lon="2.827706799999987">
<ele>75.96395536497229</ele>
<time>2026-08-28T04:10:05.290Z</time>
</trkpt>
<trkpt lat="41.9884952" lon="2.827764000000002">
<ele>76.19006004489307</ele>
<time>2026-08-28T04:10:08.369Z</time>
</trkpt>
<trkpt lat="41.9884858" lon="2.8278238999999985">
<ele>76.27889512647809</ele>
<time>2026-08-28T04:10:11.539Z</time>
</trkpt>
<trkpt lat="41.9884705" lon="2.8278827000000035">
<ele>76.06930255499196</ele>
<time>2026-08-28T04:10:14.487Z</time>
</trkpt>
<trkpt lat="41.9884557" lon="2.8279515000000117">
<ele>75.81650833885004</ele>
<time>2026-08-28T04:10:17.507Z</time>
</trkpt>
<trkpt lat="41.988445" lon="2.8280109000000095">
<ele>75.5931263791541</ele>
<time>2026-08-28T04:10:21.666Z</time>
</trkpt>
<trkpt lat="41.988435" lon="2.8280737999999985">
<ele>75.35435961238761</ele>
<time>2026-08-28T04:10:25.165Z</time>
</trkpt>
<trkpt lat="41.9884247" lon="2.828138300000006">
<ele>75.39267289418844</ele>
<time>2026-08-28T04:10:28.248Z</time>
</trkpt>
<trkpt lat="41.9884123" lon="2.8281985000000134">
<ele>75.5754772189194</ele>
<time>2026-08-28T04:10:31.345Z</time>
</trkpt>
<trkpt lat="41.9883976" lon="2.8282561999999984">
<ele>75.77675705458218</ele>
<time>2026-08-28T04:10:34.178Z</time>
</trkpt>
<trkpt lat="41.9883776" lon="2.8283122999999932">
<ele>76.02104708564289</ele>
<time>2026-08-28T04:10:37.051Z</time>
</trkpt>
<trkpt lat="41.9883558" lon="2.8283680000000118">
<ele>76.28858970191307</ele>
<time>2026-08-28T04:10:40.132Z</time>
</trkpt>
<trkpt lat="41.9883273" lon="2.828423100000009">
<ele>76.75742861432326</ele>
<time>2026-08-28T04:10:43.245Z</time>
</trkpt>
<trkpt lat="41.9883064" lon="2.8284829000000116">
<ele>77.51720671877477</ele>
<time>2026-08-28T04:10:47.347Z</time>
</trkpt>
<trkpt lat="41.9883061" lon="2.8285457000000065">
<ele>77.83631071664895</ele>
<time>2026-08-28T04:10:51.519Z</time>
</trkpt>
<trkpt lat="41.9883086" lon="2.8286086999999895">
<ele>78.05218628420562</ele>
<time>2026-08-28T04:10:55.487Z</time>
</trkpt>
<trkpt lat="41.9883085" lon="2.82867379999999">
<ele>78.4633422963191</ele>
<time>2026-08-28T04:11:00.267Z</time>
</trkpt>
<trkpt lat="41.988312" lon="2.8287373000000002">
<ele>78.8862304291596</ele>
<time>2026-08-28T04:11:04.488Z</time>
</trkpt>
<trkpt lat="41.9883115" lon="2.828801900000002">
<ele>79.46982663251099</ele>
<time>2026-08-28T04:11:08.347Z</time>
</trkpt>
<trkpt lat="41.98831" lon="2.828865400000012">
<ele>80.08392217862367</ele>
<time>2026-08-28T04:11:12.432Z</time>
</trkpt>
<trkpt lat="41.9882995" lon="2.8289264000000003">
<ele>81.03868943744146</ele>
<time>2026-08-28T04:11:16.067Z</time>
</trkpt>
<trkpt lat="41.9882902" lon="2.828985899999992">
<ele>81.95225177244686</ele>
<time>2026-08-28T04:11:18.690Z</time>
</trkpt>
<trkpt lat="41.9882862" lon="2.8290470000000028">
<ele>82.68330827022221</ele>
<time>2026-08-28T04:11:21.812Z</time>
</trkpt>
<trkpt lat="41.9882807" lon="2.8291156999999885">
<ele>83.5697997755156</ele>
<time>2026-08-28T04:11:25.520Z</time>
</trkpt>
<trkpt lat="41.9882777" lon="2.829183999999998">
<ele>84.35592587445355</ele>
<time>2026-08-28T04:11:28.487Z</time>
</trkpt>
<trkpt lat="41.9882714" lon="2.829246100000006">
<ele>84.49354125444462</ele>
<time>2026-08-28T04:11:31.487Z</time>
</trkpt>
<trkpt lat="41.9882644" lon="2.829306300000013">
<ele>84.27074452937956</ele>
<time>2026-08-28T04:11:35.026Z</time>
</trkpt>
<trkpt lat="41.9882538" lon="2.8293667000000084">
<ele>84.3044177689948</ele>
<time>2026-08-28T04:11:39.111Z</time>
</trkpt>
<trkpt lat="41.9882496" lon="2.8294270000000097">
<ele>84.01880928080564</ele>
<time>2026-08-28T04:11:43.350Z</time>
</trkpt>
<trkpt lat="41.9882422" lon="2.8294936000000064">
<ele>83.9865017448761</ele>
<time>2026-08-28T04:11:46.985Z</time>
</trkpt>
<trkpt lat="41.9882341" lon="2.829558700000007">
<ele>84.51472743549486</ele>
<time>2026-08-28T04:11:50.169Z</time>
</trkpt>
<trkpt lat="41.988231" lon="2.829621000000003">
<ele>84.7211145225081</ele>
<time>2026-08-28T04:11:53.306Z</time>
</trkpt>
<trkpt lat="41.9882208" lon="2.82968120000001">
<ele>85.40633682565002</ele>
<time>2026-08-28T04:11:56.491Z</time>
</trkpt>
<trkpt lat="41.9881993" lon="2.8297397000000046">
<ele>86.86579264594646</ele>
<time>2026-08-28T04:12:00.231Z</time>
</trkpt>
<trkpt lat="41.988181" lon="2.829796799999997">
<ele>88.18052501763287</ele>
<time>2026-08-28T04:12:03.353Z</time>
</trkpt>
<trkpt lat="41.9881701" lon="2.829860800000006">
<ele>89.0435842294978</ele>
<time>2026-08-28T04:12:07.030Z</time>
</trkpt>
<trkpt lat="41.9881572" lon="2.8299255000000016">
<ele>90.0367835547566</ele>
<time>2026-08-28T04:12:10.192Z</time>
</trkpt>
<trkpt lat="41.9881525" lon="2.829991100000001">
<ele>90.47702278981265</ele>
<time>2026-08-28T04:12:13.385Z</time>
</trkpt>
<trkpt lat="41.9881497" lon="2.8300523000000055">
<ele>90.81266987791818</ele>
<time>2026-08-28T04:12:16.546Z</time>
</trkpt>
<trkpt lat="41.9881585" lon="2.830116299999986">
<ele>90.5524647898622</ele>
<time>2026-08-28T04:12:20.246Z</time>
</trkpt>
<trkpt lat="41.9881778" lon="2.8301757000000123">
<ele>89.59784858140047</ele>
<time>2026-08-28T04:12:23.487Z</time>
</trkpt>
<trkpt lat="41.9882122" lon="2.830221800000004">
<ele>87.62119556635804</ele>
<time>2026-08-28T04:12:27.487Z</time>
</trkpt>
<trkpt lat="41.9882356" lon="2.830278800000002">
<ele>86.45073616305253</ele>
<time>2026-08-28T04:12:31.432Z</time>
</trkpt>
<trkpt lat="41.9882619" lon="2.8303347000000088">
<ele>85.36796239142419</ele>
<time>2026-08-28T04:12:35.205Z</time>
</trkpt>
<trkpt lat="41.9882869" lon="2.8303933999999913">
<ele>85.15081304226604</ele>
<time>2026-08-28T04:12:38.327Z</time>
</trkpt>
<trkpt lat="41.9883175" lon="2.830440799999991">
<ele>84.37033730600858</ele>
<time>2026-08-28T04:12:42.026Z</time>
</trkpt>
<trkpt lat="41.9883449" lon="2.8304933999999946">
<ele>84.98107133043554</ele>
<time>2026-08-28T04:12:45.251Z</time>
</trkpt>
<trkpt lat="41.9883749" lon="2.8305384999999887">
<ele>85.124443714721</ele>
<time>2026-08-28T04:12:50.030Z</time>
</trkpt>
<trkpt lat="41.9884138" lon="2.830570399999999">
<ele>84.55315375350057</ele>
<time>2026-08-28T04:12:54.488Z</time>
</trkpt>
<trkpt lat="41.9884517" lon="2.8306134000000043">
<ele>84.09384276885558</ele>
<time>2026-08-28T04:12:58.511Z</time>
</trkpt>
<trkpt lat="41.9884844" lon="2.8306613000000027">
<ele>84.07442775567058</ele>
<time>2026-08-28T04:13:02.487Z</time>
</trkpt>
<trkpt lat="41.988516" lon="2.8307085000000143">
<ele>83.99297062642646</ele>
<time>2026-08-28T04:13:06.066Z</time>
</trkpt>
<trkpt lat="41.9885526" lon="2.830747699999989">
<ele>83.48618029412398</ele>
<time>2026-08-28T04:13:11.206Z</time>
</trkpt>
<trkpt lat="41.988585" lon="2.8307920000000024">
<ele>83.15542092117389</ele>
<time>2026-08-28T04:13:15.446Z</time>
</trkpt>
<trkpt lat="41.988617" lon="2.8308350000000075">
<ele>83.25598284425942</ele>
<time>2026-08-28T04:13:19.607Z</time>
</trkpt>
<trkpt lat="41.9886466" lon="2.8308812999999873">
<ele>83.4891848984035</ele>
<time>2026-08-28T04:13:22.487Z</time>
</trkpt>
<trkpt lat="41.9886714" lon="2.830933299999998">
<ele>83.85047328841986</ele>
<time>2026-08-28T04:13:25.465Z</time>
</trkpt>
<trkpt lat="41.9886886" lon="2.8309955">
<ele>84.3975866882075</ele>
<time>2026-08-28T04:13:28.265Z</time>
</trkpt>
<trkpt lat="41.9886967" lon="2.8310586000000058">
<ele>85.09724369280502</ele>
<time>2026-08-28T04:13:30.785Z</time>
</trkpt>
<trkpt lat="41.9887043" lon="2.831121599999989">
<ele>85.74920726936752</ele>
<time>2026-08-28T04:13:33.408Z</time>
</trkpt>
<trkpt lat="41.9887021" lon="2.831188300000008">
<ele>86.24592676983892</ele>
<time>2026-08-28T04:13:36.499Z</time>
</trkpt>
<trkpt lat="41.9886988" lon="2.831249799999995">
<ele>86.2787400714524</ele>
<time>2026-08-28T04:13:39.542Z</time>
</trkpt>
<trkpt lat="41.9886942" lon="2.831313999999992">
<ele>86.32813451346429</ele>
<time>2026-08-28T04:13:42.488Z</time>
</trkpt>
<trkpt lat="41.9886785" lon="2.8313837999999976">
<ele>86.63245819515996</ele>
<time>2026-08-28T04:13:45.390Z</time>
</trkpt>
<trkpt lat="41.9886608" lon="2.8314459000000056">
<ele>86.75850973642899</ele>
<time>2026-08-28T04:13:47.449Z</time>
</trkpt>
<trkpt lat="41.9886509" lon="2.831507700000003">
<ele>86.04320164321521</ele>
<time>2026-08-28T04:13:50.128Z</time>
</trkpt>
<trkpt lat="41.9886448" lon="2.8315712000000133">
<ele>85.15288839308857</ele>
<time>2026-08-28T04:13:53.289Z</time>
</trkpt>
<trkpt lat="41.9886362" lon="2.8316317999999967">
<ele>84.26656942944989</ele>
<time>2026-08-28T04:13:56.965Z</time>
</trkpt>
<trkpt lat="41.9886224" lon="2.831693300000012">
<ele>83.29539032784243</ele>
<time>2026-08-28T04:14:01.189Z</time>
</trkpt>
<trkpt lat="41.9886132" lon="2.831754799999999">
<ele>82.42125588585044</ele>
<time>2026-08-28T04:14:04.367Z</time>
</trkpt>
<trkpt lat="41.9886014" lon="2.831813899999986">
<ele>81.63697431322082</ele>
<time>2026-08-28T04:14:07.488Z</time>
</trkpt>
<trkpt lat="41.9885924" lon="2.8318735000000004">
<ele>80.92057976462272</ele>
<time>2026-08-28T04:14:10.748Z</time>
</trkpt>
<trkpt lat="41.9885838" lon="2.8319395999999983">
<ele>80.26745417025678</ele>
<time>2026-08-28T04:14:14.487Z</time>
</trkpt>
<trkpt lat="41.9885667" lon="2.8320003000000042">
<ele>80.03634056103783</ele>
<time>2026-08-28T04:14:17.498Z</time>
</trkpt>
<trkpt lat="41.988543" lon="2.832059700000002">
<ele>80.62476290788824</ele>
<time>2026-08-28T04:14:20.468Z</time>
</trkpt>
<trkpt lat="41.9885203" lon="2.83212180000001">
<ele>81.09067890075207</ele>
<time>2026-08-28T04:14:24.305Z</time>
</trkpt>
<trkpt lat="41.9884951" lon="2.832180099999988">
<ele>81.51878406838195</ele>
<time>2026-08-28T04:14:27.829Z</time>
</trkpt>
<trkpt lat="41.9884725" lon="2.832240299999995">
<ele>81.79312791127244</ele>
<time>2026-08-28T04:14:30.966Z</time>
</trkpt>
<trkpt lat="41.9884475" lon="2.832299400000011">
<ele>82.09793999230891</ele>
<time>2026-08-28T04:14:33.629Z</time>
</trkpt>
<trkpt lat="41.9884243" lon="2.8323579999999993">
<ele>82.41426797846532</ele>
<time>2026-08-28T04:14:35.970Z</time>
</trkpt>
<trkpt lat="41.9884061" lon="2.832414199999988">
<ele>82.64598123112133</ele>
<time>2026-08-28T04:14:38.948Z</time>
</trkpt>
<trkpt lat="41.9883897" lon="2.8324719000000016">
<ele>82.8429020034251</ele>
<time>2026-08-28T04:14:42.504Z</time>
</trkpt>
<trkpt lat="41.9883656" lon="2.8325245999999993">
<ele>83.17608736776357</ele>
<time>2026-08-28T04:14:46.310Z</time>
</trkpt>
<trkpt lat="41.9883468" lon="2.8325814000000094">
<ele>83.31193031211971</ele>
<time>2026-08-28T04:14:49.488Z</time>
</trkpt>
<trkpt lat="41.9883344" lon="2.8326444999999865">
<ele>83.16395051752906</ele>
<time>2026-08-28T04:14:53.092Z</time>
</trkpt>
<trkpt lat="41.9883202" lon="2.8327066999999886">
<ele>82.91348632603308</ele>
<time>2026-08-28T04:14:56.270Z</time>
</trkpt>
<trkpt lat="41.9883037" lon="2.8327648000000067">
<ele>82.69400813772886</ele>
<time>2026-08-28T04:14:59.425Z</time>
</trkpt>
<trkpt lat="41.9882853" lon="2.8328293000000144">
<ele>82.45206683273715</ele>
<time>2026-08-28T04:15:03.111Z</time>
</trkpt>
<trkpt lat="41.9882671" lon="2.832887400000004">
<ele>82.235274661742</ele>
<time>2026-08-28T04:15:06.499Z</time>
</trkpt>
<trkpt lat="41.9882497" lon="2.832944999999995">
<ele>82.05223339306762</ele>
<time>2026-08-28T04:15:09.870Z</time>
</trkpt>
<trkpt lat="41.9882391" lon="2.833005000000014">
<ele>81.80102389405384</ele>
<time>2026-08-28T04:15:13.652Z</time>
</trkpt>
<trkpt lat="41.9882248" lon="2.833066599999995">
<ele>81.61830565119503</ele>
<time>2026-08-28T04:15:17.232Z</time>
</trkpt>
<trkpt lat="41.9882056" lon="2.8331230999999946">
<ele>81.71686398053076</ele>
<time>2026-08-28T04:15:20.409Z</time>
</trkpt>
<trkpt lat="41.988178" lon="2.833173600000009">
<ele>82.16019173135366</ele>
<time>2026-08-28T04:15:24.151Z</time>
</trkpt>
<trkpt lat="41.9881527" lon="2.833224699999988">
<ele>82.54332386572194</ele>
<time>2026-08-28T04:15:27.486Z</time>
</trkpt>
<trkpt lat="41.9881258" lon="2.833273399999996">
<ele>82.92204908457738</ele>
<time>2026-08-28T04:15:30.909Z</time>
</trkpt>
<trkpt lat="41.9880952" lon="2.8333245999999974">
<ele>83.32203376418671</ele>
<time>2026-08-28T04:15:36.188Z</time>
</trkpt>
<trkpt lat="41.9880726" lon="2.8333776000000057">
<ele>83.58934947333515</ele>
<time>2026-08-28T04:15:39.365Z</time>
</trkpt>
<trkpt lat="41.9880577" lon="2.833436799999987">
<ele>83.6457106194324</ele>
<time>2026-08-28T04:15:43.148Z</time>
</trkpt>
<trkpt lat="41.9880366" lon="2.8335029000000134">
<ele>83.81785551543801</ele>
<time>2026-08-28T04:15:46.809Z</time>
</trkpt>
<trkpt lat="41.9880152" lon="2.8335658999999964">
<ele>84.54277018852565</ele>
<time>2026-08-28T04:15:50.487Z</time>
</trkpt>
<trkpt lat="41.9880091" lon="2.833631700000012">
<ele>84.66987239273342</ele>
<time>2026-08-28T04:15:53.908Z</time>
</trkpt>
<trkpt lat="41.9880386" lon="2.833678700000007">
<ele>83.38155145040612</ele>
<time>2026-08-28T04:15:58.487Z</time>
</trkpt>
<trkpt lat="41.9880774" lon="2.8337257000000022">
<ele>82.89691975469344</ele>
<time>2026-08-28T04:16:03.509Z</time>
</trkpt>
<trkpt lat="41.9881224" lon="2.833748000000014">
<ele>82.33843534607887</ele>
<time>2026-08-28T04:16:07.951Z</time>
</trkpt>
<trkpt lat="41.9881685" lon="2.833763900000008">
<ele>81.7603609931326</ele>
<time>2026-08-28T04:16:12.065Z</time>
</trkpt>
<trkpt lat="41.9882165" lon="2.8337893000000065">
<ele>81.14088511623322</ele>
<time>2026-08-28T04:16:16.390Z</time>
</trkpt>
<trkpt lat="41.9882588" lon="2.8338167">
<ele>80.57767876396105</ele>
<time>2026-08-28T04:16:20.070Z</time>
</trkpt>
<trkpt lat="41.988303" lon="2.8338429000000076">
<ele>79.9793845954741</ele>
<time>2026-08-28T04:16:23.788Z</time>
</trkpt>
<trkpt lat="41.988347" lon="2.833866999999998">
<ele>79.91692170229328</ele>
<time>2026-08-28T04:16:27.413Z</time>
</trkpt>
<trkpt lat="41.9883919" lon="2.8338778000000104">
<ele>80.13260068296255</ele>
<time>2026-08-28T04:16:31.132Z</time>
</trkpt>
<trkpt lat="41.9884409" lon="2.8338805999999863">
<ele>80.38215984279645</ele>
<time>2026-08-28T04:16:35.392Z</time>
</trkpt>
<trkpt lat="41.9884879" lon="2.8338837999999953">
<ele>80.62006063591075</ele>
<time>2026-08-28T04:16:39.486Z</time>
</trkpt>
<trkpt lat="41.9885356" lon="2.833888999999999">
<ele>80.85702108548088</ele>
<time>2026-08-28T04:16:43.328Z</time>
</trkpt>
<trkpt lat="41.9885784" lon="2.833920599999999">
<ele>81.01288751154587</ele>
<time>2026-08-28T04:16:48.233Z</time>
</trkpt>
<trkpt lat="41.9885961" lon="2.8339809999999943">
<ele>81.16672489358518</ele>
<time>2026-08-28T04:16:52.090Z</time>
</trkpt>
<trkpt lat="41.9886019" lon="2.834042100000005">
<ele>81.3858902712928</ele>
<time>2026-08-28T04:16:55.486Z</time>
</trkpt>
<trkpt lat="41.9886039" lon="2.834106200000008">
<ele>81.54325345866229</ele>
<time>2026-08-28T04:16:59.351Z</time>
</trkpt>
<trkpt lat="41.9886096" lon="2.8341676999999947">
<ele>81.76172079678366</ele>
<time>2026-08-28T04:17:03.015Z</time>
</trkpt>
<trkpt lat="41.9886166" lon="2.8342275999999913">
<ele>82.00733537266333</ele>
<time>2026-08-28T04:17:06.509Z</time>
</trkpt>
<trkpt lat="41.9886264" lon="2.8342916000000002">
<ele>82.32922563360067</ele>
<time>2026-08-28T04:17:10.429Z</time>
</trkpt>
<trkpt lat="41.988628" lon="2.834352300000006">
<ele>82.49629910662044</ele>
<time>2026-08-28T04:17:14.630Z</time>
</trkpt>
<trkpt lat="41.9886272" lon="2.834416400000009">
<ele>82.63109300089577</ele>
<time>2026-08-28T04:17:18.845Z</time>
</trkpt>
<trkpt lat="41.988631" lon="2.8344794999999863">
<ele>82.83500523430865</ele>
<time>2026-08-28T04:17:22.990Z</time>
</trkpt>
<trkpt lat="41.9886351" lon="2.8345415999999943">
<ele>83.02087763160283</ele>
<time>2026-08-28T04:17:26.749Z</time>
</trkpt>
<trkpt lat="41.9886468" lon="2.834606100000002">
<ele>83.29232766242501</ele>
<time>2026-08-28T04:17:30.547Z</time>
</trkpt>
<trkpt lat="41.9886432" lon="2.8346730000000093">
<ele>83.36283635051753</ele>
<time>2026-08-28T04:17:34.087Z</time>
</trkpt>
<trkpt lat="41.9886353" lon="2.8347352000000114">
<ele>83.39377645333258</ele>
<time>2026-08-28T04:17:37.289Z</time>
</trkpt>
<trkpt lat="41.9886316" lon="2.8348029999999937">
<ele>83.57853272122809</ele>
<time>2026-08-28T04:17:40.991Z</time>
</trkpt>
<trkpt lat="41.988633" lon="2.834864699999997">
<ele>83.87368729560637</ele>
<time>2026-08-28T04:17:44.628Z</time>
</trkpt>
<trkpt lat="41.9886322" lon="2.8349288">
<ele>84.16398763460629</ele>
<time>2026-08-28T04:17:47.845Z</time>
</trkpt>
<trkpt lat="41.9886333" lon="2.8349956000000134">
<ele>84.47663372757744</ele>
<time>2026-08-28T04:17:51.545Z</time>
</trkpt>
<trkpt lat="41.9886364" lon="2.8350605999999914">
<ele>84.7424571707023</ele>
<time>2026-08-28T04:17:55.247Z</time>
</trkpt>
<trkpt lat="41.9886401" lon="2.8351226000000054">
<ele>84.82906595642133</ele>
<time>2026-08-28T04:17:58.486Z</time>
</trkpt>
<trkpt lat="41.9886405" lon="2.835187100000013">
<ele>84.90965023821414</ele>
<time>2026-08-28T04:18:01.567Z</time>
</trkpt>
<trkpt lat="41.9886413" lon="2.835250500000001">
<ele>84.99309625823193</ele>
<time>2026-08-28T04:18:04.864Z</time>
</trkpt>
<trkpt lat="41.9886462" lon="2.835319400000003">
<ele>85.12328981330631</ele>
<time>2026-08-28T04:18:08.532Z</time>
</trkpt>
<trkpt lat="41.9886467" lon="2.835389499999991">
<ele>85.01155167392719</ele>
<time>2026-08-28T04:18:12.069Z</time>
</trkpt>
<trkpt lat="41.9886401" lon="2.8354598999999894">
<ele>84.79482970289462</ele>
<time>2026-08-28T04:18:15.325Z</time>
</trkpt>
<trkpt lat="41.9886352" lon="2.835527899999988">
<ele>84.59044133787188</ele>
<time>2026-08-28T04:18:18.991Z</time>
</trkpt>
<trkpt lat="41.9886279" lon="2.835589099999993">
<ele>84.35966737321093</ele>
<time>2026-08-28T04:18:22.486Z</time>
</trkpt>
<trkpt lat="41.9886252" lon="2.8356540999999993">
<ele>84.6270324931264</ele>
<time>2026-08-28T04:18:26.312Z</time>
</trkpt>
<trkpt lat="41.9886266" lon="2.8357229000000075">
<ele>85.12305165600642</ele>
<time>2026-08-28T04:18:30.527Z</time>
</trkpt>
<trkpt lat="41.9886298" lon="2.835788000000008">
<ele>85.61815310767311</ele>
<time>2026-08-28T04:18:34.227Z</time>
</trkpt>
<trkpt lat="41.9886358" lon="2.8358504999999923">
<ele>86.13396601237005</ele>
<time>2026-08-28T04:18:37.992Z</time>
</trkpt>
<trkpt lat="41.9886331" lon="2.8359140000000025">
<ele>86.39291791967507</ele>
<time>2026-08-28T04:18:41.486Z</time>
</trkpt>
<trkpt lat="41.9886304" lon="2.835975300000001">
<ele>86.48508682590798</ele>
<time>2026-08-28T04:18:45.406Z</time>
</trkpt>
<trkpt lat="41.9886244" lon="2.8360371999999927">
<ele>86.50492423700403</ele>
<time>2026-08-28T04:18:49.251Z</time>
</trkpt>
<trkpt lat="41.9886132" lon="2.836100600000009">
<ele>86.39292390587082</ele>
<time>2026-08-28T04:18:52.872Z</time>
</trkpt>
<trkpt lat="41.9886061" lon="2.8361606999999935">
<ele>86.32378649502593</ele>
<time>2026-08-28T04:18:56.589Z</time>
</trkpt>
<trkpt lat="41.9885989" lon="2.83622170000001">
<ele>86.2395059953053</ele>
<time>2026-08-28T04:19:00.385Z</time>
</trkpt>
<trkpt lat="41.9885982" lon="2.8362823999999875">
<ele>86.30401693936406</ele>
<time>2026-08-28T04:19:03.530Z</time>
</trkpt>
<trkpt lat="41.9885993" lon="2.8363445999999897">
<ele>86.41478364435274</ele>
<time>2026-08-28T04:19:06.725Z</time>
</trkpt>
<trkpt lat="41.9885961" lon="2.836409599999996">
<ele>86.41982641187138</ele>
<time>2026-08-28T04:19:10.370Z</time>
</trkpt>
<trkpt lat="41.9885897" lon="2.836473699999999">
<ele>86.40285758663953</ele>
<time>2026-08-28T04:19:14.545Z</time>
</trkpt>
<trkpt lat="41.988582" lon="2.836535800000007">
<ele>86.39063135456226</ele>
<time>2026-08-28T04:19:18.503Z</time>
</trkpt>
<trkpt lat="41.9885772" lon="2.836598400000014">
<ele>86.43658477568582</ele>
<time>2026-08-28T04:19:22.051Z</time>
</trkpt>
<trkpt lat="41.9885713" lon="2.8366629999999873">
<ele>86.47436663735806</ele>
<time>2026-08-28T04:19:25.809Z</time>
</trkpt>
<trkpt lat="41.9885655" lon="2.8367311000000086">
<ele>86.49634480172503</ele>
<time>2026-08-28T04:19:29.470Z</time>
</trkpt>
<trkpt lat="41.9885671" lon="2.8367993999999896">
<ele>86.50536628157492</ele>
<time>2026-08-28T04:19:33.251Z</time>
</trkpt>
<trkpt lat="41.9885665" lon="2.836861099999993">
<ele>86.48339837525869</ele>
<time>2026-08-28T04:19:36.524Z</time>
</trkpt>
<trkpt lat="41.9885832" lon="2.836927099999997">
<ele>86.6665961960981</ele>
<time>2026-08-28T04:19:40.145Z</time>
</trkpt>
<trkpt lat="41.9886001" lon="2.836986599999989">
<ele>86.87257368132786</ele>
<time>2026-08-28T04:19:43.871Z</time>
</trkpt>
<trkpt lat="41.9886197" lon="2.837043499999993">
<ele>87.17823180963966</ele>
<time>2026-08-28T04:19:47.486Z</time>
</trkpt>
<trkpt lat="41.9886408" lon="2.8371100999999896">
<ele>87.43096484584332</ele>
<time>2026-08-28T04:19:51.213Z</time>
</trkpt>
<trkpt lat="41.9886551" lon="2.837170299999997">
<ele>87.52412141839814</ele>
<time>2026-08-28T04:19:54.648Z</time>
</trkpt>
<trkpt lat="41.9886697" lon="2.8372310000000027">
<ele>87.5892484023821</ele>
<time>2026-08-28T04:19:58.247Z</time>
</trkpt>
<trkpt lat="41.9886774" lon="2.8372975999999994">
<ele>87.60825906772739</ele>
<time>2026-08-28T04:20:02.005Z</time>
</trkpt>
<trkpt lat="41.9886846" lon="2.837362100000007">
<ele>87.83517917544327</ele>
<time>2026-08-28T04:20:05.483Z</time>
</trkpt>
<trkpt lat="41.9886892" lon="2.8374223000000143">
<ele>88.01090622083676</ele>
<time>2026-08-28T04:20:08.869Z</time>
</trkpt>
<trkpt lat="41.9886952" lon="2.83748700000001">
<ele>88.21824314087576</ele>
<time>2026-08-28T04:20:12.486Z</time>
</trkpt>
<trkpt lat="41.9886971" lon="2.8375475999999935">
<ele>88.34859450612397</ele>
<time>2026-08-28T04:20:15.504Z</time>
</trkpt>
<trkpt lat="41.9886948" lon="2.8376143000000127">
<ele>88.69191764586238</ele>
<time>2026-08-28T04:20:19.053Z</time>
</trkpt>
<trkpt lat="41.9886927" lon="2.837681900000007">
<ele>89.06211612221381</ele>
<time>2026-08-28T04:20:22.528Z</time>
</trkpt>
<trkpt lat="41.9886883" lon="2.8377472999999895">
<ele>89.37344743039108</ele>
<time>2026-08-28T04:20:26.270Z</time>
</trkpt>
<trkpt lat="41.9886813" lon="2.8378079999999954">
<ele>89.60183233333318</ele>
<time>2026-08-28T04:20:29.486Z</time>
</trkpt>
<trkpt lat="41.988674" lon="2.837867799999998">
<ele>89.5333472937062</ele>
<time>2026-08-28T04:20:32.515Z</time>
</trkpt>
<trkpt lat="41.9886606" lon="2.837928500000004">
<ele>89.14089285473892</ele>
<time>2026-08-28T04:20:36.667Z</time>
</trkpt>
<trkpt lat="41.9886445" lon="2.8379898000000026">
<ele>88.63774075343144</ele>
<time>2026-08-28T04:20:40.247Z</time>
</trkpt>
<trkpt lat="41.9886219" lon="2.8380472000000054">
<ele>87.92558801062907</ele>
<time>2026-08-28T04:20:43.947Z</time>
</trkpt>
<trkpt lat="41.9885911" lon="2.838095399999986">
<ele>87.0299157613709</ele>
<time>2026-08-28T04:20:48.346Z</time>
</trkpt>
<trkpt lat="41.9885772" lon="2.83815469999999">
<ele>86.68061196476972</ele>
<time>2026-08-28T04:20:52.487Z</time>
</trkpt>
<trkpt lat="41.9885689" lon="2.8382205999999996">
<ele>86.36589168880712</ele>
<time>2026-08-28T04:20:56.233Z</time>
</trkpt>
<trkpt lat="41.9885682" lon="2.8382814999999937">
<ele>86.13556622261966</ele>
<time>2026-08-28T04:20:59.409Z</time>
</trkpt>
<trkpt lat="41.9885728" lon="2.8383436000000017">
<ele>85.93681928755643</ele>
<time>2026-08-28T04:21:03.286Z</time>
</trkpt>
<trkpt lat="41.9885788" lon="2.838407799999999">
<ele>85.85913377134065</ele>
<time>2026-08-28T04:21:06.986Z</time>
</trkpt>
<trkpt lat="41.9885843" lon="2.8384681">
<ele>86.01215520846442</ele>
<time>2026-08-28T04:21:10.487Z</time>
</trkpt>
<trkpt lat="41.9886063" lon="2.8385239000000126">
<ele>86.41955220425466</ele>
<time>2026-08-28T04:21:14.429Z</time>
</trkpt>
<trkpt lat="41.9886373" lon="2.8385681999999974">
<ele>87.18303761116333</ele>
<time>2026-08-28T04:21:18.106Z</time>
</trkpt>
<trkpt lat="41.9886751" lon="2.8386118999999894">
<ele>87.99253344764439</ele>
<time>2026-08-28T04:21:21.873Z</time>
</trkpt>
<trkpt lat="41.9887152" lon="2.838652499999995">
<ele>88.73666843217</ele>
<time>2026-08-28T04:21:25.509Z</time>
</trkpt>
<trkpt lat="41.988757" lon="2.838679600000006">
<ele>89.65768590734731</ele>
<time>2026-08-28T04:21:29.266Z</time>
</trkpt>
<trkpt lat="41.9888009" lon="2.8386985999999865">
<ele>90.68812879962897</ele>
<time>2026-08-28T04:21:33.466Z</time>
</trkpt>
<trkpt lat="41.9888471" lon="2.8387122999999974">
<ele>91.70592692132706</ele>
<time>2026-08-28T04:21:38.520Z</time>
</trkpt>
<trkpt lat="41.9888932" lon="2.8387262999999905">
<ele>92.31976482888868</ele>
<time>2026-08-28T04:21:43.090Z</time>
</trkpt>
<trkpt lat="41.9889344" lon="2.8387525999999923">
<ele>92.45314025438002</ele>
<time>2026-08-28T04:21:47.129Z</time>
</trkpt>
<trkpt lat="41.9889794" lon="2.838770100000005">
<ele>92.43580650559137</ele>
<time>2026-08-28T04:21:50.486Z</time>
</trkpt>
<trkpt lat="41.989029" lon="2.838786199999987">
<ele>92.32894361956618</ele>
<time>2026-08-28T04:21:53.985Z</time>
</trkpt>
<trkpt lat="41.9890753" lon="2.8387971999999877">
<ele>92.16353346856047</ele>
<time>2026-08-28T04:21:57.486Z</time>
</trkpt>
<trkpt lat="41.9891243" lon="2.8388042999999925">
<ele>91.94621617544314</ele>
<time>2026-08-28T04:22:00.488Z</time>
</trkpt>
<trkpt lat="41.9891706" lon="2.8388123000000007">
<ele>91.99849128136587</ele>
<time>2026-08-28T04:22:04.511Z</time>
</trkpt>
<trkpt lat="41.9892166" lon="2.8388220999999874">
<ele>92.42935032132213</ele>
<time>2026-08-28T04:22:08.252Z</time>
</trkpt>
<trkpt lat="41.989261" lon="2.8388370000000123">
<ele>92.78617258420547</ele>
<time>2026-08-28T04:22:11.528Z</time>
</trkpt>
<trkpt lat="41.9893089" lon="2.8388558000000046">
<ele>93.1038593222907</ele>
<time>2026-08-28T04:22:15.526Z</time>
</trkpt>
<trkpt lat="41.9893568" lon="2.838867499999992">
<ele>93.42752732043944</ele>
<time>2026-08-28T04:22:19.227Z</time>
</trkpt>
<trkpt lat="41.9894046" lon="2.838877300000007">
<ele>93.73456113987451</ele>
<time>2026-08-28T04:22:22.832Z</time>
</trkpt>
<trkpt lat="41.9894512" lon="2.8388895999999875">
<ele>93.83828470885709</ele>
<time>2026-08-28T04:22:26.510Z</time>
</trkpt>
<trkpt lat="41.9894953" lon="2.8389027000000056">
<ele>93.7545888055766</ele>
<time>2026-08-28T04:22:30.170Z</time>
</trkpt>
<trkpt lat="41.9895456" lon="2.838917400000014">
<ele>93.65053494361585</ele>
<time>2026-08-28T04:22:34.467Z</time>
</trkpt>
<trkpt lat="41.9895901" lon="2.8389297999999883">
<ele>93.55598090164959</ele>
<time>2026-08-28T04:22:38.231Z</time>
</trkpt>
<trkpt lat="41.9896364" lon="2.8389291000000014">
<ele>93.62363733732383</ele>
<time>2026-08-28T04:22:41.825Z</time>
</trkpt>
<trkpt lat="41.9896848" lon="2.838931599999995">
<ele>93.65192415975767</ele>
<time>2026-08-28T04:22:45.541Z</time>
</trkpt>
<trkpt lat="41.9897355" lon="2.838934800000004">
<ele>93.99435990877495</ele>
<time>2026-08-28T04:22:49.450Z</time>
</trkpt>
<trkpt lat="41.9897866" lon="2.838938000000013">
<ele>94.61435271037062</ele>
<time>2026-08-28T04:22:53.031Z</time>
</trkpt>
<trkpt lat="41.9898337" lon="2.838947200000007">
<ele>95.14484186482949</ele>
<time>2026-08-28T04:22:56.247Z</time>
</trkpt>
<trkpt lat="41.9898787" lon="2.838955700000014">
<ele>95.69689875775211</ele>
<time>2026-08-28T04:22:59.972Z</time>
</trkpt>
<trkpt lat="41.9899265" lon="2.838964400000009">
<ele>96.2896780469267</ele>
<time>2026-08-28T04:23:03.487Z</time>
</trkpt>
<trkpt lat="41.9899723" lon="2.838969700000007">
<ele>96.87297156899655</ele>
<time>2026-08-28T04:23:06.947Z</time>
</trkpt>
<trkpt lat="41.990019" lon="2.838977">
<ele>97.15793039710123</ele>
<time>2026-08-28T04:23:10.543Z</time>
</trkpt>
<trkpt lat="41.9900677" lon="2.838990300000006">
<ele>97.3061303378516</ele>
<time>2026-08-28T04:23:14.412Z</time>
</trkpt>
<trkpt lat="41.9901115" lon="2.839014600000013">
<ele>97.4068073548578</ele>
<time>2026-08-28T04:23:17.692Z</time>
</trkpt>
<trkpt lat="41.9901585" lon="2.839046300000007">
<ele>97.50730352658677</ele>
<time>2026-08-28T04:23:21.425Z</time>
</trkpt>
<trkpt lat="41.9901914" lon="2.839089599999994">
<ele>97.52725159096947</ele>
<time>2026-08-28T04:23:25.127Z</time>
</trkpt>
<trkpt lat="41.9902186" lon="2.8391426999999965">
<ele>97.50646375662939</ele>
<time>2026-08-28T04:23:28.562Z</time>
</trkpt>
<trkpt lat="41.9902343" lon="2.839200500000004">
<ele>97.43033126957428</ele>
<time>2026-08-28T04:23:32.270Z</time>
</trkpt>
<trkpt lat="41.9902469" lon="2.8392642000000023">
<ele>97.45026083646442</ele>
<time>2026-08-28T04:23:36.448Z</time>
</trkpt>
<trkpt lat="41.9902543" lon="2.8393283999999994">
<ele>97.50963786158148</ele>
<time>2026-08-28T04:23:41.050Z</time>
</trkpt>
<trkpt lat="41.990261" lon="2.8393945999999914">
<ele>97.57245897772735</ele>
<time>2026-08-28T04:23:45.250Z</time>
</trkpt>
<trkpt lat="41.9902648" lon="2.8394567999999936">
<ele>97.62102577692067</ele>
<time>2026-08-28T04:23:48.911Z</time>
</trkpt>
<trkpt lat="41.9902711" lon="2.839525299999991">
<ele>97.66943947662163</ele>
<time>2026-08-28T04:23:53.191Z</time>
</trkpt>
<trkpt lat="41.9902814" lon="2.8395864000000017">
<ele>97.71059662407735</ele>
<time>2026-08-28T04:23:57.148Z</time>
</trkpt>
<trkpt lat="41.9902871" lon="2.839648699999998">
<ele>97.72080717235221</ele>
<time>2026-08-28T04:24:01.487Z</time>
</trkpt>
<trkpt lat="41.9902917" lon="2.8397152000000006">
<ele>97.72112914588259</ele>
<time>2026-08-28T04:24:05.508Z</time>
</trkpt>
<trkpt lat="41.9903003" lon="2.8397764999999993">
<ele>97.74415487222252</ele>
<time>2026-08-28T04:24:09.306Z</time>
</trkpt>
<trkpt lat="41.9903258" lon="2.83982739999999">
<ele>97.89743638123423</ele>
<time>2026-08-28T04:24:14.518Z</time>
</trkpt>
<trkpt lat="41.9903564" lon="2.8398816000000124">
<ele>97.98141840501245</ele>
<time>2026-08-28T04:24:18.128Z</time>
</trkpt>
<trkpt lat="41.9903953" lon="2.8399186000000043">
<ele>98.00038038734405</ele>
<time>2026-08-28T04:24:22.191Z</time>
</trkpt>
<trkpt lat="41.9904359" lon="2.8399459000000036">
<ele>97.96068347547673</ele>
<time>2026-08-28T04:24:26.372Z</time>
</trkpt>
<trkpt lat="41.9904821" lon="2.839971200000008">
<ele>97.85828605496074</ele>
<time>2026-08-28T04:24:30.401Z</time>
</trkpt>
<trkpt lat="41.990528" lon="2.8399953999999923">
<ele>97.69024907136661</ele>
<time>2026-08-28T04:24:34.208Z</time>
</trkpt>
<trkpt lat="41.9905742" lon="2.8400185000000135">
<ele>97.12732995042893</ele>
<time>2026-08-28T04:24:38.366Z</time>
</trkpt>
<trkpt lat="41.9906199" lon="2.840045800000013">
<ele>96.33731417826156</ele>
<time>2026-08-28T04:24:42.130Z</time>
</trkpt>
<trkpt lat="41.9906649" lon="2.840073600000011">
<ele>95.66904698767638</ele>
<time>2026-08-28T04:24:46.168Z</time>
</trkpt>
<trkpt lat="41.9907098" lon="2.8400992999999914">
<ele>95.0423826062543</ele>
<time>2026-08-28T04:24:49.486Z</time>
</trkpt>
<trkpt lat="41.990749" lon="2.8401296000000116">
<ele>94.44316175126386</ele>
<time>2026-08-28T04:24:52.486Z</time>
</trkpt>
<trkpt lat="41.9907905" lon="2.8401631000000123">
<ele>93.7496508579998</ele>
<time>2026-08-28T04:24:56.066Z</time>
</trkpt>
<trkpt lat="41.9908332" lon="2.8401957000000095">
<ele>93.39523549602038</ele>
<time>2026-08-28T04:24:59.486Z</time>
</trkpt>
<trkpt lat="41.9908729" lon="2.8402307000000064">
<ele>93.96038981798564</ele>
<time>2026-08-28T04:25:02.872Z</time>
</trkpt>
<trkpt lat="41.9909137" lon="2.8402715">
<ele>94.53949392276398</ele>
<time>2026-08-28T04:25:06.106Z</time>
</trkpt>
<trkpt lat="41.9909514" lon="2.8403053000000114">
<ele>95.0956416221163</ele>
<time>2026-08-28T04:25:10.228Z</time>
</trkpt>
<trkpt lat="41.9909875" lon="2.840344299999998">
<ele>95.54938745784371</ele>
<time>2026-08-28T04:25:13.831Z</time>
</trkpt>
<trkpt lat="41.9910241" lon="2.840389899999991">
<ele>95.69697039832998</ele>
<time>2026-08-28T04:25:17.486Z</time>
</trkpt>
<trkpt lat="41.9910616" lon="2.8404290999999944">
<ele>95.8304330120764</ele>
<time>2026-08-28T04:25:20.712Z</time>
</trkpt>
<trkpt lat="41.9911005" lon="2.8404714000000126">
<ele>95.83012037239858</ele>
<time>2026-08-28T04:25:24.292Z</time>
</trkpt>
<trkpt lat="41.9911431" lon="2.840523999999988">
<ele>95.16244785258502</ele>
<time>2026-08-28T04:25:38.086Z</time>
</trkpt>
<trkpt lat="41.9911834" lon="2.8405619000000115">
<ele>94.73152929307935</ele>
<time>2026-08-28T04:25:40.170Z</time>
</trkpt>
<trkpt lat="41.9912156" lon="2.84060869999999">
<ele>94.24745204067852</ele>
<time>2026-08-28T04:25:42.729Z</time>
</trkpt>
<trkpt lat="41.9912448" lon="2.8406659000000047">
<ele>94.28343586222131</ele>
<time>2026-08-28T04:25:45.889Z</time>
</trkpt>
<trkpt lat="41.9912755" lon="2.8407221999999877">
<ele>94.45613240292346</ele>
<time>2026-08-28T04:25:49.026Z</time>
</trkpt>
<trkpt lat="41.9913032" lon="2.840770099999986">
<ele>94.69164673024419</ele>
<time>2026-08-28T04:25:52.171Z</time>
</trkpt>
<trkpt lat="41.9913325" lon="2.840818799999994">
<ele>95.01865162338437</ele>
<time>2026-08-28T04:25:55.269Z</time>
</trkpt>
<trkpt lat="41.9913628" lon="2.8408673000000135">
<ele>95.43670113866955</ele>
<time>2026-08-28T04:25:58.406Z</time>
</trkpt>
<trkpt lat="41.9913897" lon="2.84093519999999">
<ele>95.42197712614087</ele>
<time>2026-08-28T04:26:09.066Z</time>
</trkpt>
<trkpt lat="41.9914142" lon="2.8409904000000097">
<ele>95.27683666601308</ele>
<time>2026-08-28T04:26:11.205Z</time>
</trkpt>
<trkpt lat="41.991444" lon="2.8410360000000026">
<ele>95.36763857827258</ele>
<time>2026-08-28T04:26:13.853Z</time>
</trkpt>
<trkpt lat="41.9914802" lon="2.841075200000006">
<ele>95.70014455711728</ele>
<time>2026-08-28T04:26:16.716Z</time>
</trkpt>
<trkpt lat="41.9915118" lon="2.8411217999999963">
<ele>96.175789515521</ele>
<time>2026-08-28T04:26:20.048Z</time>
</trkpt>
<trkpt lat="41.9915427" lon="2.841167799999994">
<ele>96.82675833366596</ele>
<time>2026-08-28T04:26:24.232Z</time>
</trkpt>
<trkpt lat="41.9915791" lon="2.841205599999995">
<ele>97.76146867479862</ele>
<time>2026-08-28T04:26:27.869Z</time>
</trkpt>
<trkpt lat="41.9916151" lon="2.841248400000012">
<ele>98.91846366655221</ele>
<time>2026-08-28T04:26:32.087Z</time>
</trkpt>
<trkpt lat="41.991645" lon="2.8412982000000113">
<ele>100.21151471047028</ele>
<time>2026-08-28T04:26:35.531Z</time>
</trkpt>
<trkpt lat="41.9916655" lon="2.8413545999999883">
<ele>101.32157685826047</ele>
<time>2026-08-28T04:26:39.291Z</time>
</trkpt>
<trkpt lat="41.9916764" lon="2.8414133999999933">
<ele>102.24642664078212</ele>
<time>2026-08-28T04:26:42.865Z</time>
</trkpt>
<trkpt lat="41.9916898" lon="2.8414721999999983">
<ele>103.09629847709877</ele>
<time>2026-08-28T04:26:46.527Z</time>
</trkpt>
<trkpt lat="41.9917052" lon="2.841536600000012">
<ele>103.9076116816153</ele>
<time>2026-08-28T04:26:50.519Z</time>
</trkpt>
<trkpt lat="41.9917222" lon="2.8415971000000013">
<ele>104.78382766876705</ele>
<time>2026-08-28T04:26:54.389Z</time>
</trkpt>
<trkpt lat="41.9917379" lon="2.841660499999989">
<ele>105.74479168822235</ele>
<time>2026-08-28T04:26:59.209Z</time>
</trkpt>
<trkpt lat="41.991761" lon="2.8417201000000034">
<ele>106.90394243137177</ele>
<time>2026-08-28T04:27:03.425Z</time>
</trkpt>
<trkpt lat="41.9917976" lon="2.8417578000000105">
<ele>107.70898699716489</ele>
<time>2026-08-28T04:27:07.085Z</time>
</trkpt>
<trkpt lat="41.9918353" lon="2.841791999999998">
<ele>108.55108793924073</ele>
<time>2026-08-28T04:27:09.773Z</time>
</trkpt>
<trkpt lat="41.9918724" lon="2.841837599999991">
<ele>109.44512354268637</ele>
<time>2026-08-28T04:27:13.890Z</time>
</trkpt>
<trkpt lat="41.9919049" lon="2.8418867999999975">
<ele>110.30890634544772</ele>
<time>2026-08-28T04:27:17.488Z</time>
</trkpt>
<trkpt lat="41.9919311" lon="2.8419417000000067">
<ele>111.08889327979868</ele>
<time>2026-08-28T04:27:21.085Z</time>
</trkpt>
<trkpt lat="41.9919529" lon="2.84199670000001">
<ele>110.76176674407193</ele>
<time>2026-08-28T04:27:24.812Z</time>
</trkpt>
<trkpt lat="41.991978" lon="2.8420480999999995">
<ele>109.6484982530882</ele>
<time>2026-08-28T04:27:27.966Z</time>
</trkpt>
<trkpt lat="41.9920077" lon="2.8421008999999913">
<ele>108.51208922865986</ele>
<time>2026-08-28T04:27:32.165Z</time>
</trkpt>
<trkpt lat="41.9920343" lon="2.8421540999999877">
<ele>107.61560202109959</ele>
<time>2026-08-28T04:27:36.286Z</time>
</trkpt>
<trkpt lat="41.9920601" lon="2.842212499999988">
<ele>106.87397359493092</ele>
<time>2026-08-28T04:27:40.486Z</time>
</trkpt>
<trkpt lat="41.9920861" lon="2.842265300000008">
<ele>106.34926220493949</ele>
<time>2026-08-28T04:27:44.487Z</time>
</trkpt>
<trkpt lat="41.9920997" lon="2.842333300000007">
<ele>105.79363286450648</ele>
<time>2026-08-28T04:27:48.511Z</time>
</trkpt>
<trkpt lat="41.9921072" lon="2.8423938999999905">
<ele>105.27436364505876</ele>
<time>2026-08-28T04:27:51.585Z</time>
</trkpt>
<trkpt lat="41.9921254" lon="2.8424512999999934">
<ele>104.672342658646</ele>
<time>2026-08-28T04:27:55.192Z</time>
</trkpt>
<trkpt lat="41.992149" lon="2.8425083999999856">
<ele>103.98815792620181</ele>
<time>2026-08-28T04:27:58.486Z</time>
</trkpt>
<trkpt lat="41.9921685" lon="2.8425655000000063">
<ele>103.40055787357139</ele>
<time>2026-08-28T04:28:01.907Z</time>
</trkpt>
<trkpt lat="41.9921889" lon="2.8426284999999893">
<ele>103.59696190555675</ele>
<time>2026-08-28T04:28:06.045Z</time>
</trkpt>
<trkpt lat="41.9922154" lon="2.842678500000005">
<ele>103.71759803430206</ele>
<time>2026-08-28T04:28:09.671Z</time>
</trkpt>
<trkpt lat="41.9922525" lon="2.842720600000007">
<ele>104.00558578761203</ele>
<time>2026-08-28T04:28:13.890Z</time>
</trkpt>
<trkpt lat="41.9922889" lon="2.842757799999987">
<ele>104.20856474665909</ele>
<time>2026-08-28T04:28:17.708Z</time>
</trkpt>
<trkpt lat="41.9923222" lon="2.8428030999999976">
<ele>104.40047246757564</ele>
<time>2026-08-28T04:28:21.548Z</time>
</trkpt>
<trkpt lat="41.9923529" lon="2.842847799999987">
<ele>104.50778195323743</ele>
<time>2026-08-28T04:28:28.445Z</time>
</trkpt>
<trkpt lat="41.9923918" lon="2.8428929000000096">
<ele>104.42527846378762</ele>
<time>2026-08-28T04:28:32.089Z</time>
</trkpt>
<trkpt lat="41.9924312" lon="2.8429297000000133">
<ele>104.25723839278348</ele>
<time>2026-08-28T04:28:35.504Z</time>
</trkpt>
<trkpt lat="41.9924759" lon="2.8429571000000067">
<ele>104.00527041708035</ele>
<time>2026-08-28T04:28:38.427Z</time>
</trkpt>
<trkpt lat="41.9925121" lon="2.8429961999999875">
<ele>103.93857189769808</ele>
<time>2026-08-28T04:28:43.088Z</time>
</trkpt>
<trkpt lat="41.9925323" lon="2.843054499999994">
<ele>103.9120132043964</ele>
<time>2026-08-28T04:28:46.949Z</time>
</trkpt>
<trkpt lat="41.9925591" lon="2.8431032000000016">
<ele>103.9631802462812</ele>
<time>2026-08-28T04:28:50.008Z</time>
</trkpt>
<trkpt lat="41.9925872" lon="2.8431588999999917">
<ele>104.29174295828015</ele>
<time>2026-08-28T04:28:54.386Z</time>
</trkpt>
<trkpt lat="41.992604" lon="2.843219199999993">
<ele>104.6199452774514</ele>
<time>2026-08-28T04:28:58.208Z</time>
</trkpt>
<trkpt lat="41.9926095" lon="2.8432836000000066">
<ele>104.89845850200753</ele>
<time>2026-08-28T04:29:07.952Z</time>
</trkpt>
<trkpt lat="41.9926173" lon="2.843343500000003">
<ele>105.149446956311</ele>
<time>2026-08-28T04:29:13.331Z</time>
</trkpt>
<trkpt lat="41.9926368" lon="2.8434000000000026">
<ele>105.4105593447142</ele>
<time>2026-08-28T04:29:17.025Z</time>
</trkpt>
<trkpt lat="41.9926379" lon="2.843493599999988">
<ele>106.26631314805215</ele>
<time>2026-08-28T04:29:19.486Z</time>
</trkpt>
<trkpt lat="41.9926278" lon="2.84355690000001">
<ele>106.89069766486682</ele>
<time>2026-08-28T04:29:20.487Z</time>
</trkpt>
<trkpt lat="41.9926353" lon="2.843618399999997">
<ele>107.42363264864426</ele>
<time>2026-08-28T04:29:23.489Z</time>
</trkpt>
<trkpt lat="41.992659" lon="2.843673200000012">
<ele>107.74761908911086</ele>
<time>2026-08-28T04:29:26.651Z</time>
</trkpt>
<trkpt lat="41.9926759" lon="2.8437338999999895">
<ele>108.61290425529292</ele>
<time>2026-08-28T04:29:29.927Z</time>
</trkpt>
<trkpt lat="41.992693" lon="2.8437945999999954">
<ele>109.56660179980322</ele>
<time>2026-08-28T04:29:32.751Z</time>
</trkpt>
<trkpt lat="41.9927108" lon="2.8438568999999916">
<ele>110.63903272183516</ele>
<time>2026-08-28T04:29:35.904Z</time>
</trkpt>
<trkpt lat="41.9927375" lon="2.8439122000000054">
<ele>111.69750973224188</ele>
<time>2026-08-28T04:29:39.188Z</time>
</trkpt>
<trkpt lat="41.9927706" lon="2.8439539999999965">
<ele>112.55004269906694</ele>
<time>2026-08-28T04:29:42.489Z</time>
</trkpt>
<trkpt lat="41.9928105" lon="2.8439950000000067">
<ele>112.59240599557559</ele>
<time>2026-08-28T04:29:46.347Z</time>
</trkpt>
<trkpt lat="41.9928565" lon="2.8440187999999864">
<ele>112.49194932718669</ele>
<time>2026-08-28T04:29:50.928Z</time>
</trkpt>
<trkpt lat="41.9928971" lon="2.844048700000002">
<ele>112.6522826043207</ele>
<time>2026-08-28T04:29:54.269Z</time>
</trkpt>
<trkpt lat="41.9929392" lon="2.8440722999999934">
<ele>112.80612974829793</ele>
<time>2026-08-28T04:29:57.545Z</time>
</trkpt>
<trkpt lat="41.9929883" lon="2.8440774000000033">
<ele>112.61913367198719</ele>
<time>2026-08-28T04:30:01.127Z</time>
</trkpt>
<trkpt lat="41.9929411" lon="2.8440683000000035">
<ele>112.7157642315226</ele>
<time>2026-08-28T04:30:12.946Z</time>
</trkpt>
<trkpt lat="41.992896" lon="2.8440536999999892">
<ele>112.7471286112346</ele>
<time>2026-08-28T04:30:17.289Z</time>
</trkpt>
<trkpt lat="41.9928525" lon="2.8440338999999994">
<ele>112.75555615346873</ele>
<time>2026-08-28T04:30:22.211Z</time>
</trkpt>
<trkpt lat="41.9928748" lon="2.844092499999988">
<ele>113.52789779187677</ele>
<time>2026-08-28T04:30:33.051Z</time>
</trkpt>
<trkpt lat="41.9929156" lon="2.844118100000003">
<ele>113.79165703511204</ele>
<time>2026-08-28T04:30:38.488Z</time>
</trkpt>
<trkpt lat="41.9929619" lon="2.844116299999996">
<ele>113.58122083824813</ele>
<time>2026-08-28T04:30:42.292Z</time>
</trkpt>
<trkpt lat="41.993007" lon="2.8441200000000038">
<ele>113.49391945357968</ele>
<time>2026-08-28T04:30:46.090Z</time>
</trkpt>
<trkpt lat="41.9930526" lon="2.8441187999999897">
<ele>113.15303137443199</ele>
<time>2026-08-28T04:30:49.910Z</time>
</trkpt>
<trkpt lat="41.9931005" lon="2.8441296999999963">
<ele>112.20484068013137</ele>
<time>2026-08-28T04:30:54.166Z</time>
</trkpt>
<trkpt lat="41.9931479" lon="2.8441469999999924">
<ele>111.39356330907181</ele>
<time>2026-08-28T04:30:58.491Z</time>
</trkpt>
<trkpt lat="41.9931923" lon="2.8441607000000033">
<ele>110.54650896373279</ele>
<time>2026-08-28T04:31:02.431Z</time>
</trkpt>
<trkpt lat="41.9932411" lon="2.8441721000000086">
<ele>109.50876597894543</ele>
<time>2026-08-28T04:31:06.227Z</time>
</trkpt>
<trkpt lat="41.9932844" lon="2.844188800000012">
<ele>108.69928794421335</ele>
<time>2026-08-28T04:31:10.030Z</time>
</trkpt>
<trkpt lat="41.9933287" lon="2.844204200000007">
<ele>107.87001418684638</ele>
<time>2026-08-28T04:31:14.427Z</time>
</trkpt>
<trkpt lat="41.9933724" lon="2.8442236999999864">
<ele>107.58857084762126</ele>
<time>2026-08-28T04:31:19.485Z</time>
</trkpt>
<trkpt lat="41.9934205" lon="2.844237200000009">
<ele>106.9711825745907</ele>
<time>2026-08-28T04:31:24.148Z</time>
</trkpt>
<trkpt lat="41.9934643" lon="2.8442565">
<ele>106.42110778972217</ele>
<time>2026-08-28T04:31:28.512Z</time>
</trkpt>
<trkpt lat="41.9935118" lon="2.844253299999991">
<ele>105.70933317602059</ele>
<time>2026-08-28T04:31:33.486Z</time>
</trkpt>
<trkpt lat="41.9935566" lon="2.844245199999989">
<ele>104.99543215955511</ele>
<time>2026-08-28T04:31:37.769Z</time>
</trkpt>
<trkpt lat="41.9936052" lon="2.844251799999995">
<ele>104.39823009629296</ele>
<time>2026-08-28T04:31:42.147Z</time>
</trkpt>
<trkpt lat="41.9936489" lon="2.8442698000000064">
<ele>104.8915043978977</ele>
<time>2026-08-28T04:31:46.507Z</time>
</trkpt>
<trkpt lat="41.9936962" lon="2.8442767999999887">
<ele>105.32660766011612</ele>
<time>2026-08-28T04:31:50.328Z</time>
</trkpt>
<trkpt lat="41.9937452" lon="2.844266800000014">
<ele>105.62571135015264</ele>
<time>2026-08-28T04:31:54.045Z</time>
</trkpt>
<trkpt lat="41.9937907" lon="2.844262399999991">
<ele>105.94373819810444</ele>
<time>2026-08-28T04:31:57.270Z</time>
</trkpt>
<trkpt lat="41.9938361" lon="2.8442613999999935">
<ele>106.29113542897252</ele>
<time>2026-08-28T04:32:00.495Z</time>
</trkpt>
<trkpt lat="41.9938854" lon="2.8442732999999976">
<ele>106.82421203226735</ele>
<time>2026-08-28T04:32:04.330Z</time>
</trkpt>
<trkpt lat="41.9939283" lon="2.844293499999992">
<ele>107.6026075081563</ele>
<time>2026-08-28T04:32:07.486Z</time>
</trkpt>
<trkpt lat="41.9939711" lon="2.8443130999999937">
<ele>108.36475578310372</ele>
<time>2026-08-28T04:32:10.987Z</time>
</trkpt>
<trkpt lat="41.9940129" lon="2.8443393999999955">
<ele>109.16552126462844</ele>
<time>2026-08-28T04:32:14.486Z</time>
</trkpt>
<trkpt lat="41.9940494" lon="2.8443757000000005">
<ele>109.97380061019535</ele>
<time>2026-08-28T04:32:18.127Z</time>
</trkpt>
<trkpt lat="41.9940858" lon="2.8444138000000123">
<ele>110.78222613971522</ele>
<time>2026-08-28T04:32:21.543Z</time>
</trkpt>
<trkpt lat="41.9941237" lon="2.8444498000000067">
<ele>111.57692564889213</ele>
<time>2026-08-28T04:32:25.251Z</time>
</trkpt>
<trkpt lat="41.9941556" lon="2.844500199999999">
<ele>112.4019109510426</ele>
<time>2026-08-28T04:32:30.052Z</time>
</trkpt>
<trkpt lat="41.9941834" lon="2.844550599999991">
<ele>112.48615196607801</ele>
<time>2026-08-28T04:32:34.347Z</time>
</trkpt>
<trkpt lat="41.9942166" lon="2.844592000000006">
<ele>112.57127079916611</ele>
<time>2026-08-28T04:32:38.110Z</time>
</trkpt>
<trkpt lat="41.9942503" lon="2.8446356000000037">
<ele>112.67457955386762</ele>
<time>2026-08-28T04:32:42.429Z</time>
</trkpt>
<trkpt lat="41.9942853" lon="2.844680299999993">
<ele>112.80789709605848</ele>
<time>2026-08-28T04:32:46.272Z</time>
</trkpt>
<trkpt lat="41.9943076" lon="2.8447367999999926">
<ele>112.82812706291205</ele>
<time>2026-08-28T04:32:50.487Z</time>
</trkpt>
<trkpt lat="41.9943337" lon="2.8447909999999865">
<ele>112.8982340621059</ele>
<time>2026-08-28T04:32:54.207Z</time>
</trkpt>
<trkpt lat="41.9943599" lon="2.844848100000007">
<ele>112.86733729685021</ele>
<time>2026-08-28T04:32:59.486Z</time>
</trkpt>
<trkpt lat="41.9943815" lon="2.8449066999999957">
<ele>112.73920116080392</ele>
<time>2026-08-28T04:33:03.226Z</time>
</trkpt>
<trkpt lat="41.9944065" lon="2.8449572000000103">
<ele>112.62054626022737</ele>
<time>2026-08-28T04:33:06.547Z</time>
</trkpt>
<trkpt lat="41.9944351" lon="2.8450058999999897">
<ele>112.47621348546376</ele>
<time>2026-08-28T04:33:09.891Z</time>
</trkpt>
<trkpt lat="41.9944557" lon="2.8450630000000103">
<ele>112.16133691565827</ele>
<time>2026-08-28T04:33:13.487Z</time>
</trkpt>
<trkpt lat="41.9944791" lon="2.8451168999999936">
<ele>112.37533000803177</ele>
<time>2026-08-28T04:33:17.906Z</time>
</trkpt>
<trkpt lat="41.9945086" lon="2.8451704999999947">
<ele>112.59520902621523</ele>
<time>2026-08-28T04:33:23.308Z</time>
</trkpt>
<trkpt lat="41.9945496" lon="2.84522419999999">
<ele>112.82835655234665</ele>
<time>2026-08-28T04:33:28.486Z</time>
</trkpt>
<trkpt lat="41.9945705" lon="2.84528370000001">
<ele>113.06096879676005</ele>
<time>2026-08-28T04:33:32.393Z</time>
</trkpt>
<trkpt lat="41.9945879" lon="2.8453413999999952">
<ele>113.28716395929537</ele>
<time>2026-08-28T04:33:36.510Z</time>
</trkpt>
<trkpt lat="41.994628" lon="2.845373499999994">
<ele>113.51633752228528</ele>
<time>2026-08-28T04:33:40.113Z</time>
</trkpt>
<trkpt lat="41.9946754" lon="2.8453916999999933">
<ele>113.50215158362423</ele>
<time>2026-08-28T04:33:44.252Z</time>
</trkpt>
<trkpt lat="41.9947202" lon="2.845414000000005">
<ele>113.37668724090828</ele>
<time>2026-08-28T04:33:48.491Z</time>
</trkpt>
<trkpt lat="41.9947629" lon="2.8454394999999977">
<ele>113.24023926021955</ele>
<time>2026-08-28T04:33:52.493Z</time>
</trkpt>
<trkpt lat="41.9948079" lon="2.8454670000000135">
<ele>113.11670428597242</ele>
<time>2026-08-28T04:33:56.319Z</time>
</trkpt>
<trkpt lat="41.9948525" lon="2.8455002000000036">
<ele>113.01975518495996</ele>
<time>2026-08-28T04:34:00.486Z</time>
</trkpt>
<trkpt lat="41.9948947" lon="2.845525400000014">
<ele>112.94395160236847</ele>
<time>2026-08-28T04:34:04.629Z</time>
</trkpt>
<trkpt lat="41.994938" lon="2.8455424999999934">
<ele>112.87155554803066</ele>
<time>2026-08-28T04:34:08.271Z</time>
</trkpt>
<trkpt lat="41.9949812" lon="2.8455615000000023">
<ele>112.81552139305151</ele>
<time>2026-08-28T04:34:12.525Z</time>
</trkpt>
<trkpt lat="41.9950177" lon="2.8455999999999904">
<ele>113.04458166676102</ele>
<time>2026-08-28T04:34:17.486Z</time>
</trkpt>
<trkpt lat="41.9950582" lon="2.845640099999997">
<ele>113.44238428321987</ele>
<time>2026-08-28T04:34:21.487Z</time>
</trkpt>
<trkpt lat="41.9950953" lon="2.8456892000000096">
<ele>113.77045656290593</ele>
<time>2026-08-28T04:34:25.446Z</time>
</trkpt>
<trkpt lat="41.9951266" lon="2.845737100000008">
<ele>114.01615414208474</ele>
<time>2026-08-28T04:34:29.548Z</time>
</trkpt>
<trkpt lat="41.9951631" lon="2.8457790999999872">
<ele>114.25284646854016</ele>
<time>2026-08-28T04:34:33.409Z</time>
</trkpt>
<trkpt lat="41.9951913" lon="2.8458266000000094">
<ele>114.40719352800016</ele>
<time>2026-08-28T04:34:37.150Z</time>
</trkpt>
<trkpt lat="41.9952142" lon="2.8458875999999975">
<ele>114.49804659850199</ele>
<time>2026-08-28T04:34:40.968Z</time>
</trkpt>
<trkpt lat="41.9952245" lon="2.8459478999999988">
<ele>114.7282412936873</ele>
<time>2026-08-28T04:34:45.769Z</time>
</trkpt>
<trkpt lat="41.9952296" lon="2.8460099000000127">
<ele>114.9787867734535</ele>
<time>2026-08-28T04:34:49.566Z</time>
</trkpt>
<trkpt lat="41.9952329" lon="2.8460757">
<ele>115.23373790836483</ele>
<time>2026-08-28T04:34:55.050Z</time>
</trkpt>
<trkpt lat="41.995243" lon="2.8461401000000137">
<ele>115.4997929374631</ele>
<time>2026-08-28T04:35:00.487Z</time>
</trkpt>
<trkpt lat="41.9952495" lon="2.8462030999999968">
<ele>115.73943781347532</ele>
<time>2026-08-28T04:35:05.486Z</time>
</trkpt>
<trkpt lat="41.9952476" lon="2.8462663999999904">
<ele>115.95626128944855</ele>
<time>2026-08-28T04:35:09.905Z</time>
</trkpt>
<trkpt lat="41.9952243" lon="2.846323500000011">
<ele>116.1982823048878</ele>
<time>2026-08-28T04:35:14.486Z</time>
</trkpt>
<trkpt lat="41.9952028" lon="2.8463773999999944">
<ele>116.4979882183425</ele>
<time>2026-08-28T04:35:18.426Z</time>
</trkpt>
<trkpt lat="41.9951838" lon="2.846440000000001">
<ele>116.90108870835935</ele>
<time>2026-08-28T04:35:22.571Z</time>
</trkpt>
<trkpt lat="41.9951702" lon="2.8465016000000105">
<ele>117.4774726118718</ele>
<time>2026-08-28T04:35:26.451Z</time>
</trkpt>
<trkpt lat="41.995177" lon="2.84656480000001">
<ele>117.96921149838755</ele>
<time>2026-08-28T04:35:30.186Z</time>
</trkpt>
<trkpt lat="41.9951845" lon="2.8466324999999983">
<ele>118.45822725093</ele>
<time>2026-08-28T04:35:33.992Z</time>
</trkpt>
<trkpt lat="41.9951865" lon="2.8466966000000014">
<ele>118.96176677128783</ele>
<time>2026-08-28T04:35:39.511Z</time>
</trkpt>
<trkpt lat="41.9952035" lon="2.846753299999989">
<ele>119.15437515254631</ele>
<time>2026-08-28T04:35:44.065Z</time>
</trkpt>
<trkpt lat="41.9952118" lon="2.8468163000000004">
<ele>119.49973594877792</ele>
<time>2026-08-28T04:35:50.502Z</time>
</trkpt>
<trkpt lat="41.9952501" lon="2.846863600000006">
<ele>119.01868970635002</ele>
<time>2026-08-28T04:35:55.486Z</time>
</trkpt>
<trkpt lat="41.9952867" lon="2.846902099999994">
<ele>118.80391634938964</ele>
<time>2026-08-28T04:35:59.792Z</time>
</trkpt>
<trkpt lat="41.9953244" lon="2.846938899999998">
<ele>119.08403555016875</ele>
<time>2026-08-28T04:36:04.464Z</time>
</trkpt>
<trkpt lat="41.9953676" lon="2.846964600000007">
<ele>119.27700564429355</ele>
<time>2026-08-28T04:36:08.872Z</time>
</trkpt>
<trkpt lat="41.9954021" lon="2.847009000000014">
<ele>119.43023614807092</ele>
<time>2026-08-28T04:36:13.486Z</time>
</trkpt>
<trkpt lat="41.9954413" lon="2.8470498000000077">
<ele>119.88000659385152</ele>
<time>2026-08-28T04:36:17.524Z</time>
</trkpt>
<trkpt lat="41.9954795" lon="2.847082699999987">
<ele>120.28443265245708</ele>
<time>2026-08-28T04:36:22.044Z</time>
</trkpt>
<trkpt lat="41.9955237" lon="2.847097700000006">
<ele>120.53339625380437</ele>
<time>2026-08-28T04:36:26.533Z</time>
</trkpt>
<trkpt lat="41.9955677" lon="2.8471183000000053">
<ele>121.1683578421512</ele>
<time>2026-08-28T04:36:31.005Z</time>
</trkpt>
<trkpt lat="41.9956046" lon="2.847157299999992">
<ele>122.37376752017319</ele>
<time>2026-08-28T04:36:36.065Z</time>
</trkpt>
<trkpt lat="41.9956472" lon="2.8471924000000115">
<ele>123.73007523362195</ele>
<time>2026-08-28T04:36:40.425Z</time>
</trkpt>
<trkpt lat="41.9956854" lon="2.8472315999999864">
<ele>125.13685933396042</ele>
<time>2026-08-28T04:36:44.352Z</time>
</trkpt>
<trkpt lat="41.9957304" lon="2.8472551000000124">
<ele>126.5329277428632</ele>
<time>2026-08-28T04:36:49.371Z</time>
</trkpt>
<trkpt lat="41.9957708" lon="2.8472851999999875">
<ele>127.99695496597595</ele>
<time>2026-08-28T04:36:54.188Z</time>
</trkpt>
<trkpt lat="41.995821" lon="2.84729999999999">
<ele>129.62772072517768</ele>
<time>2026-08-28T04:36:59.392Z</time>
</trkpt>
<trkpt lat="41.9958669" lon="2.847308599999991">
<ele>130.26732236529548</ele>
<time>2026-08-28T04:37:03.292Z</time>
</trkpt>
<trkpt lat="41.9959106" lon="2.847325000000012">
<ele>131.00339858223825</ele>
<time>2026-08-28T04:37:07.811Z</time>
</trkpt>
<trkpt lat="41.9959558" lon="2.847351599999996">
<ele>132.04098922527356</ele>
<time>2026-08-28T04:37:12.487Z</time>
</trkpt>
<trkpt lat="41.9960039" lon="2.8473630999999955">
<ele>132.62694761857063</ele>
<time>2026-08-28T04:37:17.088Z</time>
</trkpt>
<trkpt lat="41.9960493" lon="2.8473658000000057">
<ele>132.93378452196637</ele>
<time>2026-08-28T04:37:21.487Z</time>
</trkpt>
<trkpt lat="41.9960944" lon="2.847375800000009">
<ele>133.44744766259808</ele>
<time>2026-08-28T04:37:25.530Z</time>
</trkpt>
<trkpt lat="41.9961397" lon="2.8473922000000016">
<ele>133.99104287219427</ele>
<time>2026-08-28T04:37:29.765Z</time>
</trkpt>
<trkpt lat="41.9961846" lon="2.847398499999997">
<ele>134.18722035713157</ele>
<time>2026-08-28T04:37:34.531Z</time>
</trkpt>
<trkpt lat="41.9962326" lon="2.847416199999998">
<ele>134.68259709240417</ele>
<time>2026-08-28T04:37:39.193Z</time>
</trkpt>
<trkpt lat="41.9962771" lon="2.8474289000000113">
<ele>135.0225326717468</ele>
<time>2026-08-28T04:37:43.252Z</time>
</trkpt>
<trkpt lat="41.9963209" lon="2.8474490000000117">
<ele>135.53565817756927</ele>
<time>2026-08-28T04:37:47.110Z</time>
</trkpt>
<trkpt lat="41.9963672" lon="2.847469600000011">
<ele>136.03417796058693</ele>
<time>2026-08-28T04:37:51.307Z</time>
</trkpt>
<trkpt lat="41.9964053" lon="2.847502800000001">
<ele>136.84501625887913</ele>
<time>2026-08-28T04:37:56.487Z</time>
</trkpt>
<trkpt lat="41.9964161" lon="2.847563000000008">
<ele>138.2736000778784</ele>
<time>2026-08-28T04:38:06.510Z</time>
</trkpt>
<trkpt lat="41.9963853" lon="2.8476091999999937">
<ele>139.37729135075872</ele>
<time>2026-08-28T04:38:09.765Z</time>
</trkpt>
<trkpt lat="41.9963403" lon="2.8476373999999964">
<ele>140.1820320656409</ele>
<time>2026-08-28T04:38:14.526Z</time>
</trkpt>
<trkpt lat="41.9962945" lon="2.847658800000005">
<ele>140.8908191932183</ele>
<time>2026-08-28T04:38:19.286Z</time>
</trkpt>
<trkpt lat="41.9962491" lon="2.8476770000000045">
<ele>141.5648978397187</ele>
<time>2026-08-28T04:38:23.869Z</time>
</trkpt>
<trkpt lat="41.9962024" lon="2.847686100000004">
<ele>142.04074492928413</ele>
<time>2026-08-28T04:38:28.307Z</time>
</trkpt>
<trkpt lat="41.9961551" lon="2.8476981999999964">
<ele>142.62708896567338</ele>
<time>2026-08-28T04:38:33.091Z</time>
</trkpt>
<trkpt lat="41.99611" lon="2.8477192000000002">
<ele>143.49391811858837</ele>
<time>2026-08-28T04:38:38.486Z</time>
</trkpt>
<trkpt lat="41.996064" lon="2.8477292000000034">
<ele>143.81821119229102</ele>
<time>2026-08-28T04:38:43.365Z</time>
</trkpt>
<trkpt lat="41.9960173" lon="2.847744000000006">
<ele>144.28695110054545</ele>
<time>2026-08-28T04:38:47.486Z</time>
</trkpt>
<trkpt lat="41.9959694" lon="2.8477584000000036">
<ele>144.77223929231712</ele>
<time>2026-08-28T04:38:52.486Z</time>
</trkpt>
<trkpt lat="41.9959238" lon="2.847777900000011">
<ele>145.4550376760257</ele>
<time>2026-08-28T04:38:56.819Z</time>
</trkpt>
<trkpt lat="41.9958785" lon="2.847792400000003">
<ele>146.0021444719557</ele>
<time>2026-08-28T04:39:01.386Z</time>
</trkpt>
<trkpt lat="41.9958334" lon="2.847799600000002">
<ele>146.31786718189107</ele>
<time>2026-08-28T04:39:06.208Z</time>
</trkpt>
<trkpt lat="41.9957868" lon="2.8478225000000066">
<ele>145.849186399243</ele>
<time>2026-08-28T04:39:11.232Z</time>
</trkpt>
<trkpt lat="41.9957443" lon="2.847848599999992">
<ele>145.3096418519359</ele>
<time>2026-08-28T04:39:15.428Z</time>
</trkpt>
<trkpt lat="41.9957104" lon="2.8478905999999995">
<ele>144.93692137667523</ele>
<time>2026-08-28T04:39:19.824Z</time>
</trkpt>
<trkpt lat="41.9956863" lon="2.847941899999995">
<ele>144.99001903763548</ele>
<time>2026-08-28T04:39:24.206Z</time>
</trkpt>
<trkpt lat="41.995656" lon="2.847987399999994">
<ele>144.6741422120828</ele>
<time>2026-08-28T04:39:28.553Z</time>
</trkpt>
<trkpt lat="41.9956241" lon="2.8480346999999995">
<ele>144.2651510024939</ele>
<time>2026-08-28T04:39:32.372Z</time>
</trkpt>
<trkpt lat="41.9955952" lon="2.8480867000000103">
<ele>143.96939940687776</ele>
<time>2026-08-28T04:39:38.384Z</time>
</trkpt>
<trkpt lat="41.99557" lon="2.8481389000000092">
<ele>143.61132806808496</ele>
<time>2026-08-28T04:39:43.523Z</time>
</trkpt>
<trkpt lat="41.9955406" lon="2.8481875999999886">
<ele>142.71077516404108</ele>
<time>2026-08-28T04:39:48.487Z</time>
</trkpt>
<trkpt lat="41.9955084" lon="2.848236600000007">
<ele>141.6465037201467</ele>
<time>2026-08-28T04:39:53.487Z</time>
</trkpt>
<trkpt lat="41.9954694" lon="2.8482693999999924">
<ele>140.21027819125968</ele>
<time>2026-08-28T04:39:58.497Z</time>
</trkpt>
<trkpt lat="41.9954374" lon="2.848313999999988">
<ele>139.10952490305144</ele>
<time>2026-08-28T04:40:03.266Z</time>
</trkpt>
<trkpt lat="41.9954179" lon="2.848368999999991">
<ele>138.56505278585638</ele>
<time>2026-08-28T04:40:07.447Z</time>
</trkpt>
<trkpt lat="41.9953911" lon="2.8484214000000065">
<ele>137.63294410486105</ele>
<time>2026-08-28T04:40:12.487Z</time>
</trkpt>
<trkpt lat="41.9953713" lon="2.848481200000009">
<ele>136.94767579340783</ele>
<time>2026-08-28T04:40:16.507Z</time>
</trkpt>
<trkpt lat="41.9953527" lon="2.848536899999999">
<ele>136.35978467386676</ele>
<time>2026-08-28T04:40:21.545Z</time>
</trkpt>
<trkpt lat="41.9953457" lon="2.8485971000000063">
<ele>136.26304777728848</ele>
<time>2026-08-28T04:40:25.304Z</time>
</trkpt>
<trkpt lat="41.9953477" lon="2.8486579000000063">
<ele>136.50356319366804</ele>
<time>2026-08-28T04:40:30.486Z</time>
</trkpt>
<trkpt lat="41.9953493" lon="2.8487188000000003">
<ele>136.6425166739709</ele>
<time>2026-08-28T04:40:34.262Z</time>
</trkpt>
<trkpt lat="41.9953684" lon="2.8487770000000125">
<ele>137.2809735961754</ele>
<time>2026-08-28T04:40:39.486Z</time>
</trkpt>
<trkpt lat="41.9953776" lon="2.8488404999999943">
<ele>137.56007436483935</ele>
<time>2026-08-28T04:40:44.521Z</time>
</trkpt>
<trkpt lat="41.9953934" lon="2.8488986000000125">
<ele>137.99152051642344</ele>
<time>2026-08-28T04:40:48.446Z</time>
</trkpt>
<trkpt lat="41.9954175" lon="2.8489562999999976">
<ele>138.5876225595176</ele>
<time>2026-08-28T04:40:52.281Z</time>
</trkpt>
<trkpt lat="41.9954345" lon="2.8490218000000027">
<ele>138.64294414557395</ele>
<time>2026-08-28T04:40:57.126Z</time>
</trkpt>
<trkpt lat="41.9954511" lon="2.849078200000008">
<ele>138.72933827308623</ele>
<time>2026-08-28T04:41:00.512Z</time>
</trkpt>
<trkpt lat="41.9954724" lon="2.849132200000014">
<ele>138.93984857696387</ele>
<time>2026-08-28T04:41:04.502Z</time>
</trkpt>
<trkpt lat="41.9954959" lon="2.8491854000000103">
<ele>139.1987282730713</ele>
<time>2026-08-28T04:41:08.509Z</time>
</trkpt>
<trkpt lat="41.9955123" lon="2.849242299999986">
<ele>139.24569504536996</ele>
<time>2026-08-28T04:41:12.487Z</time>
</trkpt>
<trkpt lat="41.9955253" lon="2.8493014999999957">
<ele>139.12843398335235</ele>
<time>2026-08-28T04:41:16.504Z</time>
</trkpt>
<trkpt lat="41.9955284" lon="2.849363799999992">
<ele>138.72137344368468</ele>
<time>2026-08-28T04:41:20.486Z</time>
</trkpt>
<trkpt lat="41.9955316" lon="2.849433099999999">
<ele>138.23325609171988</ele>
<time>2026-08-28T04:41:25.123Z</time>
</trkpt>
<trkpt lat="41.9955365" lon="2.8494975000000125">
<ele>137.76224717442634</ele>
<time>2026-08-28T04:41:29.387Z</time>
</trkpt>
<trkpt lat="41.9955307" lon="2.8495583000000124">
<ele>137.66323268388845</ele>
<time>2026-08-28T04:41:33.285Z</time>
</trkpt>
<trkpt lat="41.9955246" lon="2.8496191000000124">
<ele>137.72515967481937</ele>
<time>2026-08-28T04:41:38.046Z</time>
</trkpt>
<trkpt lat="41.9955196" lon="2.8496839000000023">
<ele>137.811645899325</ele>
<time>2026-08-28T04:41:43.281Z</time>
</trkpt>
<trkpt lat="41.9955438" lon="2.8497362999999893">
<ele>137.8751939690881</ele>
<time>2026-08-28T04:41:47.923Z</time>
</trkpt>
<trkpt lat="41.9955713" lon="2.84978670000001">
<ele>138.7075359511387</ele>
<time>2026-08-28T04:41:52.043Z</time>
</trkpt>
<trkpt lat="41.9956061" lon="2.849833100000012">
<ele>139.81023544440635</ele>
<time>2026-08-28T04:41:56.186Z</time>
</trkpt>
<trkpt lat="41.9956382" lon="2.849877399999997">
<ele>140.60637178366395</ele>
<time>2026-08-28T04:42:00.343Z</time>
</trkpt>
<trkpt lat="41.9956683" lon="2.8499246000000085">
<ele>141.1177346887043</ele>
<time>2026-08-28T04:42:04.461Z</time>
</trkpt>
<trkpt lat="41.9957079" lon="2.8499644000000046">
<ele>141.71967478813863</ele>
<time>2026-08-28T04:42:09.184Z</time>
</trkpt>
<trkpt lat="41.9957446" lon="2.8500013999999965">
<ele>142.0699535022244</ele>
<time>2026-08-28T04:42:13.463Z</time>
</trkpt>
<trkpt lat="41.9957878" lon="2.850028100000003">
<ele>142.51205170128796</ele>
<time>2026-08-28T04:42:18.262Z</time>
</trkpt>
<trkpt lat="41.9958292" lon="2.8500530999999967">
<ele>142.80723907617215</ele>
<time>2026-08-28T04:42:23.497Z</time>
</trkpt>
<trkpt lat="41.9958715" lon="2.850075199999992">
<ele>143.62643227970116</ele>
<time>2026-08-28T04:42:28.429Z</time>
</trkpt>
<trkpt lat="41.9959181" lon="2.8500680999999872">
<ele>144.9749792980741</ele>
<time>2026-08-28T04:42:33.303Z</time>
</trkpt>
<trkpt lat="41.995968" lon="2.850045899999998">
<ele>146.82873776765558</ele>
<time>2026-08-28T04:42:37.968Z</time>
</trkpt>
<trkpt lat="41.9960158" lon="2.850045999999992">
<ele>148.16238616767802</ele>
<time>2026-08-28T04:42:42.923Z</time>
</trkpt>
<trkpt lat="41.9960616" lon="2.8500589999999875">
<ele>149.15484867140836</ele>
<time>2026-08-28T04:42:48.222Z</time>
</trkpt>
<trkpt lat="41.9961084" lon="2.8500775999999917">
<ele>150.0671323103958</ele>
<time>2026-08-28T04:42:55.043Z</time>
</trkpt>
<trkpt lat="41.9961446" lon="2.8501176999999984">
<ele>150.44511744402863</ele>
<time>2026-08-28T04:43:00.063Z</time>
</trkpt>
<trkpt lat="41.9961687" lon="2.85017160000001">
<ele>150.09021372613734</ele>
<time>2026-08-28T04:43:04.344Z</time>
</trkpt>
<trkpt lat="41.996195" lon="2.8502273000000002">
<ele>149.73883254064236</ele>
<time>2026-08-28T04:43:10.105Z</time>
</trkpt>
<trkpt lat="41.996225" lon="2.850274600000006">
<ele>149.660267043049</ele>
<time>2026-08-28T04:43:14.509Z</time>
</trkpt>
<trkpt lat="41.9962557" lon="2.8503240000000005">
<ele>149.52511285973563</ele>
<time>2026-08-28T04:43:19.486Z</time>
</trkpt>
<trkpt lat="41.9962787" lon="2.850377299999991">
<ele>149.37607375341994</ele>
<time>2026-08-28T04:43:23.805Z</time>
</trkpt>
<trkpt lat="41.9963077" lon="2.8504237999999873">
<ele>149.62502565339747</ele>
<time>2026-08-28T04:43:28.183Z</time>
</trkpt>
<trkpt lat="41.9963428" lon="2.8504732000000104">
<ele>149.80757407604364</ele>
<time>2026-08-28T04:43:32.524Z</time>
</trkpt>
<trkpt lat="41.9963701" lon="2.8505230000000097">
<ele>149.61043541930596</ele>
<time>2026-08-28T04:43:36.491Z</time>
</trkpt>
<trkpt lat="41.9964056" lon="2.8505634999999927">
<ele>150.2031771201918</ele>
<time>2026-08-28T04:43:41.265Z</time>
</trkpt>
<trkpt lat="41.9964413" lon="2.8506035000000054">
<ele>151.25587041140165</ele>
<time>2026-08-28T04:43:46.063Z</time>
</trkpt>
<trkpt lat="41.9964703" lon="2.850651499999998">
<ele>152.30249807247682</ele>
<time>2026-08-28T04:43:50.028Z</time>
</trkpt>
<trkpt lat="41.996502" lon="2.8507041999999956">
<ele>153.7630264783496</ele>
<time>2026-08-28T04:43:54.342Z</time>
</trkpt>
<trkpt lat="41.9965275" lon="2.8507549999999924">
<ele>154.87409829378709</ele>
<time>2026-08-28T04:44:00.492Z</time>
</trkpt>
<trkpt lat="41.9965377" lon="2.8508184000000085">
<ele>155.2070060492971</ele>
<time>2026-08-28T04:44:05.206Z</time>
</trkpt>
<trkpt lat="41.9965449" lon="2.850882200000001">
<ele>155.38130877852834</ele>
<time>2026-08-28T04:44:09.404Z</time>
</trkpt>
<trkpt lat="41.996541" lon="2.8509426999999903">
<ele>155.41503318904182</ele>
<time>2026-08-28T04:44:13.486Z</time>
</trkpt>
<trkpt lat="41.9965388" lon="2.851003399999996">
<ele>155.72602084348873</ele>
<time>2026-08-28T04:44:17.583Z</time>
</trkpt>
<trkpt lat="41.9965312" lon="2.8510631999999987">
<ele>155.8122962492758</ele>
<time>2026-08-28T04:44:21.487Z</time>
</trkpt>
<trkpt lat="41.9965186" lon="2.851126899999997">
<ele>155.73906047376852</ele>
<time>2026-08-28T04:44:25.490Z</time>
</trkpt>
<trkpt lat="41.996503" lon="2.8511851000000092">
<ele>155.52999022801987</ele>
<time>2026-08-28T04:44:28.761Z</time>
</trkpt>
<trkpt lat="41.9964932" lon="2.8512474999999995">
<ele>155.50308755060078</ele>
<time>2026-08-28T04:44:32.467Z</time>
</trkpt>
<trkpt lat="41.9964895" lon="2.8513115000000084">
<ele>155.72211996248774</ele>
<time>2026-08-28T04:44:36.486Z</time>
</trkpt>
<trkpt lat="41.9964862" lon="2.8513734">
<ele>155.9419333805303</ele>
<time>2026-08-28T04:44:40.404Z</time>
</trkpt>
<trkpt lat="41.9964783" lon="2.8514360000000067">
<ele>155.972747025798</ele>
<time>2026-08-28T04:44:44.514Z</time>
</trkpt>
<trkpt lat="41.9964768" lon="2.851498200000009">
<ele>155.92074565013715</ele>
<time>2026-08-28T04:44:48.567Z</time>
</trkpt>
<trkpt lat="41.9964824" lon="2.851560500000005">
<ele>155.94976798965195</ele>
<time>2026-08-28T04:44:52.748Z</time>
</trkpt>
<trkpt lat="41.9964828" lon="2.8516222000000084">
<ele>155.76349062145482</ele>
<time>2026-08-28T04:44:56.583Z</time>
</trkpt>
<trkpt lat="41.9964781" lon="2.8516826000000037">
<ele>155.357755739557</ele>
<time>2026-08-28T04:45:00.482Z</time>
</trkpt>
<trkpt lat="41.9964812" lon="2.8517485000000136">
<ele>155.2860438933362</ele>
<time>2026-08-28T04:45:04.486Z</time>
</trkpt>
<trkpt lat="41.9964841" lon="2.8518115999999907">
<ele>155.25685155442557</ele>
<time>2026-08-28T04:45:07.815Z</time>
</trkpt>
<trkpt lat="41.9964923" lon="2.8518720000000144">
<ele>155.39704082143479</ele>
<time>2026-08-28T04:45:12.142Z</time>
</trkpt>
<trkpt lat="41.9965094" lon="2.851929399999989">
<ele>155.75896219895648</ele>
<time>2026-08-28T04:45:16.486Z</time>
</trkpt>
<trkpt lat="41.9965458" lon="2.851975100000004">
<ele>156.59331136975504</ele>
<time>2026-08-28T04:45:20.506Z</time>
</trkpt>
<trkpt lat="41.9965704" lon="2.852033199999994">
<ele>156.97251447493713</ele>
<time>2026-08-28T04:45:24.326Z</time>
</trkpt>
<trkpt lat="41.9966075" lon="2.8520743999999922">
<ele>157.8342591978812</ele>
<time>2026-08-28T04:45:28.486Z</time>
</trkpt>
<trkpt lat="41.9966463" lon="2.8521120000000053">
<ele>158.497559816072</ele>
<time>2026-08-28T04:45:32.908Z</time>
</trkpt>
<trkpt lat="41.9966863" lon="2.8521412000000055">
<ele>159.2891085557057</ele>
<time>2026-08-28T04:45:36.528Z</time>
</trkpt>
<trkpt lat="41.9967329" lon="2.8521656000000064">
<ele>160.29225283857843</ele>
<time>2026-08-28T04:45:40.486Z</time>
</trkpt>
<trkpt lat="41.9967751" lon="2.8521947000000125">
<ele>160.94418010116578</ele>
<time>2026-08-28T04:45:44.465Z</time>
</trkpt>
<trkpt lat="41.99682" lon="2.852223500000008">
<ele>161.45967840938084</ele>
<time>2026-08-28T04:45:51.470Z</time>
</trkpt>
<trkpt lat="41.9968617" lon="2.8522475000000043">
<ele>161.810422368114</ele>
<time>2026-08-28T04:45:57.648Z</time>
</trkpt>
<trkpt lat="41.9969041" lon="2.852270699999991">
<ele>162.03176253867315</ele>
<time>2026-08-28T04:46:07.368Z</time>
</trkpt>
<trkpt lat="41.9969384" lon="2.8523104999999873">
<ele>161.875420989507</ele>
<time>2026-08-28T04:46:10.101Z</time>
</trkpt>
<trkpt lat="41.996975" lon="2.8523522000000128">
<ele>163.12134805357445</ele>
<time>2026-08-28T04:46:15.242Z</time>
</trkpt>
<trkpt lat="41.9970059" lon="2.852405400000009">
<ele>163.97362587737425</ele>
<time>2026-08-28T04:46:20.487Z</time>
</trkpt>
<trkpt lat="41.9970308" lon="2.8524658999999986">
<ele>164.39896715790937</ele>
<time>2026-08-28T04:46:24.486Z</time>
</trkpt>
<trkpt lat="41.997077" lon="2.8524961999999903">
<ele>165.72768359757978</ele>
<time>2026-08-28T04:46:28.406Z</time>
</trkpt>
<trkpt lat="41.9971136" lon="2.8525359999999864">
<ele>166.4952139593193</ele>
<time>2026-08-28T04:46:32.342Z</time>
</trkpt>
<trkpt lat="41.9971463" lon="2.8525840000000073">
<ele>167.09573153496962</ele>
<time>2026-08-28T04:46:36.542Z</time>
</trkpt>
<trkpt lat="41.9971824" lon="2.852620999999999">
<ele>168.2606467521058</ele>
<time>2026-08-28T04:46:41.386Z</time>
</trkpt>
<trkpt lat="41.9972036" lon="2.852674900000011">
<ele>168.88057302700295</ele>
<time>2026-08-28T04:46:46.802Z</time>
</trkpt>
<trkpt lat="41.9972146" lon="2.852734400000003">
<ele>169.13763944409231</ele>
<time>2026-08-28T04:46:54.745Z</time>
</trkpt>
<trkpt lat="41.9972244" lon="2.8527972999999918">
<ele>169.4517185942292</ele>
<time>2026-08-28T04:46:58.263Z</time>
</trkpt>
<trkpt lat="41.997223" lon="2.852858700000013">
<ele>169.371822576519</ele>
<time>2026-08-28T04:47:01.555Z</time>
</trkpt>
<trkpt lat="41.9972325" lon="2.8529211999999973">
<ele>169.89442275492272</ele>
<time>2026-08-28T04:47:05.484Z</time>
</trkpt>
<trkpt lat="41.9972457" lon="2.852979099999999">
<ele>170.56245794140847</ele>
<time>2026-08-28T04:47:09.242Z</time>
</trkpt>
<trkpt lat="41.9972578" lon="2.853046000000006">
<ele>171.19483004557472</ele>
<time>2026-08-28T04:47:13.500Z</time>
</trkpt>
<trkpt lat="41.9972769" lon="2.8531131000000016">
<ele>172.11741166794343</ele>
<time>2026-08-28T04:47:17.563Z</time>
</trkpt>
<trkpt lat="41.9973058" lon="2.853163099999989">
<ele>173.28296100864932</ele>
<time>2026-08-28T04:47:21.749Z</time>
</trkpt>
<trkpt lat="41.997332" lon="2.85321909999999">
<ele>174.29271647634482</ele>
<time>2026-08-28T04:47:26.486Z</time>
</trkpt>
<trkpt lat="41.9973514" lon="2.8532744000000037">
<ele>175.04796225486007</ele>
<time>2026-08-28T04:47:30.518Z</time>
</trkpt>
<trkpt lat="41.9973501" lon="2.8533410000000003">
<ele>174.88212018931003</ele>
<time>2026-08-28T04:47:35.123Z</time>
</trkpt>
<trkpt lat="41.9973943" lon="2.853353400000003">
<ele>176.87812652308216</ele>
<time>2026-08-28T04:47:45.203Z</time>
</trkpt>
<trkpt lat="41.997406" lon="2.8532907000000023">
<ele>177.45849445267848</ele>
<time>2026-08-28T04:47:51.166Z</time>
</trkpt>
<trkpt lat="41.9974029" lon="2.853223000000014">
<ele>177.3738560134226</ele>
<time>2026-08-28T04:47:56.485Z</time>
</trkpt>
<trkpt lat="41.9974016" lon="2.85315940000001">
<ele>177.3689802474252</ele>
<time>2026-08-28T04:48:01.186Z</time>
</trkpt>
<trkpt lat="41.9973934" lon="2.8530972000000077">
<ele>177.00569524644504</ele>
<time>2026-08-28T04:48:05.486Z</time>
</trkpt>
<trkpt lat="41.9973846" lon="2.8530311000000097">
<ele>176.5449607877188</ele>
<time>2026-08-28T04:48:09.504Z</time>
</trkpt>
<trkpt lat="41.9973772" lon="2.852968500000003">
<ele>176.1450200971049</ele>
<time>2026-08-28T04:48:13.947Z</time>
</trkpt>
<trkpt lat="41.9973778" lon="2.852902699999987">
<ele>176.0801139589871</ele>
<time>2026-08-28T04:48:18.517Z</time>
</trkpt>
<trkpt lat="41.9973731" lon="2.8528345">
<ele>175.8690508042596</ele>
<time>2026-08-28T04:48:23.522Z</time>
</trkpt>
<trkpt lat="41.9973698" lon="2.8527727999999968">
<ele>175.950170797395</ele>
<time>2026-08-28T04:48:27.746Z</time>
</trkpt>
<trkpt lat="41.9973665" lon="2.852711400000004">
<ele>176.02180612492742</ele>
<time>2026-08-28T04:48:31.768Z</time>
</trkpt>
<trkpt lat="41.9973593" lon="2.8526482999999985">
<ele>175.9070800589209</ele>
<time>2026-08-28T04:48:35.525Z</time>
</trkpt>
<trkpt lat="41.9973537" lon="2.852581799999996">
<ele>175.8623350984637</ele>
<time>2026-08-28T04:48:39.485Z</time>
</trkpt>
<trkpt lat="41.9973377" lon="2.852518400000008">
<ele>175.98097051240023</ele>
<time>2026-08-28T04:48:43.425Z</time>
</trkpt>
<trkpt lat="41.9973033" lon="2.8524690000000135">
<ele>175.12735989063472</ele>
<time>2026-08-28T04:48:47.101Z</time>
</trkpt>
<trkpt lat="41.9972747" lon="2.85242199999999">
<ele>174.54193266107373</ele>
<time>2026-08-28T04:48:50.506Z</time>
</trkpt>
<trkpt lat="41.997249" lon="2.852362900000003">
<ele>174.32252998226377</ele>
<time>2026-08-28T04:48:54.448Z</time>
</trkpt>
<trkpt lat="41.9972232" lon="2.852312100000006">
<ele>173.98753629619367</ele>
<time>2026-08-28T04:48:59.043Z</time>
</trkpt>
<trkpt lat="41.9971928" lon="2.85226320000001">
<ele>173.57758281178184</ele>
<time>2026-08-28T04:49:02.485Z</time>
</trkpt>
<trkpt lat="41.997158" lon="2.8522211000000084">
<ele>172.97794350299773</ele>
<time>2026-08-28T04:49:05.947Z</time>
</trkpt>
<trkpt lat="41.9971271" lon="2.8521758999999918">
<ele>172.68929847521594</ele>
<time>2026-08-28T04:49:09.488Z</time>
</trkpt>
<trkpt lat="41.9971027" lon="2.852124400000008">
<ele>172.87653858972212</ele>
<time>2026-08-28T04:49:13.142Z</time>
</trkpt>
<trkpt lat="41.9970776" lon="2.8520705999999905">
<ele>173.16655780136335</ele>
<time>2026-08-28T04:49:16.884Z</time>
</trkpt>
<trkpt lat="41.9970473" lon="2.852019299999995">
<ele>173.29393126868055</ele>
<time>2026-08-28T04:49:20.544Z</time>
</trkpt>
<trkpt lat="41.9970174" lon="2.8519708999999978">
<ele>173.38235230394346</ele>
<time>2026-08-28T04:49:24.109Z</time>
</trkpt>
<trkpt lat="41.9969902" lon="2.851920199999995">
<ele>173.62516195826964</ele>
<time>2026-08-28T04:49:27.785Z</time>
</trkpt>
<trkpt lat="41.9969676" lon="2.8518669999999986">
<ele>174.0944761054038</ele>
<time>2026-08-28T04:49:31.510Z</time>
</trkpt>
<trkpt lat="41.9969537" lon="2.8518067999999914">
<ele>175.03703768910302</ele>
<time>2026-08-28T04:49:35.161Z</time>
</trkpt>
<trkpt lat="41.9969543" lon="2.8517333000000065">
<ele>176.71619963912707</ele>
<time>2026-08-28T04:49:39.087Z</time>
</trkpt>
<trkpt lat="41.9969685" lon="2.8516743000000133">
<ele>177.68974566835024</ele>
<time>2026-08-28T04:49:42.866Z</time>
</trkpt>
<trkpt lat="41.9969811" lon="2.851607699999988">
<ele>178.68883169594216</ele>
<time>2026-08-28T04:49:46.566Z</time>
</trkpt>
<trkpt lat="41.9970005" lon="2.8515441000000123">
<ele>179.93069274538027</ele>
<time>2026-08-28T04:49:50.185Z</time>
</trkpt>
<trkpt lat="41.9970305" lon="2.851492500000006">
<ele>181.48969146339914</ele>
<time>2026-08-28T04:49:53.869Z</time>
</trkpt>
<trkpt lat="41.9970611" lon="2.8514412000000107">
<ele>182.76956359735</ele>
<time>2026-08-28T04:49:57.521Z</time>
</trkpt>
<trkpt lat="41.9970927" lon="2.851397300000002">
<ele>183.61220107382314</ele>
<time>2026-08-28T04:50:01.486Z</time>
</trkpt>
<trkpt lat="41.9971278" lon="2.8513534999999877">
<ele>184.61018453515658</ele>
<time>2026-08-28T04:50:05.517Z</time>
</trkpt>
<trkpt lat="41.9971041" lon="2.8514088000000015">
<ele>184.13635758589857</ele>
<time>2026-08-28T04:50:20.428Z</time>
</trkpt>
<trkpt lat="41.9970562" lon="2.851408499999991">
<ele>182.31588996810893</ele>
<time>2026-08-28T04:50:24.207Z</time>
</trkpt>
<trkpt lat="41.9970206" lon="2.851460099999997">
<ele>181.4023557612005</ele>
<time>2026-08-28T04:50:34.244Z</time>
</trkpt>
<trkpt lat="41.9969887" lon="2.8515039000000115">
<ele>179.83817656665641</ele>
<time>2026-08-28T04:50:36.843Z</time>
</trkpt>
<trkpt lat="41.9969453" lon="2.851546799999994">
<ele>177.88822117176164</ele>
<time>2026-08-28T04:50:41.527Z</time>
</trkpt>
<trkpt lat="41.9969204" lon="2.85160479999999">
<ele>176.26918436231912</ele>
<time>2026-08-28T04:50:45.328Z</time>
</trkpt>
<trkpt lat="41.9969038" lon="2.851670200000001">
<ele>174.9925176843461</ele>
<time>2026-08-28T04:50:49.486Z</time>
</trkpt>
<trkpt lat="41.9968995" lon="2.851736399999993">
<ele>174.32943128495504</ele>
<time>2026-08-28T04:50:53.308Z</time>
</trkpt>
<trkpt lat="41.9969051" lon="2.8518013999999994">
<ele>173.15243420741774</ele>
<time>2026-08-28T04:51:02.989Z</time>
</trkpt>
<trkpt lat="41.9969189" lon="2.8518604999999866">
<ele>172.39917304435045</ele>
<time>2026-08-28T04:51:06.483Z</time>
</trkpt>
<trkpt lat="41.9969465" lon="2.8519177000000013">
<ele>172.1602899015843</ele>
<time>2026-08-28T04:51:11.529Z</time>
</trkpt>
<trkpt lat="41.9969766" lon="2.851969099999991">
<ele>171.99616941896065</ele>
<time>2026-08-28T04:51:16.068Z</time>
</trkpt>
<trkpt lat="41.9970086" lon="2.852011900000008">
<ele>172.109702324116</ele>
<time>2026-08-28T04:51:20.283Z</time>
</trkpt>
<trkpt lat="41.9970403" lon="2.852055000000007">
<ele>172.176332596006</ele>
<time>2026-08-28T04:51:24.486Z</time>
</trkpt>
<trkpt lat="41.9970762" lon="2.852094099999988">
<ele>172.5668997388506</ele>
<time>2026-08-28T04:51:29.082Z</time>
</trkpt>
<trkpt lat="41.9971102" lon="2.8521398000000033">
<ele>172.82059502328798</ele>
<time>2026-08-28T04:51:34.102Z</time>
</trkpt>
<trkpt lat="41.9971395" lon="2.852185999999989">
<ele>172.9674540992791</ele>
<time>2026-08-28T04:51:37.866Z</time>
</trkpt>
<trkpt lat="41.9971618" lon="2.8522405999999876">
<ele>172.72958361302952</ele>
<time>2026-08-28T04:51:41.947Z</time>
</trkpt>
<trkpt lat="41.9971847" lon="2.8523020000000088">
<ele>172.4856884142854</ele>
<time>2026-08-28T04:51:46.130Z</time>
</trkpt>
<trkpt lat="41.997213" lon="2.8523496999999907">
<ele>172.90095342451937</ele>
<time>2026-08-28T04:51:49.486Z</time>
</trkpt>
<trkpt lat="41.9972459" lon="2.8523998000000006">
<ele>173.55667976311983</ele>
<time>2026-08-28T04:51:53.050Z</time>
</trkpt>
<trkpt lat="41.9972726" lon="2.852458399999989">
<ele>173.83966086736308</ele>
<time>2026-08-28T04:51:57.145Z</time>
</trkpt>
<trkpt lat="41.9972816" lon="2.8525228999999968">
<ele>173.2047513751964</ele>
<time>2026-08-28T04:52:01.984Z</time>
</trkpt>
<trkpt lat="41.9972816" lon="2.852585099999999">
<ele>172.35696997930944</ele>
<time>2026-08-28T04:52:05.644Z</time>
</trkpt>
<trkpt lat="41.9972841" lon="2.8526515000000074">
<ele>172.35461895388264</ele>
<time>2026-08-28T04:52:10.485Z</time>
</trkpt>
<trkpt lat="41.9972915" lon="2.8527196999999944">
<ele>172.56582398744814</ele>
<time>2026-08-28T04:52:14.494Z</time>
</trkpt>
<trkpt lat="41.9973078" lon="2.852781499999992">
<ele>173.1652657984991</ele>
<time>2026-08-28T04:52:19.008Z</time>
</trkpt>
<trkpt lat="41.9973209" lon="2.852839700000004">
<ele>173.59448683455437</ele>
<time>2026-08-28T04:52:22.490Z</time>
</trkpt>
<trkpt lat="41.9973359" lon="2.85289929999999">
<ele>174.28144401773503</ele>
<time>2026-08-28T04:52:26.530Z</time>
</trkpt>
<trkpt lat="41.9973538" lon="2.852959400000003">
<ele>175.1350391507497</ele>
<time>2026-08-28T04:52:30.344Z</time>
</trkpt>
<trkpt lat="41.9973688" lon="2.853020799999996">
<ele>175.86059358981467</ele>
<time>2026-08-28T04:52:34.104Z</time>
</trkpt>
<trkpt lat="41.9973713" lon="2.8530824000000052">
<ele>176.05262960139794</ele>
<time>2026-08-28T04:52:37.486Z</time>
</trkpt>
<trkpt lat="41.9973773" lon="2.8531495000000007">
<ele>176.34656685766666</ele>
<time>2026-08-28T04:52:40.888Z</time>
</trkpt>
<trkpt lat="41.9973784" lon="2.8532108999999934">
<ele>176.32083702676388</ele>
<time>2026-08-28T04:52:45.169Z</time>
</trkpt>
<trkpt lat="41.9973724" lon="2.853277899999995">
<ele>175.9753016268586</ele>
<time>2026-08-28T04:52:49.428Z</time>
</trkpt>
<trkpt lat="41.997364" lon="2.85334739999999">
<ele>175.50445062952505</ele>
<time>2026-08-28T04:52:53.082Z</time>
</trkpt>
<trkpt lat="41.9973725" lon="2.853412100000014">
<ele>175.80468109012185</ele>
<time>2026-08-28T04:52:56.520Z</time>
</trkpt>
<trkpt lat="41.9973825" lon="2.853475599999996">
<ele>176.12247439752883</ele>
<time>2026-08-28T04:53:00.787Z</time>
</trkpt>
<trkpt lat="41.9973919" lon="2.8535392">
<ele>176.4033488480297</ele>
<time>2026-08-28T04:53:04.885Z</time>
</trkpt>
<trkpt lat="41.9973961" lon="2.8536063999999897">
<ele>176.43260293607347</ele>
<time>2026-08-28T04:53:09.087Z</time>
</trkpt>
<trkpt lat="41.9973989" lon="2.853671100000014">
<ele>176.40145842298725</ele>
<time>2026-08-28T04:53:13.222Z</time>
</trkpt>
<trkpt lat="41.99738" lon="2.8537297999999964">
<ele>175.75942386278544</ele>
<time>2026-08-28T04:53:17.382Z</time>
</trkpt>
<trkpt lat="41.9973592" lon="2.853783700000008">
<ele>175.1294362142554</ele>
<time>2026-08-28T04:53:23.145Z</time>
</trkpt>
<trkpt lat="41.9973441" lon="2.8538441999999975">
<ele>174.79489237287737</ele>
<time>2026-08-28T04:53:27.509Z</time>
</trkpt>
<trkpt lat="41.9973395" lon="2.8539062000000115">
<ele>174.93264659791382</ele>
<time>2026-08-28T04:53:31.486Z</time>
</trkpt>
<trkpt lat="41.9973438" lon="2.8539705999999967">
<ele>175.4411455794675</ele>
<time>2026-08-28T04:53:35.106Z</time>
</trkpt>
<trkpt lat="41.9973477" lon="2.854031099999986">
<ele>175.67664953892572</ele>
<time>2026-08-28T04:53:38.486Z</time>
</trkpt>
<trkpt lat="41.9973491" lon="2.8540935000000047">
<ele>175.8025548069808</ele>
<time>2026-08-28T04:53:42.182Z</time>
</trkpt>
<trkpt lat="41.9973603" lon="2.8541616999999917">
<ele>176.30337815307834</ele>
<time>2026-08-28T04:53:46.423Z</time>
</trkpt>
<trkpt lat="41.9973836" lon="2.8542174000000102">
<ele>177.20259642775187</ele>
<time>2026-08-28T04:53:50.496Z</time>
</trkpt>
<trkpt lat="41.997411" lon="2.854265599999991">
<ele>178.10393297787968</ele>
<time>2026-08-28T04:53:54.486Z</time>
</trkpt>
<trkpt lat="41.99744" lon="2.8543161999999995">
<ele>178.8240054736873</ele>
<time>2026-08-28T04:53:58.268Z</time>
</trkpt>
<trkpt lat="41.9974702" lon="2.8543645999999967">
<ele>179.41875388676647</ele>
<time>2026-08-28T04:54:02.026Z</time>
</trkpt>
<trkpt lat="41.9975005" lon="2.8544133999999985">
<ele>179.8539822997648</ele>
<time>2026-08-28T04:54:06.492Z</time>
</trkpt>
<trkpt lat="41.9975291" lon="2.85446060000001">
<ele>180.23305298524545</ele>
<time>2026-08-28T04:54:10.588Z</time>
</trkpt>
<trkpt lat="41.9975687" lon="2.8544939999999883">
<ele>180.97001915660232</ele>
<time>2026-08-28T04:54:14.724Z</time>
</trkpt>
<trkpt lat="41.9976111" lon="2.8545290000000136">
<ele>181.73745936280727</ele>
<time>2026-08-28T04:54:19.485Z</time>
</trkpt>
<trkpt lat="41.9976528" lon="2.8545589000000007">
<ele>182.65143196311018</ele>
<time>2026-08-28T04:54:23.829Z</time>
</trkpt>
<trkpt lat="41.9976832" lon="2.8546128000000124">
<ele>183.07929459037396</ele>
<time>2026-08-28T04:54:29.109Z</time>
</trkpt>
<trkpt lat="41.9977059" lon="2.854667500000005">
<ele>183.25518515265696</ele>
<time>2026-08-28T04:54:33.534Z</time>
</trkpt>
<trkpt lat="41.9977294" lon="2.8547207999999955">
<ele>183.4078385250431</ele>
<time>2026-08-28T04:54:37.582Z</time>
</trkpt>
<trkpt lat="41.9977601" lon="2.8547716999999864">
<ele>183.67933167423558</ele>
<time>2026-08-28T04:54:41.534Z</time>
</trkpt>
<trkpt lat="41.9977862" lon="2.854820999999987">
<ele>184.43676153610392</ele>
<time>2026-08-28T04:54:45.029Z</time>
</trkpt>
<trkpt lat="41.9978156" lon="2.8548734999999965">
<ele>185.94487305489156</ele>
<time>2026-08-28T04:54:50.202Z</time>
</trkpt>
<trkpt lat="41.9978493" lon="2.8549261">
<ele>187.37108826808318</ele>
<time>2026-08-28T04:54:54.485Z</time>
</trkpt>
<trkpt lat="41.9978757" lon="2.8549779999999885">
<ele>188.437632995548</ele>
<time>2026-08-28T04:54:58.163Z</time>
</trkpt>
<trkpt lat="41.9979027" lon="2.8550295999999946">
<ele>189.35087364611616</ele>
<time>2026-08-28T04:55:01.947Z</time>
</trkpt>
<trkpt lat="41.9979394" lon="2.8550692999999967">
<ele>190.17312709787055</ele>
<time>2026-08-28T04:55:06.808Z</time>
</trkpt>
<trkpt lat="41.9979762" lon="2.8551056999999957">
<ele>191.23570928232817</ele>
<time>2026-08-28T04:55:11.147Z</time>
</trkpt>
<trkpt lat="41.9980131" lon="2.855148100000008">
<ele>192.60105205833835</ele>
<time>2026-08-28T04:55:15.525Z</time>
</trkpt>
<trkpt lat="41.9980477" lon="2.8551985999999943">
<ele>194.21703218479448</ele>
<time>2026-08-28T04:55:20.529Z</time>
</trkpt>
<trkpt lat="41.998064" lon="2.8552575999999874">
<ele>195.67217613720655</ele>
<time>2026-08-28T04:55:24.787Z</time>
</trkpt>
<trkpt lat="41.9980952" lon="2.855306799999994">
<ele>196.9257954902259</ele>
<time>2026-08-28T04:55:28.465Z</time>
</trkpt>
<trkpt lat="41.9981319" lon="2.8553545000000042">
<ele>197.94680008281202</ele>
<time>2026-08-28T04:55:33.468Z</time>
</trkpt>
<trkpt lat="41.9981692" lon="2.8553910999999914">
<ele>198.35754701475906</ele>
<time>2026-08-28T04:55:37.709Z</time>
</trkpt>
<trkpt lat="41.9982043" lon="2.855431799999991">
<ele>198.80073729093095</ele>
<time>2026-08-28T04:55:42.028Z</time>
</trkpt>
<trkpt lat="41.9982465" lon="2.8554643999999882">
<ele>199.26247069885804</ele>
<time>2026-08-28T04:55:47.001Z</time>
</trkpt>
<trkpt lat="41.998288" lon="2.85549739999999">
<ele>199.74523437247834</ele>
<time>2026-08-28T04:55:52.343Z</time>
</trkpt>
<trkpt lat="41.9983261" lon="2.855535300000014">
<ele>200.26151215553313</ele>
<time>2026-08-28T04:55:56.728Z</time>
</trkpt>
<trkpt lat="41.99837" lon="2.8555647999999962">
<ele>201.03811192846356</ele>
<time>2026-08-28T04:56:01.048Z</time>
</trkpt>
<trkpt lat="41.99841" lon="2.8556046999999865">
<ele>201.8116041141727</ele>
<time>2026-08-28T04:56:05.330Z</time>
</trkpt>
<trkpt lat="41.9984463" lon="2.855644699999999">
<ele>202.54544738931256</ele>
<time>2026-08-28T04:56:09.546Z</time>
</trkpt>
<trkpt lat="41.9984896" lon="2.855672900000002">
<ele>203.46417387383968</ele>
<time>2026-08-28T04:56:14.324Z</time>
</trkpt>
<trkpt lat="41.998527" lon="2.8557083000000034">
<ele>204.5157887681641</ele>
<time>2026-08-28T04:56:18.668Z</time>
</trkpt>
<trkpt lat="41.9985667" lon="2.855752200000012">
<ele>205.8830286375543</ele>
<time>2026-08-28T04:56:23.463Z</time>
</trkpt>
<trkpt lat="41.9985994" lon="2.8557970999999895">
<ele>207.29992611391123</ele>
<time>2026-08-28T04:56:28.225Z</time>
</trkpt>
<trkpt lat="41.9986328" lon="2.85584080000001">
<ele>208.5038123459978</ele>
<time>2026-08-28T04:56:32.925Z</time>
</trkpt>
<trkpt lat="41.9986612" lon="2.8558934000000136">
<ele>209.5770244261615</ele>
<time>2026-08-28T04:56:37.485Z</time>
</trkpt>
<trkpt lat="41.9986811" lon="2.8559515999999974">
<ele>210.472894208914</ele>
<time>2026-08-28T04:56:42.403Z</time>
</trkpt>
<trkpt lat="41.9986707" lon="2.8560123999999973">
<ele>211.14590049267514</ele>
<time>2026-08-28T04:56:49.309Z</time>
</trkpt>
<trkpt lat="41.9986434" lon="2.85606709999999">
<ele>211.46812562472925</ele>
<time>2026-08-28T04:56:53.443Z</time>
</trkpt>
<trkpt lat="41.9986149" lon="2.856120500000003">
<ele>211.60775582624365</ele>
<time>2026-08-28T04:56:57.145Z</time>
</trkpt>
<trkpt lat="41.9985791" lon="2.85615820000001">
<ele>210.73328466641013</ele>
<time>2026-08-28T04:57:01.465Z</time>
</trkpt>
<trkpt lat="41.9985324" lon="2.8561736000000053">
<ele>209.0677844871045</ele>
<time>2026-08-28T04:57:06.308Z</time>
</trkpt>
<trkpt lat="41.9984861" lon="2.8561745000000087">
<ele>207.30082842530825</ele>
<time>2026-08-28T04:57:11.486Z</time>
</trkpt>
<trkpt lat="41.9984407" lon="2.856169300000005">
<ele>205.5540978854022</ele>
<time>2026-08-28T04:57:16.385Z</time>
</trkpt>
<trkpt lat="41.9983923" lon="2.856149700000003">
<ele>203.72005589669985</ele>
<time>2026-08-28T04:57:21.222Z</time>
</trkpt>
<trkpt lat="41.9983479" lon="2.8561397">
<ele>202.0920986745778</ele>
<time>2026-08-28T04:57:25.485Z</time>
</trkpt>
<trkpt lat="41.9983031" lon="2.8561611000000084">
<ele>200.41891889518152</ele>
<time>2026-08-28T04:57:29.847Z</time>
</trkpt>
<trkpt lat="41.9982822" lon="2.8562173999999914">
<ele>199.10164005620385</ele>
<time>2026-08-28T04:57:34.485Z</time>
</trkpt>
<trkpt lat="41.9982999" lon="2.8562729999999874">
<ele>198.97420215997596</ele>
<time>2026-08-28T04:57:39.421Z</time>
</trkpt>
<trkpt lat="41.9983447" lon="2.8562908000000107">
<ele>200.55569310949434</ele>
<time>2026-08-28T04:57:44.485Z</time>
</trkpt>
<trkpt lat="41.9983904" lon="2.856283899999994">
<ele>202.51244866390442</ele>
<time>2026-08-28T04:57:49.142Z</time>
</trkpt>
<trkpt lat="41.9984397" lon="2.8562689999999975">
<ele>204.6889873388267</ele>
<time>2026-08-28T04:57:54.510Z</time>
</trkpt>
<trkpt lat="41.9984844" lon="2.8562801999999863">
<ele>206.39263875228616</ele>
<time>2026-08-28T04:57:59.948Z</time>
</trkpt>
<trkpt lat="41.9985244" lon="2.856311500000004">
<ele>207.7430440653889</ele>
<time>2026-08-28T04:58:05.204Z</time>
</trkpt>
<trkpt lat="41.9985716" lon="2.856320399999987">
<ele>209.62877116571855</ele>
<time>2026-08-28T04:58:09.902Z</time>
</trkpt>
<trkpt lat="41.998615" lon="2.8563397000000066">
<ele>211.20295219237713</ele>
<time>2026-08-28T04:58:14.724Z</time>
</trkpt>
<trkpt lat="41.9986584" lon="2.8563603000000057">
<ele>212.2080112053248</ele>
<time>2026-08-28T04:58:19.328Z</time>
</trkpt>
<trkpt lat="41.9987039" lon="2.8563747000000035">
<ele>213.36847698924538</ele>
<time>2026-08-28T04:58:24.123Z</time>
</trkpt>
<trkpt lat="41.9987524" lon="2.8563786999999934">
<ele>214.67965963214618</ele>
<time>2026-08-28T04:58:29.387Z</time>
</trkpt>
<trkpt lat="41.998801" lon="2.8563846000000126">
<ele>216.01300578257823</ele>
<time>2026-08-28T04:58:34.508Z</time>
</trkpt>
<trkpt lat="41.9988516" lon="2.856394200000011">
<ele>217.44000667370236</ele>
<time>2026-08-28T04:58:40.124Z</time>
</trkpt>
<trkpt lat="41.9989017" lon="2.8563959999999895">
<ele>218.77385372490744</ele>
<time>2026-08-28T04:58:44.342Z</time>
</trkpt>
<trkpt lat="41.9989478" lon="2.856403599999993">
<ele>219.8887375405517</ele>
<time>2026-08-28T04:58:48.783Z</time>
</trkpt>
<trkpt lat="41.9989942" lon="2.856403400000005">
<ele>220.96201646469876</ele>
<time>2026-08-28T04:58:52.943Z</time>
</trkpt>
<trkpt lat="41.9990399" lon="2.856402099999997">
<ele>222.00013947059043</ele>
<time>2026-08-28T04:58:57.101Z</time>
</trkpt>
<trkpt lat="41.9990893" lon="2.8564004000000125">
<ele>223.10691961534334</ele>
<time>2026-08-28T04:59:01.902Z</time>
</trkpt>
<trkpt lat="41.9991355" lon="2.856391599999995">
<ele>223.96599163481662</ele>
<time>2026-08-28T04:59:06.463Z</time>
</trkpt>
<trkpt lat="41.9991854" lon="2.8563825999999892">
<ele>224.7572926769569</ele>
<time>2026-08-28T04:59:11.248Z</time>
</trkpt>
<trkpt lat="41.9992304" lon="2.8563728000000026">
<ele>225.29161177488822</ele>
<time>2026-08-28T04:59:15.504Z</time>
</trkpt>
<trkpt lat="41.9992774" lon="2.856361300000003">
<ele>225.8093643030848</ele>
<time>2026-08-28T04:59:20.041Z</time>
</trkpt>
<trkpt lat="41.9993234" lon="2.8563495999999873">
<ele>226.29605648812918</ele>
<time>2026-08-28T04:59:24.514Z</time>
</trkpt>
<trkpt lat="41.9993714" lon="2.856338099999988">
<ele>226.81368138352147</ele>
<time>2026-08-28T04:59:29.181Z</time>
</trkpt>
<trkpt lat="41.999423" lon="2.856332199999997">
<ele>227.5354953859028</ele>
<time>2026-08-28T04:59:34.405Z</time>
</trkpt>
<trkpt lat="41.9994667" lon="2.85631140000001">
<ele>227.89515595683426</ele>
<time>2026-08-28T04:59:39.202Z</time>
</trkpt>
<trkpt lat="41.999513" lon="2.8562794999999994">
<ele>228.18131227388864</ele>
<time>2026-08-28T04:59:43.983Z</time>
</trkpt>
<trkpt lat="41.999555" lon="2.856247499999995">
<ele>228.35835990560034</ele>
<time>2026-08-28T04:59:48.766Z</time>
</trkpt>
<trkpt lat="41.9996016" lon="2.856229600000006">
<ele>229.03504350139394</ele>
<time>2026-08-28T04:59:53.485Z</time>
</trkpt>
<trkpt lat="41.9996529" lon="2.8562290000000132">
<ele>230.30031237638352</ele>
<time>2026-08-28T04:59:58.108Z</time>
</trkpt>
<trkpt lat="41.999699" lon="2.856214300000005">
<ele>231.05238829903755</ele>
<time>2026-08-28T05:00:02.745Z</time>
</trkpt>
<trkpt lat="41.999745" lon="2.856195000000014">
<ele>231.70915009771244</ele>
<time>2026-08-28T05:00:07.483Z</time>
</trkpt>
<trkpt lat="41.9997963" lon="2.856186799999989">
<ele>232.8470863420742</ele>
<time>2026-08-28T05:00:12.524Z</time>
</trkpt>
<trkpt lat="41.9998474" lon="2.856172600000008">
<ele>233.84215051218368</ele>
<time>2026-08-28T05:00:17.326Z</time>
</trkpt>
<trkpt lat="41.9998955" lon="2.8561565999999914">
<ele>234.67164642064444</ele>
<time>2026-08-28T05:00:21.548Z</time>
</trkpt>
<trkpt lat="41.9999383" lon="2.856129100000004">
<ele>235.01169661415793</ele>
<time>2026-08-28T05:00:26.881Z</time>
</trkpt>
<trkpt lat="41.9999886" lon="2.856113499999992">
<ele>235.80141888457263</ele>
<time>2026-08-28T05:00:32.426Z</time>
</trkpt>
<trkpt lat="42.0000359" lon="2.8561010999999894">
<ele>243.30432697562074</ele>
<time>2026-08-28T05:00:36.923Z</time>
</trkpt>
<trkpt lat="42.0000837" lon="2.8560879999999997">
<ele>243.8650409698317</ele>
<time>2026-08-28T05:00:42.265Z</time>
</trkpt>
<trkpt lat="42.0001243" lon="2.8560600000000136">
<ele>243.82404597761018</ele>
<time>2026-08-28T05:00:46.485Z</time>
</trkpt>
<trkpt lat="42.0001693" lon="2.856044499999996">
<ele>244.23902626675098</ele>
<time>2026-08-28T05:00:50.762Z</time>
</trkpt>
<trkpt lat="42.0002161" lon="2.856026899999989">
<ele>244.6168000195074</ele>
<time>2026-08-28T05:00:54.519Z</time>
</trkpt>
<trkpt lat="42.0002619" lon="2.8560237000000086">
<ele>245.41374355947553</ele>
<time>2026-08-28T05:00:59.485Z</time>
</trkpt>
<trkpt lat="42.0003072" lon="2.856023399999998">
<ele>246.1719106298433</ele>
<time>2026-08-28T05:01:03.486Z</time>
</trkpt>
<trkpt lat="42.0003523" lon="2.856022800000005">
<ele>246.8516862175054</ele>
<time>2026-08-28T05:01:08.283Z</time>
</trkpt>
<trkpt lat="42.0004032" lon="2.8560244999999895">
<ele>247.69122598933706</ele>
<time>2026-08-28T05:01:12.169Z</time>
</trkpt>
<trkpt lat="42.0004513" lon="2.856044499999996">
<ele>249.03247166942825</ele>
<time>2026-08-28T05:01:16.385Z</time>
</trkpt>
<trkpt lat="42.0004962" lon="2.856056499999994">
<ele>250.07435380389896</ele>
<time>2026-08-28T05:01:20.505Z</time>
</trkpt>
<trkpt lat="42.0005406" lon="2.8560442000000137">
<ele>250.39161491999423</ele>
<time>2026-08-28T05:01:24.763Z</time>
</trkpt>
<trkpt lat="42.0005809" lon="2.856012800000002">
<ele>250.2801381495786</ele>
<time>2026-08-28T05:01:29.664Z</time>
</trkpt>
<trkpt lat="42.000623" lon="2.8559875999999917">
<ele>250.51393504775956</ele>
<time>2026-08-28T05:01:34.508Z</time>
</trkpt>
<trkpt lat="42.0006642" lon="2.8560152000000016">
<ele>252.24603453785852</ele>
<time>2026-08-28T05:01:40.242Z</time>
</trkpt>
<trkpt lat="42.0006677" lon="2.856080200000008">
<ele>254.18399317583663</ele>
<time>2026-08-28T05:01:44.248Z</time>
</trkpt>
<trkpt lat="42.0006548" lon="2.856138399999992">
<ele>255.56072377000825</ele>
<time>2026-08-28T05:01:50.105Z</time>
</trkpt>
<trkpt lat="42.0006121" lon="2.856162799999993">
<ele>255.3134147748067</ele>
<time>2026-08-28T05:01:54.486Z</time>
</trkpt>
<trkpt lat="42.000567" lon="2.8561712999999997">
<ele>254.56058975026042</ele>
<time>2026-08-28T05:01:58.143Z</time>
</trkpt>
<trkpt lat="42.0005221" lon="2.856175900000011">
<ele>253.96832166655395</ele>
<time>2026-08-28T05:02:01.524Z</time>
</trkpt>
<trkpt lat="42.0004729" lon="2.8561876999999924">
<ele>253.61461042882095</ele>
<time>2026-08-28T05:02:05.202Z</time>
</trkpt>
<trkpt lat="42.000425" lon="2.8562015999999915">
<ele>253.32111075118735</ele>
<time>2026-08-28T05:02:10.485Z</time>
</trkpt>
<trkpt lat="42.0003763" lon="2.8562147000000095">
<ele>252.9876344154022</ele>
<time>2026-08-28T05:02:13.987Z</time>
</trkpt>
<trkpt lat="42.0003317" lon="2.8562319000000116">
<ele>252.82145177799944</ele>
<time>2026-08-28T05:02:18.486Z</time>
</trkpt>
<trkpt lat="42.0002896" lon="2.8562537999999904">
<ele>252.81493559220598</ele>
<time>2026-08-28T05:02:22.401Z</time>
</trkpt>
<trkpt lat="42.0002506" lon="2.856289800000013">
<ele>253.05862146091232</ele>
<time>2026-08-28T05:02:26.485Z</time>
</trkpt>
<trkpt lat="42.0002068" lon="2.8563193999999896">
<ele>252.95051011937008</ele>
<time>2026-08-28T05:02:30.505Z</time>
</trkpt>
<trkpt lat="42.000166" lon="2.8563594999999964">
<ele>253.1808873579532</ele>
<time>2026-08-28T05:02:34.385Z</time>
</trkpt>
<trkpt lat="42.0001265" lon="2.856391500000001">
<ele>253.21276390031423</ele>
<time>2026-08-28T05:02:38.489Z</time>
</trkpt>
<trkpt lat="42.0000841" lon="2.856418600000012">
<ele>253.04598066429327</ele>
<time>2026-08-28T05:02:42.385Z</time>
</trkpt>
<trkpt lat="42.0000432" lon="2.856451899999996">
<ele>253.06975075684616</ele>
<time>2026-08-28T05:02:46.487Z</time>
</trkpt>
<trkpt lat="42.000004" lon="2.8564925000000017">
<ele>253.22985431012128</ele>
<time>2026-08-28T05:02:51.008Z</time>
</trkpt>
<trkpt lat="41.999964" lon="2.8565322000000037">
<ele>246.1544960754719</ele>
<time>2026-08-28T05:02:55.497Z</time>
</trkpt>
<trkpt lat="41.999926" lon="2.856568600000003">
<ele>245.67785974882744</ele>
<time>2026-08-28T05:02:59.486Z</time>
</trkpt>
<trkpt lat="41.9998904" lon="2.8566141999999957">
<ele>245.39487936315788</ele>
<time>2026-08-28T05:03:04.121Z</time>
</trkpt>
<trkpt lat="41.9998477" lon="2.8566379000000097">
<ele>244.55268230589633</ele>
<time>2026-08-28T05:03:07.743Z</time>
</trkpt>
<trkpt lat="41.9998116" lon="2.8566747000000134">
<ele>244.0839233896543</ele>
<time>2026-08-28T05:03:11.427Z</time>
</trkpt>
<trkpt lat="41.9997804" lon="2.8567184000000054">
<ele>243.8425460632566</ele>
<time>2026-08-28T05:03:15.546Z</time>
</trkpt>
<trkpt lat="41.999747" lon="2.856760600000001">
<ele>243.28438180927273</ele>
<time>2026-08-28T05:03:19.489Z</time>
</trkpt>
<trkpt lat="41.9997126" lon="2.856801399999995">
<ele>242.2894865463696</ele>
<time>2026-08-28T05:03:23.385Z</time>
</trkpt>
<trkpt lat="41.9996846" lon="2.8568558999999993">
<ele>241.46655593251052</ele>
<time>2026-08-28T05:03:28.222Z</time>
</trkpt>
<trkpt lat="41.999671" lon="2.8569209000000058">
<ele>241.0796715906096</ele>
<time>2026-08-28T05:03:32.530Z</time>
</trkpt>
<trkpt lat="41.9996771" lon="2.8569808999999964">
<ele>241.28706849142128</ele>
<time>2026-08-28T05:03:37.182Z</time>
</trkpt>
<trkpt lat="41.9996927" lon="2.8570497999999986">
<ele>241.7230167377519</ele>
<time>2026-08-28T05:03:42.046Z</time>
</trkpt>
<trkpt lat="41.9997076" lon="2.8571091999999965">
<ele>242.0625786894799</ele>
<time>2026-08-28T05:03:47.486Z</time>
</trkpt>
<trkpt lat="41.9997339" lon="2.8571632999999963">
<ele>242.77916213268924</ele>
<time>2026-08-28T05:03:52.064Z</time>
</trkpt>
<trkpt lat="41.9997421" lon="2.8572248000000116">
<ele>242.91936605538947</ele>
<time>2026-08-28T05:03:56.885Z</time>
</trkpt>
<trkpt lat="41.9997419" lon="2.8572877999999946">
<ele>242.79675393718222</ele>
<time>2026-08-28T05:04:01.532Z</time>
</trkpt>
<trkpt lat="41.9997259" lon="2.8573445000000106">
<ele>241.60031520833815</ele>
<time>2026-08-28T05:04:06.490Z</time>
</trkpt>
<trkpt lat="41.9997223" lon="2.8574074999999937">
<ele>240.48519852664953</ele>
<time>2026-08-28T05:04:11.485Z</time>
</trkpt>
<trkpt lat="41.9997335" lon="2.8574720999999954">
<ele>239.84465388671254</ele>
<time>2026-08-28T05:04:16.349Z</time>
</trkpt>
<trkpt lat="41.9997565" lon="2.857525399999986">
<ele>239.82627412414067</ele>
<time>2026-08-28T05:04:20.485Z</time>
</trkpt>
<trkpt lat="41.9997854" lon="2.857574900000003">
<ele>240.12844706236604</ele>
<time>2026-08-28T05:04:24.518Z</time>
</trkpt>
<trkpt lat="41.9998189" lon="2.8576215999999874">
<ele>240.19542571732612</ele>
<time>2026-08-28T05:04:28.943Z</time>
</trkpt>
<trkpt lat="41.9998545" lon="2.8576663000000053">
<ele>240.32226528748552</ele>
<time>2026-08-28T05:04:33.531Z</time>
</trkpt>
<trkpt lat="41.9998904" lon="2.8577109000000007">
<ele>240.4511369164955</ele>
<time>2026-08-28T05:04:38.323Z</time>
</trkpt>
<trkpt lat="41.9999332" lon="2.857741699999991">
<ele>241.1816836450503</ele>
<time>2026-08-28T05:04:42.522Z</time>
</trkpt>
<trkpt lat="41.9999757" lon="2.8577630000000056">
<ele>242.14480152104133</ele>
<time>2026-08-28T05:04:46.304Z</time>
</trkpt>
<trkpt lat="42.0000143" lon="2.8577942000000007">
<ele>252.40135356968878</ele>
<time>2026-08-28T05:04:50.448Z</time>
</trkpt>
<trkpt lat="42.0000599" lon="2.857810999999998">
<ele>253.54419215080722</ele>
<time>2026-08-28T05:04:54.544Z</time>
</trkpt>
<trkpt lat="42.0001012" lon="2.857837399999994">
<ele>254.34071904859837</ele>
<time>2026-08-28T05:04:59.244Z</time>
</trkpt>
<trkpt lat="42.0001469" lon="2.8578615000000127">
<ele>255.3228491656836</ele>
<time>2026-08-28T05:05:04.046Z</time>
</trkpt>
<trkpt lat="42.0001874" lon="2.8578977999999893">
<ele>255.70726465749627</ele>
<time>2026-08-28T05:05:09.286Z</time>
</trkpt>
<trkpt lat="42.0002349" lon="2.857927399999994">
<ele>256.5418000669376</ele>
<time>2026-08-28T05:05:14.544Z</time>
</trkpt>
<trkpt lat="42.000282" lon="2.8579469000000017">
<ele>257.6399656492471</ele>
<time>2026-08-28T05:05:19.247Z</time>
</trkpt>
<trkpt lat="42.0003247" lon="2.8579693000000077">
<ele>258.3830402514608</ele>
<time>2026-08-28T05:05:24.124Z</time>
</trkpt>
<trkpt lat="42.0003683" lon="2.857991400000003">
<ele>259.1706431080314</ele>
<time>2026-08-28T05:05:28.808Z</time>
</trkpt>
<trkpt lat="42.000413" lon="2.8580173">
<ele>259.9068226049967</ele>
<time>2026-08-28T05:05:33.848Z</time>
</trkpt>
<trkpt lat="42.0004567" lon="2.8580559000000108">
<ele>260.30882937512155</ele>
<time>2026-08-28T05:05:38.504Z</time>
</trkpt>
<trkpt lat="42.0004988" lon="2.858077299999991">
<ele>261.0986243411246</ele>
<time>2026-08-28T05:05:43.485Z</time>
</trkpt>
<trkpt lat="42.0005445" lon="2.858091900000005">
<ele>262.17551500651217</ele>
<time>2026-08-28T05:05:48.224Z</time>
</trkpt>
<trkpt lat="42.0005879" lon="2.8581100000000106">
<ele>262.71830493839025</ele>
<time>2026-08-28T05:05:52.443Z</time>
</trkpt>
<trkpt lat="42.0006314" lon="2.8581333999999856">
<ele>262.96347757198635</ele>
<time>2026-08-28T05:05:57.385Z</time>
</trkpt>
<trkpt lat="42.0006763" lon="2.8581594000000052">
<ele>263.076584642009</ele>
<time>2026-08-28T05:06:03.486Z</time>
</trkpt>
<trkpt lat="42.0007228" lon="2.8581637000000057">
<ele>263.827173083463</ele>
<time>2026-08-28T05:06:07.506Z</time>
</trkpt>
<trkpt lat="42.0007683" lon="2.858168799999987">
<ele>264.53402477996025</ele>
<time>2026-08-28T05:06:11.442Z</time>
</trkpt>
<trkpt lat="42.0008147" lon="2.858175999999986">
<ele>265.1943181853705</ele>
<time>2026-08-28T05:06:16.182Z</time>
</trkpt>
<trkpt lat="42.0008604" lon="2.8581748999999945">
<ele>265.9559989212952</ele>
<time>2026-08-28T05:06:20.575Z</time>
</trkpt>
<trkpt lat="42.0009093" lon="2.858170400000006">
<ele>266.7719476162919</ele>
<time>2026-08-28T05:06:25.202Z</time>
</trkpt>
<trkpt lat="42.0009549" lon="2.858180900000008">
<ele>267.0721017726227</ele>
<time>2026-08-28T05:06:30.186Z</time>
</trkpt>
<trkpt lat="42.001004" lon="2.858175799999998">
<ele>267.91343720023053</ele>
<time>2026-08-28T05:06:35.503Z</time>
</trkpt>
<trkpt lat="42.0010492" lon="2.858173899999997">
<ele>268.60255535188264</ele>
<time>2026-08-28T05:06:40.209Z</time>
</trkpt>
<trkpt lat="42.0010951" lon="2.8581867999999986">
<ele>268.7879268519169</ele>
<time>2026-08-28T05:06:45.085Z</time>
</trkpt>
<trkpt lat="42.0011435" lon="2.8581859999999892">
<ele>269.2926338788704</ele>
<time>2026-08-28T05:06:49.527Z</time>
</trkpt>
<trkpt lat="42.0011894" lon="2.858170300000012">
<ele>270.1645299098865</ele>
<time>2026-08-28T05:06:53.229Z</time>
</trkpt>
<trkpt lat="42.0012353" lon="2.8581575999999984">
<ele>270.89765948654417</ele>
<time>2026-08-28T05:06:57.544Z</time>
</trkpt>
<trkpt lat="42.0012801" lon="2.858168599999999">
<ele>270.8722199006886</ele>
<time>2026-08-28T05:07:02.486Z</time>
</trkpt>
<trkpt lat="42.0013283" lon="2.858177699999999">
<ele>270.95706063195007</ele>
<time>2026-08-28T05:07:08.485Z</time>
</trkpt>
<trkpt lat="42.0013804" lon="2.85818900000001">
<ele>271.0391950973971</ele>
<time>2026-08-28T05:07:12.421Z</time>
</trkpt>
<trkpt lat="42.0014262" lon="2.8581867000000045">
<ele>271.84291622006975</ele>
<time>2026-08-28T05:07:16.069Z</time>
</trkpt>
<trkpt lat="42.0014775" lon="2.858189100000004">
<ele>272.746041367595</ele>
<time>2026-08-28T05:07:20.166Z</time>
</trkpt>
<trkpt lat="42.0015243" lon="2.8582041999999888">
<ele>273.312394767069</ele>
<time>2026-08-28T05:07:23.806Z</time>
</trkpt>
<trkpt lat="42.0015664" lon="2.8582263000000125">
<ele>273.71717774864965</ele>
<time>2026-08-28T05:07:27.508Z</time>
</trkpt>
<trkpt lat="42.0016099" lon="2.8582542000000046">
<ele>274.1398382961718</ele>
<time>2026-08-28T05:07:31.485Z</time>
</trkpt>
<trkpt lat="42.0016439" lon="2.8582970999999873">
<ele>274.2261783374319</ele>
<time>2026-08-28T05:07:35.485Z</time>
</trkpt>
<trkpt lat="42.001663" lon="2.8583572000000004">
<ele>273.8162321307842</ele>
<time>2026-08-28T05:07:39.503Z</time>
</trkpt>
<trkpt lat="42.0016724" lon="2.858418999999998">
<ele>273.19762492186385</ele>
<time>2026-08-28T05:07:43.345Z</time>
</trkpt>
<trkpt lat="42.0016801" lon="2.858483299999989">
<ele>272.16939234304726</ele>
<time>2026-08-28T05:07:46.887Z</time>
</trkpt>
<trkpt lat="42.0016916" lon="2.8585448999999983">
<ele>271.310668766271</ele>
<time>2026-08-28T05:07:50.485Z</time>
</trkpt>
<trkpt lat="42.0017102" lon="2.858602999999988">
<ele>270.7382566083887</ele>
<time>2026-08-28T05:07:53.704Z</time>
</trkpt>
<trkpt lat="42.0017348" lon="2.8586592999999993">
<ele>270.36720926280304</ele>
<time>2026-08-28T05:07:57.327Z</time>
</trkpt>
<trkpt lat="42.001767" lon="2.85871019999999">
<ele>270.3857263453358</ele>
<time>2026-08-28T05:08:00.982Z</time>
</trkpt>
<trkpt lat="42.0017988" lon="2.8587563000000102">
<ele>270.5347347050025</ele>
<time>2026-08-28T05:08:04.540Z</time>
</trkpt>
<trkpt lat="42.0018295" lon="2.8588062000000036">
<ele>270.4880931347136</ele>
<time>2026-08-28T05:08:08.001Z</time>
</trkpt>
<trkpt lat="42.0018627" lon="2.858849399999997">
<ele>270.54771346663745</ele>
<time>2026-08-28T05:08:11.527Z</time>
</trkpt>
<trkpt lat="42.0018966" lon="2.858892999999995">
<ele>270.5269763123379</ele>
<time>2026-08-28T05:08:15.134Z</time>
</trkpt>
<trkpt lat="42.0019377" lon="2.8589330000000075">
<ele>270.6683322525858</ele>
<time>2026-08-28T05:08:19.124Z</time>
</trkpt>
<trkpt lat="42.0019805" lon="2.8589700999999934">
<ele>271.12879979942807</ele>
<time>2026-08-28T05:08:23.246Z</time>
</trkpt>
<trkpt lat="42.0020171" lon="2.8590143000000126">
<ele>272.255139380733</ele>
<time>2026-08-28T05:08:26.901Z</time>
</trkpt>
<trkpt lat="42.0020515" lon="2.859059000000002">
<ele>273.2437575488709</ele>
<time>2026-08-28T05:08:30.485Z</time>
</trkpt>
<trkpt lat="42.0020859" lon="2.859101900000013">
<ele>274.155221519608</ele>
<time>2026-08-28T05:08:34.284Z</time>
</trkpt>
<trkpt lat="42.0021286" lon="2.8591298999999992">
<ele>275.2774561426758</ele>
<time>2026-08-28T05:08:38.228Z</time>
</trkpt>
<trkpt lat="42.0021695" lon="2.859163200000012">
<ele>276.25946704619486</ele>
<time>2026-08-28T05:08:42.325Z</time>
</trkpt>
<trkpt lat="42.0022065" lon="2.8591994999999883">
<ele>277.0475616141702</ele>
<time>2026-08-28T05:08:46.005Z</time>
</trkpt>
<trkpt lat="42.0022386" lon="2.8592492999999877">
<ele>277.5143373132291</ele>
<time>2026-08-28T05:08:49.884Z</time>
</trkpt>
<trkpt lat="42.0022451" lon="2.859312299999999">
<ele>278.9993102148662</ele>
<time>2026-08-28T05:08:53.466Z</time>
</trkpt>
<trkpt lat="42.0022397" lon="2.8593734000000097">
<ele>280.2098654987183</ele>
<time>2026-08-28T05:08:57.226Z</time>
</trkpt>
<trkpt lat="42.0022203" lon="2.859429900000009">
<ele>281.1078306545946</ele>
<time>2026-08-28T05:09:01.485Z</time>
</trkpt>
<trkpt lat="42.0021906" lon="2.8594792000000098">
<ele>281.61916919642607</ele>
<time>2026-08-28T05:09:05.263Z</time>
</trkpt>
<trkpt lat="42.0021649" lon="2.859538200000003">
<ele>282.62363437556394</ele>
<time>2026-08-28T05:09:09.503Z</time>
</trkpt>
<trkpt lat="42.0021501" lon="2.8595967999999914">
<ele>284.40397274314057</ele>
<time>2026-08-28T05:09:13.485Z</time>
</trkpt>
<trkpt lat="42.0021308" lon="2.8596564000000058">
<ele>286.19222913160746</ele>
<time>2026-08-28T05:09:17.408Z</time>
</trkpt>
<trkpt lat="42.0021098" lon="2.859710299999989">
<ele>287.8072814988174</ele>
<time>2026-08-28T05:09:22.223Z</time>
</trkpt>
<trkpt lat="42.0020821" lon="2.859758999999997">
<ele>289.20075180793054</ele>
<time>2026-08-28T05:09:26.467Z</time>
</trkpt>
<trkpt lat="42.0020508" lon="2.8598091000000068">
<ele>290.65505121823617</ele>
<time>2026-08-28T05:09:31.529Z</time>
</trkpt>
<trkpt lat="42.0020171" lon="2.8598511000000144">
<ele>291.6575313612098</ele>
<time>2026-08-28T05:09:36.127Z</time>
</trkpt>
<trkpt lat="42.0019756" lon="2.8598791999999946">
<ele>292.08092707000816</ele>
<time>2026-08-28T05:09:40.485Z</time>
</trkpt>
<trkpt lat="42.0019316" lon="2.8598955999999873">
<ele>292.0884191525783</ele>
<time>2026-08-28T05:09:45.145Z</time>
</trkpt>
<trkpt lat="42.0018927" lon="2.8599318999999923">
<ele>292.83628159675084</ele>
<time>2026-08-28T05:09:49.848Z</time>
</trkpt>
<trkpt lat="42.0018543" lon="2.859970599999997">
<ele>293.6724085397987</ele>
<time>2026-08-28T05:09:55.106Z</time>
</trkpt>
<trkpt lat="42.0018131" lon="2.8600027999999895">
<ele>294.2662421068687</ele>
<time>2026-08-28T05:09:59.543Z</time>
</trkpt>
<trkpt lat="42.0017693" lon="2.8600257999999883">
<ele>294.5301767847843</ele>
<time>2026-08-28T05:10:04.188Z</time>
</trkpt>
<trkpt lat="42.0017229" lon="2.8600461999999993">
<ele>294.68132597084093</ele>
<time>2026-08-28T05:10:08.422Z</time>
</trkpt>
<trkpt lat="42.0016755" lon="2.8600688999999875">
<ele>294.8998696658136</ele>
<time>2026-08-28T05:10:13.495Z</time>
</trkpt>
<trkpt lat="42.0016371" lon="2.8601016000000072">
<ele>295.57880528743755</ele>
<time>2026-08-28T05:10:18.367Z</time>
</trkpt>
<trkpt lat="42.0015945" lon="2.8601217000000076">
<ele>295.78991347059423</ele>
<time>2026-08-28T05:10:23.307Z</time>
</trkpt>
<trkpt lat="42.0015454" lon="2.8601251000000047">
<ele>295.28553440339357</ele>
<time>2026-08-28T05:10:29.486Z</time>
</trkpt>
<trkpt lat="42.0014989" lon="2.860145899999992">
<ele>295.48783975804946</ele>
<time>2026-08-28T05:10:33.528Z</time>
</trkpt>
<trkpt lat="42.0014577" lon="2.8601725000000044">
<ele>295.9921253085195</ele>
<time>2026-08-28T05:10:38.103Z</time>
</trkpt>
<trkpt lat="42.0014155" lon="2.8601950000000045">
<ele>296.33484358329747</ele>
<time>2026-08-28T05:10:42.485Z</time>
</trkpt>
<trkpt lat="42.0013734" lon="2.86021980000001">
<ele>296.61725669551123</ele>
<time>2026-08-28T05:10:46.495Z</time>
</trkpt>
<trkpt lat="42.0013348" lon="2.8602520000000027">
<ele>296.98391759363165</ele>
<time>2026-08-28T05:10:50.744Z</time>
</trkpt>
<trkpt lat="42.0013" lon="2.8602975000000015">
<ele>297.8465115790656</ele>
<time>2026-08-28T05:10:55.509Z</time>
</trkpt>
<trkpt lat="42.0012573" lon="2.860324100000014">
<ele>297.74806285450603</ele>
<time>2026-08-28T05:11:00.341Z</time>
</trkpt>
<trkpt lat="42.0012165" lon="2.8603636999999935">
<ele>298.0659690883531</ele>
<time>2026-08-28T05:11:05.511Z</time>
</trkpt>
<trkpt lat="42.0011871" lon="2.860414300000002">
<ele>298.9918986375439</ele>
<time>2026-08-28T05:11:10.487Z</time>
</trkpt>
<trkpt lat="42.0011548" lon="2.8604642999999896">
<ele>299.82313807618686</ele>
<time>2026-08-28T05:11:15.246Z</time>
</trkpt>
<trkpt lat="42.0011144" lon="2.8604956000000072">
<ele>299.81838405057493</ele>
<time>2026-08-28T05:11:19.948Z</time>
</trkpt>
<trkpt lat="42.0010777" lon="2.8605335999999966">
<ele>299.91895623967474</ele>
<time>2026-08-28T05:11:24.186Z</time>
</trkpt>
<trkpt lat="42.0010389" lon="2.8605737999999974">
<ele>299.89945448548</ele>
<time>2026-08-28T05:11:28.366Z</time>
</trkpt>
<trkpt lat="42.001006" lon="2.8606167000000084">
<ele>300.04638788262275</ele>
<time>2026-08-28T05:11:32.601Z</time>
</trkpt>
<trkpt lat="42.0009702" lon="2.860668099999998">
<ele>300.12339354781255</ele>
<time>2026-08-28T05:11:37.369Z</time>
</trkpt>
<trkpt lat="42.0009388" lon="2.8607139000000075">
<ele>300.0661413574312</ele>
<time>2026-08-28T05:11:42.122Z</time>
</trkpt>
<trkpt lat="42.0009099" lon="2.8607608000000084">
<ele>300.0701696548255</ele>
<time>2026-08-28T05:11:46.465Z</time>
</trkpt>
<trkpt lat="42.0008796" lon="2.860805599999992">
<ele>299.9120422411236</ele>
<time>2026-08-28T05:11:50.485Z</time>
</trkpt>
<trkpt lat="42.0008517" lon="2.860853200000008">
<ele>299.8558433681499</ele>
<time>2026-08-28T05:11:54.406Z</time>
</trkpt>
<trkpt lat="42.0008322" lon="2.8609088000000042">
<ele>300.29818445832547</ele>
<time>2026-08-28T05:11:58.603Z</time>
</trkpt>
<trkpt lat="42.0008144" lon="2.8609685000000127">
<ele>300.63777362354733</ele>
<time>2026-08-28T05:12:02.889Z</time>
</trkpt>
<trkpt lat="42.0007934" lon="2.8610231000000113">
<ele>300.7905179519993</ele>
<time>2026-08-28T05:12:07.486Z</time>
</trkpt>
<trkpt lat="42.0007761" lon="2.8610823999999866">
<ele>301.15960635948363</ele>
<time>2026-08-28T05:12:11.883Z</time>
</trkpt>
<trkpt lat="42.0007627" lon="2.8611424000000056">
<ele>301.6821577231466</ele>
<time>2026-08-28T05:12:16.485Z</time>
</trkpt>
<trkpt lat="42.0007451" lon="2.861199400000004">
<ele>302.06452426664765</ele>
<time>2026-08-28T05:12:20.506Z</time>
</trkpt>
<trkpt lat="42.0007276" lon="2.861259600000011">
<ele>301.8426473995012</ele>
<time>2026-08-28T05:12:25.128Z</time>
</trkpt>
<trkpt lat="42.0007155" lon="2.8613182999999935">
<ele>301.7930295411624</ele>
<time>2026-08-28T05:12:30.513Z</time>
</trkpt>
<trkpt lat="42.0006987" lon="2.8613790999999935">
<ele>301.7341200041804</ele>
<time>2026-08-28T05:12:35.485Z</time>
</trkpt>
<trkpt lat="42.0006824" lon="2.8614392000000066">
<ele>301.7577659928676</ele>
<time>2026-08-28T05:12:39.511Z</time>
</trkpt>
<trkpt lat="42.0006637" lon="2.861497700000001">
<ele>301.5612462679885</ele>
<time>2026-08-28T05:12:44.045Z</time>
</trkpt>
<trkpt lat="42.0006438" lon="2.861558300000013">
<ele>301.0079350255633</ele>
<time>2026-08-28T05:12:48.385Z</time>
</trkpt>
<trkpt lat="42.0006179" lon="2.861615499999999">
<ele>300.47238071527494</ele>
<time>2026-08-28T05:12:54.061Z</time>
</trkpt>
<trkpt lat="42.0005729" lon="2.861641800000001">
<ele>299.98144764252856</ele>
<time>2026-08-28T05:12:58.485Z</time>
</trkpt>
<trkpt lat="42.0005263" lon="2.8616500999999914">
<ele>300.121021146383</ele>
<time>2026-08-28T05:13:02.485Z</time>
</trkpt>
<trkpt lat="42.0005571" lon="2.861695400000002">
<ele>299.6625116863827</ele>
<time>2026-08-28T05:13:12.226Z</time>
</trkpt>
<trkpt lat="42.0006057" lon="2.861707700000011">
<ele>299.94003540673066</ele>
<time>2026-08-28T05:13:17.009Z</time>
</trkpt>
<trkpt lat="42.0006574" lon="2.861716599999994">
<ele>300.23085333706103</ele>
<time>2026-08-28T05:13:21.382Z</time>
</trkpt>
<trkpt lat="42.0007072" lon="2.8617102000000045">
<ele>300.5944645050778</ele>
<time>2026-08-28T05:13:26.506Z</time>
</trkpt>
<trkpt lat="42.0007539" lon="2.8617161999999894">
<ele>300.8537888749114</ele>
<time>2026-08-28T05:13:30.347Z</time>
</trkpt>
<trkpt lat="42.0008027" lon="2.861711899999989">
<ele>301.2059588741735</ele>
<time>2026-08-28T05:13:36.067Z</time>
</trkpt>
<trkpt lat="42.0008491" lon="2.8617187000000115">
<ele>301.53330872163303</ele>
<time>2026-08-28T05:13:40.484Z</time>
</trkpt>
<trkpt lat="42.0008951" lon="2.861719800000003">
<ele>302.10450519470436</ele>
<time>2026-08-28T05:13:44.467Z</time>
</trkpt>
<trkpt lat="42.0009422" lon="2.8617241999999976">
<ele>302.64806311469255</ele>
<time>2026-08-28T05:13:49.228Z</time>
</trkpt>
<trkpt lat="42.0009868" lon="2.8617366000000004">
<ele>303.0484310112549</ele>
<time>2026-08-28T05:13:53.505Z</time>
</trkpt>
<trkpt lat="42.0010339" lon="2.861744399999992">
<ele>303.51895282305213</ele>
<time>2026-08-28T05:13:58.067Z</time>
</trkpt>
<trkpt lat="42.0010824" lon="2.861753099999987">
<ele>303.97278493857186</ele>
<time>2026-08-28T05:14:02.521Z</time>
</trkpt>
<trkpt lat="42.0011279" lon="2.861775599999987">
<ele>304.21325587246565</ele>
<time>2026-08-28T05:14:06.028Z</time>
</trkpt>
<trkpt lat="42.0011753" lon="2.8617798999999877">
<ele>305.20702700950625</ele>
<time>2026-08-28T05:14:10.515Z</time>
</trkpt>
<trkpt lat="42.0012228" lon="2.8617961999999864">
<ele>305.9850657469413</ele>
<time>2026-08-28T05:14:15.065Z</time>
</trkpt>
<trkpt lat="42.0012668" lon="2.861817099999996">
<ele>306.62671683921866</ele>
<time>2026-08-28T05:14:19.484Z</time>
</trkpt>
<trkpt lat="42.0013136" lon="2.8618371999999965">
<ele>307.382610900068</ele>
<time>2026-08-28T05:14:23.125Z</time>
</trkpt>
<trkpt lat="42.0013551" lon="2.8618719000000112">
<ele>307.8054327222669</ele>
<time>2026-08-28T05:14:27.869Z</time>
</trkpt>
<trkpt lat="42.0013965" lon="2.861896900000005">
<ele>308.4291598737376</ele>
<time>2026-08-28T05:14:31.401Z</time>
</trkpt>
<trkpt lat="42.0014384" lon="2.861931900000002">
<ele>308.8806710382407</ele>
<time>2026-08-28T05:14:35.927Z</time>
</trkpt>
<trkpt lat="42.0014772" lon="2.8619640000000004">
<ele>309.2424777498185</ele>
<time>2026-08-28T05:14:39.486Z</time>
</trkpt>
<trkpt lat="42.0015128" lon="2.8620023000000003">
<ele>309.358104910226</ele>
<time>2026-08-28T05:14:43.205Z</time>
</trkpt>
<trkpt lat="42.0015507" lon="2.862037799999996">
<ele>309.5088215708369</ele>
<time>2026-08-28T05:14:46.845Z</time>
</trkpt>
<trkpt lat="42.0015905" lon="2.8620696000000123">
<ele>309.7889345639852</ele>
<time>2026-08-28T05:14:51.067Z</time>
</trkpt>
<trkpt lat="42.0016312" lon="2.862105299999996">
<ele>310.1157929110336</ele>
<time>2026-08-28T05:14:55.248Z</time>
</trkpt>
<trkpt lat="42.0016718" lon="2.8621397999999942">
<ele>310.5764491794085</ele>
<time>2026-08-28T05:14:59.423Z</time>
</trkpt>
<trkpt lat="42.0017116" lon="2.862177900000006">
<ele>311.1314938562304</ele>
<time>2026-08-28T05:15:03.549Z</time>
</trkpt>
<trkpt lat="42.0017457" lon="2.8622231999999883">
<ele>311.3379094672018</ele>
<time>2026-08-28T05:15:07.362Z</time>
</trkpt>
<trkpt lat="42.0017773" lon="2.862266699999992">
<ele>311.4454784752504</ele>
<time>2026-08-28T05:15:11.068Z</time>
</trkpt>
<trkpt lat="42.0018115" lon="2.8623158000000046">
<ele>311.44384838229007</ele>
<time>2026-08-28T05:15:15.143Z</time>
</trkpt>
<trkpt lat="42.0018411" lon="2.8623632000000043">
<ele>311.16678777348716</ele>
<time>2026-08-28T05:15:20.485Z</time>
</trkpt>
<trkpt lat="42.0018702" lon="2.8624102999999934">
<ele>310.78300796222067</ele>
<time>2026-08-28T05:15:24.188Z</time>
</trkpt>
<trkpt lat="42.0019106" lon="2.8624421000000098">
<ele>310.9156141874585</ele>
<time>2026-08-28T05:15:27.826Z</time>
</trkpt>
<trkpt lat="42.001955" lon="2.862456900000012">
<ele>311.3753972855137</ele>
<time>2026-08-28T05:15:31.602Z</time>
</trkpt>
<trkpt lat="42.0020021" lon="2.8624600999999927">
<ele>311.6230108178922</ele>
<time>2026-08-28T05:15:35.484Z</time>
</trkpt>
<trkpt lat="42.0020514" lon="2.862469400000009">
<ele>311.69149172015676</ele>
<time>2026-08-28T05:15:39.485Z</time>
</trkpt>
<trkpt lat="42.0020995" lon="2.862474899999995">
<ele>311.8387125118906</ele>
<time>2026-08-28T05:15:43.324Z</time>
</trkpt>
<trkpt lat="42.0021446" lon="2.8624815999999953">
<ele>311.90693407017613</ele>
<time>2026-08-28T05:15:46.905Z</time>
</trkpt>
<trkpt lat="42.00219" lon="2.862483800000007">
<ele>312.11269621975856</ele>
<time>2026-08-28T05:15:50.504Z</time>
</trkpt>
<trkpt lat="42.0022378" lon="2.8624837000000127">
<ele>312.5195144754414</ele>
<time>2026-08-28T05:15:54.489Z</time>
</trkpt>
<trkpt lat="42.002283" lon="2.8624791000000016">
<ele>313.3589366410049</ele>
<time>2026-08-28T05:15:58.344Z</time>
</trkpt>
<trkpt lat="42.0023283" lon="2.862478699999997">
<ele>314.04638800877296</ele>
<time>2026-08-28T05:16:02.242Z</time>
</trkpt>
<trkpt lat="42.0023764" lon="2.8624808000000144">
<ele>314.6855368766951</ele>
<time>2026-08-28T05:16:06.203Z</time>
</trkpt>
<trkpt lat="42.0024249" lon="2.8624796999999944">
<ele>315.44569816047306</ele>
<time>2026-08-28T05:16:10.149Z</time>
</trkpt>
<trkpt lat="42.0024733" lon="2.862480299999987">
<ele>316.1436094161094</ele>
<time>2026-08-28T05:16:14.123Z</time>
</trkpt>
<trkpt lat="42.0025203" lon="2.8624915000000044">
<ele>316.5808386820716</ele>
<time>2026-08-28T05:16:17.442Z</time>
</trkpt>
<trkpt lat="42.0025689" lon="2.862507700000009">
<ele>317.14446364838597</ele>
<time>2026-08-28T05:16:23.143Z</time>
</trkpt>
<trkpt lat="42.0026138" lon="2.8625198999999952">
<ele>317.78901935211206</ele>
<time>2026-08-28T05:16:27.309Z</time>
</trkpt>
<trkpt lat="42.0026597" lon="2.8625274000000047">
<ele>318.63209449983077</ele>
<time>2026-08-28T05:16:32.081Z</time>
</trkpt>
<trkpt lat="42.0027056" lon="2.862528999999995">
<ele>319.67164846489374</ele>
<time>2026-08-28T05:16:38.495Z</time>
</trkpt>
<trkpt lat="42.0027565" lon="2.8625293000000056">
<ele>320.87174453837974</ele>
<time>2026-08-28T05:16:44.162Z</time>
</trkpt>
<trkpt lat="42.0028022" lon="2.862528700000013">
<ele>322.1467844938664</ele>
<time>2026-08-28T05:16:49.518Z</time>
</trkpt>
<trkpt lat="42.0028493" lon="2.8625247999999885">
<ele>323.76956600947693</ele>
<time>2026-08-28T05:16:54.389Z</time>
</trkpt>
<trkpt lat="42.0028953" lon="2.8625318999999934">
<ele>325.04944576822095</ele>
<time>2026-08-28T05:16:59.348Z</time>
</trkpt>
<trkpt lat="42.0029433" lon="2.8625489000000073">
<ele>326.1303734352223</ele>
<time>2026-08-28T05:17:04.443Z</time>
</trkpt>
<trkpt lat="42.0029827" lon="2.8625788999999884">
<ele>326.59804460740725</ele>
<time>2026-08-28T05:17:09.488Z</time>
</trkpt>
<trkpt lat="42.0030285" lon="2.8626012000000003">
<ele>327.5833030520106</ele>
<time>2026-08-28T05:17:17.405Z</time>
</trkpt>
<trkpt lat="42.0030659" lon="2.8626408000000083">
<ele>328.0915837548277</ele>
<time>2026-08-28T05:17:21.554Z</time>
</trkpt>
<trkpt lat="42.0031008" lon="2.8626878000000033">
<ele>328.5591770893968</ele>
<time>2026-08-28T05:17:26.485Z</time>
</trkpt>
<trkpt lat="42.0031407" lon="2.862728400000009">
<ele>329.32535371188624</ele>
<time>2026-08-28T05:17:31.106Z</time>
</trkpt>
<trkpt lat="42.0031782" lon="2.862766800000003">
<ele>330.01488782400827</ele>
<time>2026-08-28T05:17:35.512Z</time>
</trkpt>
<trkpt lat="42.0032082" lon="2.8628188000000137">
<ele>330.10450717829923</ele>
<time>2026-08-28T05:17:40.008Z</time>
</trkpt>
<trkpt lat="42.0032428" lon="2.8628697000000045">
<ele>330.3385395447525</ele>
<time>2026-08-28T05:17:45.226Z</time>
</trkpt>
<trkpt lat="42.0032804" lon="2.8629133000000024">
<ele>330.62639277037886</ele>
<time>2026-08-28T05:17:50.463Z</time>
</trkpt>
<trkpt lat="42.0033199" lon="2.8629444999999976">
<ele>331.3709087469563</ele>
<time>2026-08-28T05:17:55.402Z</time>
</trkpt>
<trkpt lat="42.0033576" lon="2.8629840000000115">
<ele>331.8439056798532</ele>
<time>2026-08-28T05:18:00.508Z</time>
</trkpt>
<trkpt lat="42.0033971" lon="2.8630152000000066">
<ele>332.6127948457455</ele>
<time>2026-08-28T05:18:05.161Z</time>
</trkpt>
<trkpt lat="42.0034409" lon="2.8630389999999863">
<ele>333.77424751990714</ele>
<time>2026-08-28T05:18:10.386Z</time>
</trkpt>
<trkpt lat="42.0034811" lon="2.8630714999999896">
<ele>334.63421671604806</ele>
<time>2026-08-28T05:18:15.523Z</time>
</trkpt>
<trkpt lat="42.003523" lon="2.8631023000000084">
<ele>335.6515517513259</ele>
<time>2026-08-28T05:18:20.305Z</time>
</trkpt>
<trkpt lat="42.0035699" lon="2.8631230999999957">
<ele>337.1359806273165</ele>
<time>2026-08-28T05:18:25.343Z</time>
</trkpt>
<trkpt lat="42.0036084" lon="2.86316690000001">
<ele>337.88444520983217</ele>
<time>2026-08-28T05:18:31.161Z</time>
</trkpt>
<trkpt lat="42.0036433" lon="2.8632088999999894">
<ele>338.0692626214645</ele>
<time>2026-08-28T05:18:35.822Z</time>
</trkpt>
<trkpt lat="42.0036785" lon="2.863258000000002">
<ele>337.8800483470958</ele>
<time>2026-08-28T05:18:40.500Z</time>
</trkpt>
<trkpt lat="42.0037202" lon="2.863283200000012">
<ele>338.2228058403437</ele>
<time>2026-08-28T05:18:45.485Z</time>
</trkpt>
<trkpt lat="42.0037658" lon="2.863303699999989">
<ele>338.6816466946167</ele>
<time>2026-08-28T05:18:50.104Z</time>
</trkpt>
<trkpt lat="42.0038112" lon="2.8633145000000013">
<ele>339.3143755475061</ele>
<time>2026-08-28T05:18:54.944Z</time>
</trkpt>
<trkpt lat="42.0038555" lon="2.8633033000000125">
<ele>340.46946978261866</ele>
<time>2026-08-28T05:18:59.824Z</time>
</trkpt>
<trkpt lat="42.0039035" lon="2.863282599999991">
<ele>341.8540565313871</ele>
<time>2026-08-28T05:19:04.510Z</time>
</trkpt>
<trkpt lat="42.0039472" lon="2.8632633">
<ele>342.62945853672744</ele>
<time>2026-08-28T05:19:09.485Z</time>
</trkpt>
<trkpt lat="42.0039947" lon="2.863257599999997">
<ele>343.06120353892334</ele>
<time>2026-08-28T05:19:13.525Z</time>
</trkpt>
<trkpt lat="42.0040403" lon="2.8632432999999935">
<ele>343.75832091762015</ele>
<time>2026-08-28T05:19:18.742Z</time>
</trkpt>
<trkpt lat="42.0040899" lon="2.863238200000012">
<ele>344.21688197868673</ele>
<time>2026-08-28T05:19:23.484Z</time>
</trkpt>
<trkpt lat="42.004135" lon="2.8632258000000093">
<ele>344.89861554972265</ele>
<time>2026-08-28T05:19:27.498Z</time>
</trkpt>
<trkpt lat="42.0041835" lon="2.863219100000009">
<ele>345.49523590829233</ele>
<time>2026-08-28T05:19:31.386Z</time>
</trkpt>
<trkpt lat="42.0042287" lon="2.8632208999999875">
<ele>345.9798155237754</ele>
<time>2026-08-28T05:19:36.185Z</time>
</trkpt>
<trkpt lat="42.0042818" lon="2.863216599999987">
<ele>346.75391201929676</ele>
<time>2026-08-28T05:19:40.523Z</time>
</trkpt>
<trkpt lat="42.0043284" lon="2.8632140999999933">
<ele>347.38631110145127</ele>
<time>2026-08-28T05:19:45.362Z</time>
</trkpt>
<trkpt lat="42.0043781" lon="2.863209100000006">
<ele>348.12261796290056</ele>
<time>2026-08-28T05:19:50.388Z</time>
</trkpt>
<trkpt lat="42.0044258" lon="2.8632107999999903">
<ele>348.63723573980474</ele>
<time>2026-08-28T05:19:54.986Z</time>
</trkpt>
<trkpt lat="42.0044709" lon="2.8632155999999895">
<ele>349.2685512113762</ele>
<time>2026-08-28T05:19:59.382Z</time>
</trkpt>
<trkpt lat="42.0045165" lon="2.863214699999986">
<ele>350.347010613563</ele>
<time>2026-08-28T05:20:03.561Z</time>
</trkpt>
<trkpt lat="42.0045632" lon="2.8632215000000087">
<ele>351.25687647250936</ele>
<time>2026-08-28T05:20:07.983Z</time>
</trkpt>
<trkpt lat="42.0046098" lon="2.8632235000000037">
<ele>352.29296107628926</ele>
<time>2026-08-28T05:20:13.485Z</time>
</trkpt>
<trkpt lat="42.0046547" lon="2.8632293999999945">
<ele>353.2034661306514</ele>
<time>2026-08-28T05:20:17.644Z</time>
</trkpt>
<trkpt lat="42.0047039" lon="2.8632431000000054">
<ele>354.05492080189697</ele>
<time>2026-08-28T05:20:22.548Z</time>
</trkpt>
<trkpt lat="42.004752" lon="2.863257900000008">
<ele>354.7544709510536</ele>
<time>2026-08-28T05:20:27.322Z</time>
</trkpt>
<trkpt lat="42.0048002" lon="2.863276500000012">
<ele>355.26811979520227</ele>
<time>2026-08-28T05:20:32.307Z</time>
</trkpt>
<trkpt lat="42.0048407" lon="2.8633074999999906">
<ele>355.4316240972253</ele>
<time>2026-08-28T05:20:37.144Z</time>
</trkpt>
<trkpt lat="42.0048859" lon="2.8633083">
<ele>356.29290532268703</ele>
<time>2026-08-28T05:20:41.484Z</time>
</trkpt>
<trkpt lat="42.0049331" lon="2.8633197999999993">
<ele>357.0083056700263</ele>
<time>2026-08-28T05:20:46.492Z</time>
</trkpt>
<trkpt lat="42.0049808" lon="2.8633054999999956">
<ele>358.17957665403884</ele>
<time>2026-08-28T05:20:51.244Z</time>
</trkpt>
<trkpt lat="42.0050182" lon="2.8632637000000045">
<ele>359.35881060862255</ele>
<time>2026-08-28T05:20:55.492Z</time>
</trkpt>
<trkpt lat="42.0050617" lon="2.8632366999999874">
<ele>359.8242396737724</ele>
<time>2026-08-28T05:21:01.067Z</time>
</trkpt>
<trkpt lat="42.0051092" lon="2.863226900000001">
<ele>360.02150750286415</ele>
<time>2026-08-28T05:21:05.383Z</time>
</trkpt>
<trkpt lat="42.005156" lon="2.863209100000006">
<ele>360.353488543488</ele>
<time>2026-08-28T05:21:10.183Z</time>
</trkpt>
<trkpt lat="42.0052019" lon="2.863175500000011">
<ele>360.95391655440255</ele>
<time>2026-08-28T05:21:14.445Z</time>
</trkpt>
<trkpt lat="42.0052428" lon="2.863139600000011">
<ele>361.5964526519029</ele>
<time>2026-08-28T05:21:18.524Z</time>
</trkpt>
<trkpt lat="42.0052837" lon="2.8631095000000073">
<ele>362.1255286008588</ele>
<time>2026-08-28T05:21:22.484Z</time>
</trkpt>
<trkpt lat="42.0053238" lon="2.863079099999993">
<ele>361.68221985384884</ele>
<time>2026-08-28T05:21:25.843Z</time>
</trkpt>
<trkpt lat="42.0053565" lon="2.863032099999998">
<ele>361.7622321051615</ele>
<time>2026-08-28T05:21:31.128Z</time>
</trkpt>
<trkpt lat="42.0053851" lon="2.8629821000000106">
<ele>362.09100243056827</ele>
<time>2026-08-28T05:21:35.468Z</time>
</trkpt>
<trkpt lat="42.0054128" lon="2.862933300000009">
<ele>362.5099122987892</ele>
<time>2026-08-28T05:21:39.803Z</time>
</trkpt>
<trkpt lat="42.0054333" lon="2.862876199999988">
<ele>363.321803701193</ele>
<time>2026-08-28T05:21:44.402Z</time>
</trkpt>
<trkpt lat="42.0054667" lon="2.862832200000014">
<ele>363.52171923954086</ele>
<time>2026-08-28T05:21:48.144Z</time>
</trkpt>
<trkpt lat="42.0054942" lon="2.86277419999999">
<ele>364.03221024653567</ele>
<time>2026-08-28T05:21:52.021Z</time>
</trkpt>
<trkpt lat="42.0055233" lon="2.8627276999999935">
<ele>364.3793396175124</ele>
<time>2026-08-28T05:21:55.703Z</time>
</trkpt>
<trkpt lat="42.0055588" lon="2.8626892999999995">
<ele>364.54310242556375</ele>
<time>2026-08-28T05:21:59.484Z</time>
</trkpt>
<trkpt lat="42.0055995" lon="2.8626529999999946">
<ele>364.15267841930165</ele>
<time>2026-08-28T05:22:03.188Z</time>
</trkpt>
<trkpt lat="42.0056367" lon="2.862615699999992">
<ele>363.95133789345897</ele>
<time>2026-08-28T05:22:06.539Z</time>
</trkpt>
<trkpt lat="42.005679" lon="2.8625663999999915">
<ele>363.9195601441623</ele>
<time>2026-08-28T05:22:10.168Z</time>
</trkpt>
<trkpt lat="42.0057248" lon="2.8625470000000064">
<ele>363.2343167972183</ele>
<time>2026-08-28T05:22:14.422Z</time>
</trkpt>
<trkpt lat="42.0057668" lon="2.862520399999994">
<ele>362.8353405747657</ele>
<time>2026-08-28T05:22:18.461Z</time>
</trkpt>
<trkpt lat="42.0058101" lon="2.8625014000000135">
<ele>362.32256090604596</ele>
<time>2026-08-28T05:22:22.703Z</time>
</trkpt>
<trkpt lat="42.0058583" lon="2.862493900000004">
<ele>361.5978064186125</ele>
<time>2026-08-28T05:22:26.902Z</time>
</trkpt>
<trkpt lat="42.0059054" lon="2.8624830999999915">
<ele>361.1729422803688</ele>
<time>2026-08-28T05:22:31.167Z</time>
</trkpt>
<trkpt lat="42.0059505" lon="2.862473399999999">
<ele>360.7810104698035</ele>
<time>2026-08-28T05:22:35.326Z</time>
</trkpt>
<trkpt lat="42.0059966" lon="2.86246349999999">
<ele>360.4100149481517</ele>
<time>2026-08-28T05:22:39.365Z</time>
</trkpt>
<trkpt lat="42.0060431" lon="2.862445600000001">
<ele>360.2980205569231</ele>
<time>2026-08-28T05:22:42.969Z</time>
</trkpt>
<trkpt lat="42.0060928" lon="2.8624379000000033">
<ele>359.886198017823</ele>
<time>2026-08-28T05:22:47.206Z</time>
</trkpt>
<trkpt lat="42.0061366" lon="2.8624580000000037">
<ele>358.79416878959853</ele>
<time>2026-08-28T05:22:51.496Z</time>
</trkpt>
<trkpt lat="42.0061803" lon="2.8624240999999984">
<ele>359.67434229681055</ele>
<time>2026-08-28T05:22:53.829Z</time>
</trkpt>
<trkpt lat="42.0062354" lon="2.862422699999996">
<ele>359.4467640511672</ele>
<time>2026-08-28T05:22:57.362Z</time>
</trkpt>
<trkpt lat="42.0062817" lon="2.86243300000001">
<ele>358.8199300552643</ele>
<time>2026-08-28T05:23:00.689Z</time>
</trkpt>
<trkpt lat="42.0063241" lon="2.86245550000001">
<ele>357.68787799868215</ele>
<time>2026-08-28T05:23:03.886Z</time>
</trkpt>
<trkpt lat="42.006372" lon="2.862471499999998">
<ele>356.7117546034947</ele>
<time>2026-08-28T05:23:07.283Z</time>
</trkpt>
<trkpt lat="42.006416" lon="2.8624962000000096">
<ele>355.68460638744006</ele>
<time>2026-08-28T05:23:11.168Z</time>
</trkpt>
<trkpt lat="42.0064645" lon="2.862509200000005">
<ele>355.70959793304735</ele>
<time>2026-08-28T05:23:15.485Z</time>
</trkpt>
<trkpt lat="42.0065014" lon="2.862546100000003">
<ele>354.5941050448931</ele>
<time>2026-08-28T05:23:19.485Z</time>
</trkpt>
<trkpt lat="42.0065485" lon="2.8625562999999943">
<ele>354.7474774227655</ele>
<time>2026-08-28T05:23:22.924Z</time>
</trkpt>
<trkpt lat="42.0065941" lon="2.8625697999999886">
<ele>354.75290323960473</ele>
<time>2026-08-28T05:23:26.683Z</time>
</trkpt>
<trkpt lat="42.0066386" lon="2.8625853000000063">
<ele>354.6720934881645</ele>
<time>2026-08-28T05:23:30.143Z</time>
</trkpt>
<trkpt lat="42.0066854" lon="2.8625987000000066">
<ele>354.47408190236814</ele>
<time>2026-08-28T05:23:33.848Z</time>
</trkpt>
<trkpt lat="42.0067432" lon="2.862599700000004">
<ele>354.46675154266467</ele>
<time>2026-08-28T05:23:38.227Z</time>
</trkpt>
<trkpt lat="42.0067878" lon="2.8625830000000008">
<ele>355.29960733882933</ele>
<time>2026-08-28T05:23:42.527Z</time>
</trkpt>
<trkpt lat="42.0068317" lon="2.862563999999992">
<ele>356.11307616702777</ele>
<time>2026-08-28T05:23:46.358Z</time>
</trkpt>
<trkpt lat="42.0068764" lon="2.862550199999987">
<ele>356.7175171262484</ele>
<time>2026-08-28T05:23:50.484Z</time>
</trkpt>
<trkpt lat="42.0069213" lon="2.862534199999999">
<ele>357.4199031564348</ele>
<time>2026-08-28T05:23:54.484Z</time>
</trkpt>
<trkpt lat="42.0069711" lon="2.8625187000000096">
<ele>357.89210322495006</ele>
<time>2026-08-28T05:23:59.188Z</time>
</trkpt>
<trkpt lat="42.0070196" lon="2.862499299999996">
<ele>358.12019306288687</ele>
<time>2026-08-28T05:24:03.509Z</time>
</trkpt>
<trkpt lat="42.0070645" lon="2.862476700000002">
<ele>358.5225950858425</ele>
<time>2026-08-28T05:24:07.903Z</time>
</trkpt>
<trkpt lat="42.0071126" lon="2.8624603000000093">
<ele>358.6230419912187</ele>
<time>2026-08-28T05:24:12.322Z</time>
</trkpt>
<trkpt lat="42.007162" lon="2.862450700000011">
<ele>358.4210792139129</ele>
<time>2026-08-28T05:24:17.226Z</time>
</trkpt>
<trkpt lat="42.0072036" lon="2.8624169999999935">
<ele>359.31598149125443</ele>
<time>2026-08-28T05:24:21.485Z</time>
</trkpt>
<trkpt lat="42.0072447" lon="2.8623891999999955">
<ele>360.00433294843765</ele>
<time>2026-08-28T05:24:26.485Z</time>
</trkpt>
<trkpt lat="42.007287" lon="2.8623613000000034">
<ele>360.77963777989135</ele>
<time>2026-08-28T05:24:31.343Z</time>
</trkpt>
<trkpt lat="42.0073358" lon="2.8623441999999955">
<ele>361.05459386413963</ele>
<time>2026-08-28T05:24:36.366Z</time>
</trkpt>
<trkpt lat="42.0073802" lon="2.8623335999999995">
<ele>361.10268334652517</ele>
<time>2026-08-28T05:24:40.808Z</time>
</trkpt>
<trkpt lat="42.0074293" lon="2.862327399999998">
<ele>360.92632801466164</ele>
<time>2026-08-28T05:24:45.441Z</time>
</trkpt>
<trkpt lat="42.0074722" lon="2.862306200000006">
<ele>361.4161638479107</ele>
<time>2026-08-28T05:24:50.767Z</time>
</trkpt>
<trkpt lat="42.0074238" lon="2.862308299999995">
<ele>361.785239130262</ele>
<time>2026-08-28T05:24:56.086Z</time>
</trkpt>
<trkpt lat="42.0073771" lon="2.8623178999999936">
<ele>361.7961485664423</ele>
<time>2026-08-28T05:25:00.492Z</time>
</trkpt>
<trkpt lat="42.0073359" lon="2.862353299999995">
<ele>360.67001023649925</ele>
<time>2026-08-28T05:25:05.143Z</time>
</trkpt>
<trkpt lat="42.0072872" lon="2.8623476999999866">
<ele>361.3474661663955</ele>
<time>2026-08-28T05:25:09.506Z</time>
</trkpt>
<trkpt lat="42.0072421" lon="2.8623666000000014">
<ele>360.9693639337801</ele>
<time>2026-08-28T05:25:13.900Z</time>
</trkpt>
<trkpt lat="42.0071964" lon="2.8623818000000085">
<ele>360.8701310874937</ele>
<time>2026-08-28T05:25:18.519Z</time>
</trkpt>
<trkpt lat="42.0071527" lon="2.862397299999998">
<ele>360.7626219574446</ele>
<time>2026-08-28T05:25:22.799Z</time>
</trkpt>
<trkpt lat="42.0071071" lon="2.8624069999999904">
<ele>360.91841723226185</ele>
<time>2026-08-28T05:25:26.605Z</time>
</trkpt>
<trkpt lat="42.0070631" lon="2.8624207999999953">
<ele>360.88119225964806</ele>
<time>2026-08-28T05:25:30.363Z</time>
</trkpt>
<trkpt lat="42.0070141" lon="2.8624130000000036">
<ele>361.809673785956</ele>
<time>2026-08-28T05:25:35.249Z</time>
</trkpt>
<trkpt lat="42.0069665" lon="2.862423100000001">
<ele>361.9693496780727</ele>
<time>2026-08-28T05:25:39.427Z</time>
</trkpt>
<trkpt lat="42.0069201" lon="2.862450800000005">
<ele>360.9166481188675</ele>
<time>2026-08-28T05:25:43.485Z</time>
</trkpt>
<trkpt lat="42.0068757" lon="2.8624752000000058">
<ele>359.8475221702017</ele>
<time>2026-08-28T05:25:47.706Z</time>
</trkpt>
<trkpt lat="42.0068301" lon="2.8624968999999965">
<ele>358.8991249211465</ele>
<time>2026-08-28T05:25:51.470Z</time>
</trkpt>
<trkpt lat="42.0067847" lon="2.862512900000013">
<ele>358.1953431167686</ele>
<time>2026-08-28T05:25:54.983Z</time>
</trkpt>
<trkpt lat="42.0067387" lon="2.862522200000001">
<ele>357.7731354328148</ele>
<time>2026-08-28T05:25:58.187Z</time>
</trkpt>
<trkpt lat="42.0066931" lon="2.8625175999999897">
<ele>357.92390055210035</ele>
<time>2026-08-28T05:26:02.484Z</time>
</trkpt>
<trkpt lat="42.006647" lon="2.86252429999999">
<ele>357.2841935577889</ele>
<time>2026-08-28T05:26:06.048Z</time>
</trkpt>
<trkpt lat="42.0065957" lon="2.862519099999986">
<ele>356.87672748171</ele>
<time>2026-08-28T05:26:10.223Z</time>
</trkpt>
<trkpt lat="42.0065523" lon="2.8624984999999867">
<ele>357.21330984555027</ele>
<time>2026-08-28T05:26:13.804Z</time>
</trkpt>
<trkpt lat="42.0065046" lon="2.862478600000003">
<ele>357.4841518831755</ele>
<time>2026-08-28T05:26:18.006Z</time>
</trkpt>
<trkpt lat="42.0064589" lon="2.8624637000000064">
<ele>357.5805705655539</ele>
<time>2026-08-28T05:26:22.504Z</time>
</trkpt>
<trkpt lat="42.0064148" lon="2.8624486999999874">
<ele>357.7107523143058</ele>
<time>2026-08-28T05:26:26.407Z</time>
</trkpt>
<trkpt lat="42.0063722" lon="2.862417800000003">
<ele>358.9687343830575</ele>
<time>2026-08-28T05:26:30.868Z</time>
</trkpt>
<trkpt lat="42.0063284" lon="2.8623978999999906">
<ele>359.98053829837534</ele>
<time>2026-08-28T05:26:34.843Z</time>
</trkpt>
<trkpt lat="42.0062841" lon="2.862384999999989">
<ele>360.6537777485473</ele>
<time>2026-08-28T05:26:38.085Z</time>
</trkpt>
<trkpt lat="42.0062364" lon="2.8623909000000083">
<ele>360.6036773008453</ele>
<time>2026-08-28T05:26:41.484Z</time>
</trkpt>
<trkpt lat="42.0061912" lon="2.8624076000000116">
<ele>360.19179395523264</ele>
<time>2026-08-28T05:26:44.868Z</time>
</trkpt>
<trkpt lat="42.0061448" lon="2.8624183999999957">
<ele>360.0409428038229</ele>
<time>2026-08-28T05:26:48.485Z</time>
</trkpt>
<trkpt lat="42.0060956" lon="2.8624241999999924">
<ele>360.2749461048109</ele>
<time>2026-08-28T05:26:52.223Z</time>
</trkpt>
<trkpt lat="42.0060456" lon="2.862435699999992">
<ele>360.55574487931483</ele>
<time>2026-08-28T05:26:55.989Z</time>
</trkpt>
<trkpt lat="42.0059981" lon="2.862445100000002">
<ele>360.9002230402713</ele>
<time>2026-08-28T05:27:00.223Z</time>
</trkpt>
<trkpt lat="42.0059451" lon="2.862458099999998">
<ele>361.2543219767178</ele>
<time>2026-08-28T05:27:04.448Z</time>
</trkpt>
<trkpt lat="42.0058985" lon="2.862469400000009">
<ele>361.60666993977776</ele>
<time>2026-08-28T05:27:08.244Z</time>
</trkpt>
<trkpt lat="42.0058523" lon="2.8624896999999976">
<ele>361.7821078071211</ele>
<time>2026-08-28T05:27:12.524Z</time>
</trkpt>
<trkpt lat="42.0058098" lon="2.862513000000007">
<ele>362.0796350555457</ele>
<time>2026-08-28T05:27:16.345Z</time>
</trkpt>
<trkpt lat="42.0057648" lon="2.862536299999988">
<ele>362.56074886809506</ele>
<time>2026-08-28T05:27:20.520Z</time>
</trkpt>
<trkpt lat="42.0057187" lon="2.862556699999999">
<ele>363.1913134563162</ele>
<time>2026-08-28T05:27:25.184Z</time>
</trkpt>
<trkpt lat="42.0056733" lon="2.8625814000000105">
<ele>363.79719357597</ele>
<time>2026-08-28T05:27:29.384Z</time>
</trkpt>
<trkpt lat="42.0056335" lon="2.8626203999999973">
<ele>363.9316494866339</ele>
<time>2026-08-28T05:27:33.484Z</time>
</trkpt>
<trkpt lat="42.0055928" lon="2.8626481999999953">
<ele>364.42429983413217</ele>
<time>2026-08-28T05:27:37.365Z</time>
</trkpt>
<trkpt lat="42.0055552" lon="2.862681600000002">
<ele>364.7279243091736</ele>
<time>2026-08-28T05:27:41.484Z</time>
</trkpt>
<trkpt lat="42.0055206" lon="2.8627204999999947">
<ele>364.5404676831537</ele>
<time>2026-08-28T05:27:45.524Z</time>
</trkpt>
<trkpt lat="42.005493" lon="2.8627727999999877">
<ele>364.07358823606506</ele>
<time>2026-08-28T05:27:49.485Z</time>
</trkpt>
<trkpt lat="42.0054685" lon="2.8628287999999884">
<ele>363.54708352590126</ele>
<time>2026-08-28T05:27:53.144Z</time>
</trkpt>
<trkpt lat="42.0054488" lon="2.862883100000005">
<ele>362.9061125565102</ele>
<time>2026-08-28T05:27:56.749Z</time>
</trkpt>
<trkpt lat="42.0054193" lon="2.8629352000000097">
<ele>362.34633582594523</ele>
<time>2026-08-28T05:28:00.427Z</time>
</trkpt>
<trkpt lat="42.0053829" lon="2.862979800000005">
<ele>362.18132709256645</ele>
<time>2026-08-28T05:28:04.104Z</time>
</trkpt>
<trkpt lat="42.0053422" lon="2.863016899999991">
<ele>362.35746815152254</ele>
<time>2026-08-28T05:28:07.283Z</time>
</trkpt>
<trkpt lat="42.0052995" lon="2.8630435999999975">
<ele>362.854922016733</ele>
<time>2026-08-28T05:28:11.508Z</time>
</trkpt>
<trkpt lat="42.0052622" lon="2.8630780999999956">
<ele>362.6091003480961</ele>
<time>2026-08-28T05:28:15.491Z</time>
</trkpt>
<trkpt lat="42.0052244" lon="2.8631182000000024">
<ele>361.92288745753336</ele>
<time>2026-08-28T05:28:19.506Z</time>
</trkpt>
<trkpt lat="42.005185" lon="2.863149099999987">
<ele>361.3746816934552</ele>
<time>2026-08-28T05:28:23.305Z</time>
</trkpt>
<trkpt lat="42.0051412" lon="2.863176699999997">
<ele>360.872487547361</ele>
<time>2026-08-28T05:28:27.207Z</time>
</trkpt>
<trkpt lat="42.0050998" lon="2.8632106999999962">
<ele>360.27734815897935</ele>
<time>2026-08-28T05:28:30.869Z</time>
</trkpt>
<trkpt lat="42.0050557" lon="2.8632364000000052">
<ele>359.82433950752136</ele>
<time>2026-08-28T05:28:34.484Z</time>
</trkpt>
<trkpt lat="42.0050122" lon="2.863256799999988">
<ele>359.4647027697264</ele>
<time>2026-08-28T05:28:38.363Z</time>
</trkpt>
<trkpt lat="42.0049591" lon="2.863266799999991">
<ele>358.41311426492985</ele>
<time>2026-08-28T05:28:42.323Z</time>
</trkpt>
<trkpt lat="42.0049109" lon="2.863278799999989">
<ele>357.3040361257182</ele>
<time>2026-08-28T05:28:47.128Z</time>
</trkpt>
<trkpt lat="42.0048667" lon="2.863301199999995">
<ele>356.0534212051525</ele>
<time>2026-08-28T05:28:51.345Z</time>
</trkpt>
<trkpt lat="42.0048206" lon="2.863291800000013">
<ele>355.3504077828568</ele>
<time>2026-08-28T05:28:55.490Z</time>
</trkpt>
<trkpt lat="42.0047752" lon="2.863297700000004">
<ele>354.363581963776</ele>
<time>2026-08-28T05:28:59.102Z</time>
</trkpt>
<trkpt lat="42.0047296" lon="2.8633002999999917">
<ele>353.4330104092508</ele>
<time>2026-08-28T05:29:02.804Z</time>
</trkpt>
<trkpt lat="42.0046818" lon="2.8633087000000046">
<ele>352.05729690285534</ele>
<time>2026-08-28T05:29:06.523Z</time>
</trkpt>
<trkpt lat="42.0046397" lon="2.8632797999999866">
<ele>351.67511123317286</ele>
<time>2026-08-28T05:29:10.023Z</time>
</trkpt>
<trkpt lat="42.0045957" lon="2.863254100000006">
<ele>351.22132320895275</ele>
<time>2026-08-28T05:29:14.224Z</time>
</trkpt>
<trkpt lat="42.0045475" lon="2.863237599999991">
<ele>350.4842879182001</ele>
<time>2026-08-28T05:29:19.489Z</time>
</trkpt>
<trkpt lat="42.0044988" lon="2.8632347999999865">
<ele>349.40852549441007</ele>
<time>2026-08-28T05:29:23.547Z</time>
</trkpt>
<trkpt lat="42.004453" lon="2.8632465000000025">
<ele>348.01077224025664</ele>
<time>2026-08-28T05:29:27.507Z</time>
</trkpt>
<trkpt lat="42.0044068" lon="2.8632339000000115">
<ele>347.7577573134626</ele>
<time>2026-08-28T05:29:31.989Z</time>
</trkpt>
<trkpt lat="42.0043617" lon="2.86322770000001">
<ele>347.38299180355835</ele>
<time>2026-08-28T05:29:35.490Z</time>
</trkpt>
<trkpt lat="42.0043171" lon="2.863237099999992">
<ele>346.55290176394635</ele>
<time>2026-08-28T05:29:39.584Z</time>
</trkpt>
<trkpt lat="42.0042721" lon="2.863239099999987">
<ele>345.9311408451345</ele>
<time>2026-08-28T05:29:43.488Z</time>
</trkpt>
<trkpt lat="42.004226" lon="2.8632364999999993">
<ele>345.4408509943605</ele>
<time>2026-08-28T05:29:47.865Z</time>
</trkpt>
<trkpt lat="42.004179" lon="2.863238700000011">
<ele>344.7839465991529</ele>
<time>2026-08-28T05:29:52.404Z</time>
</trkpt>
<trkpt lat="42.0041333" lon="2.8632418999999913">
<ele>344.35962618661245</ele>
<time>2026-08-28T05:29:56.783Z</time>
</trkpt>
<trkpt lat="42.0040821" lon="2.8632463000000143">
<ele>343.91295953888</ele>
<time>2026-08-28T05:30:01.207Z</time>
</trkpt>
<trkpt lat="42.0040405" lon="2.8632794000000104">
<ele>342.65013888012317</ele>
<time>2026-08-28T05:30:04.802Z</time>
</trkpt>
<trkpt lat="42.0039966" lon="2.8633083">
<ele>341.5636673869722</ele>
<time>2026-08-28T05:30:09.086Z</time>
</trkpt>
<trkpt lat="42.0039478" lon="2.8633113999999864">
<ele>341.2543324661582</ele>
<time>2026-08-28T05:30:13.368Z</time>
</trkpt>
<trkpt lat="42.0039015" lon="2.863318399999997">
<ele>340.8549844831108</ele>
<time>2026-08-28T05:30:17.505Z</time>
</trkpt>
<trkpt lat="42.0038536" lon="2.8633245000000045">
<ele>339.87820388304175</ele>
<time>2026-08-28T05:30:22.086Z</time>
</trkpt>
<trkpt lat="42.0038019" lon="2.8633271999999863">
<ele>338.82355298674025</ele>
<time>2026-08-28T05:30:26.303Z</time>
</trkpt>
<trkpt lat="42.0037532" lon="2.8633101000000067">
<ele>338.28615468294936</ele>
<time>2026-08-28T05:30:31.126Z</time>
</trkpt>
<trkpt lat="42.0037078" lon="2.8632835999999884">
<ele>337.9601712271945</ele>
<time>2026-08-28T05:30:35.289Z</time>
</trkpt>
<trkpt lat="42.0036667" lon="2.8632585999999947">
<ele>337.61641735243364</ele>
<time>2026-08-28T05:30:39.429Z</time>
</trkpt>
<trkpt lat="42.0036353" lon="2.86321319999999">
<ele>337.8044360387988</ele>
<time>2026-08-28T05:30:44.485Z</time>
</trkpt>
<trkpt lat="42.003603" lon="2.863168900000005">
<ele>337.6186413902558</ele>
<time>2026-08-28T05:30:49.167Z</time>
</trkpt>
<trkpt lat="42.0035641" lon="2.8631353000000104">
<ele>336.6392664018887</ele>
<time>2026-08-28T05:30:54.012Z</time>
</trkpt>
<trkpt lat="42.003526" lon="2.8630985000000067">
<ele>335.8572008435281</ele>
<time>2026-08-28T05:30:58.517Z</time>
</trkpt>
<trkpt lat="42.0034842" lon="2.8630641000000026">
<ele>334.9265645645443</ele>
<time>2026-08-28T05:31:03.387Z</time>
</trkpt>
<trkpt lat="42.0034416" lon="2.8630400000000122">
<ele>333.7786193441451</ele>
<time>2026-08-28T05:31:07.532Z</time>
</trkpt>
<trkpt lat="42.0033954" lon="2.8630163999999922">
<ele>332.51687226432773</ele>
<time>2026-08-28T05:31:11.941Z</time>
</trkpt>
<trkpt lat="42.0033515" lon="2.8629986999999915">
<ele>331.23808923706355</ele>
<time>2026-08-28T05:31:16.965Z</time>
</trkpt>
<trkpt lat="42.0033176" lon="2.8629549999999995">
<ele>331.0083553808631</ele>
<time>2026-08-28T05:31:22.164Z</time>
</trkpt>
<trkpt lat="42.0032848" lon="2.8629113000000075">
<ele>330.85174204129197</ele>
<time>2026-08-28T05:31:26.785Z</time>
</trkpt>
<trkpt lat="42.0032494" lon="2.8628670999999883">
<ele>330.6623480112057</ele>
<time>2026-08-28T05:31:31.423Z</time>
</trkpt>
<trkpt lat="42.0032171" lon="2.862823600000013">
<ele>330.34846827395825</ele>
<time>2026-08-28T05:31:35.882Z</time>
</trkpt>
<trkpt lat="42.0031778" lon="2.862793399999987">
<ele>329.4511539714488</ele>
<time>2026-08-28T05:31:39.908Z</time>
</trkpt>
<trkpt lat="42.0031394" lon="2.862754999999993">
<ele>328.73478858450653</ele>
<time>2026-08-28T05:31:44.929Z</time>
</trkpt>
<trkpt lat="42.0031009" lon="2.8627223000000015">
<ele>327.87528457004856</ele>
<time>2026-08-28T05:31:48.945Z</time>
</trkpt>
<trkpt lat="42.0030661" lon="2.8626806999999985">
<ele>327.3161093715732</ele>
<time>2026-08-28T05:31:53.509Z</time>
</trkpt>
<trkpt lat="42.0030278" lon="2.8626396999999884">
<ele>326.76250997979804</ele>
<time>2026-08-28T05:31:57.966Z</time>
</trkpt>
<trkpt lat="42.0029888" lon="2.8626074999999958">
<ele>326.1271665328995</ele>
<time>2026-08-28T05:32:02.585Z</time>
</trkpt>
<trkpt lat="42.002941" lon="2.8625853000000063">
<ele>325.0646341604887</ele>
<time>2026-08-28T05:32:07.243Z</time>
</trkpt>
<trkpt lat="42.0028944" lon="2.8625653">
<ele>324.0964232492609</ele>
<time>2026-08-28T05:32:16.683Z</time>
</trkpt>
<trkpt lat="42.0028449" lon="2.8625452999999936">
<ele>323.0518113156249</ele>
<time>2026-08-28T05:32:19.968Z</time>
</trkpt>
<trkpt lat="42.0027981" lon="2.862542200000007">
<ele>321.62954426571366</ele>
<time>2026-08-28T05:32:23.664Z</time>
</trkpt>
<trkpt lat="42.0027502" lon="2.862534000000011">
<ele>320.58362120029955</ele>
<time>2026-08-28T05:32:27.484Z</time>
</trkpt>
<trkpt lat="42.0027048" lon="2.862527699999987">
<ele>319.69234985144305</ele>
<time>2026-08-28T05:32:30.909Z</time>
</trkpt>
<trkpt lat="42.0026573" lon="2.862527">
<ele>318.5878540280799</ele>
<time>2026-08-28T05:32:34.484Z</time>
</trkpt>
<trkpt lat="42.0026101" lon="2.8625155999999947">
<ele>317.84297032633776</ele>
<time>2026-08-28T05:32:38.845Z</time>
</trkpt>
<trkpt lat="42.0025634" lon="2.862507899999997">
<ele>317.00984705955665</ele>
<time>2026-08-28T05:32:43.143Z</time>
</trkpt>
<trkpt lat="42.0025107" lon="2.862509799999998">
<ele>315.71789296691793</ele>
<time>2026-08-28T05:32:47.288Z</time>
</trkpt>
<trkpt lat="42.0024646" lon="2.862503900000007">
<ele>315.1763368434044</ele>
<time>2026-08-28T05:32:51.384Z</time>
</trkpt>
<trkpt lat="42.0024174" lon="2.8624950999999896">
<ele>314.7842599284192</ele>
<time>2026-08-28T05:32:55.964Z</time>
</trkpt>
<trkpt lat="42.0023707" lon="2.8624864999999886">
<ele>314.3960777304196</ele>
<time>2026-08-28T05:32:59.538Z</time>
</trkpt>
<trkpt lat="42.002324" lon="2.862481800000012">
<ele>313.8705320225552</ele>
<time>2026-08-28T05:33:03.005Z</time>
</trkpt>
<trkpt lat="42.0022746" lon="2.8624790000000075">
<ele>313.2377739559139</ele>
<time>2026-08-28T05:33:06.484Z</time>
</trkpt>
<trkpt lat="42.0022279" lon="2.862476600000008">
<ele>312.6316879082272</ele>
<time>2026-08-28T05:33:10.266Z</time>
</trkpt>
<trkpt lat="42.0021812" lon="2.8624824000000046">
<ele>312.1073709973555</ele>
<time>2026-08-28T05:33:14.805Z</time>
</trkpt>
<trkpt lat="42.0021351" lon="2.862492599999996">
<ele>311.48294518935904</ele>
<time>2026-08-28T05:33:18.403Z</time>
</trkpt>
<trkpt lat="42.0020829" lon="2.862492400000008">
<ele>311.1851306097796</ele>
<time>2026-08-28T05:33:22.524Z</time>
</trkpt>
<trkpt lat="42.0020382" lon="2.862482699999987">
<ele>311.21063720989196</ele>
<time>2026-08-28T05:33:26.122Z</time>
</trkpt>
<trkpt lat="42.0019932" lon="2.8624612000000127">
<ele>311.5296829639526</ele>
<time>2026-08-28T05:33:30.324Z</time>
</trkpt>
<trkpt lat="42.0019475" lon="2.8624394999999936">
<ele>311.7755890151788</ele>
<time>2026-08-28T05:33:34.444Z</time>
</trkpt>
<trkpt lat="42.0019076" lon="2.862404099999992">
<ele>311.7869236010752</ele>
<time>2026-08-28T05:33:38.525Z</time>
</trkpt>
<trkpt lat="42.0018733" lon="2.86236439999999">
<ele>311.9268685816717</ele>
<time>2026-08-28T05:33:42.243Z</time>
</trkpt>
<trkpt lat="42.0018337" lon="2.862334400000009">
<ele>311.61752167101054</ele>
<time>2026-08-28T05:33:45.513Z</time>
</trkpt>
<trkpt lat="42.0017962" lon="2.862298399999986">
<ele>311.3784071074186</ele>
<time>2026-08-28T05:33:50.086Z</time>
</trkpt>
<trkpt lat="42.00176" lon="2.862256099999996">
<ele>311.1600925323341</ele>
<time>2026-08-28T05:33:54.143Z</time>
</trkpt>
<trkpt lat="42.0017239" lon="2.8622054999999875">
<ele>311.02260339108415</ele>
<time>2026-08-28T05:33:58.329Z</time>
</trkpt>
<trkpt lat="42.001689" lon="2.862164100000001">
<ele>310.6968669815944</ele>
<time>2026-08-28T05:34:02.289Z</time>
</trkpt>
<trkpt lat="42.0016502" lon="2.8621281000000067">
<ele>310.20335968592894</ele>
<time>2026-08-28T05:34:06.441Z</time>
</trkpt>
<trkpt lat="42.0016049" lon="2.8620948999999882">
<ele>309.662770376549</ele>
<time>2026-08-28T05:34:10.490Z</time>
</trkpt>
<trkpt lat="42.0015671" lon="2.8620587000000057">
<ele>309.4610241613182</ele>
<time>2026-08-28T05:34:14.484Z</time>
</trkpt>
<trkpt lat="42.0015271" lon="2.8620227000000114">
<ele>309.29143038823287</ele>
<time>2026-08-28T05:34:18.223Z</time>
</trkpt>
<trkpt lat="42.0014891" lon="2.8619866999999886">
<ele>309.1097594539546</ele>
<time>2026-08-28T05:34:21.683Z</time>
</trkpt>
<trkpt lat="42.001447" lon="2.8619549999999947">
<ele>308.69349468714915</ele>
<time>2026-08-28T05:34:25.516Z</time>
</trkpt>
<trkpt lat="42.0014013" lon="2.86193320000001">
<ele>307.96891706072563</ele>
<time>2026-08-28T05:34:29.307Z</time>
</trkpt>
<trkpt lat="42.0013565" lon="2.8619050000000072">
<ele>307.29875693308117</ele>
<time>2026-08-28T05:34:33.321Z</time>
</trkpt>
<trkpt lat="42.0013081" lon="2.861891600000007">
<ele>306.31400511840195</ele>
<time>2026-08-28T05:34:37.264Z</time>
</trkpt>
<trkpt lat="42.0012642" lon="2.8618740000000003">
<ele>305.5395369016397</ele>
<time>2026-08-28T05:34:40.725Z</time>
</trkpt>
<trkpt lat="42.0012249" lon="2.861843399999998">
<ele>305.1485539803484</ele>
<time>2026-08-28T05:34:44.485Z</time>
</trkpt>
<trkpt lat="42.0011744" lon="2.8618198000000064">
<ele>304.4014313633176</ele>
<time>2026-08-28T05:34:53.062Z</time>
</trkpt>
<trkpt lat="42.0011252" lon="2.8618026999999984">
<ele>303.5942369363487</ele>
<time>2026-08-28T05:34:56.466Z</time>
</trkpt>
<trkpt lat="42.001078" lon="2.86179469999999">
<ele>303.03855771411173</ele>
<time>2026-08-28T05:34:59.507Z</time>
</trkpt>
<trkpt lat="42.0010323" lon="2.8617848000000095">
<ele>302.6856805221321</ele>
<time>2026-08-28T05:35:02.446Z</time>
</trkpt>
<trkpt lat="42.000986" lon="2.8617783999999915">
<ele>302.2578270185457</ele>
<time>2026-08-28T05:35:06.065Z</time>
</trkpt>
<trkpt lat="42.0009389" lon="2.8617709000000104">
<ele>301.8518894109782</ele>
<time>2026-08-28T05:35:09.543Z</time>
</trkpt>
<trkpt lat="42.0008953" lon="2.861753599999986">
<ele>301.72382219053037</ele>
<time>2026-08-28T05:35:13.142Z</time>
</trkpt>
<trkpt lat="42.0008482" lon="2.8617539999999906">
<ele>301.1508311566135</ele>
<time>2026-08-28T05:35:17.264Z</time>
</trkpt>
<trkpt lat="42.000799" lon="2.8617504999999994">
<ele>300.8409638254991</ele>
<time>2026-08-28T05:35:21.344Z</time>
</trkpt>
<trkpt lat="42.0007491" lon="2.861740400000002">
<ele>300.635441224836</ele>
<time>2026-08-28T05:35:25.484Z</time>
</trkpt>
<trkpt lat="42.0007033" lon="2.861728900000003">
<ele>300.4426007950298</ele>
<time>2026-08-28T05:35:28.186Z</time>
</trkpt>
<trkpt lat="42.0006556" lon="2.8617190999999877">
<ele>300.20500010737385</ele>
<time>2026-08-28T05:35:31.968Z</time>
</trkpt>
<trkpt lat="42.0006098" lon="2.861715199999992">
<ele>299.93174210637574</ele>
<time>2026-08-28T05:35:35.623Z</time>
</trkpt>
<trkpt lat="42.0005642" lon="2.8617175999999915">
<ele>299.62852089095657</ele>
<time>2026-08-28T05:35:39.205Z</time>
</trkpt>
<trkpt lat="42.0005151" lon="2.861706499999997">
<ele>300.07659939039866</ele>
<time>2026-08-28T05:35:42.906Z</time>
</trkpt>
<trkpt lat="42.0004703" lon="2.861690199999998">
<ele>300.6070346526549</ele>
<time>2026-08-28T05:35:46.705Z</time>
</trkpt>
<trkpt lat="42.0004237" lon="2.86168219999999">
<ele>301.12009668206554</ele>
<time>2026-08-28T05:35:50.407Z</time>
</trkpt>
<trkpt lat="42.0003739" lon="2.86168219999999">
<ele>301.6517411178998</ele>
<time>2026-08-28T05:35:54.166Z</time>
</trkpt>
<trkpt lat="42.0003257" lon="2.8616777000000013">
<ele>302.16285932560305</ele>
<time>2026-08-28T05:35:58.946Z</time>
</trkpt>
<trkpt lat="42.0002796" lon="2.8616705999999965">
<ele>302.6395347630411</ele>
<time>2026-08-28T05:36:02.865Z</time>
</trkpt>
<trkpt lat="42.0002312" lon="2.861672199999987">
<ele>303.2994073876896</ele>
<time>2026-08-28T05:36:07.205Z</time>
</trkpt>
<trkpt lat="42.0001866" lon="2.8616857000000095">
<ele>303.9147202631846</ele>
<time>2026-08-28T05:36:11.445Z</time>
</trkpt>
<trkpt lat="42.0001453" lon="2.861711200000002">
<ele>304.4676668383763</ele>
<time>2026-08-28T05:36:15.809Z</time>
</trkpt>
<trkpt lat="42.0001112" lon="2.861751499999997">
<ele>304.89032434347564</ele>
<time>2026-08-28T05:36:19.609Z</time>
</trkpt>
<trkpt lat="42.0000841" lon="2.861803199999997">
<ele>305.05624829524686</ele>
<time>2026-08-28T05:36:23.949Z</time>
</trkpt>
<trkpt lat="42.0000564" lon="2.8618558000000007">
<ele>305.25744674751746</ele>
<time>2026-08-28T05:36:28.286Z</time>
</trkpt>
<trkpt lat="42.0000379" lon="2.8619147">
<ele>305.34200282291687</ele>
<time>2026-08-28T05:36:32.501Z</time>
</trkpt>
<trkpt lat="42.0000244" lon="2.8619773000000066">
<ele>305.3660989323173</ele>
<time>2026-08-28T05:36:36.444Z</time>
</trkpt>
<trkpt lat="42.0000159" lon="2.8620366000000104">
<ele>305.3506986744877</ele>
<time>2026-08-28T05:36:40.502Z</time>
</trkpt>
<trkpt lat="42.0000012" lon="2.8620942000000014">
<ele>305.53983187349996</ele>
<time>2026-08-28T05:36:44.484Z</time>
</trkpt>
<trkpt lat="41.9999808" lon="2.8621506000000068">
<ele>303.3713168637948</ele>
<time>2026-08-28T05:36:48.123Z</time>
</trkpt>
<trkpt lat="41.9999577" lon="2.862210900000008">
<ele>303.21732027226227</ele>
<time>2026-08-28T05:36:52.447Z</time>
</trkpt>
<trkpt lat="41.9999335" lon="2.862273899999991">
<ele>303.2936980805086</ele>
<time>2026-08-28T05:36:56.262Z</time>
</trkpt>
<trkpt lat="41.9999125" lon="2.8623296000000096">
<ele>303.64763354467397</ele>
<time>2026-08-28T05:37:00.503Z</time>
</trkpt>
<trkpt lat="41.9998951" lon="2.8623876999999993">
<ele>304.3410185602814</ele>
<time>2026-08-28T05:37:04.503Z</time>
</trkpt>
<trkpt lat="41.9998789" lon="2.862446299999988">
<ele>305.155978498043</ele>
<time>2026-08-28T05:37:08.704Z</time>
</trkpt>
<trkpt lat="41.999861" lon="2.8625072000000102">
<ele>306.1109227060392</ele>
<time>2026-08-28T05:37:13.003Z</time>
</trkpt>
<trkpt lat="41.9998412" lon="2.8625696999999946">
<ele>307.2173461884372</ele>
<time>2026-08-28T05:37:17.261Z</time>
</trkpt>
<trkpt lat="41.9998273" lon="2.862627599999996">
<ele>308.0641532766801</ele>
<time>2026-08-28T05:37:21.166Z</time>
</trkpt>
<trkpt lat="41.9998108" lon="2.8626841999999897">
<ele>308.8545518801246</ele>
<time>2026-08-28T05:37:24.989Z</time>
</trkpt>
<trkpt lat="41.9997924" lon="2.8627429999999947">
<ele>309.74956048281086</ele>
<time>2026-08-28T05:37:29.223Z</time>
</trkpt>
<trkpt lat="41.9997747" lon="2.862800099999987">
<ele>310.68273526776204</ele>
<time>2026-08-28T05:37:33.485Z</time>
</trkpt>
<trkpt lat="41.9997513" lon="2.8628579999999886">
<ele>311.76223971745577</ele>
<time>2026-08-28T05:37:39.089Z</time>
</trkpt>
<trkpt lat="41.999728" lon="2.862912499999993">
<ele>312.16027108997093</ele>
<time>2026-08-28T05:37:43.026Z</time>
</trkpt>
<trkpt lat="41.9997016" lon="2.862967200000014">
<ele>311.8526999647257</ele>
<time>2026-08-28T05:37:47.388Z</time>
</trkpt>
<trkpt lat="41.9996702" lon="2.8630163999999922">
<ele>311.26065094697356</ele>
<time>2026-08-28T05:37:51.492Z</time>
</trkpt>
<trkpt lat="41.9996446" lon="2.863068300000009">
<ele>310.7833790492034</ele>
<time>2026-08-28T05:37:54.945Z</time>
</trkpt>
<trkpt lat="41.9996178" lon="2.863117100000011">
<ele>310.2874746020325</ele>
<time>2026-08-28T05:37:58.766Z</time>
</trkpt>
<trkpt lat="41.9995872" lon="2.8631699999999967">
<ele>309.86025412198705</ele>
<time>2026-08-28T05:38:03.544Z</time>
</trkpt>
<trkpt lat="41.9995548" lon="2.863212500000003">
<ele>309.50403022825884</ele>
<time>2026-08-28T05:38:07.486Z</time>
</trkpt>
<trkpt lat="41.9995174" lon="2.8632609">
<ele>309.12946985930523</ele>
<time>2026-08-28T05:38:12.170Z</time>
</trkpt>
<trkpt lat="41.9994828" lon="2.8633020999999985">
<ele>308.79799153037436</ele>
<time>2026-08-28T05:38:15.484Z</time>
</trkpt>
<trkpt lat="41.9994524" lon="2.8633476999999914">
<ele>308.59911727172886</ele>
<time>2026-08-28T05:38:19.903Z</time>
</trkpt>
<trkpt lat="41.9994209" lon="2.8633940999999936">
<ele>308.29625107043023</ele>
<time>2026-08-28T05:38:24.046Z</time>
</trkpt>
<trkpt lat="41.9993836" lon="2.8634433">
<ele>308.00049932859343</ele>
<time>2026-08-28T05:38:28.489Z</time>
</trkpt>
<trkpt lat="41.9993471" lon="2.8634825000000035">
<ele>307.6982403879325</ele>
<time>2026-08-28T05:38:32.498Z</time>
</trkpt>
<trkpt lat="41.9993139" lon="2.8635275999999976">
<ele>307.58269676917365</ele>
<time>2026-08-28T05:38:36.449Z</time>
</trkpt>
<trkpt lat="41.9992767" lon="2.863568600000008">
<ele>307.42671793394277</ele>
<time>2026-08-28T05:38:40.498Z</time>
</trkpt>
<trkpt lat="41.9992345" lon="2.863609700000012">
<ele>307.2687377264774</ele>
<time>2026-08-28T05:38:44.484Z</time>
</trkpt>
<trkpt lat="41.9991922" lon="2.8636458000000005">
<ele>307.1232247150092</ele>
<time>2026-08-28T05:38:48.223Z</time>
</trkpt>
<trkpt lat="41.9991479" lon="2.8636689999999874">
<ele>306.46146999502963</ele>
<time>2026-08-28T05:38:51.964Z</time>
</trkpt>
<trkpt lat="41.9991056" lon="2.8636945000000082">
<ele>305.33626170955125</ele>
<time>2026-08-28T05:38:55.484Z</time>
</trkpt>
<trkpt lat="41.9990622" lon="2.863717799999989">
<ele>303.9859727328221</ele>
<time>2026-08-28T05:38:59.043Z</time>
</trkpt>
<trkpt lat="41.9990198" lon="2.8637395000000083">
<ele>302.6551549131231</ele>
<time>2026-08-28T05:39:02.850Z</time>
</trkpt>
<trkpt lat="41.9989882" lon="2.8637880999999936">
<ele>301.9195223606213</ele>
<time>2026-08-28T05:39:07.089Z</time>
</trkpt>
<trkpt lat="41.9989703" lon="2.8638506000000064">
<ele>301.79303386610894</ele>
<time>2026-08-28T05:39:11.322Z</time>
</trkpt>
<trkpt lat="41.9989548" lon="2.863913200000013">
<ele>301.7859562851622</ele>
<time>2026-08-28T05:39:15.185Z</time>
</trkpt>
<trkpt lat="41.9989389" lon="2.8639703999999995">
<ele>301.7617430885194</ele>
<time>2026-08-28T05:39:19.025Z</time>
</trkpt>
<trkpt lat="41.9989269" lon="2.864033699999993">
<ele>302.53696284736253</ele>
<time>2026-08-28T05:39:22.887Z</time>
</trkpt>
<trkpt lat="41.9989113" lon="2.864091000000002">
<ele>303.30110826593983</ele>
<time>2026-08-28T05:39:26.068Z</time>
</trkpt>
<trkpt lat="41.9988919" lon="2.864148">
<ele>304.12488074911</ele>
<time>2026-08-28T05:39:29.950Z</time>
</trkpt>
<trkpt lat="41.9988692" lon="2.8642064999999945">
<ele>305.1254503473384</ele>
<time>2026-08-28T05:39:34.249Z</time>
</trkpt>
<trkpt lat="41.9988519" lon="2.8642647000000068">
<ele>306.26733704746414</ele>
<time>2026-08-28T05:39:38.168Z</time>
</trkpt>
<trkpt lat="41.9988246" lon="2.8643192000000113">
<ele>307.1929135196227</ele>
<time>2026-08-28T05:39:42.524Z</time>
</trkpt>
<trkpt lat="41.9987984" lon="2.864373300000011">
<ele>308.22182490059583</ele>
<time>2026-08-28T05:39:47.007Z</time>
</trkpt>
<trkpt lat="41.9987738" lon="2.864425600000004">
<ele>309.31547686806397</ele>
<time>2026-08-28T05:39:51.369Z</time>
</trkpt>
<trkpt lat="41.9987528" lon="2.8644793999999933">
<ele>310.54310173377826</ele>
<time>2026-08-28T05:39:55.264Z</time>
</trkpt>
<trkpt lat="41.998725" lon="2.8645276999999965">
<ele>311.716115796737</ele>
<time>2026-08-28T05:39:59.102Z</time>
</trkpt>
<trkpt lat="41.9986895" lon="2.8645725000000084">
<ele>312.4053390761384</ele>
<time>2026-08-28T05:40:02.869Z</time>
</trkpt>
<trkpt lat="41.9986569" lon="2.864618500000006">
<ele>313.0635370376539</ele>
<time>2026-08-28T05:40:06.901Z</time>
</trkpt>
<trkpt lat="41.9986311" lon="2.8646683999999993">
<ele>313.7958361851269</ele>
<time>2026-08-28T05:40:11.484Z</time>
</trkpt>
<trkpt lat="41.9985961" lon="2.8647087999999883">
<ele>314.3414760050053</ele>
<time>2026-08-28T05:40:16.163Z</time>
</trkpt>
<trkpt lat="41.9985577" lon="2.8647548000000143">
<ele>314.8647520608116</ele>
<time>2026-08-28T05:40:21.547Z</time>
</trkpt>
<trkpt lat="41.9985226" lon="2.8647975000000088">
<ele>315.45171441605976</ele>
<time>2026-08-28T05:40:25.948Z</time>
</trkpt>
<trkpt lat="41.99848" lon="2.864831400000014">
<ele>315.6502119897124</ele>
<time>2026-08-28T05:40:30.285Z</time>
</trkpt>
<trkpt lat="41.9984366" lon="2.864866500000005">
<ele>315.7257429539732</ele>
<time>2026-08-28T05:40:34.519Z</time>
</trkpt>
<trkpt lat="41.9983935" lon="2.8649024000000054">
<ele>315.93132662443486</ele>
<time>2026-08-28T05:40:38.422Z</time>
</trkpt>
<trkpt lat="41.9983549" lon="2.8649336000000005">
<ele>316.2174092210743</ele>
<time>2026-08-28T05:40:42.246Z</time>
</trkpt>
<trkpt lat="41.9983108" lon="2.864965500000011">
<ele>316.3306595845327</ele>
<time>2026-08-28T05:40:46.483Z</time>
</trkpt>
<trkpt lat="41.99827" lon="2.864993300000009">
<ele>316.20884533161257</ele>
<time>2026-08-28T05:40:50.485Z</time>
</trkpt>
<trkpt lat="41.9982293" lon="2.8650256999999897">
<ele>316.26766639892696</ele>
<time>2026-08-28T05:40:54.162Z</time>
</trkpt>
<trkpt lat="41.998189" lon="2.865058900000008">
<ele>316.47863254896424</ele>
<time>2026-08-28T05:40:59.086Z</time>
</trkpt>
<trkpt lat="41.9981502" lon="2.865097999999989">
<ele>316.8734298793956</ele>
<time>2026-08-28T05:41:03.003Z</time>
</trkpt>
<trkpt lat="41.9981161" lon="2.8651432000000057">
<ele>317.2281197923201</ele>
<time>2026-08-28T05:41:07.526Z</time>
</trkpt>
<trkpt lat="41.9980761" lon="2.865172599999994">
<ele>317.5439618522546</ele>
<time>2026-08-28T05:41:11.984Z</time>
</trkpt>
<trkpt lat="41.9980388" lon="2.8652112000000045">
<ele>318.06239408141306</ele>
<time>2026-08-28T05:41:16.962Z</time>
</trkpt>
<trkpt lat="41.9980041" lon="2.8652514000000053">
<ele>318.6506549345346</ele>
<time>2026-08-28T05:41:20.484Z</time>
</trkpt>
<trkpt lat="41.9979715" lon="2.8653012000000047">
<ele>319.51075910240576</ele>
<time>2026-08-28T05:41:26.327Z</time>
</trkpt>
<trkpt lat="41.9979449" lon="2.8653518000000133">
<ele>320.4896453240272</ele>
<time>2026-08-28T05:41:30.502Z</time>
</trkpt>
<trkpt lat="41.9979151" lon="2.865399800000006">
<ele>321.20296186111557</ele>
<time>2026-08-28T05:41:34.928Z</time>
</trkpt>
<trkpt lat="41.997889" lon="2.865453300000013">
<ele>321.83546105752134</ele>
<time>2026-08-28T05:41:41.287Z</time>
</trkpt>
<trkpt lat="41.9978583" lon="2.865501099999989">
<ele>322.51783426614355</ele>
<time>2026-08-28T05:41:46.182Z</time>
</trkpt>
<trkpt lat="41.9978241" lon="2.8655478999999957">
<ele>323.2936053464157</ele>
<time>2026-08-28T05:41:50.963Z</time>
</trkpt>
<trkpt lat="41.9977881" lon="2.865588300000013">
<ele>324.09226923961046</ele>
<time>2026-08-28T05:41:55.266Z</time>
</trkpt>
<trkpt lat="41.9977492" lon="2.865630500000009">
<ele>325.0684440571112</ele>
<time>2026-08-28T05:42:00.085Z</time>
</trkpt>
<trkpt lat="41.9977065" lon="2.865653100000003">
<ele>325.8421781570102</ele>
<time>2026-08-28T05:42:04.347Z</time>
</trkpt>
<trkpt lat="41.9976699" lon="2.865689500000002">
<ele>326.3044907825491</ele>
<time>2026-08-28T05:42:08.483Z</time>
</trkpt>
<trkpt lat="41.9976261" lon="2.8657157000000097">
<ele>326.9807938838428</ele>
<time>2026-08-28T05:42:12.520Z</time>
</trkpt>
<trkpt lat="41.9975781" lon="2.865717200000006">
<ele>327.76293393060246</ele>
<time>2026-08-28T05:42:16.483Z</time>
</trkpt>
<trkpt lat="41.9975326" lon="2.865707299999997">
<ele>328.4673991404535</ele>
<time>2026-08-28T05:42:20.989Z</time>
</trkpt>
<trkpt lat="41.997487" lon="2.8657134999999982">
<ele>329.2030759241516</ele>
<time>2026-08-28T05:42:25.483Z</time>
</trkpt>
<trkpt lat="41.9974422" lon="2.865720500000009">
<ele>329.85933724528036</ele>
<time>2026-08-28T05:42:29.186Z</time>
</trkpt>
<trkpt lat="41.9973954" lon="2.865731399999987">
<ele>330.5875139627449</ele>
<time>2026-08-28T05:42:32.983Z</time>
</trkpt>
<trkpt lat="41.9973505" lon="2.8657359999999983">
<ele>331.2592650671047</ele>
<time>2026-08-28T05:42:37.263Z</time>
</trkpt>
<trkpt lat="41.9973014" lon="2.8657446999999934">
<ele>332.04061326142636</ele>
<time>2026-08-28T05:42:41.446Z</time>
</trkpt>
<trkpt lat="41.9972585" lon="2.8657650000000103">
<ele>332.87574692606285</ele>
<time>2026-08-28T05:42:45.743Z</time>
</trkpt>
<trkpt lat="41.9972122" lon="2.86578320000001">
<ele>333.7680711278677</ele>
<time>2026-08-28T05:42:50.484Z</time>
</trkpt>
<trkpt lat="41.9971704" lon="2.865809200000001">
<ele>334.61405217177656</ele>
<time>2026-08-28T05:42:55.027Z</time>
</trkpt>
<trkpt lat="41.9971242" lon="2.865828599999986">
<ele>335.4180942147351</ele>
<time>2026-08-28T05:43:00.409Z</time>
</trkpt>
<trkpt lat="41.9970791" lon="2.865848900000003">
<ele>336.1930053329389</ele>
<time>2026-08-28T05:43:05.205Z</time>
</trkpt>
<trkpt lat="41.9970334" lon="2.8658689000000095">
<ele>336.9478405738037</ele>
<time>2026-08-28T05:43:10.521Z</time>
</trkpt>
<trkpt lat="41.9969918" lon="2.8658939999999973">
<ele>337.6728063200387</ele>
<time>2026-08-28T05:43:15.330Z</time>
</trkpt>
<trkpt lat="41.9969463" lon="2.8658968000000016">
<ele>338.2367099174102</ele>
<time>2026-08-28T05:43:20.540Z</time>
</trkpt>
<trkpt lat="41.9968934" lon="2.865911000000011">
<ele>338.7479885835514</ele>
<time>2026-08-28T05:43:27.522Z</time>
</trkpt>
<trkpt lat="41.9968499" lon="2.8659265999999946">
<ele>339.09309209361265</ele>
<time>2026-08-28T05:43:32.662Z</time>
</trkpt>
<trkpt lat="41.9968057" lon="2.8659450000000106">
<ele>339.1495970892928</ele>
<time>2026-08-28T05:43:38.044Z</time>
</trkpt>
<trkpt lat="41.9967632" lon="2.8659662000000026">
<ele>339.0992583312587</ele>
<time>2026-08-28T05:43:42.945Z</time>
</trkpt>
<trkpt lat="41.9967145" lon="2.8659866000000136">
<ele>339.02073422807524</ele>
<time>2026-08-28T05:43:48.364Z</time>
</trkpt>
<trkpt lat="41.9966735" lon="2.8660222000000033">
<ele>338.5835498650622</ele>
<time>2026-08-28T05:43:54.289Z</time>
</trkpt>
<trkpt lat="41.9966282" lon="2.866048400000011">
<ele>338.02389384180293</ele>
<time>2026-08-28T05:43:59.206Z</time>
</trkpt>
<trkpt lat="41.9965896" lon="2.866080000000011">
<ele>337.24069073461897</ele>
<time>2026-08-28T05:44:03.970Z</time>
</trkpt>
<trkpt lat="41.9965418" lon="2.866090100000008">
<ele>336.7822417170731</ele>
<time>2026-08-28T05:44:08.195Z</time>
</trkpt>
<trkpt lat="41.9964962" lon="2.8660825000000045">
<ele>336.7126452234216</ele>
<time>2026-08-28T05:44:12.749Z</time>
</trkpt>
<trkpt lat="41.9964442" lon="2.866059000000007">
<ele>337.0308099804086</ele>
<time>2026-08-28T05:44:17.426Z</time>
</trkpt>
<trkpt lat="41.9964012" lon="2.8660407000000134">
<ele>337.3266314417417</ele>
<time>2026-08-28T05:44:22.262Z</time>
</trkpt>
<trkpt lat="41.9963573" lon="2.8660223999999914">
<ele>338.1210987338736</ele>
<time>2026-08-28T05:44:25.882Z</time>
</trkpt>
<trkpt lat="41.9963169" lon="2.865995499999997">
<ele>339.44578147067443</ele>
<time>2026-08-28T05:44:29.744Z</time>
</trkpt>
<trkpt lat="41.9962731" lon="2.8659662999999966">
<ele>340.9428608993758</ele>
<time>2026-08-28T05:44:34.484Z</time>
</trkpt>
<trkpt lat="41.9962293" lon="2.8659456999999975">
<ele>342.23844112959625</ele>
<time>2026-08-28T05:44:39.166Z</time>
</trkpt>
<trkpt lat="41.9961853" lon="2.8659323999999913">
<ele>343.34944809087773</ele>
<time>2026-08-28T05:44:43.457Z</time>
</trkpt>
<trkpt lat="41.9961419" lon="2.8659074999999916">
<ele>344.6559111513794</ele>
<time>2026-08-28T05:44:48.188Z</time>
</trkpt>
<trkpt lat="41.9960978" lon="2.8658823000000098">
<ele>345.91448625256294</ele>
<time>2026-08-28T05:44:52.444Z</time>
</trkpt>
<trkpt lat="41.9960536" lon="2.8658610999999894">
<ele>347.08158724581756</ele>
<time>2026-08-28T05:44:58.868Z</time>
</trkpt>
<trkpt lat="41.9960061" lon="2.865838700000012">
<ele>348.3924121842285</ele>
<time>2026-08-28T05:45:04.242Z</time>
</trkpt>
<trkpt lat="41.9959597" lon="2.865828999999991">
<ele>349.41853607151677</ele>
<time>2026-08-28T05:45:09.483Z</time>
</trkpt>
<trkpt lat="41.99592" lon="2.86579789999999">
<ele>350.94539335720043</ele>
<time>2026-08-28T05:45:14.483Z</time>
</trkpt>
<trkpt lat="41.9958741" lon="2.865772899999996">
<ele>352.49114971743796</ele>
<time>2026-08-28T05:45:19.547Z</time>
</trkpt>
<trkpt lat="41.9958285" lon="2.865747699999986">
<ele>354.1096951810319</ele>
<time>2026-08-28T05:45:26.467Z</time>
</trkpt>
<trkpt lat="41.9957815" lon="2.865732600000001">
<ele>355.28904983356637</ele>
<time>2026-08-28T05:45:32.429Z</time>
</trkpt>
<trkpt lat="41.9957355" lon="2.8657268000000045">
<ele>356.1517650166001</ele>
<time>2026-08-28T05:45:37.530Z</time>
</trkpt>
<trkpt lat="41.9956863" lon="2.865718600000008">
<ele>357.11124398603624</ele>
<time>2026-08-28T05:45:43.267Z</time>
</trkpt>
<trkpt lat="41.9956402" lon="2.865706799999998">
<ele>358.0941511250998</ele>
<time>2026-08-28T05:45:49.884Z</time>
</trkpt>
<trkpt lat="41.9955911" lon="2.8657094000000143">
<ele>358.7455737571379</ele>
<time>2026-08-28T05:45:55.321Z</time>
</trkpt>
<trkpt lat="41.9955487" lon="2.865685500000012">
<ele>359.9078184765222</ele>
<time>2026-08-28T05:46:00.149Z</time>
</trkpt>
<trkpt lat="41.9955034" lon="2.8656751999999983">
<ele>360.74034525870496</ele>
<time>2026-08-28T05:46:05.484Z</time>
</trkpt>
<trkpt lat="41.9954599" lon="2.865658300000007">
<ele>361.71968330605586</ele>
<time>2026-08-28T05:46:10.531Z</time>
</trkpt>
<trkpt lat="41.9954157" lon="2.865646099999992">
<ele>362.60049390723265</ele>
<time>2026-08-28T05:46:15.086Z</time>
</trkpt>
<trkpt lat="41.9953655" lon="2.865639499999986">
<ele>363.3107843468704</ele>
<time>2026-08-28T05:46:20.485Z</time>
</trkpt>
<trkpt lat="41.9953194" lon="2.8656421000000023">
<ele>363.9237056674314</ele>
<time>2026-08-28T05:46:24.809Z</time>
</trkpt>
<trkpt lat="41.995269" lon="2.8656435999999985">
<ele>364.577040873736</ele>
<time>2026-08-28T05:46:29.163Z</time>
</trkpt>
<trkpt lat="41.995218" lon="2.8656344000000047">
<ele>364.756835796508</ele>
<time>2026-08-28T05:46:33.483Z</time>
</trkpt>
<trkpt lat="41.9951739" lon="2.8656119000000047">
<ele>365.0071897323404</ele>
<time>2026-08-28T05:46:38.023Z</time>
</trkpt>
<trkpt lat="41.9951271" lon="2.8656376000000137">
<ele>364.99969795044586</ele>
<time>2026-08-28T05:46:43.107Z</time>
</trkpt>
<trkpt lat="41.9950827" lon="2.8656516000000067">
<ele>364.9237738435741</ele>
<time>2026-08-28T05:46:46.809Z</time>
</trkpt>
<trkpt lat="41.9950375" lon="2.865654400000011">
<ele>364.96366812207316</ele>
<time>2026-08-28T05:46:50.528Z</time>
</trkpt>
<trkpt lat="41.9949925" lon="2.865663600000005">
<ele>364.8251332879132</ele>
<time>2026-08-28T05:46:54.483Z</time>
</trkpt>
<trkpt lat="41.9949439" lon="2.865679">
<ele>364.8910466406186</ele>
<time>2026-08-28T05:46:59.065Z</time>
</trkpt>
<trkpt lat="41.9948964" lon="2.865688199999994">
<ele>365.1302869688905</ele>
<time>2026-08-28T05:47:03.325Z</time>
</trkpt>
<trkpt lat="41.9948492" lon="2.865693499999992">
<ele>365.47984903872197</ele>
<time>2026-08-28T05:47:07.549Z</time>
</trkpt>
<trkpt lat="41.9948016" lon="2.8657096000000024">
<ele>365.55756341055746</ele>
<time>2026-08-28T05:47:12.264Z</time>
</trkpt>
<trkpt lat="41.9947526" lon="2.8657229000000086">
<ele>365.7389325513694</ele>
<time>2026-08-28T05:47:17.284Z</time>
</trkpt>
<trkpt lat="41.9947051" lon="2.8657255999999904">
<ele>366.170421571867</ele>
<time>2026-08-28T05:47:21.925Z</time>
</trkpt>
<trkpt lat="41.9946589" lon="2.865715999999992">
<ele>366.81783828388797</ele>
<time>2026-08-28T05:47:25.563Z</time>
</trkpt>
<trkpt lat="41.9946116" lon="2.865718600000008">
<ele>367.1900155617682</ele>
<time>2026-08-28T05:47:29.265Z</time>
</trkpt>
<trkpt lat="41.9945629" lon="2.865727600000014">
<ele>367.48605362520794</ele>
<time>2026-08-28T05:47:32.484Z</time>
</trkpt>
<trkpt lat="41.994513" lon="2.865734500000002">
<ele>367.8735963969282</ele>
<time>2026-08-28T05:47:36.368Z</time>
</trkpt>
<trkpt lat="41.9944629" lon="2.8657368000000076">
<ele>368.35106499796944</ele>
<time>2026-08-28T05:47:39.885Z</time>
</trkpt>
<trkpt lat="41.9944132" lon="2.865736499999997">
<ele>368.83208871733336</ele>
<time>2026-08-28T05:47:44.487Z</time>
</trkpt>
<trkpt lat="41.9943644" lon="2.865732500000007">
<ele>369.29572115310157</ele>
<time>2026-08-28T05:47:48.284Z</time>
</trkpt>
<trkpt lat="41.9943175" lon="2.865729200000004">
<ele>369.72263006857986</ele>
<time>2026-08-28T05:47:52.027Z</time>
</trkpt>
<trkpt lat="41.9942678" lon="2.86572799999999">
<ele>370.1572233766485</ele>
<time>2026-08-28T05:47:56.249Z</time>
</trkpt>
<trkpt lat="41.9942221" lon="2.8657222999999874">
<ele>370.54696271104905</ele>
<time>2026-08-28T05:47:59.483Z</time>
</trkpt>
<trkpt lat="41.994176" lon="2.865723900000006">
<ele>370.93950460961895</ele>
<time>2026-08-28T05:48:03.008Z</time>
</trkpt>
<trkpt lat="41.9941304" lon="2.8657230000000027">
<ele>371.1605470415203</ele>
<time>2026-08-28T05:48:06.885Z</time>
</trkpt>
<trkpt lat="41.9940858" lon="2.8657492000000104">
<ele>371.5006515962059</ele>
<time>2026-08-28T05:48:09.982Z</time>
</trkpt>
<trkpt lat="41.9940446" lon="2.8657844999999895">
<ele>372.05801539733034</ele>
<time>2026-08-28T05:48:12.759Z</time>
</trkpt>
<trkpt lat="41.9940065" lon="2.865818399999995">
<ele>372.74373921680336</ele>
<time>2026-08-28T05:48:16.034Z</time>
</trkpt>
<trkpt lat="41.9939777" lon="2.8658657000000005">
<ele>373.6840596973542</ele>
<time>2026-08-28T05:48:20.483Z</time>
</trkpt>
<trkpt lat="41.9939401" lon="2.86591039999999">
<ele>374.86554813229276</ele>
<time>2026-08-28T05:48:25.079Z</time>
</trkpt>
<trkpt lat="41.9939199" lon="2.865966500000013">
<ele>375.9064630243589</ele>
<time>2026-08-28T05:48:28.970Z</time>
</trkpt>
<trkpt lat="41.9939091" lon="2.8660343999999895">
<ele>376.9159389968258</ele>
<time>2026-08-28T05:48:33.197Z</time>
</trkpt>
<trkpt lat="41.993905" lon="2.866097200000013">
<ele>377.77254191332725</ele>
<time>2026-08-28T05:48:37.484Z</time>
</trkpt>
<trkpt lat="41.9938938" lon="2.866162800000012">
<ele>378.8423610953953</ele>
<time>2026-08-28T05:48:42.493Z</time>
</trkpt>
<trkpt lat="41.9938842" lon="2.866227699999996">
<ele>379.6434779515061</ele>
<time>2026-08-28T05:48:46.436Z</time>
</trkpt>
<trkpt lat="41.9938764" lon="2.8662892000000113">
<ele>379.92762568188044</ele>
<time>2026-08-28T05:48:50.636Z</time>
</trkpt>
<trkpt lat="41.9938727" lon="2.8663497000000007">
<ele>380.10685928972686</ele>
<time>2026-08-28T05:48:54.558Z</time>
</trkpt>
<trkpt lat="41.993863" lon="2.8664124000000015">
<ele>380.3555271808576</ele>
<time>2026-08-28T05:48:58.875Z</time>
</trkpt>
<trkpt lat="41.9938587" lon="2.8664726000000087">
<ele>380.52150650181255</ele>
<time>2026-08-28T05:49:02.483Z</time>
</trkpt>
<trkpt lat="41.9938561" lon="2.866534999999999">
<ele>380.336769648027</ele>
<time>2026-08-28T05:49:06.255Z</time>
</trkpt>
<trkpt lat="41.9938482" lon="2.8665962000000036">
<ele>380.14356165282095</ele>
<time>2026-08-28T05:49:09.999Z</time>
</trkpt>
<trkpt lat="41.9938402" lon="2.866660599999989">
<ele>379.91707189217834</ele>
<time>2026-08-28T05:49:13.814Z</time>
</trkpt>
<trkpt lat="41.9938472" lon="2.8667230000000075">
<ele>379.5884358530876</ele>
<time>2026-08-28T05:49:17.934Z</time>
</trkpt>
<trkpt lat="41.9938311" lon="2.866780199999994">
<ele>379.2045969783623</ele>
<time>2026-08-28T05:49:21.483Z</time>
</trkpt>
<trkpt lat="41.9938197" lon="2.866839199999987">
<ele>378.39562796628985</ele>
<time>2026-08-28T05:49:26.135Z</time>
</trkpt>
<trkpt lat="41.9938232" lon="2.866903100000002">
<ele>377.4319874369294</ele>
<time>2026-08-28T05:49:30.126Z</time>
</trkpt>
<trkpt lat="41.9938097" lon="2.8669629000000043">
<ele>376.6310846185565</ele>
<time>2026-08-28T05:49:34.519Z</time>
</trkpt>
<trkpt lat="41.9937938" lon="2.8670200999999906">
<ele>375.8895706080738</ele>
<time>2026-08-28T05:49:38.483Z</time>
</trkpt>
<trkpt lat="41.993768" lon="2.867071299999992">
<ele>375.15099650533324</ele>
<time>2026-08-28T05:49:42.180Z</time>
</trkpt>
<trkpt lat="41.9937387" lon="2.8671257999999966">
<ele>374.2935596680633</ele>
<time>2026-08-28T05:49:46.378Z</time>
</trkpt>
<trkpt lat="41.9936992" lon="2.867166900000001">
<ele>373.75991790661203</ele>
<time>2026-08-28T05:49:50.981Z</time>
</trkpt>
<trkpt lat="41.9936578" lon="2.867192700000004">
<ele>373.53274591295553</ele>
<time>2026-08-28T05:49:54.697Z</time>
</trkpt>
<trkpt lat="41.9936129" lon="2.8672157999999968">
<ele>373.38070965872197</ele>
<time>2026-08-28T05:49:58.857Z</time>
</trkpt>
<trkpt lat="41.9935643" lon="2.8672388999999896">
<ele>372.65012576589714</ele>
<time>2026-08-28T05:50:03.076Z</time>
</trkpt>
<trkpt lat="41.9935194" lon="2.86725340000001">
<ele>371.96444566092913</ele>
<time>2026-08-28T05:50:06.134Z</time>
</trkpt>
<trkpt lat="41.9934721" lon="2.8672650000000033">
<ele>371.32421713249994</ele>
<time>2026-08-28T05:50:10.216Z</time>
</trkpt>
<trkpt lat="41.9934266" lon="2.86726569999999">
<ele>370.89808773289485</ele>
<time>2026-08-28T05:50:14.060Z</time>
</trkpt>
<trkpt lat="41.9933785" lon="2.867272600000007">
<ele>370.3482784056403</ele>
<time>2026-08-28T05:50:18.139Z</time>
</trkpt>
<trkpt lat="41.9933335" lon="2.8672855000000084">
<ele>369.74040747463806</ele>
<time>2026-08-28T05:50:21.491Z</time>
</trkpt>
<trkpt lat="41.993289" lon="2.8672956999999997">
<ele>369.2318969339131</ele>
<time>2026-08-28T05:50:24.531Z</time>
</trkpt>
<trkpt lat="41.9932385" lon="2.867302099999989">
<ele>368.7820617043448</ele>
<time>2026-08-28T05:50:28.483Z</time>
</trkpt>
<trkpt lat="41.9931895" lon="2.867307299999993">
<ele>368.390548063765</ele>
<time>2026-08-28T05:50:32.136Z</time>
</trkpt>
<trkpt lat="41.9931388" lon="2.867319199999997">
<ele>367.97282217504267</ele>
<time>2026-08-28T05:50:36.400Z</time>
</trkpt>
<trkpt lat="41.9930921" lon="2.8673225999999943">
<ele>367.66265272245954</ele>
<time>2026-08-28T05:50:39.914Z</time>
</trkpt>
<trkpt lat="41.9930463" lon="2.867321099999998">
<ele>367.394703132829</ele>
<time>2026-08-28T05:50:43.356Z</time>
</trkpt>
<trkpt lat="41.9929966" lon="2.8673319000000106">
<ele>366.60964785491683</ele>
<time>2026-08-28T05:50:47.015Z</time>
</trkpt>
<trkpt lat="41.9929535" lon="2.8673536000000013">
<ele>365.92314500195295</ele>
<time>2026-08-28T05:50:50.396Z</time>
</trkpt>
<trkpt lat="41.9929044" lon="2.867368599999992">
<ele>365.1968634407746</ele>
<time>2026-08-28T05:50:54.435Z</time>
</trkpt>
<trkpt lat="41.9928578" lon="2.8673722000000055">
<ele>364.533379798882</ele>
<time>2026-08-28T05:50:57.977Z</time>
</trkpt>
<trkpt lat="41.9928115" lon="2.867370099999988">
<ele>363.87370890018</ele>
<time>2026-08-28T05:51:01.696Z</time>
</trkpt>
<trkpt lat="41.9927619" lon="2.8673723999999936">
<ele>363.1154622646011</ele>
<time>2026-08-28T05:51:05.381Z</time>
</trkpt>
<trkpt lat="41.9927165" lon="2.8673866000000032">
<ele>362.0819553457278</ele>
<time>2026-08-28T05:51:09.018Z</time>
</trkpt>
<trkpt lat="41.9926674" lon="2.867395899999991">
<ele>360.98332992296196</ele>
<time>2026-08-28T05:51:12.799Z</time>
</trkpt>
<trkpt lat="41.992617" lon="2.867411699999991">
<ele>359.9440423233873</ele>
<time>2026-08-28T05:51:16.040Z</time>
</trkpt>
<trkpt lat="41.9925722" lon="2.8674324000000126">
<ele>359.1387732625836</ele>
<time>2026-08-28T05:51:20.094Z</time>
</trkpt>
<trkpt lat="41.9925362" lon="2.8674798000000123">
<ele>358.8937086381281</ele>
<time>2026-08-28T05:51:23.520Z</time>
</trkpt>
<trkpt lat="41.9925057" lon="2.867527700000011">
<ele>358.8877727920017</ele>
<time>2026-08-28T05:51:27.156Z</time>
</trkpt>
<trkpt lat="41.9924812" lon="2.867582700000014">
<ele>359.28518209813564</ele>
<time>2026-08-28T05:51:30.734Z</time>
</trkpt>
<trkpt lat="41.9924597" lon="2.8676400999999885">
<ele>359.6855883088634</ele>
<time>2026-08-28T05:51:34.418Z</time>
</trkpt>
<trkpt lat="41.9924341" lon="2.8676916000000006">
<ele>360.0228352099605</ele>
<time>2026-08-28T05:51:37.877Z</time>
</trkpt>
<trkpt lat="41.9924078" lon="2.8677437000000054">
<ele>360.43537800851664</ele>
<time>2026-08-28T05:51:42.099Z</time>
</trkpt>
<trkpt lat="41.9923903" lon="2.8678058000000135">
<ele>360.9979468745803</ele>
<time>2026-08-28T05:51:46.354Z</time>
</trkpt>
<trkpt lat="41.9923569" lon="2.8678534999999954">
<ele>361.52966222126366</ele>
<time>2026-08-28T05:51:50.483Z</time>
</trkpt>
<trkpt lat="41.9923212" lon="2.8678950000000043">
<ele>361.6939116293762</ele>
<time>2026-08-28T05:51:54.396Z</time>
</trkpt>
<trkpt lat="41.9922799" lon="2.867929199999992">
<ele>361.63659782458313</ele>
<time>2026-08-28T05:51:58.484Z</time>
</trkpt>
<trkpt lat="41.9922378" lon="2.8679518000000144">
<ele>361.6667652661388</ele>
<time>2026-08-28T05:52:02.160Z</time>
</trkpt>
<trkpt lat="41.9921944" lon="2.867977300000007">
<ele>361.6117058568881</ele>
<time>2026-08-28T05:52:06.277Z</time>
</trkpt>
<trkpt lat="41.9921524" lon="2.8680037999999968">
<ele>361.47990720610886</ele>
<time>2026-08-28T05:52:09.487Z</time>
</trkpt>
<trkpt lat="41.9921098" lon="2.8680281000000036">
<ele>361.4335417516201</ele>
<time>2026-08-28T05:52:13.479Z</time>
</trkpt>
<trkpt lat="41.9920619" lon="2.868055400000003">
<ele>361.4707119477966</ele>
<time>2026-08-28T05:52:17.218Z</time>
</trkpt>
<trkpt lat="41.992017" lon="2.8680914999999914">
<ele>361.6053452129034</ele>
<time>2026-08-28T05:52:21.279Z</time>
</trkpt>
<trkpt lat="41.9919815" lon="2.868130100000002">
<ele>361.82098594326766</ele>
<time>2026-08-28T05:52:24.736Z</time>
</trkpt>
<trkpt lat="41.9919458" lon="2.8681722999999977">
<ele>361.9895727546838</ele>
<time>2026-08-28T05:52:28.379Z</time>
</trkpt>
<trkpt lat="41.9919076" lon="2.8682157000000075">
<ele>361.8680468676914</ele>
<time>2026-08-28T05:52:31.956Z</time>
</trkpt>
<trkpt lat="41.9918685" lon="2.868255299999987">
<ele>361.761492907258</ele>
<time>2026-08-28T05:52:35.077Z</time>
</trkpt>
<trkpt lat="41.9918343" lon="2.8682956000000104">
<ele>361.7725039053838</ele>
<time>2026-08-28T05:52:38.874Z</time>
</trkpt>
<trkpt lat="41.9917986" lon="2.868335099999996">
<ele>361.8948074085265</ele>
<time>2026-08-28T05:52:43.193Z</time>
</trkpt>
<trkpt lat="41.9917762" lon="2.8683891000000017">
<ele>362.1155747531977</ele>
<time>2026-08-28T05:52:47.280Z</time>
</trkpt>
<trkpt lat="41.9917496" lon="2.8684398999999985">
<ele>362.40467017657124</ele>
<time>2026-08-28T05:52:50.483Z</time>
</trkpt>
<trkpt lat="41.9917133" lon="2.868490900000012">
<ele>362.69887523727675</ele>
<time>2026-08-28T05:52:54.093Z</time>
</trkpt>
<trkpt lat="41.9916823" lon="2.8685351999999966">
<ele>363.01639645682985</ele>
<time>2026-08-28T05:52:57.483Z</time>
</trkpt>
<trkpt lat="41.9916483" lon="2.868581599999999">
<ele>363.4387711962849</ele>
<time>2026-08-28T05:53:01.235Z</time>
</trkpt>
<trkpt lat="41.9916052" lon="2.8686012000000005">
<ele>363.97190361700194</ele>
<time>2026-08-28T05:53:04.816Z</time>
</trkpt>
<trkpt lat="41.9915641" lon="2.8686329999999884">
<ele>364.52724010420184</ele>
<time>2026-08-28T05:53:08.492Z</time>
</trkpt>
<trkpt lat="41.9915182" lon="2.8686553999999944">
<ele>365.12404946429643</ele>
<time>2026-08-28T05:53:12.321Z</time>
</trkpt>
<trkpt lat="41.9914684" lon="2.868669600000004">
<ele>365.7503157037597</ele>
<time>2026-08-28T05:53:15.900Z</time>
</trkpt>
<trkpt lat="41.9914162" lon="2.8686706999999956">
<ele>366.36398648443947</ele>
<time>2026-08-28T05:53:19.061Z</time>
</trkpt>
<trkpt lat="41.9913699" lon="2.8686658999999963">
<ele>366.8621458338413</ele>
<time>2026-08-28T05:53:22.674Z</time>
</trkpt>
<trkpt lat="41.9913233" lon="2.868648400000012">
<ele>367.1711825484072</ele>
<time>2026-08-28T05:53:25.836Z</time>
</trkpt>
<trkpt lat="41.9912755" lon="2.8686275999999964">
<ele>367.459518376852</ele>
<time>2026-08-28T05:53:29.955Z</time>
</trkpt>
<trkpt lat="41.9912259" lon="2.8686079000000007">
<ele>367.75029309090115</ele>
<time>2026-08-28T05:53:34.275Z</time>
</trkpt>
<trkpt lat="41.9911809" lon="2.8686045999999976">
<ele>368.08215729468515</ele>
<time>2026-08-28T05:53:37.857Z</time>
</trkpt>
<trkpt lat="41.991137" lon="2.868588899999992">
<ele>368.3276670803698</ele>
<time>2026-08-28T05:53:41.494Z</time>
</trkpt>
<trkpt lat="41.9910843" lon="2.868568500000009">
<ele>368.4719294873803</ele>
<time>2026-08-28T05:53:45.549Z</time>
</trkpt>
<trkpt lat="41.9910359" lon="2.868548099999998">
<ele>368.3048206831481</ele>
<time>2026-08-28T05:53:50.077Z</time>
</trkpt>
<trkpt lat="41.9909844" lon="2.868528900000001">
<ele>368.1721248808426</ele>
<time>2026-08-28T05:53:54.277Z</time>
</trkpt>
<trkpt lat="41.9909392" lon="2.868518899999998">
<ele>368.1078158254426</ele>
<time>2026-08-28T05:53:58.517Z</time>
</trkpt>
<trkpt lat="41.9908918" lon="2.8685088000000007">
<ele>368.05661543085716</ele>
<time>2026-08-28T05:54:02.298Z</time>
</trkpt>
<trkpt lat="41.9908391" lon="2.868503299999986">
<ele>368.0307599577079</ele>
<time>2026-08-28T05:54:06.560Z</time>
</trkpt>
<trkpt lat="41.9907932" lon="2.868516900000003">
<ele>368.12844753296247</ele>
<time>2026-08-28T05:54:10.759Z</time>
</trkpt>
<trkpt lat="41.9907413" lon="2.8685226999999998">
<ele>368.2827521331742</ele>
<time>2026-08-28T05:54:15.496Z</time>
</trkpt>
<trkpt lat="41.9906926" lon="2.8685332999999957">
<ele>368.45356123446095</ele>
<time>2026-08-28T05:54:19.484Z</time>
</trkpt>
<trkpt lat="41.990643" lon="2.8685462999999913">
<ele>368.6503983686569</ele>
<time>2026-08-28T05:54:23.338Z</time>
</trkpt>
<trkpt lat="41.9905964" lon="2.868559299999987">
<ele>368.85394195477386</ele>
<time>2026-08-28T05:54:27.055Z</time>
</trkpt>
<trkpt lat="41.9905495" lon="2.868571000000003">
<ele>369.0665246337498</ele>
<time>2026-08-28T05:54:30.740Z</time>
</trkpt>
<trkpt lat="41.9904997" lon="2.8685867000000087">
<ele>369.68142867654507</ele>
<time>2026-08-28T05:54:34.537Z</time>
</trkpt>
<trkpt lat="41.9904546" lon="2.868602100000004">
<ele>370.3732966081513</ele>
<time>2026-08-28T05:54:37.796Z</time>
</trkpt>
<trkpt lat="41.9904082" lon="2.868622600000009">
<ele>371.22466661201616</ele>
<time>2026-08-28T05:54:41.518Z</time>
</trkpt>
<trkpt lat="41.9903618" lon="2.8686375000000055">
<ele>372.0934328095928</ele>
<time>2026-08-28T05:54:45.396Z</time>
</trkpt>
<trkpt lat="41.9903145" lon="2.8686380000000042">
<ele>372.79153895993664</ele>
<time>2026-08-28T05:54:48.959Z</time>
</trkpt>
<trkpt lat="41.9902666" lon="2.8686375999999996">
<ele>373.48238869936745</ele>
<time>2026-08-28T05:54:52.484Z</time>
</trkpt>
<trkpt lat="41.9902163" lon="2.868640599999992">
<ele>374.0384351682393</ele>
<time>2026-08-28T05:54:55.861Z</time>
</trkpt>
<trkpt lat="41.9901685" lon="2.8686462999999947">
<ele>374.60633550405026</ele>
<time>2026-08-28T05:55:00.156Z</time>
</trkpt>
<trkpt lat="41.9901217" lon="2.868650400000007">
<ele>375.1264890070998</ele>
<time>2026-08-28T05:55:03.679Z</time>
</trkpt>
<trkpt lat="41.9900747" lon="2.868649000000005">
<ele>375.54452288545957</ele>
<time>2026-08-28T05:55:07.483Z</time>
</trkpt>
<trkpt lat="41.9900241" lon="2.868640499999998">
<ele>375.87810451981096</ele>
<time>2026-08-28T05:55:11.483Z</time>
</trkpt>
<trkpt lat="41.9899757" lon="2.868633499999987">
<ele>376.0996997954428</ele>
<time>2026-08-28T05:55:15.296Z</time>
</trkpt>
<trkpt lat="41.9899273" lon="2.8686328999999944">
<ele>375.9633231086118</ele>
<time>2026-08-28T05:55:18.997Z</time>
</trkpt>
<trkpt lat="41.9898755" lon="2.8686256000000014">
<ele>375.7855666240995</ele>
<time>2026-08-28T05:55:22.511Z</time>
</trkpt>
<trkpt lat="41.9898281" lon="2.868605699999989">
<ele>375.67190013849086</ele>
<time>2026-08-28T05:55:26.919Z</time>
</trkpt>
<trkpt lat="41.9897852" lon="2.8685826999999904">
<ele>375.74104492808107</ele>
<time>2026-08-28T05:55:30.506Z</time>
</trkpt>
<trkpt lat="41.9897432" lon="2.868552599999987">
<ele>376.0468546842303</ele>
<time>2026-08-28T05:55:34.254Z</time>
</trkpt>
<trkpt lat="41.9897028" lon="2.8685247999999888">
<ele>376.4619438886981</ele>
<time>2026-08-28T05:55:37.398Z</time>
</trkpt>
<trkpt lat="41.9896614" lon="2.8684954000000005">
<ele>376.37013549508765</ele>
<time>2026-08-28T05:55:40.537Z</time>
</trkpt>
<trkpt lat="41.9896194" lon="2.8684662999999944">
<ele>376.3726023027097</ele>
<time>2026-08-28T05:55:44.358Z</time>
</trkpt>
<trkpt lat="41.9895941" lon="2.8684083999999928">
<ele>376.6994457941248</ele>
<time>2026-08-28T05:55:48.483Z</time>
</trkpt>
<trkpt lat="41.9895528" lon="2.8683752999999967">
<ele>376.47627771527516</ele>
<time>2026-08-28T05:55:51.484Z</time>
</trkpt>
<trkpt lat="41.989521" lon="2.8683320000000094">
<ele>376.4527961611457</ele>
<time>2026-08-28T05:55:54.500Z</time>
</trkpt>
<trkpt lat="41.9894923" lon="2.868278800000013">
<ele>376.62338194971306</ele>
<time>2026-08-28T05:55:58.058Z</time>
</trkpt>
<trkpt lat="41.9894632" lon="2.868220199999996">
<ele>377.00154259301416</ele>
<time>2026-08-28T05:56:02.261Z</time>
</trkpt>
<trkpt lat="41.9894297" lon="2.8681727000000024">
<ele>377.5265443279646</ele>
<time>2026-08-28T05:56:06.037Z</time>
</trkpt>
<trkpt lat="41.989406" lon="2.8681211999999903">
<ele>377.13073590956384</ele>
<time>2026-08-28T05:56:09.488Z</time>
</trkpt>
<trkpt lat="41.9893921" lon="2.8680544999999995">
<ele>376.5743780649213</ele>
<time>2026-08-28T05:56:13.483Z</time>
</trkpt>
<trkpt lat="41.9893761" lon="2.867994100000004">
<ele>376.04332016517424</ele>
<time>2026-08-28T05:56:17.118Z</time>
</trkpt>
<trkpt lat="41.9893642" lon="2.867926699999998">
<ele>375.5718839582935</ele>
<time>2026-08-28T05:56:21.321Z</time>
</trkpt>
<trkpt lat="41.9893505" lon="2.8678653999999995">
<ele>375.0513147509867</ele>
<time>2026-08-28T05:56:25.040Z</time>
</trkpt>
<trkpt lat="41.9893473" lon="2.8678040000000067">
<ele>374.0633623878101</ele>
<time>2026-08-28T05:56:28.435Z</time>
</trkpt>
<trkpt lat="41.9893433" lon="2.8677423999999974">
<ele>373.0639898513633</ele>
<time>2026-08-28T05:56:32.484Z</time>
</trkpt>
<trkpt lat="41.989324" lon="2.867682099999996">
<ele>371.8953310625067</ele>
<time>2026-08-28T05:56:36.316Z</time>
</trkpt>
<trkpt lat="41.9892925" lon="2.867633600000005">
<ele>370.7672226538533</ele>
<time>2026-08-28T05:56:39.479Z</time>
</trkpt>
<trkpt lat="41.9892509" lon="2.867603800000012">
<ele>369.8112727898525</ele>
<time>2026-08-28T05:56:43.099Z</time>
</trkpt>
<trkpt lat="41.9892065" lon="2.8675789000000123">
<ele>368.8916446040984</ele>
<time>2026-08-28T05:56:46.816Z</time>
</trkpt>
<trkpt lat="41.9891587" lon="2.867580000000004">
<ele>368.318328449916</ele>
<time>2026-08-28T05:56:50.494Z</time>
</trkpt>
<trkpt lat="41.989113" lon="2.8675916999999913">
<ele>367.4153685507044</ele>
<time>2026-08-28T05:56:54.196Z</time>
</trkpt>
<trkpt lat="41.9890668" lon="2.867628400000001">
<ele>366.6938656311415</ele>
<time>2026-08-28T05:56:58.498Z</time>
</trkpt>
<trkpt lat="41.9890243" lon="2.8676579000000118">
<ele>365.9200645706725</ele>
<time>2026-08-28T05:57:02.236Z</time>
</trkpt>
<trkpt lat="41.9889854" lon="2.867699700000003">
<ele>365.34639776852254</ele>
<time>2026-08-28T05:57:06.997Z</time>
</trkpt>
<trkpt lat="41.9889379" lon="2.8677053000000114">
<ele>364.07976476500926</ele>
<time>2026-08-28T05:57:10.295Z</time>
</trkpt>
<trkpt lat="41.9888959" lon="2.8677316000000133">
<ele>363.16782221621355</ele>
<time>2026-08-28T05:57:14.897Z</time>
</trkpt>
<trkpt lat="41.9888584" lon="2.8677720999999963">
<ele>362.37709388782633</ele>
<time>2026-08-28T05:57:18.990Z</time>
</trkpt>
<trkpt lat="41.988821" lon="2.8678116000000102">
<ele>361.4348542855774</ele>
<time>2026-08-28T05:57:22.257Z</time>
</trkpt>
<trkpt lat="41.98878" lon="2.867846500000013">
<ele>360.355668014521</ele>
<time>2026-08-28T05:57:25.939Z</time>
</trkpt>
<trkpt lat="41.9887523" lon="2.8678997000000095">
<ele>359.9385374949125</ele>
<time>2026-08-28T05:57:30.080Z</time>
</trkpt>
<trkpt lat="41.988732" lon="2.867957700000005">
<ele>359.8735136360873</ele>
<time>2026-08-28T05:57:33.515Z</time>
</trkpt>
<trkpt lat="41.9887214" lon="2.8680216999999857">
<ele>360.2580518573125</ele>
<time>2026-08-28T05:57:36.418Z</time>
</trkpt>
<trkpt lat="41.9887209" lon="2.8680862999999874">
<ele>360.96393355338023</ele>
<time>2026-08-28T05:57:40.577Z</time>
</trkpt>
<trkpt lat="41.98871" lon="2.868146700000011">
<ele>361.3965886863906</ele>
<time>2026-08-28T05:57:44.036Z</time>
</trkpt>
<trkpt lat="41.9887013" lon="2.8682072999999946">
<ele>361.6131621928495</ele>
<time>2026-08-28T05:57:47.213Z</time>
</trkpt>
<trkpt lat="41.9886981" lon="2.8682713000000035">
<ele>361.9763337237977</ele>
<time>2026-08-28T05:57:50.753Z</time>
</trkpt>
<trkpt lat="41.9886807" lon="2.8683270999999877">
<ele>362.1448027359605</ele>
<time>2026-08-28T05:57:53.818Z</time>
</trkpt>
<trkpt lat="41.9886588" lon="2.8683858999999927">
<ele>362.417263363576</ele>
<time>2026-08-28T05:57:58.019Z</time>
</trkpt>
<trkpt lat="41.9886345" lon="2.868442700000003">
<ele>362.6435531075818</ele>
<time>2026-08-28T05:58:01.913Z</time>
</trkpt>
<trkpt lat="41.9885946" lon="2.8684866000000113">
<ele>362.49316076941545</ele>
<time>2026-08-28T05:58:06.194Z</time>
</trkpt>
<trkpt lat="41.9885557" lon="2.8685245000000066">
<ele>362.8222014163016</ele>
<time>2026-08-28T05:58:10.321Z</time>
</trkpt>
<trkpt lat="41.9885122" lon="2.8685547000000042">
<ele>363.20337887523635</ele>
<time>2026-08-28T05:58:14.416Z</time>
</trkpt>
<trkpt lat="41.9884703" lon="2.868583599999994">
<ele>363.5926212061689</ele>
<time>2026-08-28T05:58:18.483Z</time>
</trkpt>
<trkpt lat="41.9884312" lon="2.868619599999988">
<ele>363.9957763131346</ele>
<time>2026-08-28T05:58:22.177Z</time>
</trkpt>
<trkpt lat="41.9883973" lon="2.8686625999999933">
<ele>364.39586079441517</ele>
<time>2026-08-28T05:58:25.836Z</time>
</trkpt>
<trkpt lat="41.9883669" lon="2.868711200000007">
<ele>364.71524164400387</ele>
<time>2026-08-28T05:58:29.481Z</time>
</trkpt>
<trkpt lat="41.9883342" lon="2.8687664999999924">
<ele>364.12300754610567</ele>
<time>2026-08-28T05:58:33.214Z</time>
</trkpt>
<trkpt lat="41.9883016" lon="2.868808400000006">
<ele>363.7321986805917</ele>
<time>2026-08-28T05:58:36.279Z</time>
</trkpt>
<trkpt lat="41.9882647" lon="2.8688531999999896">
<ele>363.28185672194144</ele>
<time>2026-08-28T05:58:39.916Z</time>
</trkpt>
<trkpt lat="41.9882334" lon="2.8689033999999936">
<ele>362.6898456013912</ele>
<time>2026-08-28T05:58:43.483Z</time>
</trkpt>
<trkpt lat="41.9881943" lon="2.8689357000000086">
<ele>362.438770855716</ele>
<time>2026-08-28T05:58:46.714Z</time>
</trkpt>
<trkpt lat="41.9881543" lon="2.8689636000000007">
<ele>362.25852153367657</ele>
<time>2026-08-28T05:58:49.797Z</time>
</trkpt>
<trkpt lat="41.9881142" lon="2.8689957999999933">
<ele>361.9063491818893</ele>
<time>2026-08-28T05:58:53.499Z</time>
</trkpt>
<trkpt lat="41.9880743" lon="2.86902409999999">
<ele>361.46018818589965</ele>
<time>2026-08-28T05:58:57.055Z</time>
</trkpt>
<trkpt lat="41.9880332" lon="2.869053600000001">
<ele>360.94150176466275</ele>
<time>2026-08-28T05:59:00.516Z</time>
</trkpt>
<trkpt lat="41.9879894" lon="2.869086299999992">
<ele>360.1775385700096</ele>
<time>2026-08-28T05:59:04.281Z</time>
</trkpt>
<trkpt lat="41.9879473" lon="2.869122900000008">
<ele>359.37392980987454</ele>
<time>2026-08-28T05:59:08.335Z</time>
</trkpt>
<trkpt lat="41.9879042" lon="2.869152799999995">
<ele>358.79013679799937</ele>
<time>2026-08-28T05:59:12.277Z</time>
</trkpt>
<trkpt lat="41.9878693" lon="2.869191900000004">
<ele>358.022567397745</ele>
<time>2026-08-28T05:59:15.760Z</time>
</trkpt>
<trkpt lat="41.9878364" lon="2.8692371999999864">
<ele>357.1662121818568</ele>
<time>2026-08-28T05:59:19.259Z</time>
</trkpt>
<trkpt lat="41.9878244" lon="2.8693024000000094">
<ele>355.8456359540764</ele>
<time>2026-08-28T05:59:23.298Z</time>
</trkpt>
<trkpt lat="41.987831" lon="2.869362499999994">
<ele>354.56987586499224</ele>
<time>2026-08-28T05:59:29.522Z</time>
</trkpt>
<trkpt lat="41.9878571" lon="2.8694188999999994">
<ele>353.3624696920777</ele>
<time>2026-08-28T05:59:34.180Z</time>
</trkpt>
<trkpt lat="41.9878562" lon="2.869480299999992">
<ele>352.12767667904274</ele>
<time>2026-08-28T05:59:37.518Z</time>
</trkpt>
<trkpt lat="41.9878772" lon="2.869537500000007">
<ele>351.008260354888</ele>
<time>2026-08-28T05:59:41.139Z</time>
</trkpt>
<trkpt lat="41.9879006" lon="2.869596900000005">
<ele>350.23934865967925</ele>
<time>2026-08-28T05:59:45.516Z</time>
</trkpt>
<trkpt lat="41.9879069" lon="2.869657899999993">
<ele>349.4596035164877</ele>
<time>2026-08-28T05:59:49.073Z</time>
</trkpt>
<trkpt lat="41.9879181" lon="2.8697242000000074">
<ele>348.65380134642663</ele>
<time>2026-08-28T05:59:53.041Z</time>
</trkpt>
<trkpt lat="41.9879072" lon="2.8697871999999904">
<ele>347.77174770821415</ele>
<time>2026-08-28T05:59:56.541Z</time>
</trkpt>
<trkpt lat="41.987886" lon="2.869843599999996">
<ele>346.9641436900649</ele>
<time>2026-08-28T06:00:00.122Z</time>
</trkpt>
<trkpt lat="41.9878686" lon="2.8699020999999902">
<ele>346.2718965800495</ele>
<time>2026-08-28T06:00:03.539Z</time>
</trkpt>
<trkpt lat="41.9878459" lon="2.869959999999992">
<ele>345.536128822115</ele>
<time>2026-08-28T06:00:07.182Z</time>
</trkpt>
<trkpt lat="41.9878272" lon="2.8700159999999926">
<ele>344.84178571204336</ele>
<time>2026-08-28T06:00:10.518Z</time>
</trkpt>
<trkpt lat="41.9878021" lon="2.8700720999999874">
<ele>344.08561032251623</ele>
<time>2026-08-28T06:00:14.217Z</time>
</trkpt>
<trkpt lat="41.9877736" lon="2.8701212">
<ele>343.4846610222346</ele>
<time>2026-08-28T06:00:17.798Z</time>
</trkpt>
<trkpt lat="41.9877492" lon="2.870176799999996">
<ele>342.92676803618696</ele>
<time>2026-08-28T06:00:21.939Z</time>
</trkpt>
<trkpt lat="41.9877226" lon="2.870232200000004">
<ele>342.15757385514235</ele>
<time>2026-08-28T06:00:25.535Z</time>
</trkpt>
<trkpt lat="41.9877035" lon="2.8702907999999923">
<ele>341.44531446448764</ele>
<time>2026-08-28T06:00:29.115Z</time>
</trkpt>
<trkpt lat="41.9876889" lon="2.8703485000000057">
<ele>340.77958804756196</ele>
<time>2026-08-28T06:00:32.483Z</time>
</trkpt>
<trkpt lat="41.9876727" lon="2.8704111000000125">
<ele>339.96316788249317</ele>
<time>2026-08-28T06:00:36.138Z</time>
</trkpt>
<trkpt lat="41.9876608" lon="2.8704701000000057">
<ele>339.2438712817408</ele>
<time>2026-08-28T06:00:40.217Z</time>
</trkpt>
<trkpt lat="41.9876307" lon="2.8705174000000113">
<ele>338.24371340240026</ele>
<time>2026-08-28T06:00:44.214Z</time>
</trkpt>
<trkpt lat="41.9875942" lon="2.8705541999999866">
<ele>337.2141830640466</ele>
<time>2026-08-28T06:00:47.875Z</time>
</trkpt>
<trkpt lat="41.9875524" lon="2.8705766999999867">
<ele>336.1985751982082</ele>
<time>2026-08-28T06:00:53.535Z</time>
</trkpt>
<trkpt lat="41.9875071" lon="2.870577499999996">
<ele>335.2650382763322</ele>
<time>2026-08-28T06:00:57.484Z</time>
</trkpt>
<trkpt lat="41.9874687" lon="2.8706108000000086">
<ele>334.26182833437707</ele>
<time>2026-08-28T06:01:01.529Z</time>
</trkpt>
<trkpt lat="41.9874236" lon="2.870598000000001">
<ele>333.3528908180666</ele>
<time>2026-08-28T06:01:05.478Z</time>
</trkpt>
<trkpt lat="41.9873761" lon="2.8706060000000093">
<ele>332.26881278222686</ele>
<time>2026-08-28T06:01:08.921Z</time>
</trkpt>
<trkpt lat="41.9873309" lon="2.8706265000000144">
<ele>331.16276683395796</ele>
<time>2026-08-28T06:01:12.836Z</time>
</trkpt>
<trkpt lat="41.9872827" lon="2.8706147000000044">
<ele>330.1795650627574</ele>
<time>2026-08-28T06:01:16.504Z</time>
</trkpt>
<trkpt lat="41.9872372" lon="2.870621">
<ele>329.1503950787476</ele>
<time>2026-08-28T06:01:20.057Z</time>
</trkpt>
<trkpt lat="41.987188" lon="2.8706200000000024">
<ele>328.1633007352279</ele>
<time>2026-08-28T06:01:24.039Z</time>
</trkpt>
<trkpt lat="41.9871393" lon="2.870617299999992">
<ele>327.35201809436467</ele>
<time>2026-08-28T06:01:27.979Z</time>
</trkpt>
<trkpt lat="41.9870908" lon="2.870630900000009">
<ele>326.4773339797961</ele>
<time>2026-08-28T06:01:32.539Z</time>
</trkpt>
<trkpt lat="41.9870467" lon="2.870644999999996">
<ele>325.6956973973312</ele>
<time>2026-08-28T06:01:36.483Z</time>
</trkpt>
<trkpt lat="41.9870015" lon="2.8706517999999903">
<ele>324.93397671748255</ele>
<time>2026-08-28T06:01:40.483Z</time>
</trkpt>
<trkpt lat="41.9869597" lon="2.87068339999999">
<ele>324.14536132493487</ele>
<time>2026-08-28T06:01:45.061Z</time>
</trkpt>
<trkpt lat="41.9869273" lon="2.870732000000004">
<ele>323.51161745302636</ele>
<time>2026-08-28T06:01:49.500Z</time>
</trkpt>
<trkpt lat="41.9868816" lon="2.8707465999999897">
<ele>322.6987276334356</ele>
<time>2026-08-28T06:01:53.376Z</time>
</trkpt>
<trkpt lat="41.9868619" lon="2.870808299999993">
<ele>322.2439806412088</ele>
<time>2026-08-28T06:01:58.137Z</time>
</trkpt>
<trkpt lat="41.9868378" lon="2.8708652999999913">
<ele>321.75228852998646</ele>
<time>2026-08-28T06:02:02.077Z</time>
</trkpt>
<trkpt lat="41.986807" lon="2.870916599999987">
<ele>321.1940159120694</ele>
<time>2026-08-28T06:02:06.557Z</time>
</trkpt>
<trkpt lat="41.9867723" lon="2.870955400000014">
<ele>320.56834294143016</ele>
<time>2026-08-28T06:02:10.119Z</time>
</trkpt>
<trkpt lat="41.9867339" lon="2.8709896999999955">
<ele>319.96975508536093</ele>
<time>2026-08-28T06:02:14.178Z</time>
</trkpt>
<trkpt lat="41.9866982" lon="2.8710264999999993">
<ele>319.51715095650974</ele>
<time>2026-08-28T06:02:17.523Z</time>
</trkpt>
<trkpt lat="41.9866603" lon="2.8710764999999867">
<ele>319.1809825259921</ele>
<time>2026-08-28T06:02:21.360Z</time>
</trkpt>
<trkpt lat="41.9866253" lon="2.8711173000000088">
<ele>318.9635322724393</ele>
<time>2026-08-28T06:02:24.334Z</time>
</trkpt>
<trkpt lat="41.986593" lon="2.871162300000009">
<ele>318.849585952835</ele>
<time>2026-08-28T06:02:27.431Z</time>
</trkpt>
<trkpt lat="41.9865603" lon="2.871212899999989">
<ele>318.8216498549028</ele>
<time>2026-08-28T06:02:31.000Z</time>
</trkpt>
<trkpt lat="41.986528" lon="2.871261000000004">
<ele>318.54711383716983</ele>
<time>2026-08-28T06:02:34.523Z</time>
</trkpt>
<trkpt lat="41.9864897" lon="2.8713021000000083">
<ele>318.28907025507044</ele>
<time>2026-08-28T06:02:38.484Z</time>
</trkpt>
<trkpt lat="41.9864531" lon="2.871345700000006">
<ele>318.0743673097859</ele>
<time>2026-08-28T06:02:42.200Z</time>
</trkpt>
<trkpt lat="41.9864191" lon="2.8713855999999964">
<ele>317.90937423300846</ele>
<time>2026-08-28T06:02:45.279Z</time>
</trkpt>
<trkpt lat="41.9863861" lon="2.871427799999992">
<ele>317.7804080426591</ele>
<time>2026-08-28T06:02:49.314Z</time>
</trkpt>
<trkpt lat="41.9863507" lon="2.871465900000004">
<ele>317.5838667156543</ele>
<time>2026-08-28T06:02:52.877Z</time>
</trkpt>
<trkpt lat="41.9863097" lon="2.871502899999996">
<ele>317.03498379569396</ele>
<time>2026-08-28T06:02:56.438Z</time>
</trkpt>
<trkpt lat="41.986265" lon="2.8715239999999937">
<ele>316.3494689413638</ele>
<time>2026-08-28T06:03:00.081Z</time>
</trkpt>
<trkpt lat="41.9862243" lon="2.8715507000000002">
<ele>315.600928338261</ele>
<time>2026-08-28T06:03:03.216Z</time>
</trkpt>
<trkpt lat="41.9861753" lon="2.871573000000012">
<ele>314.84704359950234</ele>
<time>2026-08-28T06:03:07.236Z</time>
</trkpt>
<trkpt lat="41.9861285" lon="2.8715732999999943">
<ele>314.45931068178675</ele>
<time>2026-08-28T06:03:10.339Z</time>
</trkpt>
<trkpt lat="41.9860831" lon="2.8715698999999972">
<ele>314.2291059397604</ele>
<time>2026-08-28T06:03:13.517Z</time>
</trkpt>
<trkpt lat="41.9860371" lon="2.871557800000005">
<ele>314.46926094340824</ele>
<time>2026-08-28T06:03:17.061Z</time>
</trkpt>
<trkpt lat="41.9859912" lon="2.871551899999986">
<ele>314.5824811375856</ele>
<time>2026-08-28T06:03:20.117Z</time>
</trkpt>
<trkpt lat="41.9859449" lon="2.871540600000003">
<ele>314.713470243928</ele>
<time>2026-08-28T06:03:23.485Z</time>
</trkpt>
<trkpt lat="41.9858998" lon="2.871541900000011">
<ele>314.7120358790537</ele>
<time>2026-08-28T06:03:26.957Z</time>
</trkpt>
<trkpt lat="41.9858549" lon="2.871554500000002">
<ele>314.67376842355685</ele>
<time>2026-08-28T06:03:30.454Z</time>
</trkpt>
<trkpt lat="41.985808" lon="2.871566599999994">
<ele>314.6666903112129</ele>
<time>2026-08-28T06:03:34.136Z</time>
</trkpt>
<trkpt lat="41.9857612" lon="2.8715688999999998">
<ele>314.46925963360246</ele>
<time>2026-08-28T06:03:37.737Z</time>
</trkpt>
<trkpt lat="41.9857141" lon="2.871580800000004">
<ele>314.28844570221383</ele>
<time>2026-08-28T06:03:43.396Z</time>
</trkpt>
<trkpt lat="41.9856675" lon="2.8716004999999996">
<ele>314.1612617056694</ele>
<time>2026-08-28T06:03:46.933Z</time>
</trkpt>
<trkpt lat="41.9856229" lon="2.871617399999991">
<ele>314.08117467002285</ele>
<time>2026-08-28T06:03:50.497Z</time>
</trkpt>
<trkpt lat="41.9855782" lon="2.8716307999999913">
<ele>314.0260658866835</ele>
<time>2026-08-28T06:03:54.374Z</time>
</trkpt>
<trkpt lat="41.9855379" lon="2.871662200000003">
<ele>314.12645831602816</ele>
<time>2026-08-28T06:03:57.818Z</time>
</trkpt>
<trkpt lat="41.9855012" lon="2.8717013000000122">
<ele>314.4870368162246</ele>
<time>2026-08-28T06:04:01.181Z</time>
</trkpt>
<trkpt lat="41.9854664" lon="2.871739600000012">
<ele>314.9205930768251</ele>
<time>2026-08-28T06:04:07.502Z</time>
</trkpt>
<trkpt lat="41.985469" lon="2.871803">
<ele>314.95994928354605</ele>
<time>2026-08-28T06:04:11.257Z</time>
</trkpt>
<trkpt lat="41.9854567" lon="2.8718656000000067">
<ele>314.72376326302685</ele>
<time>2026-08-28T06:04:15.496Z</time>
</trkpt>
<trkpt lat="41.9854536" lon="2.871928700000012">
<ele>314.4367090014363</ele>
<time>2026-08-28T06:04:19.798Z</time>
</trkpt>
<trkpt lat="41.985445" lon="2.871991500000007">
<ele>314.15927360987405</ele>
<time>2026-08-28T06:04:25.138Z</time>
</trkpt>
<trkpt lat="41.9854521" lon="2.872052800000006">
<ele>313.81472569590295</ele>
<time>2026-08-28T06:04:29.457Z</time>
</trkpt>
<trkpt lat="41.9854535" lon="2.8721179000000063">
<ele>313.21818591062015</ele>
<time>2026-08-28T06:04:33.511Z</time>
</trkpt>
<trkpt lat="41.9854289" lon="2.8721868000000086">
<ele>312.7603799889733</ele>
<time>2026-08-28T06:04:38.239Z</time>
</trkpt>
<trkpt lat="41.9854027" lon="2.872238199999998">
<ele>312.56902337266723</ele>
<time>2026-08-28T06:04:40.081Z</time>
</trkpt>
<trkpt lat="41.9853725" lon="2.8722898000000043">
<ele>312.5180217898506</ele>
<time>2026-08-28T06:04:43.356Z</time>
</trkpt>
<trkpt lat="41.985383" lon="2.872349700000001">
<ele>312.01536417966537</ele>
<time>2026-08-28T06:04:57.855Z</time>
</trkpt>
<trkpt lat="41.9854035" lon="2.872290899999996">
<ele>312.17797545250613</ele>
<time>2026-08-28T06:08:27.483Z</time>
</trkpt>
<trkpt lat="41.9853911" lon="2.8722133999999926">
<ele>312.84074204518487</ele>
<time>2026-08-28T06:08:32.484Z</time>
</trkpt>
<trkpt lat="41.9853833" lon="2.87214800000001">
<ele>313.3305151882983</ele>
<time>2026-08-28T06:08:35.234Z</time>
</trkpt>
<trkpt lat="41.9853759" lon="2.872082199999994">
<ele>313.7841386669334</ele>
<time>2026-08-28T06:08:41.150Z</time>
</trkpt>
<trkpt lat="41.9853797" lon="2.872021999999987">
<ele>314.1417307351426</ele>
<time>2026-08-28T06:08:45.486Z</time>
</trkpt>
<trkpt lat="41.985392" lon="2.8719615999999917">
<ele>314.4503179507442</ele>
<time>2026-08-28T06:08:51.329Z</time>
</trkpt>
<trkpt lat="41.9853971" lon="2.8719012999999904">
<ele>314.765018151238</ele>
<time>2026-08-28T06:08:58.917Z</time>
</trkpt>
<trkpt lat="41.9854005" lon="2.8718389999999943">
<ele>315.0900795302575</ele>
<time>2026-08-28T06:09:06.482Z</time>
</trkpt>
<trkpt lat="41.9853928" lon="2.8717781000000002">
<ele>315.45842391652786</ele>
<time>2026-08-28T06:09:10.505Z</time>
</trkpt>
<trkpt lat="41.9853723" lon="2.8717173999999943">
<ele>315.10132174506646</ele>
<time>2026-08-28T06:09:13.482Z</time>
</trkpt>
<trkpt lat="41.9853755" lon="2.8716541999999947">
<ele>314.41208706775313</ele>
<time>2026-08-28T06:09:16.936Z</time>
</trkpt>
<trkpt lat="41.9853965" lon="2.87159299999999">
<ele>313.747287260635</ele>
<time>2026-08-28T06:09:21.253Z</time>
</trkpt>
<trkpt lat="41.9854246" lon="2.871535999999992">
<ele>313.20112844175634</ele>
<time>2026-08-28T06:09:25.410Z</time>
</trkpt>
<trkpt lat="41.9854482" lon="2.871476699999988">
<ele>312.6143698572882</ele>
<time>2026-08-28T06:09:29.536Z</time>
</trkpt>
<trkpt lat="41.9854805" lon="2.871432700000014">
<ele>311.9861014292536</ele>
<time>2026-08-28T06:09:34.543Z</time>
</trkpt>
<trkpt lat="41.9855042" lon="2.8713797000000056">
<ele>311.2470388956113</ele>
<time>2026-08-28T06:09:39.974Z</time>
</trkpt>
<trkpt lat="41.9855443" lon="2.8713452000000075">
<ele>310.98408412717214</ele>
<time>2026-08-28T06:09:44.851Z</time>
</trkpt>
<trkpt lat="41.9855867" lon="2.8713127000000043">
<ele>310.95515953041865</ele>
<time>2026-08-28T06:09:49.451Z</time>
</trkpt>
<trkpt lat="41.9856306" lon="2.8712950000000035">
<ele>311.1947376337799</ele>
<time>2026-08-28T06:09:54.214Z</time>
</trkpt>
<trkpt lat="41.9856755" lon="2.871271699999994">
<ele>311.41711230413296</ele>
<time>2026-08-28T06:09:59.378Z</time>
</trkpt>
<trkpt lat="41.9857194" lon="2.8712495000000047">
<ele>311.6879671115192</ele>
<time>2026-08-28T06:10:04.402Z</time>
</trkpt>
<trkpt lat="41.9857453" lon="2.8711992000000066">
<ele>311.4936871758936</ele>
<time>2026-08-28T06:10:10.710Z</time>
</trkpt>
<trkpt lat="41.985743" lon="2.8711389000000054">
<ele>310.83907668387496</ele>
<time>2026-08-28T06:10:16.522Z</time>
</trkpt>
<trkpt lat="41.9857138" lon="2.871091699999994">
<ele>310.0369338064062</ele>
<time>2026-08-28T06:10:22.413Z</time>
</trkpt>
<trkpt lat="41.985674" lon="2.8710590000000025">
<ele>309.3144726771447</ele>
<time>2026-08-28T06:10:28.850Z</time>
</trkpt>
<trkpt lat="41.9856299" lon="2.8710298000000023">
<ele>308.62949801512855</ele>
<time>2026-08-28T06:10:34.053Z</time>
</trkpt>
<trkpt lat="41.9855852" lon="2.8710141999999905">
<ele>308.08831368124726</ele>
<time>2026-08-28T06:10:38.197Z</time>
</trkpt>
<trkpt lat="41.9855405" lon="2.8710053000000073">
<ele>307.6173249250043</ele>
<time>2026-08-28T06:10:42.483Z</time>
</trkpt>
<trkpt lat="41.9854946" lon="2.8709848999999963">
<ele>306.9709220085203</ele>
<time>2026-08-28T06:10:46.488Z</time>
</trkpt>
<trkpt lat="41.9854489" lon="2.870973399999997">
<ele>306.3634635679093</ele>
<time>2026-08-28T06:10:50.257Z</time>
</trkpt>
<trkpt lat="41.9854022" lon="2.8709580999999957">
<ele>305.70677565966514</ele>
<time>2026-08-28T06:10:53.857Z</time>
</trkpt>
<trkpt lat="41.9853582" lon="2.870941600000009">
<ele>305.0605331054923</ele>
<time>2026-08-28T06:10:57.378Z</time>
</trkpt>
<trkpt lat="41.9853129" lon="2.870938300000006">
<ele>304.4960766299409</ele>
<time>2026-08-28T06:11:00.755Z</time>
</trkpt>
<trkpt lat="41.9852658" lon="2.8709327999999914">
<ele>303.88852343122585</ele>
<time>2026-08-28T06:11:04.291Z</time>
</trkpt>
<trkpt lat="41.9852182" lon="2.8709347999999864">
<ele>303.4014083693956</ele>
<time>2026-08-28T06:11:08.117Z</time>
</trkpt>
<trkpt lat="41.9851691" lon="2.8709481999999866">
<ele>303.0344126906663</ele>
<time>2026-08-28T06:11:12.295Z</time>
</trkpt>
<trkpt lat="41.9851233" lon="2.8709570999999983">
<ele>302.6735308757408</ele>
<time>2026-08-28T06:11:15.333Z</time>
</trkpt>
<trkpt lat="41.9850738" lon="2.8709566999999936">
<ele>302.17856335306266</ele>
<time>2026-08-28T06:11:18.771Z</time>
</trkpt>
<trkpt lat="41.9850238" lon="2.870962899999995">
<ele>301.76430306997804</ele>
<time>2026-08-28T06:11:22.530Z</time>
</trkpt>
<trkpt lat="41.9849742" lon="2.8709699000000057">
<ele>301.3887912350023</ele>
<time>2026-08-28T06:11:26.482Z</time>
</trkpt>
<trkpt lat="41.9849271" lon="2.870971400000002">
<ele>301.06890723286926</ele>
<time>2026-08-28T06:11:30.033Z</time>
</trkpt>
<trkpt lat="41.9848785" lon="2.870966299999992">
<ele>300.65943551353445</ele>
<time>2026-08-28T06:11:35.540Z</time>
</trkpt>
<trkpt lat="41.9848321" lon="2.8709432999999933">
<ele>300.09494434967996</ele>
<time>2026-08-28T06:11:39.497Z</time>
</trkpt>
<trkpt lat="41.9847821" lon="2.8709249999999997">
<ele>299.7029704847763</ele>
<time>2026-08-28T06:11:43.237Z</time>
</trkpt>
<trkpt lat="41.9847358" lon="2.870919799999996">
<ele>299.4321946603947</ele>
<time>2026-08-28T06:11:46.482Z</time>
</trkpt>
<trkpt lat="41.9846874" lon="2.870929999999987">
<ele>299.0235180394092</ele>
<time>2026-08-28T06:11:49.833Z</time>
</trkpt>
<trkpt lat="41.9846394" lon="2.8709388000000047">
<ele>298.5405266763367</ele>
<time>2026-08-28T06:11:52.917Z</time>
</trkpt>
<trkpt lat="41.9845907" lon="2.8709446000000014">
<ele>298.04099835076255</ele>
<time>2026-08-28T06:11:56.017Z</time>
</trkpt>
<trkpt lat="41.9845448" lon="2.870952999999986">
<ele>297.573163978627</ele>
<time>2026-08-28T06:11:59.205Z</time>
</trkpt>
<trkpt lat="41.9844958" lon="2.870956299999989">
<ele>297.04008573737946</ele>
<time>2026-08-28T06:12:04.212Z</time>
</trkpt>
<trkpt lat="41.9844464" lon="2.8709374999999966">
<ele>296.4438342256891</ele>
<time>2026-08-28T06:12:16.483Z</time>
</trkpt>
<trkpt lat="41.9843997" lon="2.8709273000000053">
<ele>296.58763821685017</ele>
<time>2026-08-28T06:12:19.501Z</time>
</trkpt>
<trkpt lat="41.984361" lon="2.8708909000000062">
<ele>297.9093354361112</ele>
<time>2026-08-28T06:12:21.520Z</time>
</trkpt>
<trkpt lat="41.9843174" lon="2.870865600000002">
<ele>299.13132568965113</ele>
<time>2026-08-28T06:12:23.876Z</time>
</trkpt>
<trkpt lat="41.9842641" lon="2.870886399999989">
<ele>299.45324720791325</ele>
<time>2026-08-28T06:12:25.782Z</time>
</trkpt>
<trkpt lat="41.9842188" lon="2.8708857000000023">
<ele>300.14736146030305</ele>
<time>2026-08-28T06:12:28.452Z</time>
</trkpt>
<trkpt lat="41.9841705" lon="2.8708963999999924">
<ele>300.58333858230844</ele>
<time>2026-08-28T06:12:31.505Z</time>
</trkpt>
<trkpt lat="41.984129" lon="2.8709202000000005">
<ele>300.5699814553139</ele>
<time>2026-08-28T06:12:34.645Z</time>
</trkpt>
<trkpt lat="41.9840836" lon="2.870941799999997">
<ele>300.85664253664225</ele>
<time>2026-08-28T06:12:38.483Z</time>
</trkpt>
<trkpt lat="41.9840383" lon="2.8709676">
<ele>301.1939743010713</ele>
<time>2026-08-28T06:12:42.170Z</time>
</trkpt>
<trkpt lat="41.9839953" lon="2.8709913000000142">
<ele>301.47869904833055</ele>
<time>2026-08-28T06:12:46.074Z</time>
</trkpt>
<trkpt lat="41.9839468" lon="2.8710088999999925">
<ele>301.90648319339914</ele>
<time>2026-08-28T06:12:50.313Z</time>
</trkpt>
<trkpt lat="41.9839054" lon="2.8710340000000087">
<ele>302.0535719624464</ele>
<time>2026-08-28T06:12:53.575Z</time>
</trkpt>
<trkpt lat="41.9838579" lon="2.8710556000000054">
<ele>302.2749560887355</ele>
<time>2026-08-28T06:12:57.536Z</time>
</trkpt>
<trkpt lat="41.9838113" lon="2.8710689000000116">
<ele>302.4844615809459</ele>
<time>2026-08-28T06:13:01.473Z</time>
</trkpt>
<trkpt lat="41.9837651" lon="2.8710825">
<ele>302.68002517097966</ele>
<time>2026-08-28T06:13:06.433Z</time>
</trkpt>
<trkpt lat="41.9837228" lon="2.871106400000002">
<ele>302.626975192029</ele>
<time>2026-08-28T06:13:10.213Z</time>
</trkpt>
<trkpt lat="41.9836751" lon="2.8711337000000015">
<ele>302.5523406084346</ele>
<time>2026-08-28T06:13:14.483Z</time>
</trkpt>
<trkpt lat="41.9836294" lon="2.8711463999999864">
<ele>302.74566601955513</ele>
<time>2026-08-28T06:13:18.034Z</time>
</trkpt>
<trkpt lat="41.9835809" lon="2.871150499999999">
<ele>303.05081614104876</ele>
<time>2026-08-28T06:13:21.978Z</time>
</trkpt>
<trkpt lat="41.983536" lon="2.8711567999999943">
<ele>302.8334539021971</ele>
<time>2026-08-28T06:13:25.791Z</time>
</trkpt>
<trkpt lat="41.9834912" lon="2.871171099999998">
<ele>302.45379790529455</ele>
<time>2026-08-28T06:13:29.556Z</time>
</trkpt>
<trkpt lat="41.9834463" lon="2.871184400000004">
<ele>302.09492651750315</ele>
<time>2026-08-28T06:13:33.714Z</time>
</trkpt>
<trkpt lat="41.9834015" lon="2.871198800000002">
<ele>301.7145310288177</ele>
<time>2026-08-28T06:13:38.153Z</time>
</trkpt>
<trkpt lat="41.983355" lon="2.8712202000000104">
<ele>301.19975667114545</ele>
<time>2026-08-28T06:13:42.077Z</time>
</trkpt>
<trkpt lat="41.9833054" lon="2.8712275999999974">
<ele>300.95684462346543</ele>
<time>2026-08-28T06:13:46.313Z</time>
</trkpt>
<trkpt lat="41.9832583" lon="2.8712342999999976">
<ele>300.4556175097904</ele>
<time>2026-08-28T06:13:49.851Z</time>
</trkpt>
<trkpt lat="41.9832095" lon="2.8712389000000087">
<ele>299.97272011381244</ele>
<time>2026-08-28T06:13:53.503Z</time>
</trkpt>
<trkpt lat="41.9831628" lon="2.871243200000009">
<ele>299.50738964641846</ele>
<time>2026-08-28T06:13:56.913Z</time>
</trkpt>
<trkpt lat="41.9831175" lon="2.871242599999988">
<ele>299.1477367822529</ele>
<time>2026-08-28T06:14:00.694Z</time>
</trkpt>
<trkpt lat="41.9830731" lon="2.8712290999999937">
<ele>299.06413864178995</ele>
<time>2026-08-28T06:14:04.577Z</time>
</trkpt>
<trkpt lat="41.9830318" lon="2.871204199999994">
<ele>299.24335204733364</ele>
<time>2026-08-28T06:14:08.075Z</time>
</trkpt>
<trkpt lat="41.9829902" lon="2.87116979999999">
<ele>299.94383866655244</ele>
<time>2026-08-28T06:14:13.471Z</time>
</trkpt>
<trkpt lat="41.9829506" lon="2.8711357999999905">
<ele>300.61202837903454</ele>
<time>2026-08-28T06:14:18.238Z</time>
</trkpt>
<trkpt lat="41.9829186" lon="2.8710920999999985">
<ele>301.409914037528</ele>
<time>2026-08-28T06:14:21.978Z</time>
</trkpt>
<trkpt lat="41.9828778" lon="2.871056600000003">
<ele>302.0630822610892</ele>
<time>2026-08-28T06:14:25.797Z</time>
</trkpt>
<trkpt lat="41.982837" lon="2.8710245000000043">
<ele>302.6394009989568</ele>
<time>2026-08-28T06:14:29.338Z</time>
</trkpt>
<trkpt lat="41.9827956" lon="2.870995399999998">
<ele>303.1489094008407</ele>
<time>2026-08-28T06:14:32.949Z</time>
</trkpt>
<trkpt lat="41.9827552" lon="2.8709651000000065">
<ele>303.65828858882753</ele>
<time>2026-08-28T06:14:36.594Z</time>
</trkpt>
<trkpt lat="41.9827139" lon="2.8709401000000128">
<ele>304.1155319543689</ele>
<time>2026-08-28T06:14:40.216Z</time>
</trkpt>
<trkpt lat="41.9826675" lon="2.8709254999999985">
<ele>304.27301717370716</ele>
<time>2026-08-28T06:14:43.957Z</time>
</trkpt>
<trkpt lat="41.9826244" lon="2.8709062000000074">
<ele>304.2628366546957</ele>
<time>2026-08-28T06:14:47.537Z</time>
</trkpt>
<trkpt lat="41.9825804" lon="2.8708867">
<ele>304.20075970204044</ele>
<time>2026-08-28T06:14:51.482Z</time>
</trkpt>
<trkpt lat="41.9825353" lon="2.8709042000000125">
<ele>304.2908153437948</ele>
<time>2026-08-28T06:14:54.933Z</time>
</trkpt>
<trkpt lat="41.9824952" lon="2.8709326000000033">
<ele>304.4924820782956</ele>
<time>2026-08-28T06:14:58.835Z</time>
</trkpt>
<trkpt lat="41.9824522" lon="2.8709511000000134">
<ele>304.5452371863369</ele>
<time>2026-08-28T06:15:02.482Z</time>
</trkpt>
<trkpt lat="41.9824081" lon="2.870981300000011">
<ele>304.60405180303604</ele>
<time>2026-08-28T06:15:06.093Z</time>
</trkpt>
<trkpt lat="41.9823693" lon="2.8710140999999965">
<ele>304.66168430261746</ele>
<time>2026-08-28T06:15:09.530Z</time>
</trkpt>
<trkpt lat="41.9823318" lon="2.8710509">
<ele>304.7242372292899</ele>
<time>2026-08-28T06:15:13.073Z</time>
</trkpt>
<trkpt lat="41.9822918" lon="2.871081199999992">
<ele>304.7963929178122</ele>
<time>2026-08-28T06:15:16.486Z</time>
</trkpt>
<trkpt lat="41.9822435" lon="2.871112399999987">
<ele>304.8896618951139</ele>
<time>2026-08-28T06:15:20.332Z</time>
</trkpt>
<trkpt lat="41.9822023" lon="2.8711417000000097">
<ele>304.97649721394004</ele>
<time>2026-08-28T06:15:23.737Z</time>
</trkpt>
<trkpt lat="41.9821589" lon="2.8711719000000073">
<ele>304.87638605059453</ele>
<time>2026-08-28T06:15:27.337Z</time>
</trkpt>
<trkpt lat="41.9821154" lon="2.871193699999992">
<ele>304.8120954053061</ele>
<time>2026-08-28T06:15:30.895Z</time>
</trkpt>
<trkpt lat="41.9820725" lon="2.871217900000005">
<ele>304.81835583674587</ele>
<time>2026-08-28T06:15:34.533Z</time>
</trkpt>
<trkpt lat="41.9820258" lon="2.871217800000011">
<ele>304.74703388515366</ele>
<time>2026-08-28T06:15:37.595Z</time>
</trkpt>
<trkpt lat="41.9819778" lon="2.8712203999999986">
<ele>304.69338851960305</ele>
<time>2026-08-28T06:15:40.711Z</time>
</trkpt>
<trkpt lat="41.9819317" lon="2.871233100000012">
<ele>304.74578835527427</ele>
<time>2026-08-28T06:15:44.238Z</time>
</trkpt>
<trkpt lat="41.9818865" lon="2.8712433999999973">
<ele>304.83870392994646</ele>
<time>2026-08-28T06:15:48.355Z</time>
</trkpt>
<trkpt lat="41.9818386" lon="2.8712679999999864">
<ele>305.1578288959799</ele>
<time>2026-08-28T06:15:52.193Z</time>
</trkpt>
<trkpt lat="41.981796" lon="2.8712949000000094">
<ele>305.587214111217</ele>
<time>2026-08-28T06:15:55.574Z</time>
</trkpt>
<trkpt lat="41.9817601" lon="2.8713327000000106">
<ele>306.2523359893574</ele>
<time>2026-08-28T06:15:59.237Z</time>
</trkpt>
<trkpt lat="41.9817244" lon="2.8713707">
<ele>307.0207156384395</ele>
<time>2026-08-28T06:16:02.891Z</time>
</trkpt>
<trkpt lat="41.9816919" lon="2.871416399999987">
<ele>308.01008407614904</ele>
<time>2026-08-28T06:16:06.409Z</time>
</trkpt>
<trkpt lat="41.9816576" lon="2.871464599999996">
<ele>309.17333110214383</ele>
<time>2026-08-28T06:16:10.135Z</time>
</trkpt>
<trkpt lat="41.9816252" lon="2.87150969999999">
<ele>310.02330364846927</ele>
<time>2026-08-28T06:16:13.483Z</time>
</trkpt>
<trkpt lat="41.9815904" lon="2.871553900000009">
<ele>310.61193269410217</ele>
<time>2026-08-28T06:16:17.513Z</time>
</trkpt>
<trkpt lat="41.9815646" lon="2.871610299999986">
<ele>311.37129540075136</ele>
<time>2026-08-28T06:16:21.310Z</time>
</trkpt>
<trkpt lat="41.9815401" lon="2.871667699999989">
<ele>312.2404970617639</ele>
<time>2026-08-28T06:16:24.434Z</time>
</trkpt>
<trkpt lat="41.9815076" lon="2.871712599999995">
<ele>313.1675715583879</ele>
<time>2026-08-28T06:16:28.471Z</time>
</trkpt>
<trkpt lat="41.9814825" lon="2.871766199999996">
<ele>314.21821713795856</ele>
<time>2026-08-28T06:16:32.156Z</time>
</trkpt>
<trkpt lat="41.9814682" lon="2.871826800000008">
<ele>314.42169780831733</ele>
<time>2026-08-28T06:16:35.818Z</time>
</trkpt>
<trkpt lat="41.981463" lon="2.871887700000002">
<ele>314.50217001688765</ele>
<time>2026-08-28T06:16:39.430Z</time>
</trkpt>
<trkpt lat="41.9814562" lon="2.871948300000014">
<ele>314.62811175883814</ele>
<time>2026-08-28T06:16:43.131Z</time>
</trkpt>
<trkpt lat="41.9814516" lon="2.872009899999995">
<ele>314.7282226002849</ele>
<time>2026-08-28T06:16:47.674Z</time>
</trkpt>
<trkpt lat="41.9814296" lon="2.8720632000000137">
<ele>315.0193905563804</ele>
<time>2026-08-28T06:16:53.515Z</time>
</trkpt>
<trkpt lat="41.9813855" lon="2.8721160999999995">
<ele>315.3236218127286</ele>
<time>2026-08-28T06:16:57.482Z</time>
</trkpt>
<trkpt lat="41.9813545" lon="2.8721617999999864">
<ele>315.17582843587525</ele>
<time>2026-08-28T06:17:00.357Z</time>
</trkpt>
<trkpt lat="41.9813239" lon="2.8722113000000036">
<ele>314.52550057039986</ele>
<time>2026-08-28T06:17:03.490Z</time>
</trkpt>
<trkpt lat="41.9812959" lon="2.872267899999997">
<ele>313.7739364542376</ele>
<time>2026-08-28T06:17:07.193Z</time>
</trkpt>
<trkpt lat="41.9812705" lon="2.8723190999999986">
<ele>313.08047383254603</ele>
<time>2026-08-28T06:17:10.712Z</time>
</trkpt>
<trkpt lat="41.9812402" lon="2.87236759999999">
<ele>312.129367960432</ele>
<time>2026-08-28T06:17:14.374Z</time>
</trkpt>
<trkpt lat="41.9812059" lon="2.8724163999999917">
<ele>311.28623273587783</ele>
<time>2026-08-28T06:17:18.533Z</time>
</trkpt>
<trkpt lat="41.9811748" lon="2.872462000000013">
<ele>310.62844198129585</ele>
<time>2026-08-28T06:17:22.113Z</time>
</trkpt>
<trkpt lat="41.9811376" lon="2.872502300000008">
<ele>310.212281196977</ele>
<time>2026-08-28T06:17:25.487Z</time>
</trkpt>
<trkpt lat="41.9810965" lon="2.872538999999989">
<ele>310.00572937563345</ele>
<time>2026-08-28T06:17:29.013Z</time>
</trkpt>
<trkpt lat="41.9810574" lon="2.872573299999999">
<ele>309.29144415730923</ele>
<time>2026-08-28T06:17:32.954Z</time>
</trkpt>
<trkpt lat="41.9810142" lon="2.8726104000000134">
<ele>308.30036753608675</ele>
<time>2026-08-28T06:17:37.457Z</time>
</trkpt>
<trkpt lat="41.9809738" lon="2.8726383999999996">
<ele>307.59960793616335</ele>
<time>2026-08-28T06:17:41.390Z</time>
</trkpt>
<trkpt lat="41.9809398" lon="2.872680900000006">
<ele>306.9811642859823</ele>
<time>2026-08-28T06:17:45.510Z</time>
</trkpt>
<trkpt lat="41.9809088" lon="2.8727271999999857">
<ele>306.4661940085809</ele>
<time>2026-08-28T06:17:49.677Z</time>
</trkpt>
<trkpt lat="41.9808781" lon="2.8727738999999985">
<ele>306.0372792946802</ele>
<time>2026-08-28T06:17:53.452Z</time>
</trkpt>
<trkpt lat="41.980844" lon="2.872815900000006">
<ele>305.67365645966595</ele>
<time>2026-08-28T06:17:58.012Z</time>
</trkpt>
<trkpt lat="41.9808152" lon="2.872864800000002">
<ele>305.42439147977683</ele>
<time>2026-08-28T06:18:01.163Z</time>
</trkpt>
<trkpt lat="41.9807904" lon="2.8729154000000108">
<ele>305.25317328416764</ele>
<time>2026-08-28T06:18:04.652Z</time>
</trkpt>
<trkpt lat="41.9807632" lon="2.872970500000008">
<ele>305.17418185306224</ele>
<time>2026-08-28T06:18:08.932Z</time>
</trkpt>
<trkpt lat="41.980739" lon="2.87302489999999">
<ele>305.2824549076212</ele>
<time>2026-08-28T06:18:12.516Z</time>
</trkpt>
<trkpt lat="41.9807137" lon="2.873074900000006">
<ele>305.4898888766528</ele>
<time>2026-08-28T06:18:16.098Z</time>
</trkpt>
<trkpt lat="41.980685" lon="2.873122599999988">
<ele>305.7998882705491</ele>
<time>2026-08-28T06:18:19.431Z</time>
</trkpt>
<trkpt lat="41.9806568" lon="2.873172399999987">
<ele>306.23268300690796</ele>
<time>2026-08-28T06:18:23.655Z</time>
</trkpt>
<trkpt lat="41.9806315" lon="2.873222900000002">
<ele>306.6786798624657</ele>
<time>2026-08-28T06:18:26.797Z</time>
</trkpt>
<trkpt lat="41.9806099" lon="2.873276599999997">
<ele>307.25389251812317</ele>
<time>2026-08-28T06:18:32.437Z</time>
</trkpt>
<trkpt lat="41.9805906" lon="2.873340500000012">
<ele>308.028064808539</ele>
<time>2026-08-28T06:18:35.096Z</time>
</trkpt>
<trkpt lat="41.9805672" lon="2.8733999000000097">
<ele>308.88468852744415</ele>
<time>2026-08-28T06:18:38.197Z</time>
</trkpt>
<trkpt lat="41.980541" lon="2.8734492000000103">
<ele>309.6320970201208</ele>
<time>2026-08-28T06:18:42.573Z</time>
</trkpt>
<trkpt lat="41.9805098" lon="2.8735062000000084">
<ele>309.81732694749803</ele>
<time>2026-08-28T06:18:45.483Z</time>
</trkpt>
<trkpt lat="41.980505" lon="2.8735724000000005">
<ele>310.0930957740717</ele>
<time>2026-08-28T06:18:48.831Z</time>
</trkpt>
<trkpt lat="41.9804928" lon="2.873632399999991">
<ele>310.2617965437327</ele>
<time>2026-08-28T06:18:52.115Z</time>
</trkpt>
<trkpt lat="41.9804825" lon="2.873694300000011">
<ele>310.46920082321736</ele>
<time>2026-08-28T06:18:55.138Z</time>
</trkpt>
<trkpt lat="41.9804824" lon="2.873764499999993">
<ele>310.85082703982613</ele>
<time>2026-08-28T06:18:59.392Z</time>
</trkpt>
<trkpt lat="41.9804853" lon="2.8738281999999913">
<ele>311.2307025410044</ele>
<time>2026-08-28T06:19:03.015Z</time>
</trkpt>
<trkpt lat="41.9804814" lon="2.8738971999999876">
<ele>311.5816050044889</ele>
<time>2026-08-28T06:19:06.237Z</time>
</trkpt>
<trkpt lat="41.9804924" lon="2.8739583999999923">
<ele>311.99986125846164</ele>
<time>2026-08-28T06:19:09.515Z</time>
</trkpt>
<trkpt lat="41.9804891" lon="2.8740214000000037">
<ele>311.9396842609165</ele>
<time>2026-08-28T06:19:12.257Z</time>
</trkpt>
<trkpt lat="41.9804808" lon="2.8740827999999965">
<ele>311.4570751628386</ele>
<time>2026-08-28T06:19:15.912Z</time>
</trkpt>
<trkpt lat="41.9804724" lon="2.874145700000014">
<ele>310.996593798507</ele>
<time>2026-08-28T06:19:19.482Z</time>
</trkpt>
<trkpt lat="41.9804616" lon="2.874207399999989">
<ele>310.57859422884223</ele>
<time>2026-08-28T06:19:23.150Z</time>
</trkpt>
<trkpt lat="41.9804418" lon="2.874264399999987">
<ele>310.25162816633605</ele>
<time>2026-08-28T06:19:26.550Z</time>
</trkpt>
<trkpt lat="41.98042" lon="2.874319799999995">
<ele>309.603266035685</ele>
<time>2026-08-28T06:19:29.482Z</time>
</trkpt>
<trkpt lat="41.9804" lon="2.874377100000004">
<ele>308.9357630482145</ele>
<time>2026-08-28T06:19:33.852Z</time>
</trkpt>
<trkpt lat="41.9803862" lon="2.8744357999999863">
<ele>308.26641920358173</ele>
<time>2026-08-28T06:19:37.837Z</time>
</trkpt>
<trkpt lat="41.9803645" lon="2.874492299999986">
<ele>307.7230157258283</ele>
<time>2026-08-28T06:19:41.476Z</time>
</trkpt>
<trkpt lat="41.9803473" lon="2.8745488000000137">
<ele>307.19731524743753</ele>
<time>2026-08-28T06:19:44.756Z</time>
</trkpt>
<trkpt lat="41.9803411" lon="2.8746097000000077">
<ele>306.52048997810914</ele>
<time>2026-08-28T06:19:48.090Z</time>
</trkpt>
<trkpt lat="41.9803365" lon="2.8746743000000095">
<ele>305.77547232880863</ele>
<time>2026-08-28T06:19:52.483Z</time>
</trkpt>
<trkpt lat="41.9803256" lon="2.8747351000000094">
<ele>305.10454794617834</ele>
<time>2026-08-28T06:19:56.556Z</time>
</trkpt>
<trkpt lat="41.9803079" lon="2.8747909999999877">
<ele>304.5074440234361</ele>
<time>2026-08-28T06:20:02.697Z</time>
</trkpt>
<trkpt lat="41.9802887" lon="2.874845999999991">
<ele>303.81413701589116</ele>
<time>2026-08-28T06:20:08.414Z</time>
</trkpt>
<trkpt lat="41.9802666" lon="2.874901499999993">
<ele>302.9544068512954</ele>
<time>2026-08-28T06:20:11.196Z</time>
</trkpt>
<trkpt lat="41.9802477" lon="2.8749673000000087">
<ele>301.8461036281862</ele>
<time>2026-08-28T06:20:15.876Z</time>
</trkpt>
<trkpt lat="41.9802132" lon="2.8750070000000107">
<ele>300.8150650476534</ele>
<time>2026-08-28T06:20:18.513Z</time>
</trkpt>
<trkpt lat="41.9801744" lon="2.875044300000013">
<ele>299.84037723228175</ele>
<time>2026-08-28T06:20:21.777Z</time>
</trkpt>
<trkpt lat="41.9801476" lon="2.8750947000000053">
<ele>298.8290795269938</ele>
<time>2026-08-28T06:20:25.482Z</time>
</trkpt>
<trkpt lat="41.9801139" lon="2.8751364000000024">
<ele>297.96829804749194</ele>
<time>2026-08-28T06:20:28.894Z</time>
</trkpt>
<trkpt lat="41.9800751" lon="2.875179099999997">
<ele>297.1614607601515</ele>
<time>2026-08-28T06:20:33.311Z</time>
</trkpt>
<trkpt lat="41.9800365" lon="2.8752124000000094">
<ele>296.5726393672943</ele>
<time>2026-08-28T06:20:37.483Z</time>
</trkpt>
<trkpt lat="41.979994" lon="2.8752330000000086">
<ele>296.183289660439</ele>
<time>2026-08-28T06:20:40.131Z</time>
</trkpt>
<trkpt lat="41.9799472" lon="2.875242799999995">
<ele>295.8383159414731</ele>
<time>2026-08-28T06:20:44.546Z</time>
</trkpt>
<trkpt lat="41.9798982" lon="2.8752470000000017">
<ele>295.4616404909027</ele>
<time>2026-08-28T06:20:48.473Z</time>
</trkpt>
<trkpt lat="41.9798492" lon="2.875245299999989">
<ele>295.13425114102967</ele>
<time>2026-08-28T06:20:52.256Z</time>
</trkpt>
<trkpt lat="41.9797987" lon="2.875245199999995">
<ele>294.7834413572485</ele>
<time>2026-08-28T06:20:56.431Z</time>
</trkpt>
<trkpt lat="41.9797513" lon="2.875247900000005">
<ele>294.4384116979499</ele>
<time>2026-08-28T06:21:00.483Z</time>
</trkpt>
<trkpt lat="41.9797034" lon="2.875247900000005">
<ele>294.1071161352305</ele>
<time>2026-08-28T06:21:04.394Z</time>
</trkpt>
<trkpt lat="41.9796617" lon="2.8752720999999895">
<ele>293.2958388217561</ele>
<time>2026-08-28T06:21:09.034Z</time>
</trkpt>
<trkpt lat="41.9796339" lon="2.8753269000000046">
<ele>292.57156309196085</ele>
<time>2026-08-28T06:21:15.077Z</time>
</trkpt>
<trkpt lat="41.9796137" lon="2.8753877000000045">
<ele>292.01367374906107</ele>
<time>2026-08-28T06:21:19.483Z</time>
</trkpt>
<trkpt lat="41.9795904" lon="2.8754398000000094">
<ele>291.28489252810016</ele>
<time>2026-08-28T06:21:22.483Z</time>
</trkpt>
<trkpt lat="41.9795654" lon="2.8754980999999873">
<ele>290.4483723879275</ele>
<time>2026-08-28T06:21:25.832Z</time>
</trkpt>
<trkpt lat="41.9795434" lon="2.8755509000000075">
<ele>289.6673417241393</ele>
<time>2026-08-28T06:21:29.310Z</time>
</trkpt>
<trkpt lat="41.9795272" lon="2.875611099999986">
<ele>288.91723113054945</ele>
<time>2026-08-28T06:21:32.477Z</time>
</trkpt>
<trkpt lat="41.9795177" lon="2.8756724000000133">
<ele>288.22500543206365</ele>
<time>2026-08-28T06:21:35.482Z</time>
</trkpt>
<trkpt lat="41.9794996" lon="2.8757419000000084">
<ele>287.00995552307813</ele>
<time>2026-08-28T06:21:39.135Z</time>
</trkpt>
<trkpt lat="41.9794922" lon="2.875812400000001">
<ele>285.98536799019087</ele>
<time>2026-08-28T06:21:41.483Z</time>
</trkpt>
<trkpt lat="41.9794901" lon="2.87587529999999">
<ele>285.1682631922919</ele>
<time>2026-08-28T06:21:43.756Z</time>
</trkpt>
<trkpt lat="41.9795001" lon="2.875934199999989">
<ele>284.73211317521873</ele>
<time>2026-08-28T06:21:45.888Z</time>
</trkpt>
<trkpt lat="41.9795042" lon="2.875996299999997">
<ele>284.01822157940603</ele>
<time>2026-08-28T06:21:48.536Z</time>
</trkpt>
<trkpt lat="41.9795055" lon="2.876058499999999">
<ele>283.2227158316529</ele>
<time>2026-08-28T06:21:51.482Z</time>
</trkpt>
<trkpt lat="41.9795316" lon="2.876116599999989">
<ele>283.345411789689</ele>
<time>2026-08-28T06:21:55.350Z</time>
</trkpt>
<trkpt lat="41.9795311" lon="2.876186600000011">
<ele>282.453775791138</ele>
<time>2026-08-28T06:21:59.470Z</time>
</trkpt>
<trkpt lat="41.9795551" lon="2.8762451999999996">
<ele>283.10270795223516</ele>
<time>2026-08-28T06:22:03.428Z</time>
</trkpt>
<trkpt lat="41.9795687" lon="2.8763084999999933">
<ele>283.85400478728025</ele>
<time>2026-08-28T06:22:07.482Z</time>
</trkpt>
<trkpt lat="41.9795834" lon="2.87636839999999">
<ele>284.60920151164817</ele>
<time>2026-08-28T06:22:11.069Z</time>
</trkpt>
<trkpt lat="41.9795994" lon="2.8764289000000076">
<ele>285.38797608798546</ele>
<time>2026-08-28T06:22:14.541Z</time>
</trkpt>
<trkpt lat="41.9796087" lon="2.8764884999999936">
<ele>285.90625910637397</ele>
<time>2026-08-28T06:22:17.852Z</time>
</trkpt>
<trkpt lat="41.979619" lon="2.8765517999999872">
<ele>286.9135586289312</ele>
<time>2026-08-28T06:22:21.331Z</time>
</trkpt>
<trkpt lat="41.9796388" lon="2.8766168999999877">
<ele>288.2006637043578</ele>
<time>2026-08-28T06:22:25.252Z</time>
</trkpt>
<trkpt lat="41.9796584" lon="2.876671299999998">
<ele>289.256324864709</ele>
<time>2026-08-28T06:22:28.482Z</time>
</trkpt>
<trkpt lat="41.9796775" lon="2.8767298999999866">
<ele>290.2292587946306</ele>
<time>2026-08-28T06:22:31.795Z</time>
</trkpt>
<trkpt lat="41.9797017" lon="2.8767891999999904">
<ele>291.18585043981585</ele>
<time>2026-08-28T06:22:35.074Z</time>
</trkpt>
<trkpt lat="41.9797232" lon="2.8768454000000077">
<ele>292.01673104364437</ele>
<time>2026-08-28T06:22:38.483Z</time>
</trkpt>
<trkpt lat="41.9797516" lon="2.876894099999987">
<ele>292.8031674966081</ele>
<time>2026-08-28T06:22:41.913Z</time>
</trkpt>
<trkpt lat="41.9797869" lon="2.8769384000000002">
<ele>293.5703376376916</ele>
<time>2026-08-28T06:22:45.434Z</time>
</trkpt>
<trkpt lat="41.9798228" lon="2.8769809000000066">
<ele>294.28343013774577</ele>
<time>2026-08-28T06:22:49.210Z</time>
</trkpt>
<trkpt lat="41.9798625" lon="2.8770269999999982">
<ele>295.0159888374831</ele>
<time>2026-08-28T06:22:53.370Z</time>
</trkpt>
<trkpt lat="41.9799008" lon="2.8770748000000026">
<ele>295.5166124869825</ele>
<time>2026-08-28T06:22:57.533Z</time>
</trkpt>
<trkpt lat="41.9799366" lon="2.8771164999999996">
<ele>295.94050143426915</ele>
<time>2026-08-28T06:23:01.131Z</time>
</trkpt>
<trkpt lat="41.9799778" lon="2.8771461999999985">
<ele>296.536436248883</ele>
<time>2026-08-28T06:23:04.434Z</time>
</trkpt>
<trkpt lat="41.9800187" lon="2.87719229999999">
<ele>297.10980255450545</ele>
<time>2026-08-28T06:23:08.154Z</time>
</trkpt>
<trkpt lat="41.9800544" lon="2.8772414999999967">
<ele>297.76358798340885</ele>
<time>2026-08-28T06:23:13.395Z</time>
</trkpt>
<trkpt lat="41.9800914" lon="2.877277200000009">
<ele>298.4214611948264</ele>
<time>2026-08-28T06:23:17.771Z</time>
</trkpt>
<trkpt lat="41.9801312" lon="2.8773073000000124">
<ele>299.13587231842786</ele>
<time>2026-08-28T06:23:22.482Z</time>
</trkpt>
<trkpt lat="41.9801765" lon="2.8773304999999993">
<ele>299.8982067456576</ele>
<time>2026-08-28T06:23:29.171Z</time>
</trkpt>
<trkpt lat="41.9802176" lon="2.877358700000002">
<ele>300.2164043846092</ele>
<time>2026-08-28T06:23:31.849Z</time>
</trkpt>
<trkpt lat="41.9802557" lon="2.877394900000013">
<ele>300.38463527441934</ele>
<time>2026-08-28T06:23:35.191Z</time>
</trkpt>
<trkpt lat="41.9802928" lon="2.8774349999999913">
<ele>299.84779776348415</ele>
<time>2026-08-28T06:23:39.409Z</time>
</trkpt>
<trkpt lat="41.9803186" lon="2.877485500000006">
<ele>299.3788567264679</ele>
<time>2026-08-28T06:23:44.234Z</time>
</trkpt>
<trkpt lat="41.9803371" lon="2.8775422999999876">
<ele>298.9600089464728</ele>
<time>2026-08-28T06:23:47.833Z</time>
</trkpt>
<trkpt lat="41.9803592" lon="2.877598599999999">
<ele>298.5450808889155</ele>
<time>2026-08-28T06:23:55.456Z</time>
</trkpt>
<trkpt lat="41.9803782" lon="2.8776569999999992">
<ele>298.1787007669538</ele>
<time>2026-08-28T06:23:58.483Z</time>
</trkpt>
<trkpt lat="41.9804012" lon="2.8777135999999928">
<ele>297.8540806860237</ele>
<time>2026-08-28T06:24:04.369Z</time>
</trkpt>
<trkpt lat="41.9804118" lon="2.8777743999999927">
<ele>297.6047482398112</ele>
<time>2026-08-28T06:24:08.754Z</time>
</trkpt>
<trkpt lat="41.9804291" lon="2.877831299999997">
<ele>297.389171246937</ele>
<time>2026-08-28T06:24:13.249Z</time>
</trkpt>
<trkpt lat="41.9804567" lon="2.8778825999999924">
<ele>297.23278391319906</ele>
<time>2026-08-28T06:24:17.377Z</time>
</trkpt>
<trkpt lat="41.9804743" lon="2.877941600000014">
<ele>297.27461787005575</ele>
<time>2026-08-28T06:24:20.373Z</time>
</trkpt>
<trkpt lat="41.9804832" lon="2.8780037999999877">
<ele>297.39129512845983</ele>
<time>2026-08-28T06:24:23.354Z</time>
</trkpt>
<trkpt lat="41.9805035" lon="2.8780645999999876">
<ele>297.69105566399276</ele>
<time>2026-08-28T06:24:26.969Z</time>
</trkpt>
<trkpt lat="41.9805312" lon="2.878114900000014">
<ele>298.1390756646773</ele>
<time>2026-08-28T06:24:30.559Z</time>
</trkpt>
<trkpt lat="41.9805532" lon="2.8781701000000055">
<ele>298.1095921774922</ele>
<time>2026-08-28T06:24:34.486Z</time>
</trkpt>
<trkpt lat="41.9805704" lon="2.8782276999999965">
<ele>297.3967256975247</ele>
<time>2026-08-28T06:24:38.526Z</time>
</trkpt>
<trkpt lat="41.9806002" lon="2.8782785999999874">
<ele>296.7423816597376</ele>
<time>2026-08-28T06:24:41.931Z</time>
</trkpt>
<trkpt lat="41.9806268" lon="2.878335800000002">
<ele>296.12237145593207</ele>
<time>2026-08-28T06:24:45.234Z</time>
</trkpt>
<trkpt lat="41.980648" lon="2.878389300000009">
<ele>295.6202350011542</ele>
<time>2026-08-28T06:24:48.351Z</time>
</trkpt>
<trkpt lat="41.9806653" lon="2.87844530000001">
<ele>295.10860478378015</ele>
<time>2026-08-28T06:24:51.540Z</time>
</trkpt>
<trkpt lat="41.980679" lon="2.878504300000003">
<ele>293.71210651282126</ele>
<time>2026-08-28T06:24:54.811Z</time>
</trkpt>
<trkpt lat="41.9806993" lon="2.878558400000003">
<ele>292.55836063034525</ele>
<time>2026-08-28T06:24:58.499Z</time>
</trkpt>
<trkpt lat="41.9807238" lon="2.8786111999999946">
<ele>291.593172527358</ele>
<time>2026-08-28T06:25:02.314Z</time>
</trkpt>
<trkpt lat="41.9807479" lon="2.8786647000000016">
<ele>290.7538150684494</ele>
<time>2026-08-28T06:25:06.482Z</time>
</trkpt>
<trkpt lat="41.9807721" lon="2.8787223999999867">
<ele>290.00114957089767</ele>
<time>2026-08-28T06:25:10.508Z</time>
</trkpt>
<trkpt lat="41.9807919" lon="2.8787828000000104">
<ele>289.8795591835283</ele>
<time>2026-08-28T06:25:14.315Z</time>
</trkpt>
<trkpt lat="41.9808116" lon="2.878839499999998">
<ele>289.96538175570004</ele>
<time>2026-08-28T06:25:17.513Z</time>
</trkpt>
<trkpt lat="41.9808326" lon="2.8788954000000047">
<ele>290.1202121152341</ele>
<time>2026-08-28T06:25:20.214Z</time>
</trkpt>
<trkpt lat="41.9808638" lon="2.878945499999986">
<ele>290.65202095654655</ele>
<time>2026-08-28T06:25:24.493Z</time>
</trkpt>
<trkpt lat="41.9808926" lon="2.8789930000000084">
<ele>291.27178509210614</ele>
<time>2026-08-28T06:25:28.482Z</time>
</trkpt>
<trkpt lat="41.9809315" lon="2.879037799999992">
<ele>292.25212477963805</ele>
<time>2026-08-28T06:25:32.534Z</time>
</trkpt>
<trkpt lat="41.9809619" lon="2.8790870999999925">
<ele>293.0893793650328</ele>
<time>2026-08-28T06:25:36.854Z</time>
</trkpt>
<trkpt lat="41.9809936" lon="2.879130800000013">
<ele>294.0593733226096</ele>
<time>2026-08-28T06:25:40.482Z</time>
</trkpt>
<trkpt lat="41.9810263" lon="2.8791750999999977">
<ele>295.1522136335744</ele>
<time>2026-08-28T06:25:44.510Z</time>
</trkpt>
<trkpt lat="41.981059" lon="2.8792187999999896">
<ele>296.3368089570777</ele>
<time>2026-08-28T06:25:49.030Z</time>
</trkpt>
<trkpt lat="41.9810948" lon="2.879255999999998">
<ele>297.4614893709774</ele>
<time>2026-08-28T06:25:53.430Z</time>
</trkpt>
<trkpt lat="41.9811307" lon="2.8793105000000025">
<ele>297.9556991388368</ele>
<time>2026-08-28T06:25:58.536Z</time>
</trkpt>
<trkpt lat="41.9811535" lon="2.8793665000000033">
<ele>298.26052883263014</ele>
<time>2026-08-28T06:26:03.008Z</time>
</trkpt>
<trkpt lat="41.9811773" lon="2.879418600000008">
<ele>298.6833613242913</ele>
<time>2026-08-28T06:26:07.874Z</time>
</trkpt>
<trkpt lat="41.9812074" lon="2.879471599999988">
<ele>299.3350638167898</ele>
<time>2026-08-28T06:26:12.875Z</time>
</trkpt>
<trkpt lat="41.9812385" lon="2.8795173999999975">
<ele>300.11407405586533</ele>
<time>2026-08-28T06:26:17.690Z</time>
</trkpt>
<trkpt lat="41.9812679" lon="2.879568799999987">
<ele>300.8789016823823</ele>
<time>2026-08-28T06:26:21.537Z</time>
</trkpt>
<trkpt lat="41.9812891" lon="2.8796246999999937">
<ele>301.2659083497523</ele>
<time>2026-08-28T06:26:26.129Z</time>
</trkpt>
<trkpt lat="41.9813187" lon="2.8796781000000067">
<ele>302.07231047400774</ele>
<time>2026-08-28T06:26:30.289Z</time>
</trkpt>
<trkpt lat="41.981349" lon="2.879726799999986">
<ele>303.09949435260893</ele>
<time>2026-08-28T06:26:34.482Z</time>
</trkpt>
<trkpt lat="41.9813803" lon="2.8797719000000086">
<ele>303.89681872361444</ele>
<time>2026-08-28T06:26:38.330Z</time>
</trkpt>
<trkpt lat="41.9814047" lon="2.8798242000000016">
<ele>304.38619056724457</ele>
<time>2026-08-28T06:26:42.520Z</time>
</trkpt>
<trkpt lat="41.9814294" lon="2.879879299999999">
<ele>304.2517868130063</ele>
<time>2026-08-28T06:26:46.953Z</time>
</trkpt>
<trkpt lat="41.981456" lon="2.879928199999995">
<ele>304.2039277727432</ele>
<time>2026-08-28T06:26:51.210Z</time>
</trkpt>
<trkpt lat="41.9814835" lon="2.879976599999992">
<ele>304.3070928741756</ele>
<time>2026-08-28T06:26:55.371Z</time>
</trkpt>
<trkpt lat="41.9815147" lon="2.880021699999986">
<ele>304.6503165256446</ele>
<time>2026-08-28T06:26:59.033Z</time>
</trkpt>
<trkpt lat="41.9815452" lon="2.8800661999999875">
<ele>305.11736433672024</ele>
<time>2026-08-28T06:27:02.495Z</time>
</trkpt>
<trkpt lat="41.9815802" lon="2.8801076999999964">
<ele>305.85296493387085</ele>
<time>2026-08-28T06:27:06.012Z</time>
</trkpt>
<trkpt lat="41.9816153" lon="2.8801493999999934">
<ele>306.02243964362214</ele>
<time>2026-08-28T06:27:10.333Z</time>
</trkpt>
<trkpt lat="41.9816483" lon="2.880195200000003">
<ele>305.9176828288081</ele>
<time>2026-08-28T06:27:14.349Z</time>
</trkpt>
<trkpt lat="41.9816709" lon="2.880248300000005">
<ele>305.1146792711135</ele>
<time>2026-08-28T06:27:18.542Z</time>
</trkpt>
<trkpt lat="41.9816948" lon="2.8803034999999966">
<ele>304.4386491736725</ele>
<time>2026-08-28T06:27:22.482Z</time>
</trkpt>
<trkpt lat="41.9817169" lon="2.880361399999998">
<ele>303.85160439893355</ele>
<time>2026-08-28T06:27:26.513Z</time>
</trkpt>
<trkpt lat="41.9817406" lon="2.880415499999998">
<ele>303.1026359698854</ele>
<time>2026-08-28T06:27:30.491Z</time>
</trkpt>
<trkpt lat="41.9817747" lon="2.8804566000000023">
<ele>302.67276557567936</ele>
<time>2026-08-28T06:27:34.292Z</time>
</trkpt>
<trkpt lat="41.9818172" lon="2.8804852000000096">
<ele>302.93032140321225</ele>
<time>2026-08-28T06:27:38.051Z</time>
</trkpt>
<trkpt lat="41.9818621" lon="2.8805084999999906">
<ele>303.5155114815727</ele>
<time>2026-08-28T06:27:42.308Z</time>
</trkpt>
<trkpt lat="41.9819035" lon="2.8805413999999985">
<ele>303.9556627547159</ele>
<time>2026-08-28T06:27:46.150Z</time>
</trkpt>
<trkpt lat="41.9819375" lon="2.8805868000000032">
<ele>303.85113591632876</ele>
<time>2026-08-28T06:27:49.869Z</time>
</trkpt>
<trkpt lat="41.9819761" lon="2.8806188000000077">
<ele>303.9772078112758</ele>
<time>2026-08-28T06:27:53.482Z</time>
</trkpt>
<trkpt lat="41.9820177" lon="2.8806433000000027">
<ele>304.4166187632914</ele>
<time>2026-08-28T06:27:56.828Z</time>
</trkpt>
<trkpt lat="41.9820644" lon="2.880669299999994">
<ele>305.07463983211943</ele>
<time>2026-08-28T06:28:00.523Z</time>
</trkpt>
<trkpt lat="41.9821065" lon="2.8807084999999972">
<ele>305.2768157992325</ele>
<time>2026-08-28T06:28:04.292Z</time>
</trkpt>
<trkpt lat="41.9821406" lon="2.880758500000013">
<ele>305.2023684506345</ele>
<time>2026-08-28T06:28:08.090Z</time>
</trkpt>
<trkpt lat="41.982165" lon="2.8808109">
<ele>304.93880693098083</ele>
<time>2026-08-28T06:28:11.914Z</time>
</trkpt>
<trkpt lat="41.9821852" lon="2.8808686000000137">
<ele>304.5490145763679</ele>
<time>2026-08-28T06:28:16.195Z</time>
</trkpt>
<trkpt lat="41.9822114" lon="2.8809195999999986">
<ele>304.4744065451898</ele>
<time>2026-08-28T06:28:20.413Z</time>
</trkpt>
<trkpt lat="41.9822436" lon="2.880969399999998">
<ele>304.6208690397649</ele>
<time>2026-08-28T06:28:24.482Z</time>
</trkpt>
<trkpt lat="41.9822655" lon="2.881023099999993">
<ele>304.32036086272933</ele>
<time>2026-08-28T06:28:29.482Z</time>
</trkpt>
<trkpt lat="41.9822809" lon="2.8810827000000074">
<ele>303.7440904935256</ele>
<time>2026-08-28T06:28:33.519Z</time>
</trkpt>
<trkpt lat="41.9822775" lon="2.8811489999999935">
<ele>302.5007024996188</ele>
<time>2026-08-28T06:28:37.455Z</time>
</trkpt>
<trkpt lat="41.9822869" lon="2.881208600000008">
<ele>301.76123035999393</ele>
<time>2026-08-28T06:28:41.374Z</time>
</trkpt>
<trkpt lat="41.9823134" lon="2.8812670000000082">
<ele>302.21010703648375</ele>
<time>2026-08-28T06:28:45.011Z</time>
</trkpt>
<trkpt lat="41.9823324" lon="2.881325299999986">
<ele>302.59138279707327</ele>
<time>2026-08-28T06:28:47.750Z</time>
</trkpt>
<trkpt lat="41.9823595" lon="2.8813768999999922">
<ele>303.1311380300244</ele>
<time>2026-08-28T06:28:50.482Z</time>
</trkpt>
<trkpt lat="41.9823796" lon="2.881435500000009">
<ele>303.37848620256125</ele>
<time>2026-08-28T06:28:54.474Z</time>
</trkpt>
<trkpt lat="41.9823983" lon="2.8814978999999994">
<ele>303.49739681087306</ele>
<time>2026-08-28T06:28:58.211Z</time>
</trkpt>
<trkpt lat="41.9824223" lon="2.8815495000000055">
<ele>303.9189930776743</ele>
<time>2026-08-28T06:29:01.675Z</time>
</trkpt>
<trkpt lat="41.9824466" lon="2.8816012000000057">
<ele>304.1449631650807</ele>
<time>2026-08-28T06:29:04.488Z</time>
</trkpt>
<trkpt lat="41.9824685" lon="2.8816554999999937">
<ele>304.11054444398025</ele>
<time>2026-08-28T06:29:07.630Z</time>
</trkpt>
<trkpt lat="41.982486" lon="2.8817160000000115">
<ele>303.95570291332984</ele>
<time>2026-08-28T06:29:11.134Z</time>
</trkpt>
<trkpt lat="41.9825066" lon="2.8817741999999953">
<ele>303.95135993046756</ele>
<time>2026-08-28T06:29:14.795Z</time>
</trkpt>
<trkpt lat="41.9825153" lon="2.8818391000000076">
<ele>304.3555452635501</ele>
<time>2026-08-28T06:29:18.953Z</time>
</trkpt>
<trkpt lat="41.9825198" lon="2.8819053999999937">
<ele>304.75477775640763</ele>
<time>2026-08-28T06:29:23.330Z</time>
</trkpt>
<trkpt lat="41.9825148" lon="2.8819679000000065">
<ele>304.9794964243564</ele>
<time>2026-08-28T06:29:27.489Z</time>
</trkpt>
<trkpt lat="41.9825024" lon="2.8820302999999967">
<ele>305.09483612554277</ele>
<time>2026-08-28T06:29:31.792Z</time>
</trkpt>
<trkpt lat="41.9825114" lon="2.8820902999999873">
<ele>305.5183160704719</ele>
<time>2026-08-28T06:29:35.095Z</time>
</trkpt>
<trkpt lat="41.9825338" lon="2.8821489000000042">
<ele>306.0981136109996</ele>
<time>2026-08-28T06:29:39.294Z</time>
</trkpt>
<trkpt lat="41.9825541" lon="2.8822111000000064">
<ele>306.62791958249596</ele>
<time>2026-08-28T06:29:43.095Z</time>
</trkpt>
<trkpt lat="41.9825727" lon="2.8822682999999927">
<ele>307.0830268421436</ele>
<time>2026-08-28T06:29:46.269Z</time>
</trkpt>
<trkpt lat="41.9825948" lon="2.8823281999999892">
<ele>307.5574812879122</ele>
<time>2026-08-28T06:29:50.054Z</time>
</trkpt>
<trkpt lat="41.9826167" lon="2.8823811999999975">
<ele>308.2358343336054</ele>
<time>2026-08-28T06:29:54.369Z</time>
</trkpt>
<trkpt lat="41.982637" lon="2.8824406999999894">
<ele>308.96723330992864</ele>
<time>2026-08-28T06:29:58.482Z</time>
</trkpt>
<trkpt lat="41.9826566" lon="2.8824974999999995">
<ele>309.63034500708045</ele>
<time>2026-08-28T06:30:02.505Z</time>
</trkpt>
<trkpt lat="41.9826821" lon="2.882548899999989">
<ele>310.2593610577157</ele>
<time>2026-08-28T06:30:07.331Z</time>
</trkpt>
<trkpt lat="41.9827241" lon="2.8825792000000092">
<ele>310.8065956668423</ele>
<time>2026-08-28T06:30:11.485Z</time>
</trkpt>
<trkpt lat="41.9827593" lon="2.882625300000001">
<ele>311.5509164670963</ele>
<time>2026-08-28T06:30:15.309Z</time>
</trkpt>
<trkpt lat="41.9827942" lon="2.882674299999991">
<ele>313.1137961790831</ele>
<time>2026-08-28T06:30:20.129Z</time>
</trkpt>
<trkpt lat="41.9828278" lon="2.882718000000011">
<ele>314.58554228103105</ele>
<time>2026-08-28T06:30:24.508Z</time>
</trkpt>
<trkpt lat="41.9828685" lon="2.8827564999999993">
<ele>316.16417773799196</ele>
<time>2026-08-28T06:30:29.549Z</time>
</trkpt>
<trkpt lat="41.9829073" lon="2.8827975000000094">
<ele>317.7583287046322</ele>
<time>2026-08-28T06:30:34.495Z</time>
</trkpt>
<trkpt lat="41.9829508" lon="2.8828288999999927">
<ele>319.33035379029167</ele>
<time>2026-08-28T06:30:39.032Z</time>
</trkpt>
<trkpt lat="41.9829882" lon="2.882871899999998">
<ele>320.9647762072247</ele>
<time>2026-08-28T06:30:44.412Z</time>
</trkpt>
<trkpt lat="41.9830237" lon="2.8829139999999995">
<ele>322.5765774150642</ele>
<time>2026-08-28T06:30:49.482Z</time>
</trkpt>
<trkpt lat="41.983064" lon="2.8829468000000134">
<ele>323.4733683592473</ele>
<time>2026-08-28T06:30:54.153Z</time>
</trkpt>
<trkpt lat="41.9831046" lon="2.882984999999991">
<ele>324.32643741156323</ele>
<time>2026-08-28T06:30:59.573Z</time>
</trkpt>
<trkpt lat="41.983147" lon="2.883015599999993">
<ele>325.08130785247965</ele>
<time>2026-08-28T06:31:04.482Z</time>
</trkpt>
<trkpt lat="41.9831799" lon="2.8830633000000034">
<ele>326.166190513566</ele>
<time>2026-08-28T06:31:09.276Z</time>
</trkpt>
<trkpt lat="41.9832102" lon="2.883109899999994">
<ele>327.25649226504606</ele>
<time>2026-08-28T06:31:13.790Z</time>
</trkpt>
<trkpt lat="41.9832329" lon="2.8831632000000127">
<ele>328.4758739202462</ele>
<time>2026-08-28T06:31:18.496Z</time>
</trkpt>
<trkpt lat="41.9832539" lon="2.8832180999999935">
<ele>329.49304664546696</ele>
<time>2026-08-28T06:31:23.545Z</time>
</trkpt>
<trkpt lat="41.9832589" lon="2.8832800000000134">
<ele>330.486932838024</ele>
<time>2026-08-28T06:31:29.053Z</time>
</trkpt>
<trkpt lat="41.9832508" lon="2.883344099999988">
<ele>331.4013030508036</ele>
<time>2026-08-28T06:31:35.530Z</time>
</trkpt>
<trkpt lat="41.9832416" lon="2.883404000000013">
<ele>332.22040904553694</ele>
<time>2026-08-28T06:31:42.015Z</time>
</trkpt>
<trkpt lat="41.9832283" lon="2.8834677000000113">
<ele>333.0326781653582</ele>
<time>2026-08-28T06:31:47.351Z</time>
</trkpt>
<trkpt lat="41.9832244" lon="2.8835315999999978">
<ele>333.9628235018789</ele>
<time>2026-08-28T06:31:53.505Z</time>
</trkpt>
<trkpt lat="41.9832309" lon="2.8835943999999927">
<ele>334.98965955688385</ele>
<time>2026-08-28T06:31:59.155Z</time>
</trkpt>
<trkpt lat="41.9832222" lon="2.8836608999999953">
<ele>335.91309631508375</ele>
<time>2026-08-28T06:32:04.500Z</time>
</trkpt>
<trkpt lat="41.9832341" lon="2.8837225000000046">
<ele>336.96917888163597</ele>
<time>2026-08-28T06:32:09.975Z</time>
</trkpt>
<trkpt lat="41.9832452" lon="2.883784999999989">
<ele>338.0377617907685</ele>
<time>2026-08-28T06:32:14.231Z</time>
</trkpt>
<trkpt lat="41.9832505" lon="2.8838499999999954">
<ele>339.0722558014462</ele>
<time>2026-08-28T06:32:18.482Z</time>
</trkpt>
<trkpt lat="41.9832623" lon="2.88391630000001">
<ele>340.1374251529253</ele>
<time>2026-08-28T06:32:23.433Z</time>
</trkpt>
<trkpt lat="41.9832678" lon="2.883976700000005">
<ele>341.0556331761192</ele>
<time>2026-08-28T06:32:28.130Z</time>
</trkpt>
<trkpt lat="41.9832723" lon="2.8840425999999866">
<ele>341.92400536298726</ele>
<time>2026-08-28T06:32:32.354Z</time>
</trkpt>
<trkpt lat="41.9832733" lon="2.8841037999999912">
<ele>342.6379563619703</ele>
<time>2026-08-28T06:32:36.482Z</time>
</trkpt>
<trkpt lat="41.9832766" lon="2.884165800000005">
<ele>343.3567373949539</ele>
<time>2026-08-28T06:32:40.519Z</time>
</trkpt>
<trkpt lat="41.9832795" lon="2.8842300000000023">
<ele>344.09386994176515</ele>
<time>2026-08-28T06:32:45.874Z</time>
</trkpt>
<trkpt lat="41.9832764" lon="2.884294799999992">
<ele>344.82381835751806</ele>
<time>2026-08-28T06:32:50.508Z</time>
</trkpt>
<trkpt lat="41.9832846" lon="2.884356800000006">
<ele>345.3528110557043</ele>
<time>2026-08-28T06:32:56.483Z</time>
</trkpt>
<trkpt lat="41.9833014" lon="2.8844311000000005">
<ele>345.92433828521536</ele>
<time>2026-08-28T06:33:05.570Z</time>
</trkpt>
<trkpt lat="41.9833095" lon="2.8844977999999912">
<ele>346.4488943386854</ele>
<time>2026-08-28T06:33:09.331Z</time>
</trkpt>
<trkpt lat="41.9833153" lon="2.884563799999995">
<ele>346.91480071876197</ele>
<time>2026-08-28T06:33:14.029Z</time>
</trkpt>
<trkpt lat="41.9833215" lon="2.8846268000000066">
<ele>347.059288786899</ele>
<time>2026-08-28T06:33:18.295Z</time>
</trkpt>
<trkpt lat="41.9833407" lon="2.8846864999999866">
<ele>346.93605528317613</ele>
<time>2026-08-28T06:33:23.074Z</time>
</trkpt>
<trkpt lat="41.9833565" lon="2.8847433999999907">
<ele>346.83139291544114</ele>
<time>2026-08-28T06:33:27.894Z</time>
</trkpt>
<trkpt lat="41.9833675" lon="2.8848027999999886">
<ele>346.80270752459035</ele>
<time>2026-08-28T06:33:31.735Z</time>
</trkpt>
<trkpt lat="41.983376" lon="2.884864599999986">
<ele>346.42660483543466</ele>
<time>2026-08-28T06:33:36.169Z</time>
</trkpt>
<trkpt lat="41.9833906" lon="2.8849238999999898">
<ele>345.31859768522247</ele>
<time>2026-08-28T06:33:40.850Z</time>
</trkpt>
<trkpt lat="41.9833896" lon="2.8849917999999946">
<ele>344.44514873795174</ele>
<time>2026-08-28T06:33:46.192Z</time>
</trkpt>
<trkpt lat="41.9833841" lon="2.8850598999999875">
<ele>343.70352881288363</ele>
<time>2026-08-28T06:33:50.489Z</time>
</trkpt>
<trkpt lat="41.9833645" lon="2.8851147000000026">
<ele>343.5920019642545</ele>
<time>2026-08-28T06:33:55.829Z</time>
</trkpt>
<trkpt lat="41.983337" lon="2.8851675999999884">
<ele>343.44773473043944</ele>
<time>2026-08-28T06:34:00.512Z</time>
</trkpt>
<trkpt lat="41.9833092" lon="2.8852151000000106">
<ele>343.4587248109867</ele>
<time>2026-08-28T06:34:05.495Z</time>
</trkpt>
<trkpt lat="41.9832765" lon="2.885263600000002">
<ele>343.52352895341113</ele>
<time>2026-08-28T06:34:09.482Z</time>
</trkpt>
<trkpt lat="41.9832396" lon="2.885305200000005">
<ele>343.9101928549996</ele>
<time>2026-08-28T06:34:14.214Z</time>
</trkpt>
<trkpt lat="41.9832032" lon="2.8853439000000094">
<ele>344.40227294111264</ele>
<time>2026-08-28T06:34:18.511Z</time>
</trkpt>
<trkpt lat="41.9831737" lon="2.885391300000009">
<ele>344.60814954603956</ele>
<time>2026-08-28T06:34:23.311Z</time>
</trkpt>
<trkpt lat="41.9831444" lon="2.885442100000006">
<ele>344.4194595245966</ele>
<time>2026-08-28T06:34:27.509Z</time>
</trkpt>
<trkpt lat="41.98312" lon="2.8854940999999883">
<ele>344.0187094657425</ele>
<time>2026-08-28T06:34:31.525Z</time>
</trkpt>
<trkpt lat="41.9830874" lon="2.8855432000000008">
<ele>343.9800507474723</ele>
<time>2026-08-28T06:34:35.451Z</time>
</trkpt>
<trkpt lat="41.9830557" lon="2.885587500000014">
<ele>344.0433517056314</ele>
<time>2026-08-28T06:34:39.194Z</time>
</trkpt>
<trkpt lat="41.9830226" lon="2.8856375000000014">
<ele>344.00323445882697</ele>
<time>2026-08-28T06:34:43.472Z</time>
</trkpt>
<trkpt lat="41.9829863" lon="2.8856812999999875">
<ele>344.2174311616593</ele>
<time>2026-08-28T06:34:48.015Z</time>
</trkpt>
<trkpt lat="41.9829482" lon="2.8857327000000055">
<ele>344.7011364998931</ele>
<time>2026-08-28T06:34:52.213Z</time>
</trkpt>
<trkpt lat="41.9829162" lon="2.8857779999999877">
<ele>345.2253883072061</ele>
<time>2026-08-28T06:34:56.395Z</time>
</trkpt>
<trkpt lat="41.982886" lon="2.8858228999999938">
<ele>345.82344406429974</ele>
<time>2026-08-28T06:35:00.088Z</time>
</trkpt>
<trkpt lat="41.9828561" lon="2.8858770999999876">
<ele>346.448692486882</ele>
<time>2026-08-28T06:35:05.408Z</time>
</trkpt>
<trkpt lat="41.9828297" lon="2.8859304000000066">
<ele>347.0836429067817</ele>
<time>2026-08-28T06:35:09.093Z</time>
</trkpt>
<trkpt lat="41.9828051" lon="2.88598429999999">
<ele>347.69244718383356</ele>
<time>2026-08-28T06:35:12.836Z</time>
</trkpt>
<trkpt lat="41.982779" lon="2.88603710000001">
<ele>348.41057435449056</ele>
<time>2026-08-28T06:35:16.504Z</time>
</trkpt>
<trkpt lat="41.9827504" lon="2.8860837000000004">
<ele>349.2230219187784</ele>
<time>2026-08-28T06:35:20.374Z</time>
</trkpt>
<trkpt lat="41.9827187" lon="2.886130400000013">
<ele>348.92873398374775</ele>
<time>2026-08-28T06:35:24.482Z</time>
</trkpt>
<trkpt lat="41.9826882" lon="2.886181300000004">
<ele>348.4824160671559</ele>
<time>2026-08-28T06:35:28.249Z</time>
</trkpt>
<trkpt lat="41.9826616" lon="2.8862332999999865">
<ele>347.8955923483458</ele>
<time>2026-08-28T06:35:32.014Z</time>
</trkpt>
<trkpt lat="41.9826385" lon="2.8862901999999906">
<ele>346.79137459059456</ele>
<time>2026-08-28T06:35:35.483Z</time>
</trkpt>
<trkpt lat="41.9826206" lon="2.886346300000014">
<ele>345.72409138674857</ele>
<time>2026-08-28T06:35:38.484Z</time>
</trkpt>
<trkpt lat="41.9825984" lon="2.8864030999999954">
<ele>344.6672083396879</ele>
<time>2026-08-28T06:35:42.154Z</time>
</trkpt>
<trkpt lat="41.9825784" lon="2.8864571999999953">
<ele>343.68075330855476</ele>
<time>2026-08-28T06:35:45.895Z</time>
</trkpt>
<trkpt lat="41.9825574" lon="2.886517700000013">
<ele>342.71919240054467</ele>
<time>2026-08-28T06:35:50.134Z</time>
</trkpt>
<trkpt lat="41.9825415" lon="2.8865796000000046">
<ele>342.4839571075176</ele>
<time>2026-08-28T06:35:54.435Z</time>
</trkpt>
<trkpt lat="41.9825193" lon="2.8866372999999896">
<ele>342.3089119129009</ele>
<time>2026-08-28T06:35:59.036Z</time>
</trkpt>
<trkpt lat="41.982517" lon="2.8867157999999904">
<ele>341.9947342015316</ele>
<time>2026-08-28T06:36:06.489Z</time>
</trkpt>
<trkpt lat="41.9825287" lon="2.8867844000000105">
<ele>341.654628930238</ele>
<time>2026-08-28T06:36:09.175Z</time>
</trkpt>
<trkpt lat="41.9825431" lon="2.8868448000000058">
<ele>341.42727989292155</ele>
<time>2026-08-28T06:36:11.795Z</time>
</trkpt>
<trkpt lat="41.982553" lon="2.886905200000001">
<ele>341.2775808292951</ele>
<time>2026-08-28T06:36:15.008Z</time>
</trkpt>
<trkpt lat="41.982566" lon="2.8869631000000027">
<ele>341.1909897181459</ele>
<time>2026-08-28T06:36:18.482Z</time>
</trkpt>
<trkpt lat="41.9825805" lon="2.8870249">
<ele>341.1729869940782</ele>
<time>2026-08-28T06:36:21.933Z</time>
</trkpt>
<trkpt lat="41.9825947" lon="2.8870839999999873">
<ele>341.2612758666141</ele>
<time>2026-08-28T06:36:25.492Z</time>
</trkpt>
<trkpt lat="41.9826084" lon="2.8871436000000017">
<ele>341.45290354934855</ele>
<time>2026-08-28T06:36:28.851Z</time>
</trkpt>
<trkpt lat="41.9826247" lon="2.8872002999999893">
<ele>341.68318416734456</ele>
<time>2026-08-28T06:36:32.482Z</time>
</trkpt>
<trkpt lat="41.982647" lon="2.887252799999999">
<ele>341.9850983573371</ele>
<time>2026-08-28T06:36:36.250Z</time>
</trkpt>
<trkpt lat="41.9826735" lon="2.8873087999999996">
<ele>342.36804093509596</ele>
<time>2026-08-28T06:36:40.531Z</time>
</trkpt>
<trkpt lat="41.9826975" lon="2.887361300000009">
<ele>342.70599652352774</ele>
<time>2026-08-28T06:36:44.481Z</time>
</trkpt>
<trkpt lat="41.9827175" lon="2.8874163000000124">
<ele>342.94647444143163</ele>
<time>2026-08-28T06:36:48.497Z</time>
</trkpt>
<trkpt lat="41.9827468" lon="2.887463099999991">
<ele>343.3363809043387</ele>
<time>2026-08-28T06:36:52.538Z</time>
</trkpt>
<trkpt lat="41.9827695" lon="2.887516599999998">
<ele>343.6504279439861</ele>
<time>2026-08-28T06:36:56.050Z</time>
</trkpt>
<trkpt lat="41.9827868" lon="2.8875777000000085">
<ele>344.02959204192354</ele>
<time>2026-08-28T06:37:04.482Z</time>
</trkpt>
<trkpt lat="41.9828001" lon="2.8876437000000124">
<ele>344.66584546488</ele>
<time>2026-08-28T06:37:09.229Z</time>
</trkpt>
<trkpt lat="41.9828119" lon="2.887705799999992">
<ele>345.6155144989065</ele>
<time>2026-08-28T06:37:16.114Z</time>
</trkpt>
<trkpt lat="41.9828332" lon="2.887759200000005">
<ele>346.6141004378961</ele>
<time>2026-08-28T06:37:24.524Z</time>
</trkpt>
<trkpt lat="41.9828453" lon="2.88782359999999">
<ele>347.5807469404348</ele>
<time>2026-08-28T06:37:30.992Z</time>
</trkpt>
<trkpt lat="41.9828315" lon="2.887883600000009">
<ele>348.0681873843586</ele>
<time>2026-08-28T06:37:37.456Z</time>
</trkpt>
<trkpt lat="41.9828121" lon="2.887941500000011">
<ele>348.5237186114166</ele>
<time>2026-08-28T06:37:42.074Z</time>
</trkpt>
<trkpt lat="41.9827955" lon="2.888000500000004">
<ele>349.1598406364489</ele>
<time>2026-08-28T06:37:47.194Z</time>
</trkpt>
<trkpt lat="41.9827748" lon="2.888061499999992">
<ele>349.9011024808133</ele>
<time>2026-08-28T06:37:54.852Z</time>
</trkpt>
<trkpt lat="41.9827493" lon="2.888118999999989">
<ele>350.69242630362487</ele>
<time>2026-08-28T06:37:58.150Z</time>
</trkpt>
<trkpt lat="41.9827206" lon="2.888172300000008">
<ele>351.4841646461564</ele>
<time>2026-08-28T06:38:02.473Z</time>
</trkpt>
<trkpt lat="41.9826987" lon="2.8882270999999946">
<ele>352.07154005999087</ele>
<time>2026-08-28T06:38:06.754Z</time>
</trkpt>
<trkpt lat="41.9826724" lon="2.88827839999999">
<ele>352.62882718057665</ele>
<time>2026-08-28T06:38:11.482Z</time>
</trkpt>
<trkpt lat="41.9826377" lon="2.88831780000001">
<ele>353.0921201818082</ele>
<time>2026-08-28T06:38:17.513Z</time>
</trkpt>
<trkpt lat="41.982612" lon="2.8883724000000086">
<ele>353.82598944683343</ele>
<time>2026-08-28T06:38:21.290Z</time>
</trkpt>
<trkpt lat="41.982585" lon="2.888422999999989">
<ele>354.57207054309004</ele>
<time>2026-08-28T06:38:25.009Z</time>
</trkpt>
<trkpt lat="41.9825574" lon="2.888473099999999">
<ele>355.1352315759693</ele>
<time>2026-08-28T06:38:29.523Z</time>
</trkpt>
<trkpt lat="41.9825366" lon="2.8885303000000135">
<ele>355.2331434490671</ele>
<time>2026-08-28T06:38:33.564Z</time>
</trkpt>
<trkpt lat="41.9825186" lon="2.8885930000000144">
<ele>355.3309008116462</ele>
<time>2026-08-28T06:38:37.532Z</time>
</trkpt>
<trkpt lat="41.9825007" lon="2.888649500000014">
<ele>355.42735609606905</ele>
<time>2026-08-28T06:38:41.355Z</time>
</trkpt>
<trkpt lat="41.9824738" lon="2.888704600000011">
<ele>355.50279456935334</ele>
<time>2026-08-28T06:38:46.214Z</time>
</trkpt>
<trkpt lat="41.9824484" lon="2.888764100000003">
<ele>354.6461795833954</ele>
<time>2026-08-28T06:38:50.056Z</time>
</trkpt>
<trkpt lat="41.9824261" lon="2.8888260999999886">
<ele>353.6164403783744</ele>
<time>2026-08-28T06:38:54.233Z</time>
</trkpt>
<trkpt lat="41.9824027" lon="2.888884200000007">
<ele>352.70654177388224</ele>
<time>2026-08-28T06:38:57.975Z</time>
</trkpt>
<trkpt lat="41.9823764" lon="2.8889383000000066">
<ele>351.8856899228955</ele>
<time>2026-08-28T06:39:02.519Z</time>
</trkpt>
<trkpt lat="41.9823448" lon="2.888987600000007">
<ele>351.1314298729116</ele>
<time>2026-08-28T06:39:06.455Z</time>
</trkpt>
<trkpt lat="41.9823134" lon="2.8890335000000107">
<ele>350.6250942556451</ele>
<time>2026-08-28T06:39:10.490Z</time>
</trkpt>
<trkpt lat="41.9822898" lon="2.889089399999989">
<ele>350.42979306950116</ele>
<time>2026-08-28T06:39:14.009Z</time>
</trkpt>
<trkpt lat="41.9822687" lon="2.8891433999999947">
<ele>350.3140671407918</ele>
<time>2026-08-28T06:39:17.290Z</time>
</trkpt>
<trkpt lat="41.982246" lon="2.8892026000000044">
<ele>350.2497277449143</ele>
<time>2026-08-28T06:39:21.393Z</time>
</trkpt>
<trkpt lat="41.9822316" lon="2.8892662000000087">
<ele>350.31798499116167</ele>
<time>2026-08-28T06:39:26.113Z</time>
</trkpt>
<trkpt lat="41.982231" lon="2.889328599999999">
<ele>351.1102151841962</ele>
<time>2026-08-28T06:39:30.272Z</time>
</trkpt>
<trkpt lat="41.9822459" lon="2.889385699999991">
<ele>352.25926144212184</ele>
<time>2026-08-28T06:39:33.536Z</time>
</trkpt>
<trkpt lat="41.9822595" lon="2.8894453000000055">
<ele>353.4074968351722</ele>
<time>2026-08-28T06:39:37.774Z</time>
</trkpt>
<trkpt lat="41.9822719" lon="2.8895047000000034">
<ele>354.5096614419831</ele>
<time>2026-08-28T06:39:42.023Z</time>
</trkpt>
<trkpt lat="41.9822848" lon="2.889566599999995">
<ele>355.61833953654605</ele>
<time>2026-08-28T06:39:46.509Z</time>
</trkpt>
<trkpt lat="41.9822851" lon="2.889635400000003">
<ele>356.97366585726024</ele>
<time>2026-08-28T06:39:50.275Z</time>
</trkpt>
<trkpt lat="41.9822847" lon="2.8897057000000075">
<ele>358.36323114320345</ele>
<time>2026-08-28T06:39:54.156Z</time>
</trkpt>
<trkpt lat="41.9822885" lon="2.8897686999999905">
<ele>359.6130542834764</ele>
<time>2026-08-28T06:39:57.507Z</time>
</trkpt>
<trkpt lat="41.9823077" lon="2.8898306000000105">
<ele>360.8725291039481</ele>
<time>2026-08-28T06:40:01.010Z</time>
</trkpt>
<trkpt lat="41.9823271" lon="2.8898883999999896">
<ele>361.2593935851298</ele>
<time>2026-08-28T06:40:04.856Z</time>
</trkpt>
<trkpt lat="41.9823559" lon="2.8899436000000094">
<ele>361.4465033224252</ele>
<time>2026-08-28T06:40:08.415Z</time>
</trkpt>
<trkpt lat="41.9823894" lon="2.889996200000013">
<ele>361.77898648766984</ele>
<time>2026-08-28T06:40:12.212Z</time>
</trkpt>
<trkpt lat="41.9824162" lon="2.8900480000000073">
<ele>362.1758300936216</ele>
<time>2026-08-28T06:40:15.433Z</time>
</trkpt>
<trkpt lat="41.9824357" lon="2.8901050999999995">
<ele>362.61718926282714</ele>
<time>2026-08-28T06:40:19.048Z</time>
</trkpt>
<trkpt lat="41.9824553" lon="2.8901612999999884">
<ele>362.1644538358766</ele>
<time>2026-08-28T06:40:22.527Z</time>
</trkpt>
<trkpt lat="41.9824767" lon="2.890215000000012">
<ele>361.2979454611633</ele>
<time>2026-08-28T06:40:26.069Z</time>
</trkpt>
<trkpt lat="41.9824948" lon="2.890271299999995">
<ele>359.9452338176773</ele>
<time>2026-08-28T06:40:29.748Z</time>
</trkpt>
<trkpt lat="41.9825151" lon="2.890328299999993">
<ele>358.67001184984997</ele>
<time>2026-08-28T06:40:33.514Z</time>
</trkpt>
<trkpt lat="41.9825324" lon="2.8903854000000138">
<ele>357.5241213632739</ele>
<time>2026-08-28T06:40:37.130Z</time>
</trkpt>
<trkpt lat="41.9825512" lon="2.8904407999999933">
<ele>355.8756233216937</ele>
<time>2026-08-28T06:40:41.289Z</time>
</trkpt>
<trkpt lat="41.9825756" lon="2.890497900000014">
<ele>353.99848846751087</ele>
<time>2026-08-28T06:40:47.174Z</time>
</trkpt>
<trkpt lat="41.9825924" lon="2.8905605999999864">
<ele>352.0579966339263</ele>
<time>2026-08-28T06:40:52.472Z</time>
</trkpt>
<trkpt lat="41.98262" lon="2.890611699999994">
<ele>350.6891309631842</ele>
<time>2026-08-28T06:40:56.527Z</time>
</trkpt>
<trkpt lat="41.9826504" lon="2.8906642000000033">
<ele>349.47314163583786</ele>
<time>2026-08-28T06:41:00.352Z</time>
</trkpt>
<trkpt lat="41.9826823" lon="2.89072010000001">
<ele>348.1251777219974</ele>
<time>2026-08-28T06:41:04.135Z</time>
</trkpt>
<trkpt lat="41.9827092" lon="2.890772400000003">
<ele>346.7944236344699</ele>
<time>2026-08-28T06:41:07.733Z</time>
</trkpt>
<trkpt lat="41.9827366" lon="2.8908307000000093">
<ele>345.327661456703</ele>
<time>2026-08-28T06:41:11.481Z</time>
</trkpt>
<trkpt lat="41.9827682" lon="2.890882299999987">
<ele>344.1074679254556</ele>
<time>2026-08-28T06:41:15.169Z</time>
</trkpt>
<trkpt lat="41.9827955" lon="2.890939000000003">
<ele>342.7296518911052</ele>
<time>2026-08-28T06:41:19.032Z</time>
</trkpt>
<trkpt lat="41.9828231" lon="2.890987899999999">
<ele>341.61459967520767</ele>
<time>2026-08-28T06:41:22.633Z</time>
</trkpt>
<trkpt lat="41.9828581" lon="2.8910280999999998">
<ele>340.87387181728093</ele>
<time>2026-08-28T06:41:26.491Z</time>
</trkpt>
<trkpt lat="41.9829" lon="2.8910596000000055">
<ele>340.57832378838987</ele>
<time>2026-08-28T06:41:30.209Z</time>
</trkpt>
<trkpt lat="41.9829444" lon="2.891083299999991">
<ele>340.61555444738383</ele>
<time>2026-08-28T06:41:34.033Z</time>
</trkpt>
<trkpt lat="41.9829883" lon="2.8911172999999906">
<ele>340.3886705428895</ele>
<time>2026-08-28T06:41:38.329Z</time>
</trkpt>
<trkpt lat="41.9830236" lon="2.8911567000000105">
<ele>339.9100641881792</ele>
<time>2026-08-28T06:41:42.089Z</time>
</trkpt>
<trkpt lat="41.9830647" lon="2.8911950000000104">
<ele>339.5459520291426</ele>
<time>2026-08-28T06:41:46.072Z</time>
</trkpt>
<trkpt lat="41.9831015" lon="2.891239799999994">
<ele>339.1139750181394</ele>
<time>2026-08-28T06:41:51.116Z</time>
</trkpt>
<trkpt lat="41.983133" lon="2.8912869000000114">
<ele>338.44639484475783</ele>
<time>2026-08-28T06:41:55.194Z</time>
</trkpt>
<trkpt lat="41.983166" lon="2.891333000000003">
<ele>337.8897896855841</ele>
<time>2026-08-28T06:41:59.532Z</time>
</trkpt>
<trkpt lat="41.983195" lon="2.891385799999995">
<ele>337.11960199920554</ele>
<time>2026-08-28T06:42:03.522Z</time>
</trkpt>
<trkpt lat="41.9832211" lon="2.89144060000001">
<ele>336.2829119847003</ele>
<time>2026-08-28T06:42:08.411Z</time>
</trkpt>
<trkpt lat="41.9832539" lon="2.8914886999999965">
<ele>335.8296765156453</ele>
<time>2026-08-28T06:42:12.497Z</time>
</trkpt>
<trkpt lat="41.9832766" lon="2.8915441000000044">
<ele>334.68112459194697</ele>
<time>2026-08-28T06:42:17.412Z</time>
</trkpt>
<trkpt lat="41.9832891" lon="2.891608600000012">
<ele>332.6856416802649</ele>
<time>2026-08-28T06:42:22.769Z</time>
</trkpt>
<trkpt lat="41.9833331" lon="2.891643600000009">
<ele>332.5825349291749</ele>
<time>2026-08-28T06:42:25.482Z</time>
</trkpt>
<trkpt lat="41.9833691" lon="2.8916843000000085">
<ele>332.1949862264242</ele>
<time>2026-08-28T06:42:28.728Z</time>
</trkpt>
<trkpt lat="41.9833926" lon="2.891738199999992">
<ele>331.2414385949311</ele>
<time>2026-08-28T06:42:32.612Z</time>
</trkpt>
<trkpt lat="41.9834151" lon="2.8917939000000104">
<ele>330.3778720040124</ele>
<time>2026-08-28T06:42:36.482Z</time>
</trkpt>
<trkpt lat="41.9834553" lon="2.8918323000000044">
<ele>330.6561919160592</ele>
<time>2026-08-28T06:42:41.455Z</time>
</trkpt>
<trkpt lat="41.9834928" lon="2.8918678">
<ele>331.02699001195015</ele>
<time>2026-08-28T06:42:44.482Z</time>
</trkpt>
<trkpt lat="41.9835162" lon="2.8919316999999864">
<ele>330.1746258250856</ele>
<time>2026-08-28T06:42:48.482Z</time>
</trkpt>
<trkpt lat="41.9835395" lon="2.891992600000009">
<ele>329.5074108971615</ele>
<time>2026-08-28T06:42:52.236Z</time>
</trkpt>
<trkpt lat="41.9835655" lon="2.892043000000001">
<ele>329.33143750438194</ele>
<time>2026-08-28T06:42:55.749Z</time>
</trkpt>
<trkpt lat="41.9835983" lon="2.8920869000000096">
<ele>329.519902067369</ele>
<time>2026-08-28T06:42:59.482Z</time>
</trkpt>
<trkpt lat="41.9836305" lon="2.892142000000007">
<ele>329.0668783738428</ele>
<time>2026-08-28T06:43:03.435Z</time>
</trkpt>
<trkpt lat="41.9836548" lon="2.892192999999992">
<ele>328.5948291623402</ele>
<time>2026-08-28T06:43:06.993Z</time>
</trkpt>
<trkpt lat="41.9836914" lon="2.892242500000009">
<ele>328.8343759665523</ele>
<time>2026-08-28T06:43:10.482Z</time>
</trkpt>
<trkpt lat="41.9837235" lon="2.892289599999998">
<ele>329.1200297581475</ele>
<time>2026-08-28T06:43:14.481Z</time>
</trkpt>
<trkpt lat="41.9837617" lon="2.892335199999991">
<ele>329.9009644185004</ele>
<time>2026-08-28T06:43:18.289Z</time>
</trkpt>
<trkpt lat="41.9837979" lon="2.8923724999999934">
<ele>330.732221722586</ele>
<time>2026-08-28T06:43:21.834Z</time>
</trkpt>
<trkpt lat="41.9838284" lon="2.892419999999987">
<ele>330.8838748935711</ele>
<time>2026-08-28T06:43:25.368Z</time>
</trkpt>
<trkpt lat="41.9838604" lon="2.8924697999999864">
<ele>331.0512901408719</ele>
<time>2026-08-28T06:43:29.112Z</time>
</trkpt>
<trkpt lat="41.9838934" lon="2.8925154000000077">
<ele>330.8801594717558</ele>
<time>2026-08-28T06:43:32.751Z</time>
</trkpt>
<trkpt lat="41.9839294" lon="2.892554600000011">
<ele>331.01944748078694</ele>
<time>2026-08-28T06:43:36.390Z</time>
</trkpt>
<trkpt lat="41.9839647" lon="2.892593500000004">
<ele>331.31342060986583</ele>
<time>2026-08-28T06:43:41.194Z</time>
</trkpt>
<trkpt lat="41.9840097" lon="2.8925974999999937">
<ele>332.8348788360512</ele>
<time>2026-08-28T06:43:51.469Z</time>
</trkpt>
<trkpt lat="41.9840419" lon="2.892641300000008">
<ele>333.1914533565175</ele>
<time>2026-08-28T06:43:55.352Z</time>
</trkpt>
<trkpt lat="41.9840785" lon="2.8926810000000103">
<ele>333.8891502058581</ele>
<time>2026-08-28T06:44:00.436Z</time>
</trkpt>
<trkpt lat="41.9841262" lon="2.8926926000000037">
<ele>335.6015730891623</ele>
<time>2026-08-28T06:44:05.295Z</time>
</trkpt>
<trkpt lat="41.9841654" lon="2.892726699999997">
<ele>336.4459105971193</ele>
<time>2026-08-28T06:44:10.012Z</time>
</trkpt>
<trkpt lat="41.9841965" lon="2.892775499999999">
<ele>336.8207316877826</ele>
<time>2026-08-28T06:44:14.536Z</time>
</trkpt>
<trkpt lat="41.9842236" lon="2.8928352000000075">
<ele>337.16935570633</ele>
<time>2026-08-28T06:44:19.492Z</time>
</trkpt>
<trkpt lat="41.98425" lon="2.8928849000000127">
<ele>337.79974658981075</ele>
<time>2026-08-28T06:44:25.371Z</time>
</trkpt>
<trkpt lat="41.9842886" lon="2.89292549999999">
<ele>339.1677254874492</ele>
<time>2026-08-28T06:44:30.482Z</time>
</trkpt>
<trkpt lat="41.9843246" lon="2.892964599999999">
<ele>340.51292663986266</ele>
<time>2026-08-28T06:44:35.481Z</time>
</trkpt>
<trkpt lat="41.9843611" lon="2.893002999999993">
<ele>341.97931501405685</ele>
<time>2026-08-28T06:44:40.481Z</time>
</trkpt>
<trkpt lat="41.9844" lon="2.8930440999999973">
<ele>343.6455608819007</ele>
<time>2026-08-28T06:44:45.296Z</time>
</trkpt>
<trkpt lat="41.98444" lon="2.8930790999999942">
<ele>345.1602082745999</ele>
<time>2026-08-28T06:44:50.214Z</time>
</trkpt>
<trkpt lat="41.984474" lon="2.89312129999999">
<ele>346.2375694522799</ele>
<time>2026-08-28T06:44:54.432Z</time>
</trkpt>
<trkpt lat="41.9845052" lon="2.8931686999999897">
<ele>347.45056596696907</ele>
<time>2026-08-28T06:45:01.172Z</time>
</trkpt>
<trkpt lat="41.984534" lon="2.8932179999999903">
<ele>348.48615901247473</ele>
<time>2026-08-28T06:45:05.990Z</time>
</trkpt>
<trkpt lat="41.9845703" lon="2.8932557999999915">
<ele>349.77102279508813</ele>
<time>2026-08-28T06:45:10.772Z</time>
</trkpt>
<trkpt lat="41.9846149" lon="2.8932883999999888">
<ele>351.4443291113285</ele>
<time>2026-08-28T06:45:16.292Z</time>
</trkpt>
<trkpt lat="41.9846545" lon="2.893318899999997">
<ele>352.96903608781247</ele>
<time>2026-08-28T06:45:20.950Z</time>
</trkpt>
<trkpt lat="41.9846982" lon="2.893350599999991">
<ele>354.70082657109293</ele>
<time>2026-08-28T06:45:26.188Z</time>
</trkpt>
<trkpt lat="41.9847397" lon="2.893377600000008">
<ele>355.5005741118218</ele>
<time>2026-08-28T06:45:30.711Z</time>
</trkpt>
<trkpt lat="41.9847754" lon="2.893415400000009">
<ele>356.32973307559195</ele>
<time>2026-08-28T06:45:34.752Z</time>
</trkpt>
<trkpt lat="41.9848095" lon="2.893457699999999">
<ele>357.3507382461056</ele>
<time>2026-08-28T06:45:38.489Z</time>
</trkpt>
<trkpt lat="41.9848429" lon="2.8935002999999995">
<ele>358.204651962155</ele>
<time>2026-08-28T06:45:44.295Z</time>
</trkpt>
<trkpt lat="41.9848784" lon="2.893539500000003">
<ele>359.2735838621621</ele>
<time>2026-08-28T06:45:48.994Z</time>
</trkpt>
<trkpt lat="41.9849175" lon="2.893582400000014">
<ele>360.6904344724143</ele>
<time>2026-08-28T06:45:54.271Z</time>
</trkpt>
<trkpt lat="41.9849597" lon="2.8936095999999907">
<ele>362.33663213343885</ele>
<time>2026-08-28T06:45:59.481Z</time>
</trkpt>
<trkpt lat="41.9850026" lon="2.89362890000001">
<ele>363.622994466573</ele>
<time>2026-08-28T06:46:04.934Z</time>
</trkpt>
<trkpt lat="41.9850514" lon="2.8936563000000035">
<ele>364.84512339558484</ele>
<time>2026-08-28T06:46:10.533Z</time>
</trkpt>
<trkpt lat="41.9850944" lon="2.8936779">
<ele>366.0029504585346</ele>
<time>2026-08-28T06:46:15.481Z</time>
</trkpt>
<trkpt lat="41.9851381" lon="2.8937005999999883">
<ele>367.2992287277094</ele>
<time>2026-08-28T06:46:19.893Z</time>
</trkpt>
<trkpt lat="41.9851809" lon="2.893730299999987">
<ele>368.83411823662465</ele>
<time>2026-08-28T06:46:24.473Z</time>
</trkpt>
<trkpt lat="41.9852227" lon="2.8937620000000095">
<ele>370.46226588389806</ele>
<time>2026-08-28T06:46:29.534Z</time>
</trkpt>
<trkpt lat="41.9852667" lon="2.8937883000000113">
<ele>371.86489377175474</ele>
<time>2026-08-28T06:46:34.547Z</time>
</trkpt>
<trkpt lat="41.9853141" lon="2.8938143999999966">
<ele>372.55425473552214</ele>
<time>2026-08-28T06:46:39.414Z</time>
</trkpt>
<trkpt lat="41.9853469" lon="2.8938560999999936">
<ele>373.6139837045768</ele>
<time>2026-08-28T06:46:44.051Z</time>
</trkpt>
<trkpt lat="41.9853766" lon="2.8939089000000138">
<ele>374.98884569066394</ele>
<time>2026-08-28T06:46:48.481Z</time>
</trkpt>
<trkpt lat="41.9854027" lon="2.8939603000000034">
<ele>376.3808214545248</ele>
<time>2026-08-28T06:46:53.482Z</time>
</trkpt>
<trkpt lat="41.9854282" lon="2.8940153000000066">
<ele>377.92213750600246</ele>
<time>2026-08-28T06:46:58.889Z</time>
</trkpt>
<trkpt lat="41.985456" lon="2.894065899999987">
<ele>378.9885384800697</ele>
<time>2026-08-28T06:47:03.508Z</time>
</trkpt>
<trkpt lat="41.985484" lon="2.894121299999995">
<ele>380.14356775541773</ele>
<time>2026-08-28T06:47:08.271Z</time>
</trkpt>
<trkpt lat="41.9855055" lon="2.8941753000000006">
<ele>381.2595578991716</ele>
<time>2026-08-28T06:47:12.335Z</time>
</trkpt>
<trkpt lat="41.9855168" lon="2.8942347999999924">
<ele>382.3947165009832</ele>
<time>2026-08-28T06:47:17.035Z</time>
</trkpt>
<trkpt lat="41.9855365" lon="2.8942921000000013">
<ele>383.5893719410899</ele>
<time>2026-08-28T06:47:22.811Z</time>
</trkpt>
<trkpt lat="41.9855523" lon="2.894349500000004">
<ele>383.81578421558424</ele>
<time>2026-08-28T06:47:26.932Z</time>
</trkpt>
<trkpt lat="41.9855725" lon="2.8944044000000133">
<ele>384.00672357633744</ele>
<time>2026-08-28T06:47:31.481Z</time>
</trkpt>
<trkpt lat="41.9855969" lon="2.8944563999999957">
<ele>384.25083808108553</ele>
<time>2026-08-28T06:47:37.833Z</time>
</trkpt>
<trkpt lat="41.9856235" lon="2.894507500000003">
<ele>384.59661857301114</ele>
<time>2026-08-28T06:47:41.329Z</time>
</trkpt>
<trkpt lat="41.9856519" lon="2.8945572000000084">
<ele>385.05141887193554</ele>
<time>2026-08-28T06:47:46.470Z</time>
</trkpt>
<trkpt lat="41.9856876" lon="2.894599999999997">
<ele>385.3034832349467</ele>
<time>2026-08-28T06:47:50.176Z</time>
</trkpt>
<trkpt lat="41.9857156" lon="2.894648499999988">
<ele>385.528591552822</ele>
<time>2026-08-28T06:47:54.971Z</time>
</trkpt>
<trkpt lat="41.9857396" lon="2.894700300000011">
<ele>385.9016437508037</ele>
<time>2026-08-28T06:47:59.053Z</time>
</trkpt>
<trkpt lat="41.9857676" lon="2.894751299999996">
<ele>386.44865367515837</ele>
<time>2026-08-28T06:48:03.791Z</time>
</trkpt>
<trkpt lat="41.9858023" lon="2.8947986000000014">
<ele>387.20738353222936</ele>
<time>2026-08-28T06:48:07.848Z</time>
</trkpt>
<trkpt lat="41.9858324" lon="2.894851899999992">
<ele>387.72586201555646</ele>
<time>2026-08-28T06:48:12.972Z</time>
</trkpt>
<trkpt lat="41.9858696" lon="2.894898699999999">
<ele>387.77868626039776</ele>
<time>2026-08-28T06:48:16.532Z</time>
</trkpt>
<trkpt lat="41.9859036" lon="2.894941700000004">
<ele>388.04502322403863</ele>
<time>2026-08-28T06:48:21.534Z</time>
</trkpt>
<trkpt lat="41.9859329" lon="2.8949962000000085">
<ele>388.652142011505</ele>
<time>2026-08-28T06:48:26.370Z</time>
</trkpt>
<trkpt lat="41.9859609" lon="2.8950491999999883">
<ele>389.47003320480025</ele>
<time>2026-08-28T06:48:30.451Z</time>
</trkpt>
<trkpt lat="41.9859862" lon="2.895103299999988">
<ele>390.4980793897975</ele>
<time>2026-08-28T06:48:35.482Z</time>
</trkpt>
<trkpt lat="41.9860148" lon="2.895154600000012">
<ele>391.4606092354438</ele>
<time>2026-08-28T06:48:39.495Z</time>
</trkpt>
<trkpt lat="41.9860407" lon="2.8952092000000107">
<ele>392.23087770113005</ele>
<time>2026-08-28T06:48:44.394Z</time>
</trkpt>
<trkpt lat="41.9860553" lon="2.895267600000011">
<ele>392.9540164660522</ele>
<time>2026-08-28T06:48:49.449Z</time>
</trkpt>
<trkpt lat="41.9860663" lon="2.8953295000000026">
<ele>393.7160636497298</ele>
<time>2026-08-28T06:48:53.713Z</time>
</trkpt>
<trkpt lat="41.9860809" lon="2.895391200000006">
<ele>394.6590388220249</ele>
<time>2026-08-28T06:48:58.192Z</time>
</trkpt>
<trkpt lat="41.9860929" lon="2.895450299999993">
<ele>395.10872510237806</ele>
<time>2026-08-28T06:49:02.312Z</time>
</trkpt>
<trkpt lat="41.9860937" lon="2.8955224000000044">
<ele>395.01708425557126</ele>
<time>2026-08-28T06:49:07.532Z</time>
</trkpt>
<trkpt lat="41.9860929" lon="2.895583700000003">
<ele>394.9418682060888</ele>
<time>2026-08-28T06:49:12.487Z</time>
</trkpt>
<trkpt lat="41.9860944" lon="2.8956459999999993">
<ele>394.86387819178293</ele>
<time>2026-08-28T06:49:17.051Z</time>
</trkpt>
<trkpt lat="41.9860981" lon="2.8957081000000073">
<ele>394.86816411325015</ele>
<time>2026-08-28T06:49:21.389Z</time>
</trkpt>
<trkpt lat="41.9861" lon="2.895771599999989">
<ele>395.04818769749534</ele>
<time>2026-08-28T06:49:25.510Z</time>
</trkpt>
<trkpt lat="41.9861006" lon="2.8958333999999866">
<ele>395.2237023161471</ele>
<time>2026-08-28T06:49:29.455Z</time>
</trkpt>
<trkpt lat="41.9861035" lon="2.895894300000009">
<ele>395.4090022619488</ele>
<time>2026-08-28T06:49:33.481Z</time>
</trkpt>
<trkpt lat="41.9861037" lon="2.8959547000000043">
<ele>395.5839390293722</ele>
<time>2026-08-28T06:49:38.350Z</time>
</trkpt>
<trkpt lat="41.9861031" lon="2.8960174999999992">
<ele>396.2767107760071</ele>
<time>2026-08-28T06:49:43.191Z</time>
</trkpt>
<trkpt lat="41.9860965" lon="2.8960858000000087">
<ele>397.1319345424701</ele>
<time>2026-08-28T06:49:48.522Z</time>
</trkpt>
<trkpt lat="41.9860885" lon="2.8961526999999876">
<ele>397.9414508134956</ele>
<time>2026-08-28T06:49:54.255Z</time>
</trkpt>
<trkpt lat="41.9860891" lon="2.8962132999999994">
<ele>398.75200968481164</ele>
<time>2026-08-28T06:49:59.482Z</time>
</trkpt>
<trkpt lat="41.986087" lon="2.8962806000000114">
<ele>399.7428644666384</ele>
<time>2026-08-28T06:50:04.290Z</time>
</trkpt>
<trkpt lat="41.9860862" lon="2.896345200000013">
<ele>400.8061470088766</ele>
<time>2026-08-28T06:50:08.334Z</time>
</trkpt>
<trkpt lat="41.9860853" lon="2.896406600000006">
<ele>401.8174461376636</ele>
<time>2026-08-28T06:50:12.636Z</time>
</trkpt>
<trkpt lat="41.9860844" lon="2.89647020000001">
<ele>402.86706200756026</ele>
<time>2026-08-28T06:50:17.192Z</time>
</trkpt>
<trkpt lat="41.9860875" lon="2.896536800000007">
<ele>403.8615283192464</ele>
<time>2026-08-28T06:50:21.516Z</time>
</trkpt>
<trkpt lat="41.986096" lon="2.8965961000000107">
<ele>404.3132600433149</ele>
<time>2026-08-28T06:50:25.482Z</time>
</trkpt>
<trkpt lat="41.9861007" lon="2.89666059999999">
<ele>404.77778113369703</ele>
<time>2026-08-28T06:50:29.508Z</time>
</trkpt>
<trkpt lat="41.9861016" lon="2.89672809999999">
<ele>405.26881759123626</ele>
<time>2026-08-28T06:50:34.482Z</time>
</trkpt>
<trkpt lat="41.9861066" lon="2.8967898999999875">
<ele>405.69805683608496</ele>
<time>2026-08-28T06:50:38.371Z</time>
</trkpt>
<trkpt lat="41.986122" lon="2.8968504999999993">
<ele>405.3143477614966</ele>
<time>2026-08-28T06:50:42.482Z</time>
</trkpt>
<trkpt lat="41.9861287" lon="2.896910300000002">
<ele>404.7974441618186</ele>
<time>2026-08-28T06:50:45.915Z</time>
</trkpt>
<trkpt lat="41.9861168" lon="2.896970799999991">
<ele>404.3927821537467</ele>
<time>2026-08-28T06:50:51.188Z</time>
</trkpt>
<trkpt lat="41.9861243" lon="2.897037299999994">
<ele>403.80960518183446</ele>
<time>2026-08-28T06:50:53.949Z</time>
</trkpt>
<trkpt lat="41.9861172" lon="2.897097699999989">
<ele>403.097926606032</ele>
<time>2026-08-28T06:50:56.590Z</time>
</trkpt>
<trkpt lat="41.9860787" lon="2.89713119999999">
<ele>402.6971904067738</ele>
<time>2026-08-28T06:50:59.889Z</time>
</trkpt>
<trkpt lat="41.9860312" lon="2.897145899999998">
<ele>403.0361798981397</ele>
<time>2026-08-28T06:51:03.469Z</time>
</trkpt>
<trkpt lat="41.9859822" lon="2.8971579999999904">
<ele>403.4822773528839</ele>
<time>2026-08-28T06:51:07.176Z</time>
</trkpt>
<trkpt lat="41.9859345" lon="2.897174199999995">
<ele>403.8499947674854</ele>
<time>2026-08-28T06:51:11.332Z</time>
</trkpt>
<trkpt lat="41.9858893" lon="2.897172100000006">
<ele>404.5687017225948</ele>
<time>2026-08-28T06:51:15.055Z</time>
</trkpt>
<trkpt lat="41.9858443" lon="2.897174199999995">
<ele>405.2024909314489</ele>
<time>2026-08-28T06:51:18.715Z</time>
</trkpt>
<trkpt lat="41.9857994" lon="2.897182100000009">
<ele>405.7918018649516</ele>
<time>2026-08-28T06:51:22.482Z</time>
</trkpt>
<trkpt lat="41.9857533" lon="2.897185500000006">
<ele>406.6091257781023</ele>
<time>2026-08-28T06:51:26.312Z</time>
</trkpt>
<trkpt lat="41.9857066" lon="2.8972043999999926">
<ele>407.16345371877355</ele>
<time>2026-08-28T06:51:30.498Z</time>
</trkpt>
<trkpt lat="41.9856631" lon="2.8972293999999863">
<ele>407.5518189935617</ele>
<time>2026-08-28T06:51:34.482Z</time>
</trkpt>
<trkpt lat="41.9856186" lon="2.8972540000000038">
<ele>407.9700330760993</ele>
<time>2026-08-28T06:51:38.481Z</time>
</trkpt>
<trkpt lat="41.9856679" lon="2.897257400000001">
<ele>406.9651547592475</ele>
<time>2026-08-28T06:51:54.194Z</time>
</trkpt>
<trkpt lat="41.9857138" lon="2.8972476000000142">
<ele>406.25922495549804</ele>
<time>2026-08-28T06:51:58.275Z</time>
</trkpt>
<trkpt lat="41.9857592" lon="2.8972473000000036">
<ele>405.3950137316128</ele>
<time>2026-08-28T06:52:01.498Z</time>
</trkpt>
<trkpt lat="41.9858051" lon="2.8972546999999906">
<ele>404.3834097551686</ele>
<time>2026-08-28T06:52:05.949Z</time>
</trkpt>
<trkpt lat="41.9858521" lon="2.8972484999999892">
<ele>403.69428157200394</ele>
<time>2026-08-28T06:52:09.935Z</time>
</trkpt>
<trkpt lat="41.9859025" lon="2.897237799999999">
<ele>403.07173459329226</ele>
<time>2026-08-28T06:52:14.055Z</time>
</trkpt>
<trkpt lat="41.9859472" lon="2.897219000000007">
<ele>402.731397649263</ele>
<time>2026-08-28T06:52:17.230Z</time>
</trkpt>
<trkpt lat="41.9859936" lon="2.8972074000000134">
<ele>402.24369861574934</ele>
<time>2026-08-28T06:52:20.481Z</time>
</trkpt>
<trkpt lat="41.9860422" lon="2.8972003000000086">
<ele>401.64238690836544</ele>
<time>2026-08-28T06:52:23.889Z</time>
</trkpt>
<trkpt lat="41.986088" lon="2.8972022000000095">
<ele>400.88561704943464</ele>
<time>2026-08-28T06:52:27.481Z</time>
</trkpt>
<trkpt lat="41.9861369" lon="2.897209299999986">
<ele>400.3052392857141</ele>
<time>2026-08-28T06:52:31.155Z</time>
</trkpt>
<trkpt lat="41.9861848" lon="2.897218600000002">
<ele>399.7134497745074</ele>
<time>2026-08-28T06:52:34.754Z</time>
</trkpt>
<trkpt lat="41.9862309" lon="2.897225899999995">
<ele>399.1856160400412</ele>
<time>2026-08-28T06:52:38.477Z</time>
</trkpt>
<trkpt lat="41.9862767" lon="2.8972441999999887">
<ele>398.4100129907148</ele>
<time>2026-08-28T06:52:42.108Z</time>
</trkpt>
<trkpt lat="41.9863237" lon="2.897260700000004">
<ele>397.67322361775496</ele>
<time>2026-08-28T06:52:45.499Z</time>
</trkpt>
<trkpt lat="41.9863725" lon="2.897269200000011">
<ele>397.12044293972446</ele>
<time>2026-08-28T06:52:49.481Z</time>
</trkpt>
<trkpt lat="41.9864232" lon="2.8972703999999965">
<ele>396.92047528244416</ele>
<time>2026-08-28T06:52:53.230Z</time>
</trkpt>
<trkpt lat="41.9864732" lon="2.897272500000014">
<ele>396.71118625051827</ele>
<time>2026-08-28T06:52:57.288Z</time>
</trkpt>
<trkpt lat="41.9865186" lon="2.897267499999998">
<ele>396.6431491034841</ele>
<time>2026-08-28T06:53:00.815Z</time>
</trkpt>
<trkpt lat="41.9865675" lon="2.8972738999999876">
<ele>396.37699721840096</ele>
<time>2026-08-28T06:53:04.831Z</time>
</trkpt>
<trkpt lat="41.9866132" lon="2.8972743999999864">
<ele>396.2211583118694</ele>
<time>2026-08-28T06:53:08.775Z</time>
</trkpt>
<trkpt lat="41.9866618" lon="2.8972783000000106">
<ele>395.966321692571</ele>
<time>2026-08-28T06:53:12.894Z</time>
</trkpt>
<trkpt lat="41.9867118" lon="2.897286500000007">
<ele>395.494798116598</ele>
<time>2026-08-28T06:53:17.495Z</time>
</trkpt>
<trkpt lat="41.9867583" lon="2.8972914999999944">
<ele>395.0658599202255</ele>
<time>2026-08-28T06:53:21.092Z</time>
</trkpt>
<trkpt lat="41.9868058" lon="2.8973027000000116">
<ele>394.4930236558432</ele>
<time>2026-08-28T06:53:25.075Z</time>
</trkpt>
<trkpt lat="41.9868532" lon="2.897325499999994">
<ele>393.6328735233228</ele>
<time>2026-08-28T06:53:29.074Z</time>
</trkpt>
<trkpt lat="41.9868972" lon="2.8973607000000072">
<ele>392.42722808664956</ele>
<time>2026-08-28T06:53:33.194Z</time>
</trkpt>
<trkpt lat="41.9869376" lon="2.897396200000003">
<ele>391.2375476499082</ele>
<time>2026-08-28T06:53:36.481Z</time>
</trkpt>
<trkpt lat="41.9869753" lon="2.8974321999999972">
<ele>390.1198745515783</ele>
<time>2026-08-28T06:53:39.482Z</time>
</trkpt>
<trkpt lat="41.9870105" lon="2.897473700000006">
<ele>388.9102624133736</ele>
<time>2026-08-28T06:53:43.129Z</time>
</trkpt>
<trkpt lat="41.9870461" lon="2.8975124000000108">
<ele>387.76579419492344</ele>
<time>2026-08-28T06:53:46.672Z</time>
</trkpt>
<trkpt lat="41.9870911" lon="2.897536699999989">
<ele>386.8622846288045</ele>
<time>2026-08-28T06:53:50.481Z</time>
</trkpt>
<trkpt lat="41.9871346" lon="2.8975531000000103">
<ele>386.14695787446084</ele>
<time>2026-08-28T06:53:54.352Z</time>
</trkpt>
<trkpt lat="41.9871797" lon="2.8975467999999864">
<ele>385.9083567164283</ele>
<time>2026-08-28T06:53:57.482Z</time>
</trkpt>
<trkpt lat="41.9872278" lon="2.8975368000000117">
<ele>385.742050211228</ele>
<time>2026-08-28T06:54:00.936Z</time>
</trkpt>
<trkpt lat="41.9872735" lon="2.897543200000001">
<ele>385.2585095543451</ele>
<time>2026-08-28T06:54:04.504Z</time>
</trkpt>
<trkpt lat="41.9873192" lon="2.8975445000000093">
<ele>384.88388467295306</ele>
<time>2026-08-28T06:54:07.974Z</time>
</trkpt>
<trkpt lat="41.987366" lon="2.8975532000000044">
<ele>384.32679806358374</ele>
<time>2026-08-28T06:54:11.476Z</time>
</trkpt>
<trkpt lat="41.9874131" lon="2.897564299999999">
<ele>383.70002339953385</ele>
<time>2026-08-28T06:54:15.058Z</time>
</trkpt>
<trkpt lat="41.9874608" lon="2.8975711999999874">
<ele>383.15855500761455</ele>
<time>2026-08-28T06:54:18.481Z</time>
</trkpt>
<trkpt lat="41.9875115" lon="2.8975763999999913">
<ele>382.44642705305705</ele>
<time>2026-08-28T06:54:22.217Z</time>
</trkpt>
<trkpt lat="41.9875572" lon="2.8975811999999905">
<ele>381.67899196138796</ele>
<time>2026-08-28T06:54:25.753Z</time>
</trkpt>
<trkpt lat="41.9876016" lon="2.897567699999996">
<ele>381.3735547000711</ele>
<time>2026-08-28T06:54:29.458Z</time>
</trkpt>
<trkpt lat="41.9876503" lon="2.8975413000000003">
<ele>381.3072979159415</ele>
<time>2026-08-28T06:54:33.481Z</time>
</trkpt>
<trkpt lat="41.9876954" lon="2.8975135999999964">
<ele>381.31002299309887</ele>
<time>2026-08-28T06:54:37.017Z</time>
</trkpt>
<trkpt lat="41.9877386" lon="2.897494800000004">
<ele>381.1191548790396</ele>
<time>2026-08-28T06:54:40.528Z</time>
</trkpt>
<trkpt lat="41.9877875" lon="2.8974824000000012">
<ele>380.8664752048616</ele>
<time>2026-08-28T06:54:50.477Z</time>
</trkpt>
<trkpt lat="41.9878324" lon="2.897465799999992">
<ele>380.9183127292459</ele>
<time>2026-08-28T06:54:52.137Z</time>
</trkpt>
<trkpt lat="41.987875" lon="2.89744060000001">
<ele>381.2440246768551</ele>
<time>2026-08-28T06:54:54.077Z</time>
</trkpt>
<trkpt lat="41.9879166" lon="2.897416899999996">
<ele>381.58575893913587</ele>
<time>2026-08-28T06:54:56.482Z</time>
</trkpt>
<trkpt lat="41.9879578" lon="2.897387000000009">
<ele>382.1479741510052</ele>
<time>2026-08-28T06:54:59.498Z</time>
</trkpt>
<trkpt lat="41.9879994" lon="2.89735730000001">
<ele>382.7604383784302</ele>
<time>2026-08-28T06:55:02.738Z</time>
</trkpt>
<trkpt lat="41.9880427" lon="2.897335499999997">
<ele>383.21231781441514</ele>
<time>2026-08-28T06:55:05.840Z</time>
</trkpt>
<trkpt lat="41.9880838" lon="2.8973068999999896">
<ele>383.0166910806376</ele>
<time>2026-08-28T06:55:09.913Z</time>
</trkpt>
<trkpt lat="41.9881307" lon="2.897290099999992">
<ele>382.1826067684791</ele>
<time>2026-08-28T06:55:14.482Z</time>
</trkpt>
<trkpt lat="41.9881776" lon="2.897276699999992">
<ele>381.1841258024086</ele>
<time>2026-08-28T06:55:18.481Z</time>
</trkpt>
<trkpt lat="41.9882252" lon="2.8972598000000005">
<ele>380.20676581232016</ele>
<time>2026-08-28T06:55:22.507Z</time>
</trkpt>
<trkpt lat="41.9882693" lon="2.897241799999989">
<ele>379.30078983339996</ele>
<time>2026-08-28T06:55:26.276Z</time>
</trkpt>
<trkpt lat="41.9883176" lon="2.8972314000000097">
<ele>378.01914314581245</ele>
<time>2026-08-28T06:55:29.995Z</time>
</trkpt>
<trkpt lat="41.9883644" lon="2.8972267999999985">
<ele>376.92423907833563</ele>
<time>2026-08-28T06:55:33.515Z</time>
</trkpt>
<trkpt lat="41.9884109" lon="2.897217699999999">
<ele>375.97859398369377</ele>
<time>2026-08-28T06:55:37.548Z</time>
</trkpt>
<trkpt lat="41.9884588" lon="2.8972062999999935">
<ele>375.10227677073027</ele>
<time>2026-08-28T06:55:41.317Z</time>
</trkpt>
<trkpt lat="41.9884943" lon="2.897163400000011">
<ele>375.54913651556785</ele>
<time>2026-08-28T06:55:45.455Z</time>
</trkpt>
<trkpt lat="41.9885526" lon="2.8971369999999865">
<ele>375.0945557566404</ele>
<time>2026-08-28T06:56:06.953Z</time>
</trkpt>
<trkpt lat="41.9885907" lon="2.8971037999999965">
<ele>375.4291113706045</ele>
<time>2026-08-28T06:56:08.516Z</time>
</trkpt>
<trkpt lat="41.9886257" lon="2.8971487000000025">
<ele>373.3463209979577</ele>
<time>2026-08-28T06:56:10.480Z</time>
</trkpt>
<trkpt lat="41.9886712" lon="2.8971229999999935">
<ele>373.6707851357636</ele>
<time>2026-08-28T06:56:14.233Z</time>
</trkpt>
<trkpt lat="41.9887175" lon="2.897141799999986">
<ele>372.3787073085097</ele>
<time>2026-08-28T06:56:18.480Z</time>
</trkpt>
<trkpt lat="41.9887614" lon="2.8971654000000058">
<ele>370.92036430186903</ele>
<time>2026-08-28T06:56:22.480Z</time>
</trkpt>
<trkpt lat="41.9888023" lon="2.8971936000000085">
<ele>369.3062861911966</ele>
<time>2026-08-28T06:56:25.834Z</time>
</trkpt>
<trkpt lat="41.9888424" lon="2.8972261000000117">
<ele>367.5131397198579</ele>
<time>2026-08-28T06:56:29.523Z</time>
</trkpt>
<trkpt lat="41.9888861" lon="2.8972507000000007">
<ele>366.17874797196845</ele>
<time>2026-08-28T06:56:33.357Z</time>
</trkpt>
<trkpt lat="41.9889276" lon="2.897287900000009">
<ele>364.93916742596485</ele>
<time>2026-08-28T06:56:37.017Z</time>
</trkpt>
<trkpt lat="41.9889726" lon="2.897328200000004">
<ele>363.6305782179628</ele>
<time>2026-08-28T06:56:41.237Z</time>
</trkpt>
<trkpt lat="41.9890059" lon="2.897369800000007">
<ele>362.1862967747938</ele>
<time>2026-08-28T06:56:44.480Z</time>
</trkpt>
<trkpt lat="41.9890373" lon="2.897418200000004">
<ele>360.4142959916217</ele>
<time>2026-08-28T06:56:48.434Z</time>
</trkpt>
<trkpt lat="41.9890609" lon="2.897475500000013">
<ele>358.37109983545463</ele>
<time>2026-08-28T06:56:52.118Z</time>
</trkpt>
<trkpt lat="41.9890901" lon="2.8975242999999864">
<ele>356.87476983077556</ele>
<time>2026-08-28T06:56:56.233Z</time>
</trkpt>
<trkpt lat="41.98913" lon="2.8975646000000097">
<ele>356.01271628486506</ele>
<time>2026-08-28T06:56:59.980Z</time>
</trkpt>
<trkpt lat="41.9891682" lon="2.897607899999997">
<ele>355.547028120211</ele>
<time>2026-08-28T06:57:03.453Z</time>
</trkpt>
<trkpt lat="41.989202" lon="2.8976538999999946">
<ele>355.30600842679</ele>
<time>2026-08-28T06:57:07.079Z</time>
</trkpt>
<trkpt lat="41.9892351" lon="2.8976988000000006">
<ele>355.06011498265514</ele>
<time>2026-08-28T06:57:10.297Z</time>
</trkpt>
<trkpt lat="41.9892712" lon="2.8977404999999976">
<ele>355.16642880930686</ele>
<time>2026-08-28T06:57:14.459Z</time>
</trkpt>
<trkpt lat="41.9893062" lon="2.8977840000000015">
<ele>355.2705265285101</ele>
<time>2026-08-28T06:57:17.893Z</time>
</trkpt>
<trkpt lat="41.989344" lon="2.8978303000000096">
<ele>355.52814138489884</ele>
<time>2026-08-28T06:57:21.481Z</time>
</trkpt>
<trkpt lat="41.9893734" lon="2.8978765999999894">
<ele>355.4967179423443</ele>
<time>2026-08-28T06:57:24.817Z</time>
</trkpt>
<trkpt lat="41.9894014" lon="2.897926500000011">
<ele>355.3952724003046</ele>
<time>2026-08-28T06:57:28.177Z</time>
</trkpt>
<trkpt lat="41.9894301" lon="2.8979830000000106">
<ele>355.23452844901925</ele>
<time>2026-08-28T06:57:32.538Z</time>
</trkpt>
<trkpt lat="41.9894602" lon="2.8980424000000085">
<ele>354.72738844263796</ele>
<time>2026-08-28T06:57:36.421Z</time>
</trkpt>
<trkpt lat="41.9894971" lon="2.8980879000000073">
<ele>355.0129835680774</ele>
<time>2026-08-28T06:57:40.495Z</time>
</trkpt>
<trkpt lat="41.9895343" lon="2.8981305000000077">
<ele>355.51963931888434</ele>
<time>2026-08-28T06:57:44.480Z</time>
</trkpt>
<trkpt lat="41.9895779" lon="2.898149399999994">
<ele>356.9798134147954</ele>
<time>2026-08-28T06:57:48.780Z</time>
</trkpt>
<trkpt lat="41.9896267" lon="2.898149200000006">
<ele>359.1341404422831</ele>
<time>2026-08-28T06:57:52.917Z</time>
</trkpt>
<trkpt lat="41.9896732" lon="2.89814419999999">
<ele>361.2761573873636</ele>
<time>2026-08-28T06:57:57.480Z</time>
</trkpt>
<trkpt lat="41.9897227" lon="2.8981358000000057">
<ele>363.12947528001973</ele>
<time>2026-08-28T06:58:01.777Z</time>
</trkpt>
<trkpt lat="41.9897696" lon="2.898130299999991">
<ele>363.8216490349352</ele>
<time>2026-08-28T06:58:06.481Z</time>
</trkpt>
<trkpt lat="41.9898164" lon="2.8981237000000135">
<ele>364.5477975565277</ele>
<time>2026-08-28T06:58:10.158Z</time>
</trkpt>
<trkpt lat="41.9898623" lon="2.898124700000011">
<ele>365.11664298177146</ele>
<time>2026-08-28T06:58:13.797Z</time>
</trkpt>
<trkpt lat="41.9899078" lon="2.8981144999999913">
<ele>365.9288681357417</ele>
<time>2026-08-28T06:58:17.453Z</time>
</trkpt>
<trkpt lat="41.9899559" lon="2.8981020999999885">
<ele>366.85152134578345</ele>
<time>2026-08-28T06:58:22.273Z</time>
</trkpt>
<trkpt lat="41.9900022" lon="2.898087299999986">
<ele>367.3986694313676</ele>
<time>2026-08-28T06:58:26.541Z</time>
</trkpt>
<trkpt lat="41.9900474" lon="2.8980802000000097">
<ele>366.9788536300352</ele>
<time>2026-08-28T06:58:31.713Z</time>
</trkpt>
<trkpt lat="41.9900957" lon="2.8980755999999985">
<ele>366.47564575587523</ele>
<time>2026-08-28T06:58:35.892Z</time>
</trkpt>
<trkpt lat="41.9901419" lon="2.8980688999999984">
<ele>366.08748084871917</ele>
<time>2026-08-28T06:58:39.439Z</time>
</trkpt>
<trkpt lat="41.9901877" lon="2.8980636000000004">
<ele>365.686227809867</ele>
<time>2026-08-28T06:58:42.480Z</time>
</trkpt>
<trkpt lat="41.9902433" lon="2.8980505000000107">
<ele>365.47502746352694</ele>
<time>2026-08-28T06:58:46.258Z</time>
</trkpt>
<trkpt lat="41.9902924" lon="2.8980358000000024">
<ele>365.3283963512495</ele>
<time>2026-08-28T06:58:50.320Z</time>
</trkpt>
<trkpt lat="41.9903391" lon="2.898033199999986">
<ele>364.67845268219395</ele>
<time>2026-08-28T06:58:53.419Z</time>
</trkpt>
<trkpt lat="41.9903868" lon="2.898036100000013">
<ele>363.79597571291254</ele>
<time>2026-08-28T06:58:56.500Z</time>
</trkpt>
<trkpt lat="41.9904366" lon="2.898044700000014">
<ele>362.6379214451005</ele>
<time>2026-08-28T06:59:00.079Z</time>
</trkpt>
<trkpt lat="41.9904825" lon="2.898054000000002">
<ele>361.4963486143959</ele>
<time>2026-08-28T06:59:03.378Z</time>
</trkpt>
<trkpt lat="41.9905336" lon="2.898062699999997">
<ele>360.27596739260787</ele>
<time>2026-08-28T06:59:07.360Z</time>
</trkpt>
<trkpt lat="41.99058" lon="2.898075199999994">
<ele>359.113624451594</ele>
<time>2026-08-28T06:59:10.994Z</time>
</trkpt>
<trkpt lat="41.9906258" lon="2.8980826000000093">
<ele>358.2274678150658</ele>
<time>2026-08-28T06:59:14.540Z</time>
</trkpt>
<trkpt lat="41.9906762" lon="2.898088300000012">
<ele>357.36594364427134</ele>
<time>2026-08-28T06:59:18.416Z</time>
</trkpt>
<trkpt lat="41.9907278" lon="2.8980926000000125">
<ele>356.5557006773086</ele>
<time>2026-08-28T06:59:21.440Z</time>
</trkpt>
<trkpt lat="41.9907735" lon="2.8981066999999996">
<ele>355.4321544209646</ele>
<time>2026-08-28T06:59:24.681Z</time>
</trkpt>
<trkpt lat="41.9908193" lon="2.8981185000000096">
<ele>354.4178592236652</ele>
<time>2026-08-28T06:59:27.775Z</time>
</trkpt>
<trkpt lat="41.9908653" lon="2.8981272000000047">
<ele>354.1789809622503</ele>
<time>2026-08-28T06:59:30.934Z</time>
</trkpt>
<trkpt lat="41.990913" lon="2.898141299999992">
<ele>353.7514788146249</ele>
<time>2026-08-28T06:59:34.480Z</time>
</trkpt>
<trkpt lat="41.99096" lon="2.898157999999995">
<ele>353.2204975283917</ele>
<time>2026-08-28T06:59:38.258Z</time>
</trkpt>
<trkpt lat="41.9910065" lon="2.898172299999999">
<ele>352.782758575151</ele>
<time>2026-08-28T06:59:41.481Z</time>
</trkpt>
<trkpt lat="41.9910553" lon="2.898180300000007">
<ele>352.5984975802033</ele>
<time>2026-08-28T06:59:44.956Z</time>
</trkpt>
<trkpt lat="41.9911044" lon="2.898182999999989">
<ele>352.64319762078026</ele>
<time>2026-08-28T06:59:48.527Z</time>
</trkpt>
<trkpt lat="41.9911529" lon="2.8981938999999954">
<ele>352.52814721458975</ele>
<time>2026-08-28T06:59:52.339Z</time>
</trkpt>
<trkpt lat="41.9911995" lon="2.8981966000000057">
<ele>352.7253292844416</ele>
<time>2026-08-28T06:59:55.459Z</time>
</trkpt>
<trkpt lat="41.9912477" lon="2.8981952000000035">
<ele>353.09342309380173</ele>
<time>2026-08-28T06:59:59.278Z</time>
</trkpt>
<trkpt lat="41.9912951" lon="2.898198000000008">
<ele>353.2990348420241</ele>
<time>2026-08-28T07:00:02.833Z</time>
</trkpt>
<trkpt lat="41.9913453" lon="2.89820499999999">
<ele>353.37914229770325</ele>
<time>2026-08-28T07:00:06.477Z</time>
</trkpt>
<trkpt lat="41.991394" lon="2.8982110000000034">
<ele>353.55571433248997</ele>
<time>2026-08-28T07:00:10.480Z</time>
</trkpt>
<trkpt lat="41.991448" lon="2.8982129999999984">
<ele>354.0325660112964</ele>
<time>2026-08-28T07:00:14.258Z</time>
</trkpt>
<trkpt lat="41.9914966" lon="2.8982169999999883">
<ele>354.3750163664995</ele>
<time>2026-08-28T07:00:18.458Z</time>
</trkpt>
<trkpt lat="41.9915451" lon="2.8982168">
<ele>354.8703206977983</ele>
<time>2026-08-28T07:00:22.235Z</time>
</trkpt>
<trkpt lat="41.9915932" lon="2.8982249000000024">
<ele>355.03258073778375</ele>
<time>2026-08-28T07:00:25.780Z</time>
</trkpt>
<trkpt lat="41.9916394" lon="2.898235800000009">
<ele>355.0454958312831</ele>
<time>2026-08-28T07:00:29.460Z</time>
</trkpt>
<trkpt lat="41.9916841" lon="2.898243000000008">
<ele>354.9338560601698</ele>
<time>2026-08-28T07:00:32.018Z</time>
</trkpt>
<trkpt lat="41.9917324" lon="2.8982585999999912">
<ele>354.41629334787683</ele>
<time>2026-08-28T07:00:36.236Z</time>
</trkpt>
<trkpt lat="41.99178" lon="2.89828159999999">
<ele>353.7306893838735</ele>
<time>2026-08-28T07:00:40.455Z</time>
</trkpt>
<trkpt lat="41.9918252" lon="2.8983092">
<ele>353.0135226611464</ele>
<time>2026-08-28T07:00:44.056Z</time>
</trkpt>
<trkpt lat="41.9918684" lon="2.898340999999988">
<ele>352.3031211652826</ele>
<time>2026-08-28T07:00:47.480Z</time>
</trkpt>
<trkpt lat="41.9919064" lon="2.8983756000000085">
<ele>351.6291543551427</ele>
<time>2026-08-28T07:00:51.137Z</time>
</trkpt>
<trkpt lat="41.9919508" lon="2.8984126999999944">
<ele>350.9218884203563</ele>
<time>2026-08-28T07:00:55.340Z</time>
</trkpt>
<trkpt lat="41.9919959" lon="2.898442799999998">
<ele>350.26119967349206</ele>
<time>2026-08-28T07:00:58.476Z</time>
</trkpt>
<trkpt lat="41.9920397" lon="2.8984691">
<ele>349.8179385543678</ele>
<time>2026-08-28T07:01:02.054Z</time>
</trkpt>
<trkpt lat="41.9920802" lon="2.8984960999999885">
<ele>349.2627445117201</ele>
<time>2026-08-28T07:01:05.480Z</time>
</trkpt>
<trkpt lat="41.9921193" lon="2.898531999999989">
<ele>348.4982076489862</ele>
<time>2026-08-28T07:01:09.001Z</time>
</trkpt>
<trkpt lat="41.9921548" lon="2.8985701000000006">
<ele>347.6957689495404</ele>
<time>2026-08-28T07:01:12.522Z</time>
</trkpt>
<trkpt lat="41.9921954" lon="2.898606099999995">
<ele>346.99743845011784</ele>
<time>2026-08-28T07:01:16.412Z</time>
</trkpt>
<trkpt lat="41.9922325" lon="2.8986413000000084">
<ele>346.4423452785232</ele>
<time>2026-08-28T07:01:20.135Z</time>
</trkpt>
<trkpt lat="41.9922721" lon="2.8986706000000027">
<ele>346.21481537256284</ele>
<time>2026-08-28T07:01:23.377Z</time>
</trkpt>
<trkpt lat="41.9923115" lon="2.898707999999999">
<ele>345.9172511917804</ele>
<time>2026-08-28T07:01:27.277Z</time>
</trkpt>
<trkpt lat="41.9923492" lon="2.8987466000000097">
<ele>345.6921651932613</ele>
<time>2026-08-28T07:01:30.895Z</time>
</trkpt>
<trkpt lat="41.9923922" lon="2.8987764000000027">
<ele>345.7455093233988</ele>
<time>2026-08-28T07:01:34.480Z</time>
</trkpt>
<trkpt lat="41.9924361" lon="2.898793399999988">
<ele>346.0611038656</ele>
<time>2026-08-28T07:01:38.414Z</time>
</trkpt>
<trkpt lat="41.9924786" lon="2.8988184000000103">
<ele>346.2093015214218</ele>
<time>2026-08-28T07:01:42.234Z</time>
</trkpt>
<trkpt lat="41.9925189" lon="2.8988511999999957">
<ele>346.21855273315515</ele>
<time>2026-08-28T07:01:45.853Z</time>
</trkpt>
<trkpt lat="41.9925653" lon="2.898877199999987">
<ele>346.4743245320596</ele>
<time>2026-08-28T07:01:49.480Z</time>
</trkpt>
<trkpt lat="41.9926075" lon="2.8988983000000133">
<ele>346.7617970571605</ele>
<time>2026-08-28T07:01:52.753Z</time>
</trkpt>
<trkpt lat="41.9926502" lon="2.8989211999999895">
<ele>347.0312943727239</ele>
<time>2026-08-28T07:01:56.458Z</time>
</trkpt>
<trkpt lat="41.9926957" lon="2.8989414000000124">
<ele>347.4025903404192</ele>
<time>2026-08-28T07:02:00.036Z</time>
</trkpt>
<trkpt lat="41.9927408" lon="2.898963199999997">
<ele>347.7457068888262</ele>
<time>2026-08-28T07:02:03.876Z</time>
</trkpt>
<trkpt lat="41.9927845" lon="2.8989886999999896">
<ele>347.6788408741355</ele>
<time>2026-08-28T07:02:07.036Z</time>
</trkpt>
<trkpt lat="41.9928249" lon="2.8990201999999954">
<ele>346.9802237023357</ele>
<time>2026-08-28T07:02:10.154Z</time>
</trkpt>
<trkpt lat="41.9928684" lon="2.8990474000000006">
<ele>346.0969653966772</ele>
<time>2026-08-28T07:02:13.507Z</time>
</trkpt>
<trkpt lat="41.9929135" lon="2.8990686999999866">
<ele>345.2839658411124</ele>
<time>2026-08-28T07:02:17.100Z</time>
</trkpt>
<trkpt lat="41.9929591" lon="2.899081999999993">
<ele>344.68948187299605</ele>
<time>2026-08-28T07:02:20.481Z</time>
</trkpt>
<trkpt lat="41.9930023" lon="2.8991000999999983">
<ele>343.93610438125364</ele>
<time>2026-08-28T07:02:23.975Z</time>
</trkpt>
<trkpt lat="41.9930471" lon="2.899117700000005">
<ele>343.1884827539078</ele>
<time>2026-08-28T07:02:27.544Z</time>
</trkpt>
<trkpt lat="41.9930902" lon="2.8991398000000004">
<ele>343.0180295272292</ele>
<time>2026-08-28T07:02:31.515Z</time>
</trkpt>
<trkpt lat="41.9931325" lon="2.899164500000012">
<ele>342.84630894743043</ele>
<time>2026-08-28T07:02:35.519Z</time>
</trkpt>
<trkpt lat="41.9931725" lon="2.8991940999999883">
<ele>342.60145416294677</ele>
<time>2026-08-28T07:02:39.000Z</time>
</trkpt>
<trkpt lat="41.9932112" lon="2.899234799999988">
<ele>342.16161552855465</ele>
<time>2026-08-28T07:02:42.483Z</time>
</trkpt>
<trkpt lat="41.9932471" lon="2.8992732000000103">
<ele>341.8621037471792</ele>
<time>2026-08-28T07:02:45.419Z</time>
</trkpt>
<trkpt lat="41.9932867" lon="2.8993024000000105">
<ele>341.95777119313965</ele>
<time>2026-08-28T07:02:48.481Z</time>
</trkpt>
<trkpt lat="41.9933291" lon="2.899329200000011">
<ele>342.06226859435844</ele>
<time>2026-08-28T07:02:51.814Z</time>
</trkpt>
<trkpt lat="41.9933712" lon="2.899355500000013">
<ele>341.91204065990183</ele>
<time>2026-08-28T07:02:55.514Z</time>
</trkpt>
<trkpt lat="41.9934128" lon="2.89938140000001">
<ele>341.8250223117865</ele>
<time>2026-08-28T07:03:00.796Z</time>
</trkpt>
<trkpt lat="41.9934608" lon="2.8994035999999994">
<ele>341.97157965096386</ele>
<time>2026-08-28T07:03:04.457Z</time>
</trkpt>
<trkpt lat="41.9935044" lon="2.899423200000001">
<ele>342.1671980487183</ele>
<time>2026-08-28T07:03:07.596Z</time>
</trkpt>
<trkpt lat="41.9935508" lon="2.899435100000005">
<ele>342.60735865960515</ele>
<time>2026-08-28T07:03:10.480Z</time>
</trkpt>
<trkpt lat="41.9935983" lon="2.8994525999999894">
<ele>342.9887338283906</ele>
<time>2026-08-28T07:03:14.337Z</time>
</trkpt>
<trkpt lat="41.9936415" lon="2.899473400000005">
<ele>343.04076941165516</ele>
<time>2026-08-28T07:03:17.480Z</time>
</trkpt>
<trkpt lat="41.993688" lon="2.899495800000011">
<ele>343.13849290231286</ele>
<time>2026-08-28T07:03:21.214Z</time>
</trkpt>
<trkpt lat="41.9937312" lon="2.899513899999988">
<ele>343.33242240126464</ele>
<time>2026-08-28T07:03:24.507Z</time>
</trkpt>
<trkpt lat="41.9937784" lon="2.899534200000005">
<ele>343.5992198305773</ele>
<time>2026-08-28T07:03:28.239Z</time>
</trkpt>
<trkpt lat="41.9938236" lon="2.899541499999998">
<ele>344.0519594647951</ele>
<time>2026-08-28T07:03:32.818Z</time>
</trkpt>
<trkpt lat="41.993869" lon="2.8995505999999978">
<ele>344.51263251799634</ele>
<time>2026-08-28T07:03:36.645Z</time>
</trkpt>
<trkpt lat="41.9939125" lon="2.899573800000013">
<ele>344.83159374256195</ele>
<time>2026-08-28T07:03:40.480Z</time>
</trkpt>
<trkpt lat="41.9939538" lon="2.899601700000005">
<ele>344.828259489731</ele>
<time>2026-08-28T07:03:44.035Z</time>
</trkpt>
<trkpt lat="41.9939931" lon="2.8996362999999974">
<ele>344.54225423154844</ele>
<time>2026-08-28T07:03:47.480Z</time>
</trkpt>
<trkpt lat="41.9940358" lon="2.899670299999997">
<ele>344.3623155064082</ele>
<time>2026-08-28T07:03:50.878Z</time>
</trkpt>
<trkpt lat="41.9940836" lon="2.8996991999999864">
<ele>344.41321962918374</ele>
<time>2026-08-28T07:03:54.505Z</time>
</trkpt>
<trkpt lat="41.9941277" lon="2.8997162999999944">
<ele>344.6973847129189</ele>
<time>2026-08-28T07:03:58.480Z</time>
</trkpt>
<trkpt lat="41.9941733" lon="2.899734099999989">
<ele>344.89932304964407</ele>
<time>2026-08-28T07:04:02.293Z</time>
</trkpt>
<trkpt lat="41.9942227" lon="2.8997512999999913">
<ele>344.9329413404271</ele>
<time>2026-08-28T07:04:06.417Z</time>
</trkpt>
<trkpt lat="41.9942655" lon="2.8997711000000095">
<ele>344.90939479104486</ele>
<time>2026-08-28T07:04:10.135Z</time>
</trkpt>
<trkpt lat="41.9943097" lon="2.899789900000002">
<ele>344.95455510242675</ele>
<time>2026-08-28T07:04:13.490Z</time>
</trkpt>
<trkpt lat="41.9943583" lon="2.8997974000000113">
<ele>345.2506680887611</ele>
<time>2026-08-28T07:04:17.216Z</time>
</trkpt>
<trkpt lat="41.9944085" lon="2.8997936000000095">
<ele>345.7368796749733</ele>
<time>2026-08-28T07:04:21.480Z</time>
</trkpt>
<trkpt lat="41.9944556" lon="2.899786000000006">
<ele>346.22398807277267</ele>
<time>2026-08-28T07:04:25.334Z</time>
</trkpt>
<trkpt lat="41.9945023" lon="2.8997977999999875">
<ele>346.447624862401</ele>
<time>2026-08-28T07:04:29.480Z</time>
</trkpt>
<trkpt lat="41.9945484" lon="2.899788699999988">
<ele>346.9085442983334</ele>
<time>2026-08-28T07:04:32.519Z</time>
</trkpt>
<trkpt lat="41.9945982" lon="2.89978099999999">
<ele>347.36001828061694</ele>
<time>2026-08-28T07:04:35.481Z</time>
</trkpt>
<trkpt lat="41.9946452" lon="2.899756400000001">
<ele>347.88815144825344</ele>
<time>2026-08-28T07:04:38.476Z</time>
</trkpt>
<trkpt lat="41.9946882" lon="2.899733900000001">
<ele>348.3105015983657</ele>
<time>2026-08-28T07:04:42.216Z</time>
</trkpt>
<trkpt lat="41.9947357" lon="2.899709999999999">
<ele>348.7073671236296</ele>
<time>2026-08-28T07:04:46.115Z</time>
</trkpt>
<trkpt lat="41.9947839" lon="2.8996985999999936">
<ele>349.0031619324625</ele>
<time>2026-08-28T07:04:50.481Z</time>
</trkpt>
<trkpt lat="41.9948336" lon="2.8996807000000047">
<ele>349.2775898314817</ele>
<time>2026-08-28T07:04:54.480Z</time>
</trkpt>
<trkpt lat="41.994878" lon="2.899661000000009">
<ele>349.4724759974192</ele>
<time>2026-08-28T07:04:58.497Z</time>
</trkpt>
<trkpt lat="41.9949266" lon="2.8996414000000073">
<ele>349.62405703739944</ele>
<time>2026-08-28T07:05:02.480Z</time>
</trkpt>
<trkpt lat="41.9949707" lon="2.8996131000000105">
<ele>349.67269071776644</ele>
<time>2026-08-28T07:05:06.973Z</time>
</trkpt>
<trkpt lat="41.9950168" lon="2.899604399999987">
<ele>349.71250432494816</ele>
<time>2026-08-28T07:05:11.176Z</time>
</trkpt>
<trkpt lat="41.9950592" lon="2.8995835000000056">
<ele>349.65179876677286</ele>
<time>2026-08-28T07:05:15.499Z</time>
</trkpt>
<trkpt lat="41.9951029" lon="2.899562599999996">
<ele>349.22120392714373</ele>
<time>2026-08-28T07:05:19.138Z</time>
</trkpt>
<trkpt lat="41.9951509" lon="2.8995385999999996">
<ele>348.74532943687535</ele>
<time>2026-08-28T07:05:22.957Z</time>
</trkpt>
<trkpt lat="41.9951947" lon="2.8995127999999966">
<ele>348.26204255392844</ele>
<time>2026-08-28T07:05:26.481Z</time>
</trkpt>
<trkpt lat="41.9952354" lon="2.8994811000000027">
<ele>347.68834369586733</ele>
<time>2026-08-28T07:05:30.297Z</time>
</trkpt>
<trkpt lat="41.9952846" lon="2.899468600000006">
<ele>347.4524126994813</ele>
<time>2026-08-28T07:05:34.492Z</time>
</trkpt>
<trkpt lat="41.9953286" lon="2.899454899999995">
<ele>346.9699850108676</ele>
<time>2026-08-28T07:05:37.480Z</time>
</trkpt>
<trkpt lat="41.9953768" lon="2.8994366000000014">
<ele>346.44472694017924</ele>
<time>2026-08-28T07:05:40.855Z</time>
</trkpt>
<trkpt lat="41.9954216" lon="2.8994222999999977">
<ele>346.0571192280772</ele>
<time>2026-08-28T07:05:44.480Z</time>
</trkpt>
<trkpt lat="41.9954659" lon="2.899404599999997">
<ele>345.6805362599347</ele>
<time>2026-08-28T07:05:48.337Z</time>
</trkpt>
<trkpt lat="41.9955114" lon="2.8993838000000096">
<ele>345.3314256187941</ele>
<time>2026-08-28T07:05:51.860Z</time>
</trkpt>
<trkpt lat="41.9955635" lon="2.8993700000000047">
<ele>345.0184110690196</ele>
<time>2026-08-28T07:05:55.481Z</time>
</trkpt>
<trkpt lat="41.9956096" lon="2.8993691000000013">
<ele>344.6522375995866</ele>
<time>2026-08-28T07:05:59.480Z</time>
</trkpt>
<trkpt lat="41.995652" lon="2.899392299999988">
<ele>344.3841763711651</ele>
<time>2026-08-28T07:06:03.480Z</time>
</trkpt>
<trkpt lat="41.9956944" lon="2.8994182000000137">
<ele>343.99785040981226</ele>
<time>2026-08-28T07:06:09.439Z</time>
</trkpt>
<trkpt lat="41.995742" lon="2.899411299999997">
<ele>343.5052918326343</ele>
<time>2026-08-28T07:06:13.972Z</time>
</trkpt>
<trkpt lat="41.9957842" lon="2.8993859999999927">
<ele>343.20324928018715</ele>
<time>2026-08-28T07:06:17.481Z</time>
</trkpt>
<trkpt lat="41.995806" lon="2.8993316000000107">
<ele>343.3706904904394</ele>
<time>2026-08-28T07:06:22.495Z</time>
</trkpt>
<trkpt lat="41.9958249" lon="2.8992754999999875">
<ele>342.9616043200938</ele>
<time>2026-08-28T07:06:27.453Z</time>
</trkpt>
<trkpt lat="41.9958324" lon="2.899212900000009">
<ele>341.82101188219434</ele>
<time>2026-08-28T07:06:34.178Z</time>
</trkpt>
<trkpt lat="41.9958532" lon="2.8991565000000037">
<ele>340.7488945602615</ele>
<time>2026-08-28T07:06:37.481Z</time>
</trkpt>
<trkpt lat="41.9958927" lon="2.8991265999999882">
<ele>340.1210678846761</ele>
<time>2026-08-28T07:06:41.416Z</time>
</trkpt>
<trkpt lat="41.995931" lon="2.8990943999999956">
<ele>339.5449028288595</ele>
<time>2026-08-28T07:06:45.480Z</time>
</trkpt>
<trkpt lat="41.9959791" lon="2.899085299999996">
<ele>339.32973541812595</ele>
<time>2026-08-28T07:06:50.353Z</time>
</trkpt>
<trkpt lat="41.9960316" lon="2.8990914999999973">
<ele>339.2999380883274</ele>
<time>2026-08-28T07:06:56.480Z</time>
</trkpt>
<trkpt lat="41.9960802" lon="2.899100599999997">
<ele>339.28230983614185</ele>
<time>2026-08-28T07:07:00.279Z</time>
</trkpt>
<trkpt lat="41.9961257" lon="2.899116300000003">
<ele>338.9400490494559</ele>
<time>2026-08-28T07:07:04.461Z</time>
</trkpt>
<trkpt lat="41.9961702" lon="2.8991372000000126">
<ele>338.1750751217271</ele>
<time>2026-08-28T07:07:08.696Z</time>
</trkpt>
<trkpt lat="41.9962152" lon="2.899163399999992">
<ele>337.39923337598276</ele>
<time>2026-08-28T07:07:12.901Z</time>
</trkpt>
<trkpt lat="41.9962575" lon="2.8991921999999875">
<ele>336.654581834787</ele>
<time>2026-08-28T07:07:16.481Z</time>
</trkpt>
<trkpt lat="41.9962985" lon="2.8992225000000076">
<ele>335.9030780270766</ele>
<time>2026-08-28T07:07:20.233Z</time>
</trkpt>
<trkpt lat="41.9963409" lon="2.899244500000009">
<ele>335.0436412778131</ele>
<time>2026-08-28T07:07:23.394Z</time>
</trkpt>
<trkpt lat="41.996384" lon="2.8992708000000107">
<ele>334.14950049654</ele>
<time>2026-08-28T07:07:28.480Z</time>
</trkpt>
<trkpt lat="41.9964324" lon="2.8992973999999947">
<ele>333.33742741940415</ele>
<time>2026-08-28T07:07:32.315Z</time>
</trkpt>
<trkpt lat="41.9964761" lon="2.899314199999992">
<ele>332.50305809746044</ele>
<time>2026-08-28T07:07:36.479Z</time>
</trkpt>
<trkpt lat="41.9965193" lon="2.8993323999999916">
<ele>331.6412409942232</ele>
<time>2026-08-28T07:07:40.056Z</time>
</trkpt>
<trkpt lat="41.9965659" lon="2.899348500000002">
<ele>330.7441114311563</ele>
<time>2026-08-28T07:07:44.073Z</time>
</trkpt>
<trkpt lat="41.996612" lon="2.8993529999999907">
<ele>329.90150374638785</ele>
<time>2026-08-28T07:07:47.539Z</time>
</trkpt>
<trkpt lat="41.9966579" lon="2.899361199999987">
<ele>329.0614271235244</ele>
<time>2026-08-28T07:07:50.914Z</time>
</trkpt>
<trkpt lat="41.9967059" lon="2.899364200000008">
<ele>328.750990614846</ele>
<time>2026-08-28T07:07:54.499Z</time>
</trkpt>
<trkpt lat="41.9967525" lon="2.8993687999999906">
<ele>328.5079875482914</ele>
<time>2026-08-28T07:07:57.757Z</time>
</trkpt>
<trkpt lat="41.996803" lon="2.899370199999993">
<ele>328.25003977557145</ele>
<time>2026-08-28T07:08:01.518Z</time>
</trkpt>
<trkpt lat="41.9968493" lon="2.8993812999999875">
<ele>328.0472156036403</ele>
<time>2026-08-28T07:08:05.506Z</time>
</trkpt>
<trkpt lat="41.996895" lon="2.8993977000000086">
<ele>327.89590761517036</ele>
<time>2026-08-28T07:08:09.760Z</time>
</trkpt>
<trkpt lat="41.9969394" lon="2.8994157999999857">
<ele>327.79712048672815</ele>
<time>2026-08-28T07:08:13.297Z</time>
</trkpt>
<trkpt lat="41.9969827" lon="2.899432399999995">
<ele>327.7446238274038</ele>
<time>2026-08-28T07:08:16.480Z</time>
</trkpt>
<trkpt lat="41.9970224" lon="2.899461599999995">
<ele>327.8115933925393</ele>
<time>2026-08-28T07:08:20.013Z</time>
</trkpt>
<trkpt lat="41.9970664" lon="2.8994844000000057">
<ele>327.85827799700263</ele>
<time>2026-08-28T07:08:23.656Z</time>
</trkpt>
<trkpt lat="41.9971146" lon="2.8994989999999916">
<ele>327.8611536660438</ele>
<time>2026-08-28T07:08:27.257Z</time>
</trkpt>
<trkpt lat="41.9971631" lon="2.899503299999992">
<ele>327.793241513117</ele>
<time>2026-08-28T07:08:30.898Z</time>
</trkpt>
<trkpt lat="41.9972095" lon="2.8995026000000053">
<ele>327.68752422682576</ele>
<time>2026-08-28T07:08:34.596Z</time>
</trkpt>
<trkpt lat="41.997256" lon="2.899502500000011">
<ele>327.12568734743775</ele>
<time>2026-08-28T07:08:38.135Z</time>
</trkpt>
<trkpt lat="41.9973011" lon="2.899500499999988">
<ele>326.4516003315191</ele>
<time>2026-08-28T07:08:41.481Z</time>
</trkpt>
<trkpt lat="41.9973499" lon="2.899491299999994">
<ele>325.6182705405088</ele>
<time>2026-08-28T07:08:45.060Z</time>
</trkpt>
<trkpt lat="41.9974007" lon="2.8994802999999933">
<ele>324.6999643269777</ele>
<time>2026-08-28T07:08:49.199Z</time>
</trkpt>
<trkpt lat="41.9974485" lon="2.8994697999999914">
<ele>323.80248702708036</ele>
<time>2026-08-28T07:08:52.819Z</time>
</trkpt>
<trkpt lat="41.9974938" lon="2.8994503000000122">
<ele>322.74962264029546</ele>
<time>2026-08-28T07:08:56.501Z</time>
</trkpt>
<trkpt lat="41.9975432" lon="2.8994209999999896">
<ele>321.4481838877029</ele>
<time>2026-08-28T07:09:00.052Z</time>
</trkpt>
<trkpt lat="41.9975908" lon="2.899407200000013">
<ele>320.50714117483477</ele>
<time>2026-08-28T07:09:04.294Z</time>
</trkpt>
<trkpt lat="41.9976349" lon="2.899386899999996">
<ele>319.57735216268543</ele>
<time>2026-08-28T07:09:07.999Z</time>
</trkpt>
<trkpt lat="41.9976847" lon="2.899367699999999">
<ele>318.64805917989196</ele>
<time>2026-08-28T07:09:12.194Z</time>
</trkpt>
<trkpt lat="41.9977291" lon="2.8993466999999953">
<ele>317.8391383925927</ele>
<time>2026-08-28T07:09:15.860Z</time>
</trkpt>
<trkpt lat="41.9977783" lon="2.89932970000001">
<ele>317.09228710743025</ele>
<time>2026-08-28T07:09:20.052Z</time>
</trkpt>
<trkpt lat="41.9978231" lon="2.8993132999999887">
<ele>316.6762257856475</ele>
<time>2026-08-28T07:09:23.157Z</time>
</trkpt>
<trkpt lat="41.9978718" lon="2.8992992999999956">
<ele>316.1995993334741</ele>
<time>2026-08-28T07:09:26.213Z</time>
</trkpt>
<trkpt lat="41.9979217" lon="2.899282999999997">
<ele>315.55491922898904</ele>
<time>2026-08-28T07:09:30.433Z</time>
</trkpt>
<trkpt lat="41.9979662" lon="2.899273800000003">
<ele>315.1212892409534</ele>
<time>2026-08-28T07:09:34.717Z</time>
</trkpt>
<trkpt lat="41.9980108" lon="2.8992646000000093">
<ele>314.706824599569</ele>
<time>2026-08-28T07:09:37.893Z</time>
</trkpt>
<trkpt lat="41.9980558" lon="2.899260300000009">
<ele>314.42201329499807</ele>
<time>2026-08-28T07:09:41.480Z</time>
</trkpt>
<trkpt lat="41.9981038" lon="2.8992516000000137">
<ele>314.39576224579895</ele>
<time>2026-08-28T07:09:45.274Z</time>
</trkpt>
<trkpt lat="41.9981488" lon="2.8992318999999895">
<ele>314.15380903641085</ele>
<time>2026-08-28T07:09:49.117Z</time>
</trkpt>
<trkpt lat="41.9981963" lon="2.899215599999991">
<ele>313.9754406328199</ele>
<time>2026-08-28T07:09:55.958Z</time>
</trkpt>
<trkpt lat="41.9982412" lon="2.899197100000009">
<ele>313.74291256026896</ele>
<time>2026-08-28T07:09:59.174Z</time>
</trkpt>
<trkpt lat="41.9982863" lon="2.8991727000000083">
<ele>313.3919019892219</ele>
<time>2026-08-28T07:10:02.375Z</time>
</trkpt>
<trkpt lat="41.9983334" lon="2.8991564000000096">
<ele>313.18298357109876</ele>
<time>2026-08-28T07:10:05.480Z</time>
</trkpt>
<trkpt lat="41.998381" lon="2.899129600000009">
<ele>312.60078315752804</ele>
<time>2026-08-28T07:10:09.375Z</time>
</trkpt>
<trkpt lat="41.9984261" lon="2.899105300000002">
<ele>312.1186843630517</ele>
<time>2026-08-28T07:10:14.113Z</time>
</trkpt>
<trkpt lat="41.9984731" lon="2.899078000000003">
<ele>311.63449125712305</ele>
<time>2026-08-28T07:10:18.372Z</time>
</trkpt>
<trkpt lat="41.9985149" lon="2.899048399999998">
<ele>311.16887598986995</ele>
<time>2026-08-28T07:10:22.398Z</time>
</trkpt>
<trkpt lat="41.9985689" lon="2.899052399999988">
<ele>311.24371610546916</ele>
<time>2026-08-28T07:10:26.135Z</time>
</trkpt>
<trkpt lat="41.9986152" lon="2.8990498000000002">
<ele>311.20499271201015</ele>
<time>2026-08-28T07:10:29.753Z</time>
</trkpt>
<trkpt lat="41.9986617" lon="2.8990374999999915">
<ele>310.94809529668754</ele>
<time>2026-08-28T07:10:33.435Z</time>
</trkpt>
<trkpt lat="41.998705" lon="2.8990090000000066">
<ele>310.5301856626366</ele>
<time>2026-08-28T07:10:37.173Z</time>
</trkpt>
<trkpt lat="41.9987549" lon="2.898987699999992">
<ele>310.2065629122311</ele>
<time>2026-08-28T07:10:41.079Z</time>
</trkpt>
<trkpt lat="41.9987888" lon="2.8989454999999964">
<ele>309.6908652200102</ele>
<time>2026-08-28T07:10:43.481Z</time>
</trkpt>
<trkpt lat="41.9988214" lon="2.898901099999989">
<ele>309.183339438702</ele>
<time>2026-08-28T07:10:46.481Z</time>
</trkpt>
<trkpt lat="41.9988502" lon="2.8988544000000047">
<ele>308.68308237576076</ele>
<time>2026-08-28T07:10:49.719Z</time>
</trkpt>
<trkpt lat="41.9988952" lon="2.8988517999999885">
<ele>308.58579879827</ele>
<time>2026-08-28T07:11:08.537Z</time>
</trkpt>
<trkpt lat="41.9989352" lon="2.8988204000000053">
<ele>307.9123753516633</ele>
<time>2026-08-28T07:14:34.500Z</time>
</trkpt>
<trkpt lat="41.998962" lon="2.898766099999989">
<ele>307.20102205485387</ele>
<time>2026-08-28T07:14:38.839Z</time>
</trkpt>
<trkpt lat="41.998976" lon="2.898702700000001">
<ele>305.9614818910888</ele>
<time>2026-08-28T07:14:46.116Z</time>
</trkpt>
<trkpt lat="41.999004" lon="2.8986553999999956">
<ele>304.8246788143302</ele>
<time>2026-08-28T07:14:50.397Z</time>
</trkpt>
<trkpt lat="41.9990268" lon="2.8986023999999873">
<ele>303.6846960156107</ele>
<time>2026-08-28T07:14:55.481Z</time>
</trkpt>
<trkpt lat="41.9990621" lon="2.8985619999999983">
<ele>302.8565209455621</ele>
<time>2026-08-28T07:15:00.419Z</time>
</trkpt>
<trkpt lat="41.9991021" lon="2.898524199999997">
<ele>302.1770484532998</ele>
<time>2026-08-28T07:15:06.480Z</time>
</trkpt>
<trkpt lat="41.9991373" lon="2.8985640999999873">
<ele>302.81601779957384</ele>
<time>2026-08-28T07:15:14.516Z</time>
</trkpt>
<trkpt lat="41.9991428" lon="2.8986276999999916">
<ele>303.79480367926766</ele>
<time>2026-08-28T07:15:19.256Z</time>
</trkpt>
<trkpt lat="41.9991553" lon="2.8985668999999916">
<ele>302.8391737663475</ele>
<time>2026-08-28T07:15:29.355Z</time>
</trkpt>
<trkpt lat="41.999111" lon="2.898553700000008">
<ele>302.67080600260545</ele>
<time>2026-08-28T07:15:36.832Z</time>
</trkpt>
<trkpt lat="41.9990713" lon="2.898583699999989">
<ele>303.23918439817123</ele>
<time>2026-08-28T07:15:41.493Z</time>
</trkpt>
<trkpt lat="41.9990383" lon="2.8986266">
<ele>304.122228146975</ele>
<time>2026-08-28T07:15:48.336Z</time>
</trkpt>
<trkpt lat="41.9990044" lon="2.898671400000012">
<ele>305.1501562205587</ele>
<time>2026-08-28T07:15:55.356Z</time>
</trkpt>
<trkpt lat="41.9989811" lon="2.898723899999993">
<ele>306.3820249913055</ele>
<time>2026-08-28T07:16:01.480Z</time>
</trkpt>
<trkpt lat="41.9989521" lon="2.898774099999997">
<ele>307.35088672381323</ele>
<time>2026-08-28T07:16:07.159Z</time>
</trkpt>
<trkpt lat="41.9989171" lon="2.8988139999999873">
<ele>308.0154248091735</ele>
<time>2026-08-28T07:16:11.973Z</time>
</trkpt>
<trkpt lat="41.9988785" lon="2.89885129999999">
<ele>308.6551841355491</ele>
<time>2026-08-28T07:16:16.510Z</time>
</trkpt>
<trkpt lat="41.998837" lon="2.8988780999999904">
<ele>308.93308586825594</ele>
<time>2026-08-28T07:16:21.918Z</time>
</trkpt>
<trkpt lat="41.9987882" lon="2.8988892000000135">
<ele>309.0633625709377</ele>
<time>2026-08-28T07:16:27.336Z</time>
</trkpt>
<trkpt lat="41.9987403" lon="2.8989005999999904">
<ele>309.20868719031824</ele>
<time>2026-08-28T07:16:32.477Z</time>
</trkpt>
<trkpt lat="41.9986955" lon="2.898916600000007">
<ele>309.4204169627519</ele>
<time>2026-08-28T07:16:37.980Z</time>
</trkpt>
<trkpt lat="41.998652" lon="2.898937499999988">
<ele>309.7089001217776</ele>
<time>2026-08-28T07:16:42.673Z</time>
</trkpt>
<trkpt lat="41.9986073" lon="2.8989540000000034">
<ele>309.95277698695514</ele>
<time>2026-08-28T07:16:46.837Z</time>
</trkpt>
<trkpt lat="41.9985611" lon="2.8989593999999954">
<ele>309.88149378483996</ele>
<time>2026-08-28T07:16:50.657Z</time>
</trkpt>
<trkpt lat="41.9985156" lon="2.898973799999993">
<ele>309.9757705779288</ele>
<time>2026-08-28T07:16:54.525Z</time>
</trkpt>
<trkpt lat="41.998469" lon="2.898990700000013">
<ele>310.15682532355845</ele>
<time>2026-08-28T07:16:58.479Z</time>
</trkpt>
<trkpt lat="41.9984202" lon="2.8990176000000076">
<ele>310.58332840645204</ele>
<time>2026-08-28T07:17:02.416Z</time>
</trkpt>
<trkpt lat="41.9983713" lon="2.899036200000012">
<ele>310.895814010654</ele>
<time>2026-08-28T07:17:06.479Z</time>
</trkpt>
<trkpt lat="41.9983261" lon="2.8990506000000096">
<ele>311.139264170818</ele>
<time>2026-08-28T07:17:09.319Z</time>
</trkpt>
<trkpt lat="41.9982789" lon="2.8990632999999946">
<ele>311.2872823010251</ele>
<time>2026-08-28T07:17:13.378Z</time>
</trkpt>
<trkpt lat="41.998233" lon="2.8990790999999945">
<ele>311.4920629651135</ele>
<time>2026-08-28T07:17:16.613Z</time>
</trkpt>
<trkpt lat="41.9981869" lon="2.8990996999999936">
<ele>311.7807899107379</ele>
<time>2026-08-28T07:17:20.041Z</time>
</trkpt>
<trkpt lat="41.9981438" lon="2.8991265999999882">
<ele>312.18603112611726</ele>
<time>2026-08-28T07:17:23.739Z</time>
</trkpt>
<trkpt lat="41.9980996" lon="2.8991396000000123">
<ele>312.32421057226867</ele>
<time>2026-08-28T07:17:26.918Z</time>
</trkpt>
<trkpt lat="41.9980539" lon="2.8991588000000093">
<ele>312.56742689851</ele>
<time>2026-08-28T07:17:31.074Z</time>
</trkpt>
<trkpt lat="41.9980091" lon="2.899189299999989">
<ele>313.2647036589751</ele>
<time>2026-08-28T07:17:35.278Z</time>
</trkpt>
<trkpt lat="41.997967" lon="2.8992164999999943">
<ele>313.95506282973537</ele>
<time>2026-08-28T07:17:38.480Z</time>
</trkpt>
<trkpt lat="41.9979243" lon="2.899237900000003">
<ele>314.5796518718359</ele>
<time>2026-08-28T07:17:41.917Z</time>
</trkpt>
<trkpt lat="41.9978761" lon="2.899251499999991">
<ele>315.10032858696053</ele>
<time>2026-08-28T07:17:45.529Z</time>
</trkpt>
<trkpt lat="41.9978284" lon="2.8992614000000003">
<ele>315.5625968410356</ele>
<time>2026-08-28T07:17:49.180Z</time>
</trkpt>
<trkpt lat="41.9977826" lon="2.8992752000000053">
<ele>316.1339216781163</ele>
<time>2026-08-28T07:17:52.999Z</time>
</trkpt>
<trkpt lat="41.9977338" lon="2.899291000000005">
<ele>317.0306492365084</ele>
<time>2026-08-28T07:17:57.196Z</time>
</trkpt>
<trkpt lat="41.9976858" lon="2.8993136999999933">
<ele>318.01197608000365</ele>
<time>2026-08-28T07:18:01.513Z</time>
</trkpt>
<trkpt lat="41.9976391" lon="2.899334600000003">
<ele>318.8278650447897</ele>
<time>2026-08-28T07:18:05.453Z</time>
</trkpt>
<trkpt lat="41.9975954" lon="2.899349199999989">
<ele>319.58194546319453</ele>
<time>2026-08-28T07:18:09.097Z</time>
</trkpt>
<trkpt lat="41.9975461" lon="2.8993685000000085">
<ele>320.53475103459454</ele>
<time>2026-08-28T07:18:13.358Z</time>
</trkpt>
<trkpt lat="41.9974977" lon="2.8993792999999926">
<ele>321.38793088454304</ele>
<time>2026-08-28T07:18:17.483Z</time>
</trkpt>
<trkpt lat="41.9974529" lon="2.899397300000004">
<ele>322.5011852494677</ele>
<time>2026-08-28T07:18:21.273Z</time>
</trkpt>
<trkpt lat="41.9974066" lon="2.8994174999999984">
<ele>323.630476583746</ele>
<time>2026-08-28T07:18:24.998Z</time>
</trkpt>
<trkpt lat="41.9973622" lon="2.899430200000012">
<ele>324.56506581581823</ele>
<time>2026-08-28T07:18:28.479Z</time>
</trkpt>
<trkpt lat="41.9973126" lon="2.899442399999998">
<ele>325.5433836289553</ele>
<time>2026-08-28T07:18:32.513Z</time>
</trkpt>
<trkpt lat="41.9972666" lon="2.8994504000000063">
<ele>326.38025378295134</ele>
<time>2026-08-28T07:18:36.221Z</time>
</trkpt>
<trkpt lat="41.9972191" lon="2.899445500000013">
<ele>327.09020213227825</ele>
<time>2026-08-28T07:18:39.838Z</time>
</trkpt>
<trkpt lat="41.9971715" lon="2.8994420999999875">
<ele>327.21466100310994</ele>
<time>2026-08-28T07:18:43.497Z</time>
</trkpt>
<trkpt lat="41.9971228" lon="2.89943310000001">
<ele>327.2912803039486</ele>
<time>2026-08-28T07:18:46.524Z</time>
</trkpt>
<trkpt lat="41.9970771" lon="2.89942529999999">
<ele>327.38100402158926</ele>
<time>2026-08-28T07:18:50.480Z</time>
</trkpt>
<trkpt lat="41.9970273" lon="2.8994149000000107">
<ele>327.4789301714881</ele>
<time>2026-08-28T07:18:54.501Z</time>
</trkpt>
<trkpt lat="41.9969826" lon="2.8994050000000016">
<ele>327.57764604464825</ele>
<time>2026-08-28T07:18:58.713Z</time>
</trkpt>
<trkpt lat="41.9969322" lon="2.8994021999999973">
<ele>327.75472631613684</ele>
<time>2026-08-28T07:19:03.479Z</time>
</trkpt>
<trkpt lat="41.996881" lon="2.8993988">
<ele>327.9621810871997</ele>
<time>2026-08-28T07:19:08.378Z</time>
</trkpt>
<trkpt lat="41.9968369" lon="2.8993863000000033">
<ele>328.12123725611235</ele>
<time>2026-08-28T07:19:12.647Z</time>
</trkpt>
<trkpt lat="41.9967919" lon="2.8993725999999924">
<ele>328.31089102851183</ele>
<time>2026-08-28T07:19:16.315Z</time>
</trkpt>
<trkpt lat="41.9967457" lon="2.899367699999999">
<ele>328.54256495526914</ele>
<time>2026-08-28T07:19:20.094Z</time>
</trkpt>
<trkpt lat="41.9967019" lon="2.8993533999999954">
<ele>328.7790310512507</ele>
<time>2026-08-28T07:19:23.897Z</time>
</trkpt>
<trkpt lat="41.9966567" lon="2.8993322999999975">
<ele>329.1326978433141</ele>
<time>2026-08-28T07:19:28.134Z</time>
</trkpt>
<trkpt lat="41.9966147" lon="2.8993092999999988">
<ele>329.951491894786</ele>
<time>2026-08-28T07:19:31.858Z</time>
</trkpt>
<trkpt lat="41.9965659" lon="2.8992871000000093">
<ele>330.86187831364055</ele>
<time>2026-08-28T07:19:36.094Z</time>
</trkpt>
<trkpt lat="41.9965225" lon="2.8992700000000013">
<ele>331.63937792497376</ele>
<time>2026-08-28T07:19:39.698Z</time>
</trkpt>
<trkpt lat="41.9964794" lon="2.8992417000000046">
<ele>332.37023228352194</ele>
<time>2026-08-28T07:19:43.478Z</time>
</trkpt>
<trkpt lat="41.9964353" lon="2.8992178999999965">
<ele>333.093468022534</ele>
<time>2026-08-28T07:19:47.753Z</time>
</trkpt>
<trkpt lat="41.9963926" lon="2.899185799999998">
<ele>333.73716874654525</ele>
<time>2026-08-28T07:19:51.476Z</time>
</trkpt>
<trkpt lat="41.9963487" lon="2.8991517999999985">
<ele>334.5179244911843</ele>
<time>2026-08-28T07:19:55.537Z</time>
</trkpt>
<trkpt lat="41.9963049" lon="2.8991292999999985">
<ele>335.3380520182436</ele>
<time>2026-08-28T07:19:59.414Z</time>
</trkpt>
<trkpt lat="41.9962555" lon="2.8991139999999973">
<ele>336.27592487846715</ele>
<time>2026-08-28T07:20:03.556Z</time>
</trkpt>
<trkpt lat="41.9962089" lon="2.899101900000005">
<ele>337.150821910595</ele>
<time>2026-08-28T07:20:07.279Z</time>
</trkpt>
<trkpt lat="41.9961646" lon="2.8990857000000005">
<ele>337.93133164796615</ele>
<time>2026-08-28T07:20:11.018Z</time>
</trkpt>
<trkpt lat="41.996116" lon="2.899067400000007">
<ele>338.75448271807977</ele>
<time>2026-08-28T07:20:14.532Z</time>
</trkpt>
<trkpt lat="41.996071" lon="2.899041899999986">
<ele>338.7625116899153</ele>
<time>2026-08-28T07:20:18.937Z</time>
</trkpt>
<trkpt lat="41.9960269" lon="2.8990210000000047">
<ele>338.4830416950413</ele>
<time>2026-08-28T07:20:23.158Z</time>
</trkpt>
<trkpt lat="41.9959784" lon="2.899023900000003">
<ele>338.53806295593733</ele>
<time>2026-08-28T07:20:28.078Z</time>
</trkpt>
<trkpt lat="41.9959418" lon="2.8990685999999926">
<ele>339.16922107043314</ele>
<time>2026-08-28T07:20:41.479Z</time>
</trkpt>
<trkpt lat="41.9959278" lon="2.8991340999999977">
<ele>340.1135351510472</ele>
<time>2026-08-28T07:20:45.398Z</time>
</trkpt>
<trkpt lat="41.9959043" lon="2.8991962000000058">
<ele>341.1247478933318</ele>
<time>2026-08-28T07:20:51.454Z</time>
</trkpt>
<trkpt lat="41.9958798" lon="2.899248">
<ele>342.0814181722499</ele>
<time>2026-08-28T07:20:54.479Z</time>
</trkpt>
<trkpt lat="41.9958457" lon="2.8992919000000086">
<ele>343.0796548873363</ele>
<time>2026-08-28T07:20:58.497Z</time>
</trkpt>
<trkpt lat="41.9957979" lon="2.899294300000008">
<ele>343.39241782225366</ele>
<time>2026-08-28T07:21:04.038Z</time>
</trkpt>
<trkpt lat="41.9957485" lon="2.8992964999999913">
<ele>343.6158475728444</ele>
<time>2026-08-28T07:21:09.477Z</time>
</trkpt>
<trkpt lat="41.9957017" lon="2.899301500000007">
<ele>343.89217653440556</ele>
<time>2026-08-28T07:21:13.899Z</time>
</trkpt>
<trkpt lat="41.995655" lon="2.899306700000011">
<ele>344.1430034481644</ele>
<time>2026-08-28T07:21:18.134Z</time>
</trkpt>
<trkpt lat="41.9956089" lon="2.8993209999999863">
<ele>344.40399016195533</ele>
<time>2026-08-28T07:21:23.013Z</time>
</trkpt>
<trkpt lat="41.9955646" lon="2.8993360999999993">
<ele>344.7404593639349</ele>
<time>2026-08-28T07:21:26.834Z</time>
</trkpt>
<trkpt lat="41.9955181" lon="2.8993414999999914">
<ele>344.88988227366616</ele>
<time>2026-08-28T07:21:30.616Z</time>
</trkpt>
<trkpt lat="41.9954734" lon="2.899353600000012">
<ele>345.05263886255193</ele>
<time>2026-08-28T07:21:34.372Z</time>
</trkpt>
<trkpt lat="41.9954306" lon="2.8993737000000124">
<ele>345.36437923509027</ele>
<time>2026-08-28T07:21:38.480Z</time>
</trkpt>
<trkpt lat="41.9953836" lon="2.8993944999999997">
<ele>345.765792898033</ele>
<time>2026-08-28T07:21:42.480Z</time>
</trkpt>
<trkpt lat="41.9953395" lon="2.8994174000000044">
<ele>346.27126080239094</ele>
<time>2026-08-28T07:21:46.853Z</time>
</trkpt>
<trkpt lat="41.9952967" lon="2.8994394999999997">
<ele>346.8361888363525</ele>
<time>2026-08-28T07:21:51.114Z</time>
</trkpt>
<trkpt lat="41.9952494" lon="2.899458399999986">
<ele>347.26178608910305</ele>
<time>2026-08-28T07:21:55.398Z</time>
</trkpt>
<trkpt lat="41.9952003" lon="2.8994768999999962">
<ele>347.51517225555193</ele>
<time>2026-08-28T07:21:59.258Z</time>
</trkpt>
<trkpt lat="41.9951562" lon="2.89950300000001">
<ele>347.9757062742581</ele>
<time>2026-08-28T07:22:03.439Z</time>
</trkpt>
<trkpt lat="41.9951115" lon="2.899522300000001">
<ele>348.32018978191707</ele>
<time>2026-08-28T07:22:07.480Z</time>
</trkpt>
<trkpt lat="41.995062" lon="2.8995430999999883">
<ele>348.7219051265482</ele>
<time>2026-08-28T07:22:11.056Z</time>
</trkpt>
<trkpt lat="41.9950134" lon="2.899557399999992">
<ele>349.00151938573737</ele>
<time>2026-08-28T07:22:15.300Z</time>
</trkpt>
<trkpt lat="41.9949711" lon="2.899581799999993">
<ele>349.54987771204844</ele>
<time>2026-08-28T07:22:18.856Z</time>
</trkpt>
<trkpt lat="41.9949277" lon="2.899604199999999">
<ele>349.55569803112155</ele>
<time>2026-08-28T07:22:22.693Z</time>
</trkpt>
<trkpt lat="41.9948842" lon="2.899624799999998">
<ele>349.47796999996575</ele>
<time>2026-08-28T07:22:26.393Z</time>
</trkpt>
<trkpt lat="41.9948389" lon="2.899643300000008">
<ele>349.3376879437535</ele>
<time>2026-08-28T07:22:30.159Z</time>
</trkpt>
<trkpt lat="41.9947962" lon="2.899663199999992">
<ele>349.14955373522605</ele>
<time>2026-08-28T07:22:33.837Z</time>
</trkpt>
<trkpt lat="41.994753" lon="2.899680200000006">
<ele>348.9145695586969</ele>
<time>2026-08-28T07:22:37.634Z</time>
</trkpt>
<trkpt lat="41.9947093" lon="2.8996971999999914">
<ele>348.6294575041634</ele>
<time>2026-08-28T07:22:41.481Z</time>
</trkpt>
<trkpt lat="41.9946637" lon="2.899716500000011">
<ele>348.27492223652206</ele>
<time>2026-08-28T07:22:45.198Z</time>
</trkpt>
<trkpt lat="41.9946208" lon="2.8997414000000106">
<ele>347.8402986448522</ele>
<time>2026-08-28T07:22:49.092Z</time>
</trkpt>
<trkpt lat="41.9945664" lon="2.899756400000001">
<ele>347.3539273558124</ele>
<time>2026-08-28T07:22:53.220Z</time>
</trkpt>
<trkpt lat="41.9945168" lon="2.8997692000000086">
<ele>346.8773842912257</ele>
<time>2026-08-28T07:22:57.434Z</time>
</trkpt>
<trkpt lat="41.9944731" lon="2.8997500000000116">
<ele>346.7999354018785</ele>
<time>2026-08-28T07:23:00.600Z</time>
</trkpt>
<trkpt lat="41.9944277" lon="2.8997300000000052">
<ele>346.7642815171594</ele>
<time>2026-08-28T07:23:04.239Z</time>
</trkpt>
<trkpt lat="41.9943816" lon="2.89972019999999">
<ele>346.5847828036275</ele>
<time>2026-08-28T07:23:10.383Z</time>
</trkpt>
<trkpt lat="41.9943346" lon="2.8996945000000096">
<ele>346.67219082783504</ele>
<time>2026-08-28T07:23:13.195Z</time>
</trkpt>
<trkpt lat="41.9942887" lon="2.8996712999999943">
<ele>346.78113207497637</ele>
<time>2026-08-28T07:23:16.393Z</time>
</trkpt>
<trkpt lat="41.9942362" lon="2.899651199999994">
<ele>346.851257134365</ele>
<time>2026-08-28T07:23:19.479Z</time>
</trkpt>
<trkpt lat="41.9941921" lon="2.8996323000000075">
<ele>346.9878056635256</ele>
<time>2026-08-28T07:23:23.332Z</time>
</trkpt>
<trkpt lat="41.9941464" lon="2.8996190000000013">
<ele>346.93807024214</ele>
<time>2026-08-28T07:23:27.058Z</time>
</trkpt>
<trkpt lat="41.9941014" lon="2.8996012000000064">
<ele>346.7234951821224</ele>
<time>2026-08-28T07:23:31.258Z</time>
</trkpt>
<trkpt lat="41.9940519" lon="2.8995961999999906">
<ele>346.2007591116087</ele>
<time>2026-08-28T07:23:34.919Z</time>
</trkpt>
<trkpt lat="41.9940035" lon="2.8995887000000096">
<ele>345.7566447092257</ele>
<time>2026-08-28T07:23:38.300Z</time>
</trkpt>
<trkpt lat="41.9939581" lon="2.899574699999988">
<ele>345.3810607665605</ele>
<time>2026-08-28T07:23:41.858Z</time>
</trkpt>
<trkpt lat="41.9939115" lon="2.8995614000000103">
<ele>344.92193520049346</ele>
<time>2026-08-28T07:23:45.038Z</time>
</trkpt>
<trkpt lat="41.9938682" lon="2.899540800000011">
<ele>344.5969622829561</ele>
<time>2026-08-28T07:23:48.177Z</time>
</trkpt>
<trkpt lat="41.9938254" lon="2.899513600000006">
<ele>344.38309315838677</ele>
<time>2026-08-28T07:23:51.333Z</time>
</trkpt>
<trkpt lat="41.9937832" lon="2.8994868999999994">
<ele>344.24924485984224</ele>
<time>2026-08-28T07:23:54.539Z</time>
</trkpt>
<trkpt lat="41.9937393" lon="2.899466999999987">
<ele>344.0816755753956</ele>
<time>2026-08-28T07:23:57.679Z</time>
</trkpt>
<trkpt lat="41.9936956" lon="2.8994451000000083">
<ele>344.0071667335897</ele>
<time>2026-08-28T07:24:00.794Z</time>
</trkpt>
<trkpt lat="41.9936514" lon="2.899427099999997">
<ele>343.92796037396005</ele>
<time>2026-08-28T07:24:03.479Z</time>
</trkpt>
<trkpt lat="41.9936071" lon="2.8994075999999893">
<ele>343.9307183968075</ele>
<time>2026-08-28T07:24:07.479Z</time>
</trkpt>
<trkpt lat="41.9935629" lon="2.8993871000000127">
<ele>343.7414368174663</ele>
<time>2026-08-28T07:24:10.837Z</time>
</trkpt>
<trkpt lat="41.9935182" lon="2.899355700000001">
<ele>343.79162147797484</ele>
<time>2026-08-28T07:24:15.034Z</time>
</trkpt>
<trkpt lat="41.9934799" lon="2.8993198999999947">
<ele>344.0922356332449</ele>
<time>2026-08-28T07:24:18.480Z</time>
</trkpt>
<trkpt lat="41.993441" lon="2.8992818000000113">
<ele>344.2889595830613</ele>
<time>2026-08-28T07:24:22.472Z</time>
</trkpt>
<trkpt lat="41.9933961" lon="2.8992521000000124">
<ele>344.30723119173996</ele>
<time>2026-08-28T07:24:26.533Z</time>
</trkpt>
<trkpt lat="41.9933516" lon="2.899225400000006">
<ele>344.42765211412376</ele>
<time>2026-08-28T07:24:29.799Z</time>
</trkpt>
<trkpt lat="41.9933124" lon="2.899192400000004">
<ele>344.7285256101334</ele>
<time>2026-08-28T07:24:32.899Z</time>
</trkpt>
<trkpt lat="41.9932716" lon="2.8991624999999885">
<ele>344.7904567750949</ele>
<time>2026-08-28T07:24:36.157Z</time>
</trkpt>
<trkpt lat="41.9932265" lon="2.899152700000002">
<ele>344.4172540980988</ele>
<time>2026-08-28T07:24:39.039Z</time>
</trkpt>
<trkpt lat="41.9931801" lon="2.8991361999999867">
<ele>344.2431513908199</ele>
<time>2026-08-28T07:24:43.314Z</time>
</trkpt>
<trkpt lat="41.9931366" lon="2.8991086000000053">
<ele>344.48428671791754</ele>
<time>2026-08-28T07:24:47.494Z</time>
</trkpt>
<trkpt lat="41.9930885" lon="2.8990895999999964">
<ele>344.52332085835354</ele>
<time>2026-08-28T07:24:50.913Z</time>
</trkpt>
<trkpt lat="41.9930402" lon="2.8990666999999917">
<ele>344.8434250467074</ele>
<time>2026-08-28T07:24:54.532Z</time>
</trkpt>
<trkpt lat="41.992998" lon="2.899041799999992">
<ele>345.79706178952733</ele>
<time>2026-08-28T07:24:58.193Z</time>
</trkpt>
<trkpt lat="41.9929554" lon="2.899010500000003">
<ele>346.72640681210476</ele>
<time>2026-08-28T07:25:01.919Z</time>
</trkpt>
<trkpt lat="41.992907" lon="2.8989832999999976">
<ele>347.3904386280991</ele>
<time>2026-08-28T07:25:05.480Z</time>
</trkpt>
<trkpt lat="41.9928603" lon="2.8989628999999866">
<ele>347.91058327536854</ele>
<time>2026-08-28T07:25:09.916Z</time>
</trkpt>
<trkpt lat="41.9928211" lon="2.898929900000013">
<ele>348.62636740271876</ele>
<time>2026-08-28T07:25:13.697Z</time>
</trkpt>
<trkpt lat="41.9927767" lon="2.8989051000000075">
<ele>349.19561091261914</ele>
<time>2026-08-28T07:25:18.380Z</time>
</trkpt>
<trkpt lat="41.9927305" lon="2.8988852999999892">
<ele>348.97490047942216</ele>
<time>2026-08-28T07:25:22.479Z</time>
</trkpt>
<trkpt lat="41.9926858" lon="2.898861899999986">
<ele>348.68137383420384</ele>
<time>2026-08-28T07:25:26.877Z</time>
</trkpt>
<trkpt lat="41.9926389" lon="2.8988436999999863">
<ele>348.265796817122</ele>
<time>2026-08-28T07:25:29.913Z</time>
</trkpt>
<trkpt lat="41.992593" lon="2.898824700000006">
<ele>347.88730829614553</ele>
<time>2026-08-28T07:25:33.277Z</time>
</trkpt>
<trkpt lat="41.9925483" lon="2.898801999999989">
<ele>347.6032963553967</ele>
<time>2026-08-28T07:25:37.098Z</time>
</trkpt>
<trkpt lat="41.992507" lon="2.8987711000000047">
<ele>347.5342823405414</ele>
<time>2026-08-28T07:25:40.533Z</time>
</trkpt>
<trkpt lat="41.9924653" lon="2.898737600000004">
<ele>347.4876086320152</ele>
<time>2026-08-28T07:25:44.336Z</time>
</trkpt>
<trkpt lat="41.9924207" lon="2.8986965">
<ele>347.4981351340348</ele>
<time>2026-08-28T07:25:48.275Z</time>
</trkpt>
<trkpt lat="41.9923808" lon="2.898663699999986">
<ele>347.5650622162638</ele>
<time>2026-08-28T07:25:51.918Z</time>
</trkpt>
<trkpt lat="41.9923376" lon="2.8986380000000054">
<ele>347.57169431394556</ele>
<time>2026-08-28T07:25:55.479Z</time>
</trkpt>
<trkpt lat="41.9922917" lon="2.8986066999999878">
<ele>347.7595880663158</ele>
<time>2026-08-28T07:25:58.480Z</time>
</trkpt>
<trkpt lat="41.9922478" lon="2.898576999999989">
<ele>348.04247604127437</ele>
<time>2026-08-28T07:26:02.503Z</time>
</trkpt>
<trkpt lat="41.9922094" lon="2.8985424999999907">
<ele>348.58546150658515</ele>
<time>2026-08-28T07:26:05.617Z</time>
</trkpt>
<trkpt lat="41.9921678" lon="2.8985064000000023">
<ele>349.3057873263096</ele>
<time>2026-08-28T07:26:09.380Z</time>
</trkpt>
<trkpt lat="41.9921355" lon="2.898460699999987">
<ele>350.2274178516852</ele>
<time>2026-08-28T07:26:13.198Z</time>
</trkpt>
<trkpt lat="41.992099" lon="2.8984220000000107">
<ele>350.76397916181423</ele>
<time>2026-08-28T07:26:17.097Z</time>
</trkpt>
<trkpt lat="41.9920592" lon="2.898379900000009">
<ele>351.52215499531655</ele>
<time>2026-08-28T07:26:21.277Z</time>
</trkpt>
<trkpt lat="41.9920228" lon="2.8983407999999997">
<ele>352.3871439875476</ele>
<time>2026-08-28T07:26:24.960Z</time>
</trkpt>
<trkpt lat="41.9919832" lon="2.8983035999999913">
<ele>353.38332636575115</ele>
<time>2026-08-28T07:26:30.196Z</time>
</trkpt>
<trkpt lat="41.9919424" lon="2.8982747000000018">
<ele>354.34340146039045</ele>
<time>2026-08-28T07:26:34.697Z</time>
</trkpt>
<trkpt lat="41.9918977" lon="2.898251600000009">
<ele>354.93935261003634</ele>
<time>2026-08-28T07:26:38.489Z</time>
</trkpt>
<trkpt lat="41.9918474" lon="2.898249899999996">
<ele>354.90952942685345</ele>
<time>2026-08-28T07:26:41.367Z</time>
</trkpt>
<trkpt lat="41.9917931" lon="2.8982439000000113">
<ele>355.02657181569845</ele>
<time>2026-08-28T07:26:45.244Z</time>
</trkpt>
<trkpt lat="41.9917576" lon="2.898206700000003">
<ele>356.29550386891435</ele>
<time>2026-08-28T07:26:48.506Z</time>
</trkpt>
<trkpt lat="41.9917116" lon="2.8981872999999894">
<ele>356.9870764601851</ele>
<time>2026-08-28T07:26:52.088Z</time>
</trkpt>
<trkpt lat="41.9916654" lon="2.8981813000000045">
<ele>357.1974285039585</ele>
<time>2026-08-28T07:26:56.063Z</time>
</trkpt>
<trkpt lat="41.9916157" lon="2.8981794999999977">
<ele>356.8596210440322</ele>
<time>2026-08-28T07:27:00.327Z</time>
</trkpt>
<trkpt lat="41.9915664" lon="2.8981762999999887">
<ele>356.44238157518436</ele>
<time>2026-08-28T07:27:05.184Z</time>
</trkpt>
<trkpt lat="41.9915203" lon="2.8981694999999945">
<ele>356.16592686002474</ele>
<time>2026-08-28T07:27:09.182Z</time>
</trkpt>
<trkpt lat="41.9914749" lon="2.8981569999999977">
<ele>356.08595571573125</ele>
<time>2026-08-28T07:27:13.308Z</time>
</trkpt>
<trkpt lat="41.9914284" lon="2.8981463000000076">
<ele>355.9903799235796</ele>
<time>2026-08-28T07:27:17.412Z</time>
</trkpt>
<trkpt lat="41.9913813" lon="2.8981434000000093">
<ele>355.67832565508127</ele>
<time>2026-08-28T07:27:21.363Z</time>
</trkpt>
<trkpt lat="41.9913326" lon="2.8981443000000127">
<ele>355.3746294161886</ele>
<time>2026-08-28T07:27:25.146Z</time>
</trkpt>
<trkpt lat="41.991284" lon="2.8981358999999998">
<ele>355.4083743298311</ele>
<time>2026-08-28T07:27:29.449Z</time>
</trkpt>
<trkpt lat="41.991238" lon="2.8981336999999883">
<ele>355.250581721964</ele>
<time>2026-08-28T07:27:33.480Z</time>
</trkpt>
<trkpt lat="41.9911891" lon="2.898130299999991">
<ele>355.12733181947266</ele>
<time>2026-08-28T07:27:37.491Z</time>
</trkpt>
<trkpt lat="41.9911401" lon="2.8981205999999986">
<ele>355.25216028211827</ele>
<time>2026-08-28T07:27:41.327Z</time>
</trkpt>
<trkpt lat="41.9910931" lon="2.8981132000000116">
<ele>355.32880028887456</ele>
<time>2026-08-28T07:27:45.204Z</time>
</trkpt>
<trkpt lat="41.9910458" lon="2.898103600000013">
<ele>355.58057936339696</ele>
<time>2026-08-28T07:27:48.944Z</time>
</trkpt>
<trkpt lat="41.9909965" lon="2.898095100000006">
<ele>355.78421059284403</ele>
<time>2026-08-28T07:27:52.829Z</time>
</trkpt>
<trkpt lat="41.9909516" lon="2.8980808000000025">
<ele>356.2272002413455</ele>
<time>2026-08-28T07:27:57.186Z</time>
</trkpt>
<trkpt lat="41.9909034" lon="2.898065300000013">
<ele>356.7089979981974</ele>
<time>2026-08-28T07:28:01.368Z</time>
</trkpt>
<trkpt lat="41.9908539" lon="2.898062600000003">
<ele>356.68525460435876</ele>
<time>2026-08-28T07:28:05.479Z</time>
</trkpt>
<trkpt lat="41.9908049" lon="2.898052699999994">
<ele>357.18849492715947</ele>
<time>2026-08-28T07:28:09.385Z</time>
</trkpt>
<trkpt lat="41.9907575" lon="2.898041699999993">
<ele>358.24101721990036</ele>
<time>2026-08-28T07:28:13.494Z</time>
</trkpt>
<trkpt lat="41.9907132" lon="2.8980291999999963">
<ele>359.33024802536784</ele>
<time>2026-08-28T07:28:17.534Z</time>
</trkpt>
<trkpt lat="41.990668" lon="2.898012499999993">
<ele>360.62371646378193</ele>
<time>2026-08-28T07:28:21.479Z</time>
</trkpt>
<trkpt lat="41.9906192" lon="2.8980008000000055">
<ele>361.77814880332767</ele>
<time>2026-08-28T07:28:25.383Z</time>
</trkpt>
<trkpt lat="41.99057" lon="2.898001800000003">
<ele>362.40760846641905</ele>
<time>2026-08-28T07:28:29.479Z</time>
</trkpt>
<trkpt lat="41.9905234" lon="2.898006600000002">
<ele>362.8695057622724</ele>
<time>2026-08-28T07:28:33.485Z</time>
</trkpt>
<trkpt lat="41.9904689" lon="2.89800919999999">
<ele>363.6042172708295</ele>
<time>2026-08-28T07:28:37.107Z</time>
</trkpt>
<trkpt lat="41.9904217" lon="2.8980109000000027">
<ele>364.26801424693963</ele>
<time>2026-08-28T07:28:41.843Z</time>
</trkpt>
<trkpt lat="41.990376" lon="2.898013899999995">
<ele>364.8596892932293</ele>
<time>2026-08-28T07:28:45.578Z</time>
</trkpt>
<trkpt lat="41.9903279" lon="2.898022400000002">
<ele>365.28004307695613</ele>
<time>2026-08-28T07:28:49.270Z</time>
</trkpt>
<trkpt lat="41.9902799" lon="2.898027500000012">
<ele>365.84545671069395</ele>
<time>2026-08-28T07:28:54.509Z</time>
</trkpt>
<trkpt lat="41.9902317" lon="2.898032300000011">
<ele>366.27011740234303</ele>
<time>2026-08-28T07:28:58.850Z</time>
</trkpt>
<trkpt lat="41.9901867" lon="2.898029699999995">
<ele>366.8512400401249</ele>
<time>2026-08-28T07:29:02.545Z</time>
</trkpt>
<trkpt lat="41.9901351" lon="2.8980304000000103">
<ele>367.3877408878574</ele>
<time>2026-08-28T07:29:06.365Z</time>
</trkpt>
<trkpt lat="41.9900851" lon="2.8980391000000054">
<ele>367.6771752524131</ele>
<time>2026-08-28T07:29:09.963Z</time>
</trkpt>
<trkpt lat="41.9900399" lon="2.8980471000000136">
<ele>367.97100652323377</ele>
<time>2026-08-28T07:29:13.480Z</time>
</trkpt>
<trkpt lat="41.98999" lon="2.8980525999999998">
<ele>368.4175013936488</ele>
<time>2026-08-28T07:29:17.326Z</time>
</trkpt>
<trkpt lat="41.9899399" lon="2.8980569000000003">
<ele>367.6864461730825</ele>
<time>2026-08-28T07:29:20.797Z</time>
</trkpt>
<trkpt lat="41.989893" lon="2.898065800000012">
<ele>366.8074364559835</ele>
<time>2026-08-28T07:29:24.522Z</time>
</trkpt>
<trkpt lat="41.9898462" lon="2.8980808000000025">
<ele>365.8241686054688</ele>
<time>2026-08-28T07:29:28.369Z</time>
</trkpt>
<trkpt lat="41.9897961" lon="2.8980929999999887">
<ele>364.8867373480513</ele>
<time>2026-08-28T07:29:32.479Z</time>
</trkpt>
<trkpt lat="41.98975" lon="2.8981051000000093">
<ele>364.0357147987158</ele>
<time>2026-08-28T07:29:36.204Z</time>
</trkpt>
<trkpt lat="41.9897011" lon="2.8981210999999973">
<ele>362.90531215389643</ele>
<time>2026-08-28T07:29:40.530Z</time>
</trkpt>
<trkpt lat="41.989656" lon="2.8981243000000063">
<ele>360.90821613967546</ele>
<time>2026-08-28T07:29:44.622Z</time>
</trkpt>
<trkpt lat="41.9896141" lon="2.898100499999998">
<ele>359.6077828168279</ele>
<time>2026-08-28T07:29:48.508Z</time>
</trkpt>
<trkpt lat="41.9895803" lon="2.898053900000008">
<ele>359.23485761011847</ele>
<time>2026-08-28T07:29:53.331Z</time>
</trkpt>
<trkpt lat="41.989545" lon="2.8980119">
<ele>358.8232112771593</ele>
<time>2026-08-28T07:29:57.464Z</time>
</trkpt>
<trkpt lat="41.9895189" lon="2.897961500000008">
<ele>359.0807968968627</ele>
<time>2026-08-28T07:30:01.804Z</time>
</trkpt>
<trkpt lat="41.9894898" lon="2.8979152">
<ele>359.23557173911075</ele>
<time>2026-08-28T07:30:05.366Z</time>
</trkpt>
<trkpt lat="41.9894547" lon="2.8978711999999973">
<ele>359.28442263826196</ele>
<time>2026-08-28T07:30:10.228Z</time>
</trkpt>
<trkpt lat="41.9894082" lon="2.897850599999998">
<ele>357.9909774944182</ele>
<time>2026-08-28T07:30:13.863Z</time>
</trkpt>
<trkpt lat="41.9893704" lon="2.897817400000008">
<ele>357.1907649911862</ele>
<time>2026-08-28T07:30:18.480Z</time>
</trkpt>
<trkpt lat="41.9893346" lon="2.8977760999999873">
<ele>356.8358546288913</ele>
<time>2026-08-28T07:30:22.471Z</time>
</trkpt>
<trkpt lat="41.9893121" lon="2.897715599999998">
<ele>357.8150627120823</ele>
<time>2026-08-28T07:30:26.485Z</time>
</trkpt>
<trkpt lat="41.9892872" lon="2.8976638999999977">
<ele>358.4927224400901</ele>
<time>2026-08-28T07:30:30.479Z</time>
</trkpt>
<trkpt lat="41.9892572" lon="2.897610500000013">
<ele>359.029642274586</ele>
<time>2026-08-28T07:30:34.446Z</time>
</trkpt>
<trkpt lat="41.9892251" lon="2.8975666999999987">
<ele>359.1620228770904</ele>
<time>2026-08-28T07:30:38.289Z</time>
</trkpt>
<trkpt lat="41.9891911" lon="2.8975202999999965">
<ele>359.37924728788244</ele>
<time>2026-08-28T07:30:42.446Z</time>
</trkpt>
<trkpt lat="41.9891606" lon="2.897470800000008">
<ele>359.90942277977365</ele>
<time>2026-08-28T07:30:46.479Z</time>
</trkpt>
<trkpt lat="41.9891297" lon="2.8974229000000093">
<ele>361.0301089144613</ele>
<time>2026-08-28T07:30:50.048Z</time>
</trkpt>
<trkpt lat="41.9890977" lon="2.897371899999996">
<ele>362.6464769340135</ele>
<time>2026-08-28T07:30:54.204Z</time>
</trkpt>
<trkpt lat="41.9890597" lon="2.8973317999999892">
<ele>363.9264181824042</ele>
<time>2026-08-28T07:31:00.483Z</time>
</trkpt>
<trkpt lat="41.9890148" lon="2.8972981999999945">
<ele>364.9509501488041</ele>
<time>2026-08-28T07:31:04.384Z</time>
</trkpt>
<trkpt lat="41.9889805" lon="2.897254199999992">
<ele>366.4398305572099</ele>
<time>2026-08-28T07:31:07.483Z</time>
</trkpt>
<trkpt lat="41.9889523" lon="2.897204700000003">
<ele>368.1885888772874</ele>
<time>2026-08-28T07:31:10.688Z</time>
</trkpt>
<trkpt lat="41.9889131" lon="2.897164299999986">
<ele>369.58255278987315</ele>
<time>2026-08-28T07:31:14.486Z</time>
</trkpt>
<trkpt lat="41.9888692" lon="2.8971433000000104">
<ele>370.3155857886226</ele>
<time>2026-08-28T07:31:18.203Z</time>
</trkpt>
<trkpt lat="41.988823" lon="2.897132599999992">
<ele>371.33275942939616</ele>
<time>2026-08-28T07:31:21.905Z</time>
</trkpt>
<trkpt lat="41.9887767" lon="2.8971256000000096">
<ele>372.2016113579865</ele>
<time>2026-08-28T07:31:25.495Z</time>
</trkpt>
<trkpt lat="41.9887303" lon="2.8971248000000003">
<ele>372.83588611656467</ele>
<time>2026-08-28T07:31:29.469Z</time>
</trkpt>
<trkpt lat="41.9886822" lon="2.8971310000000017">
<ele>373.23736688449105</ele>
<time>2026-08-28T07:31:32.969Z</time>
</trkpt>
<trkpt lat="41.988635" lon="2.897146399999997">
<ele>373.3048780035539</ele>
<time>2026-08-28T07:31:36.111Z</time>
</trkpt>
<trkpt lat="41.9885866" lon="2.897156300000006">
<ele>373.6790345568676</ele>
<time>2026-08-28T07:31:39.515Z</time>
</trkpt>
<trkpt lat="41.9885413" lon="2.897170299999999">
<ele>374.2431058109147</ele>
<time>2026-08-28T07:31:42.783Z</time>
</trkpt>
<trkpt lat="41.9884951" lon="2.897176900000005">
<ele>375.1126343623951</ele>
<time>2026-08-28T07:31:46.479Z</time>
</trkpt>
<trkpt lat="41.9884477" lon="2.897187400000007">
<ele>375.9242709959025</ele>
<time>2026-08-28T07:31:49.809Z</time>
</trkpt>
<trkpt lat="41.9884008" lon="2.897193399999992">
<ele>376.88773581588714</ele>
<time>2026-08-28T07:31:52.966Z</time>
</trkpt>
<trkpt lat="41.9883561" lon="2.897201800000005">
<ele>377.761676899671</ele>
<time>2026-08-28T07:31:56.188Z</time>
</trkpt>
<trkpt lat="41.9883101" lon="2.8972176000000047">
<ele>378.58176595193464</ele>
<time>2026-08-28T07:32:00.385Z</time>
</trkpt>
<trkpt lat="41.9882633" lon="2.897242299999988">
<ele>379.4776729304144</ele>
<time>2026-08-28T07:32:04.480Z</time>
</trkpt>
<trkpt lat="41.9882195" lon="2.8972580999999877">
<ele>380.4291457905934</ele>
<time>2026-08-28T07:32:08.232Z</time>
</trkpt>
<trkpt lat="41.9881743" lon="2.8972821000000124">
<ele>381.12584372556813</ele>
<time>2026-08-28T07:32:12.245Z</time>
</trkpt>
<trkpt lat="41.9881277" lon="2.8973052999999993">
<ele>381.79778597152557</ele>
<time>2026-08-28T07:32:16.069Z</time>
</trkpt>
<trkpt lat="41.9880775" lon="2.8973163">
<ele>382.88625580181133</ele>
<time>2026-08-28T07:32:20.363Z</time>
</trkpt>
<trkpt lat="41.988035" lon="2.8973417999999924">
<ele>383.11787609960686</ele>
<time>2026-08-28T07:32:23.766Z</time>
</trkpt>
<trkpt lat="41.9879936" lon="2.897369999999995">
<ele>382.42577000590666</ele>
<time>2026-08-28T07:32:27.765Z</time>
</trkpt>
<trkpt lat="41.9879501" lon="2.8973882999999887">
<ele>382.1570006441687</ele>
<time>2026-08-28T07:32:31.564Z</time>
</trkpt>
<trkpt lat="41.987906" lon="2.8974107999999887">
<ele>381.81721645522776</ele>
<time>2026-08-28T07:32:34.904Z</time>
</trkpt>
<trkpt lat="41.9878625" lon="2.8974350000000015">
<ele>381.47580922390097</ele>
<time>2026-08-28T07:32:39.365Z</time>
</trkpt>
<trkpt lat="41.9878185" lon="2.897453899999988">
<ele>381.3172015384514</ele>
<time>2026-08-28T07:32:42.609Z</time>
</trkpt>
<trkpt lat="41.9877751" lon="2.897475799999995">
<ele>381.12178417110454</ele>
<time>2026-08-28T07:32:45.869Z</time>
</trkpt>
<trkpt lat="41.9877294" lon="2.897496200000006">
<ele>381.2214864437315</ele>
<time>2026-08-28T07:32:49.505Z</time>
</trkpt>
<trkpt lat="41.9876826" lon="2.8975149999999985">
<ele>381.46353328267946</ele>
<time>2026-08-28T07:32:53.069Z</time>
</trkpt>
<trkpt lat="41.9876356" lon="2.89751609999999">
<ele>382.12216084544735</ele>
<time>2026-08-28T07:32:56.728Z</time>
</trkpt>
<trkpt lat="41.9875882" lon="2.8975115000000073">
<ele>382.9238703583923</ele>
<time>2026-08-28T07:33:00.388Z</time>
</trkpt>
<trkpt lat="41.9875423" lon="2.8975167000000113">
<ele>383.46661268669527</ele>
<time>2026-08-28T07:33:04.168Z</time>
</trkpt>
<trkpt lat="41.9874942" lon="2.897512500000005">
<ele>384.2708609799112</ele>
<time>2026-08-28T07:33:08.389Z</time>
</trkpt>
<trkpt lat="41.9874448" lon="2.897514699999988">
<ele>384.6576869201124</ele>
<time>2026-08-28T07:33:12.491Z</time>
</trkpt>
<trkpt lat="41.987398" lon="2.8975151999999866">
<ele>384.9828351844568</ele>
<time>2026-08-28T07:33:17.266Z</time>
</trkpt>
<trkpt lat="41.9873489" lon="2.8975030999999944">
<ele>385.6165094617656</ele>
<time>2026-08-28T07:33:21.383Z</time>
</trkpt>
<trkpt lat="41.9873031" lon="2.897498600000006">
<ele>386.04134896617</ele>
<time>2026-08-28T07:33:25.727Z</time>
</trkpt>
<trkpt lat="41.987256" lon="2.8975049999999953">
<ele>386.23052166120243</ele>
<time>2026-08-28T07:33:30.149Z</time>
</trkpt>
<trkpt lat="41.987211" lon="2.897488299999992">
<ele>386.90720061294735</ele>
<time>2026-08-28T07:33:34.428Z</time>
</trkpt>
<trkpt lat="41.9871703" lon="2.8974588000000097">
<ele>387.8734124595792</ele>
<time>2026-08-28T07:33:38.517Z</time>
</trkpt>
<trkpt lat="41.9871297" lon="2.8974248000000102">
<ele>388.952239652474</ele>
<time>2026-08-28T07:33:43.479Z</time>
</trkpt>
<trkpt lat="41.9870926" lon="2.897389000000004">
<ele>390.0467081186613</ele>
<time>2026-08-28T07:33:48.883Z</time>
</trkpt>
<trkpt lat="41.9870672" lon="2.8973363000000063">
<ele>391.5033742854495</ele>
<time>2026-08-28T07:33:56.480Z</time>
</trkpt>
<trkpt lat="41.9870313" lon="2.8972909999999956">
<ele>392.96370887487416</ele>
<time>2026-08-28T07:34:00.088Z</time>
</trkpt>
<trkpt lat="41.9869885" lon="2.8972578000000055">
<ele>394.12532819447347</ele>
<time>2026-08-28T07:34:05.311Z</time>
</trkpt>
<trkpt lat="41.9869439" lon="2.897231299999987">
<ele>395.095778559325</ele>
<time>2026-08-28T07:34:11.166Z</time>
</trkpt>
<trkpt lat="41.9868993" lon="2.8972195000000056">
<ele>395.6209963724217</ele>
<time>2026-08-28T07:34:15.931Z</time>
</trkpt>
<trkpt lat="41.9868539" lon="2.897208799999987">
<ele>396.0433785758554</ele>
<time>2026-08-28T07:34:20.208Z</time>
</trkpt>
<trkpt lat="41.98681" lon="2.8971938999999907">
<ele>396.4950903635241</ele>
<time>2026-08-28T07:34:24.868Z</time>
</trkpt>
<trkpt lat="41.9867655" lon="2.897178800000006">
<ele>396.8922979630031</ele>
<time>2026-08-28T07:34:29.480Z</time>
</trkpt>
<trkpt lat="41.9867189" lon="2.8971645999999964">
<ele>397.2193350000367</ele>
<time>2026-08-28T07:34:35.128Z</time>
</trkpt>
<trkpt lat="41.9866711" lon="2.8971587999999997">
<ele>397.3835707028519</ele>
<time>2026-08-28T07:34:39.847Z</time>
</trkpt>
<trkpt lat="41.9866246" lon="2.8971655">
<ele>397.525599502324</ele>
<time>2026-08-28T07:34:44.709Z</time>
</trkpt>
<trkpt lat="41.9865764" lon="2.8971836999999994">
<ele>397.63461727970366</ele>
<time>2026-08-28T07:34:48.966Z</time>
</trkpt>
<trkpt lat="41.9865336" lon="2.897206699999998">
<ele>397.5626435383246</ele>
<time>2026-08-28T07:34:53.124Z</time>
</trkpt>
<trkpt lat="41.9864874" lon="2.8972154999999873">
<ele>397.68195125206285</ele>
<time>2026-08-28T07:34:57.524Z</time>
</trkpt>
<trkpt lat="41.9864398" lon="2.897200599999991">
<ele>398.2446397080188</ele>
<time>2026-08-28T07:35:02.366Z</time>
</trkpt>
<trkpt lat="41.986393" lon="2.897186799999986">
<ele>398.835311646543</ele>
<time>2026-08-28T07:35:06.480Z</time>
</trkpt>
<trkpt lat="41.9863439" lon="2.897170100000011">
<ele>399.5771224619227</ele>
<time>2026-08-28T07:35:10.451Z</time>
</trkpt>
<trkpt lat="41.9863" lon="2.8971506999999974">
<ele>400.3715144229621</ele>
<time>2026-08-28T07:35:14.207Z</time>
</trkpt>
<trkpt lat="41.986251" lon="2.8971515000000068">
<ele>400.74795667050375</ele>
<time>2026-08-28T07:35:18.480Z</time>
</trkpt>
<trkpt lat="41.9861997" lon="2.89716820000001">
<ele>400.77206112584366</ele>
<time>2026-08-28T07:35:23.497Z</time>
</trkpt>
<trkpt lat="41.9861542" lon="2.8971816000000103">
<ele>400.8207023591931</ele>
<time>2026-08-28T07:35:27.479Z</time>
</trkpt>
<trkpt lat="41.9861102" lon="2.8971955000000094">
<ele>400.84066910075535</ele>
<time>2026-08-28T07:35:31.014Z</time>
</trkpt>
<trkpt lat="41.9860639" lon="2.8971969000000115">
<ele>401.38389495105014</ele>
<time>2026-08-28T07:35:34.814Z</time>
</trkpt>
<trkpt lat="41.9860184" lon="2.8971865999999977">
<ele>402.31655517346854</ele>
<time>2026-08-28T07:35:38.528Z</time>
</trkpt>
<trkpt lat="41.9859722" lon="2.8971996999999874">
<ele>402.7430338289786</ele>
<time>2026-08-28T07:35:42.254Z</time>
</trkpt>
<trkpt lat="41.9859262" lon="2.8972044999999866">
<ele>403.3600283118412</ele>
<time>2026-08-28T07:35:45.956Z</time>
</trkpt>
<trkpt lat="41.9858811" lon="2.897196699999995">
<ele>404.2157124317192</ele>
<time>2026-08-28T07:35:49.633Z</time>
</trkpt>
<trkpt lat="41.9858356" lon="2.8971988000000124">
<ele>404.88081955535125</ele>
<time>2026-08-28T07:35:53.416Z</time>
</trkpt>
<trkpt lat="41.9857868" lon="2.897212499999995">
<ele>405.4883947446052</ele>
<time>2026-08-28T07:35:57.476Z</time>
</trkpt>
<trkpt lat="41.9857395" lon="2.8972037999999998">
<ele>406.54637049991777</ele>
<time>2026-08-28T07:36:02.217Z</time>
</trkpt>
<trkpt lat="41.9856941" lon="2.8971942999999953">
<ele>407.58091649169637</ele>
<time>2026-08-28T07:36:06.994Z</time>
</trkpt>
<trkpt lat="41.9856458" lon="2.8971924999999885">
<ele>408.53344976861285</ele>
<time>2026-08-28T07:36:12.090Z</time>
</trkpt>
<trkpt lat="41.9856006" lon="2.8971921000000123">
<ele>409.4020263168873</ele>
<time>2026-08-28T07:36:15.237Z</time>
</trkpt>
<trkpt lat="41.9855583" lon="2.897216500000013">
<ele>409.7815100406828</ele>
<time>2026-08-28T07:36:19.331Z</time>
</trkpt>
<trkpt lat="41.9855118" lon="2.897236399999997">
<ele>410.09878436881706</ele>
<time>2026-08-28T07:36:23.455Z</time>
</trkpt>
<trkpt lat="41.9854629" lon="2.8972631000000035">
<ele>410.11269503742096</ele>
<time>2026-08-28T07:36:28.357Z</time>
</trkpt>
<trkpt lat="41.9854106" lon="2.8972850000000108">
<ele>410.25215585573585</ele>
<time>2026-08-28T07:36:33.018Z</time>
</trkpt>
<trkpt lat="41.9853629" lon="2.8972923999999978">
<ele>410.598083913761</ele>
<time>2026-08-28T07:36:37.254Z</time>
</trkpt>
<trkpt lat="41.985317" lon="2.897309100000001">
<ele>410.77505877157313</ele>
<time>2026-08-28T07:36:41.298Z</time>
</trkpt>
<trkpt lat="41.9852758" lon="2.89733369999999">
<ele>410.78173363834037</ele>
<time>2026-08-28T07:36:45.176Z</time>
</trkpt>
<trkpt lat="41.9852311" lon="2.897350700000004">
<ele>410.8813830106213</ele>
<time>2026-08-28T07:36:49.436Z</time>
</trkpt>
<trkpt lat="41.9851851" lon="2.8973608000000013">
<ele>411.08194101722535</ele>
<time>2026-08-28T07:36:53.520Z</time>
</trkpt>
<trkpt lat="41.985137" lon="2.8973654000000124">
<ele>411.39845334450524</ele>
<time>2026-08-28T07:36:57.397Z</time>
</trkpt>
<trkpt lat="41.9850902" lon="2.8973780000000033">
<ele>411.63744975729384</ele>
<time>2026-08-28T07:37:01.314Z</time>
</trkpt>
<trkpt lat="41.9850513" lon="2.89741029999999">
<ele>411.69164712092675</ele>
<time>2026-08-28T07:37:05.518Z</time>
</trkpt>
<trkpt lat="41.9850053" lon="2.8974288">
<ele>412.09820909455095</ele>
<time>2026-08-28T07:37:09.092Z</time>
</trkpt>
<trkpt lat="41.9849698" lon="2.8974674000000107">
<ele>412.2811871027893</ele>
<time>2026-08-28T07:37:12.776Z</time>
</trkpt>
<trkpt lat="41.984934" lon="2.8975045999999907">
<ele>412.2897133838622</ele>
<time>2026-08-28T07:37:16.093Z</time>
</trkpt>
<trkpt lat="41.9848908" lon="2.89752519999999">
<ele>412.46908919278934</ele>
<time>2026-08-28T07:37:19.136Z</time>
</trkpt>
<trkpt lat="41.9848453" lon="2.8975097000000005">
<ele>412.6973616016351</ele>
<time>2026-08-28T07:37:22.790Z</time>
</trkpt>
<trkpt lat="41.9848111" lon="2.8974686999999903">
<ele>412.75422584668144</ele>
<time>2026-08-28T07:37:27.157Z</time>
</trkpt>
<trkpt lat="41.9847914" lon="2.8974139000000037">
<ele>412.6270521039552</ele>
<time>2026-08-28T07:37:33.157Z</time>
</trkpt>
<trkpt lat="41.9847839" lon="2.8973517999999956">
<ele>412.3555572286736</ele>
<time>2026-08-28T07:37:40.097Z</time>
</trkpt>
<trkpt lat="41.9847947" lon="2.897291899999999">
<ele>411.69163792696054</ele>
<time>2026-08-28T07:37:45.478Z</time>
</trkpt>
<trkpt lat="41.9848143" lon="2.8972347000000127">
<ele>411.1582417088295</ele>
<time>2026-08-28T07:37:49.491Z</time>
</trkpt>
<trkpt lat="41.9848338" lon="2.897173699999996">
<ele>410.66712712848465</ele>
<time>2026-08-28T07:37:54.315Z</time>
</trkpt>
<trkpt lat="41.9848498" lon="2.8971138999999937">
<ele>410.23652127409935</ele>
<time>2026-08-28T07:37:58.136Z</time>
</trkpt>
<trkpt lat="41.9848699" lon="2.897059899999988">
<ele>409.8198269369995</ele>
<time>2026-08-28T07:38:01.750Z</time>
</trkpt>
<trkpt lat="41.9849139" lon="2.8970277999999894">
<ele>409.888941845198</ele>
<time>2026-08-28T07:38:05.532Z</time>
</trkpt>
<trkpt lat="41.9849622" lon="2.8970065000000034">
<ele>410.28006242277405</ele>
<time>2026-08-28T07:38:09.731Z</time>
</trkpt>
<trkpt lat="41.9850089" lon="2.8969872000000123">
<ele>410.69358782877777</ele>
<time>2026-08-28T07:38:14.410Z</time>
</trkpt>
<trkpt lat="41.985053" lon="2.8969735999999955">
<ele>411.125099269309</ele>
<time>2026-08-28T07:38:19.554Z</time>
</trkpt>
<trkpt lat="41.9851017" lon="2.8969741999999883">
<ele>411.79328690893334</ele>
<time>2026-08-28T07:38:24.416Z</time>
</trkpt>
<trkpt lat="41.9851493" lon="2.896974">
<ele>412.4368817311177</ele>
<time>2026-08-28T07:38:29.196Z</time>
</trkpt>
<trkpt lat="41.9851976" lon="2.896974">
<ele>413.09237822995595</ele>
<time>2026-08-28T07:38:34.090Z</time>
</trkpt>
<trkpt lat="41.9852446" lon="2.89697910000001">
<ele>413.7893279624818</ele>
<time>2026-08-28T07:38:38.270Z</time>
</trkpt>
<trkpt lat="41.9852943" lon="2.896986499999997">
<ele>413.75187780176066</ele>
<time>2026-08-28T07:38:42.434Z</time>
</trkpt>
<trkpt lat="41.9853422" lon="2.8969751999999858">
<ele>413.2499776534258</ele>
<time>2026-08-28T07:38:46.535Z</time>
</trkpt>
<trkpt lat="41.9853894" lon="2.8969687999999962">
<ele>412.8149261167515</ele>
<time>2026-08-28T07:38:51.878Z</time>
</trkpt>
<trkpt lat="41.9854365" lon="2.8969634999999982">
<ele>412.3978824784015</ele>
<time>2026-08-28T07:38:55.976Z</time>
</trkpt>
<trkpt lat="41.9854842" lon="2.896953499999995">
<ele>411.9393896358075</ele>
<time>2026-08-28T07:38:59.478Z</time>
</trkpt>
<trkpt lat="41.9855282" lon="2.896935500000012">
<ele>411.45098957348677</ele>
<time>2026-08-28T07:39:04.513Z</time>
</trkpt>
<trkpt lat="41.9855701" lon="2.8969127999999955">
<ele>410.74176026250973</ele>
<time>2026-08-28T07:39:07.836Z</time>
</trkpt>
<trkpt lat="41.9856125" lon="2.8968883999999946">
<ele>410.03001607315105</ele>
<time>2026-08-28T07:39:11.353Z</time>
</trkpt>
<trkpt lat="41.9856575" lon="2.8968696999999963">
<ele>409.381115406921</ele>
<time>2026-08-28T07:39:14.651Z</time>
</trkpt>
<trkpt lat="41.9856985" lon="2.8968439999999873">
<ele>408.8115263827899</ele>
<time>2026-08-28T07:39:17.896Z</time>
</trkpt>
<trkpt lat="41.9857406" lon="2.896807200000012">
<ele>408.2813405112406</ele>
<time>2026-08-28T07:39:21.478Z</time>
</trkpt>
<trkpt lat="41.98578" lon="2.896763800000002">
<ele>407.180477554068</ele>
<time>2026-08-28T07:39:25.291Z</time>
</trkpt>
<trkpt lat="41.9858064" lon="2.896710899999988">
<ele>405.9869830939828</ele>
<time>2026-08-28T07:39:29.072Z</time>
</trkpt>
<trkpt lat="41.9858375" lon="2.8966648999999904">
<ele>405.081964814113</ele>
<time>2026-08-28T07:39:32.991Z</time>
</trkpt>
<trkpt lat="41.9858214" lon="2.8967237999999895">
<ele>406.14283164735775</ele>
<time>2026-08-28T07:39:45.158Z</time>
</trkpt>
<trkpt lat="41.9858026" lon="2.896779600000002">
<ele>407.2748046097039</ele>
<time>2026-08-28T07:39:50.373Z</time>
</trkpt>
<trkpt lat="41.9857644" lon="2.8968189999999936">
<ele>408.05635931489485</ele>
<time>2026-08-28T07:39:55.052Z</time>
</trkpt>
<trkpt lat="41.9857198" lon="2.89685080000001">
<ele>408.59092819954543</ele>
<time>2026-08-28T07:40:00.252Z</time>
</trkpt>
<trkpt lat="41.9856756" lon="2.8968723000000125">
<ele>409.1745595504891</ele>
<time>2026-08-28T07:40:06.957Z</time>
</trkpt>
<trkpt lat="41.985626" lon="2.896876700000007">
<ele>409.7962172365205</ele>
<time>2026-08-28T07:40:11.212Z</time>
</trkpt>
<trkpt lat="41.9855793" lon="2.89690139999999">
<ele>410.53874295417586</ele>
<time>2026-08-28T07:40:15.317Z</time>
</trkpt>
<trkpt lat="41.9855282" lon="2.8969035000000076">
<ele>411.17790861351597</ele>
<time>2026-08-28T07:40:24.234Z</time>
</trkpt>
<trkpt lat="41.9854825" lon="2.8969147999999905">
<ele>411.60237567431955</ele>
<time>2026-08-28T07:40:27.071Z</time>
</trkpt>
<trkpt lat="41.9854372" lon="2.896924299999995">
<ele>412.0182362342305</ele>
<time>2026-08-28T07:40:30.557Z</time>
</trkpt>
<trkpt lat="41.9853905" lon="2.8969266000000005">
<ele>412.38154328616895</ele>
<time>2026-08-28T07:40:34.234Z</time>
</trkpt>
<trkpt lat="41.9853444" lon="2.8969238999999902">
<ele>412.68993995723326</ele>
<time>2026-08-28T07:40:37.792Z</time>
</trkpt>
<trkpt lat="41.9852974" lon="2.89692740000001">
<ele>413.07093125040717</ele>
<time>2026-08-28T07:40:41.997Z</time>
</trkpt>
<trkpt lat="41.9852519" lon="2.896920899999998">
<ele>413.21515176511855</ele>
<time>2026-08-28T07:40:45.336Z</time>
</trkpt>
<trkpt lat="41.9852046" lon="2.896916400000009">
<ele>412.5131497170869</ele>
<time>2026-08-28T07:40:48.974Z</time>
</trkpt>
<trkpt lat="41.9851576" lon="2.8969178000000113">
<ele>411.8838981376056</ele>
<time>2026-08-28T07:40:52.490Z</time>
</trkpt>
<trkpt lat="41.9851106" lon="2.8969213999999965">
<ele>411.28139573100754</ele>
<time>2026-08-28T07:40:56.176Z</time>
</trkpt>
<trkpt lat="41.9850647" lon="2.896927500000004">
<ele>410.7252723215683</ele>
<time>2026-08-28T07:40:59.797Z</time>
</trkpt>
<trkpt lat="41.9850149" lon="2.8969404999999995">
<ele>410.20203159648577</ele>
<time>2026-08-28T07:41:03.479Z</time>
</trkpt>
<trkpt lat="41.9849704" lon="2.89695549999999">
<ele>409.75174351367997</ele>
<time>2026-08-28T07:41:06.676Z</time>
</trkpt>
<trkpt lat="41.9849358" lon="2.896995299999986">
<ele>409.7327480493408</ele>
<time>2026-08-28T07:41:10.296Z</time>
</trkpt>
<trkpt lat="41.9849129" lon="2.8970494000000144">
<ele>410.2008611922562</ele>
<time>2026-08-28T07:41:14.334Z</time>
</trkpt>
<trkpt lat="41.9848801" lon="2.8971003999999994">
<ele>410.4420937996657</ele>
<time>2026-08-28T07:41:18.971Z</time>
</trkpt>
<trkpt lat="41.98486" lon="2.8971555999999907">
<ele>410.7214621883095</ele>
<time>2026-08-28T07:41:23.152Z</time>
</trkpt>
<trkpt lat="41.9848407" lon="2.8972143000000017">
<ele>411.12088121679744</ele>
<time>2026-08-28T07:41:27.453Z</time>
</trkpt>
<trkpt lat="41.9848224" lon="2.8972703000000024">
<ele>411.5788920973704</ele>
<time>2026-08-28T07:41:31.151Z</time>
</trkpt>
<trkpt lat="41.9848051" lon="2.897330000000011">
<ele>412.15475945837557</ele>
<time>2026-08-28T07:41:35.356Z</time>
</trkpt>
<trkpt lat="41.9847879" lon="2.8973880000000065">
<ele>412.5374986869939</ele>
<time>2026-08-28T07:41:39.133Z</time>
</trkpt>
<trkpt lat="41.9847859" lon="2.897453899999988">
<ele>412.7763692769147</ele>
<time>2026-08-28T07:41:43.177Z</time>
</trkpt>
<trkpt lat="41.984791" lon="2.8975169999999935">
<ele>412.9800663138049</ele>
<time>2026-08-28T07:41:46.772Z</time>
</trkpt>
<trkpt lat="41.9847824" lon="2.8975777999999934">
<ele>413.2536376911779</ele>
<time>2026-08-28T07:41:50.431Z</time>
</trkpt>
<trkpt lat="41.9847528" lon="2.8976293999999996">
<ele>413.73907554242146</ele>
<time>2026-08-28T07:41:54.074Z</time>
</trkpt>
<trkpt lat="41.9847166" lon="2.8976790000000108">
<ele>413.4544338489937</ele>
<time>2026-08-28T07:41:58.190Z</time>
</trkpt>
<trkpt lat="41.9846865" lon="2.8977259000000117">
<ele>412.7680959260951</ele>
<time>2026-08-28T07:42:01.481Z</time>
</trkpt>
<trkpt lat="41.984659" lon="2.8977736999999877">
<ele>411.91559830050835</ele>
<time>2026-08-28T07:42:04.411Z</time>
</trkpt>
<trkpt lat="41.9846259" lon="2.8978185999999937">
<ele>411.2312783707396</ele>
<time>2026-08-28T07:42:08.478Z</time>
</trkpt>
<trkpt lat="41.9845861" lon="2.897860900000012">
<ele>410.7386292873719</ele>
<time>2026-08-28T07:42:12.250Z</time>
</trkpt>
<trkpt lat="41.9845441" lon="2.8978976999999873">
<ele>410.47916803554483</ele>
<time>2026-08-28T07:42:16.415Z</time>
</trkpt>
<trkpt lat="41.984504" lon="2.8979362000000037">
<ele>410.3966507504689</ele>
<time>2026-08-28T07:42:19.996Z</time>
</trkpt>
<trkpt lat="41.9844664" lon="2.897970600000008">
<ele>410.5649104217756</ele>
<time>2026-08-28T07:42:23.070Z</time>
</trkpt>
<trkpt lat="41.9844261" lon="2.8980013999999983">
<ele>410.98619598754215</ele>
<time>2026-08-28T07:42:26.137Z</time>
</trkpt>
<trkpt lat="41.9843916" lon="2.8980435">
<ele>410.9508969430754</ele>
<time>2026-08-28T07:42:29.508Z</time>
</trkpt>
<trkpt lat="41.9843629" lon="2.898090499999995">
<ele>410.98366261959484</ele>
<time>2026-08-28T07:42:32.974Z</time>
</trkpt>
<trkpt lat="41.984338" lon="2.898140799999993">
<ele>411.11830567544337</ele>
<time>2026-08-28T07:42:36.451Z</time>
</trkpt>
<trkpt lat="41.9843181" lon="2.8982006999999896">
<ele>411.30338016112165</ele>
<time>2026-08-28T07:42:39.534Z</time>
</trkpt>
<trkpt lat="41.9843027" lon="2.8982632000000024">
<ele>411.0939185556561</ele>
<time>2026-08-28T07:42:43.522Z</time>
</trkpt>
<trkpt lat="41.9842902" lon="2.8983227999999883">
<ele>411.0172672798921</ele>
<time>2026-08-28T07:42:46.755Z</time>
</trkpt>
<trkpt lat="41.9842687" lon="2.8983830999999896">
<ele>411.1505068438205</ele>
<time>2026-08-28T07:42:50.374Z</time>
</trkpt>
<trkpt lat="41.9842508" lon="2.8984471999999926">
<ele>411.43117652625904</ele>
<time>2026-08-28T07:42:53.931Z</time>
</trkpt>
<trkpt lat="41.9842368" lon="2.8985141">
<ele>411.3631197730924</ele>
<time>2026-08-28T07:42:57.015Z</time>
</trkpt>
<trkpt lat="41.9842233" lon="2.8985733000000096">
<ele>411.17828217464506</ele>
<time>2026-08-28T07:43:00.478Z</time>
</trkpt>
<trkpt lat="41.9842094" lon="2.898632099999986">
<ele>411.0530889330592</ele>
<time>2026-08-28T07:43:03.794Z</time>
</trkpt>
<trkpt lat="41.9841957" lon="2.8986921999999993">
<ele>410.9636015555374</ele>
<time>2026-08-28T07:43:07.295Z</time>
</trkpt>
<trkpt lat="41.9841778" lon="2.898758100000009">
<ele>410.8265931933773</ele>
<time>2026-08-28T07:43:11.036Z</time>
</trkpt>
<trkpt lat="41.9841637" lon="2.898817799999989">
<ele>409.7661372868768</ele>
<time>2026-08-28T07:43:14.364Z</time>
</trkpt>
<trkpt lat="41.9841418" lon="2.8988761999999895">
<ele>408.78347278078854</ele>
<time>2026-08-28T07:43:18.515Z</time>
</trkpt>
<trkpt lat="41.9841094" lon="2.898927399999991">
<ele>407.483167260323</ele>
<time>2026-08-28T07:43:22.218Z</time>
</trkpt>
<trkpt lat="41.9840753" lon="2.898970100000014">
<ele>406.54111717874906</ele>
<time>2026-08-28T07:43:25.390Z</time>
</trkpt>
<trkpt lat="41.9840372" lon="2.8990110000000016">
<ele>405.80333239332134</ele>
<time>2026-08-28T07:43:28.970Z</time>
</trkpt>
<trkpt lat="41.9839961" lon="2.899038300000001">
<ele>405.3286156819377</ele>
<time>2026-08-28T07:43:32.631Z</time>
</trkpt>
<trkpt lat="41.9839576" lon="2.89906959999999">
<ele>404.6028360041288</ele>
<time>2026-08-28T07:43:35.954Z</time>
</trkpt>
<trkpt lat="41.9839142" lon="2.8991009000000076">
<ele>403.93012684983796</ele>
<time>2026-08-28T07:43:39.487Z</time>
</trkpt>
<trkpt lat="41.9838739" lon="2.899140200000005">
<ele>403.06453098203434</ele>
<time>2026-08-28T07:43:43.293Z</time>
</trkpt>
<trkpt lat="41.9838419" lon="2.8991828000000055">
<ele>401.3241610549099</ele>
<time>2026-08-28T07:43:46.479Z</time>
</trkpt>
<trkpt lat="41.9838091" lon="2.899237999999997">
<ele>399.2439350841914</ele>
<time>2026-08-28T07:43:49.934Z</time>
</trkpt>
<trkpt lat="41.9837809" lon="2.8992900000000077">
<ele>397.5918835039712</ele>
<time>2026-08-28T07:43:54.012Z</time>
</trkpt>
<trkpt lat="41.9837539" lon="2.8993393000000083">
<ele>396.46311725059326</ele>
<time>2026-08-28T07:43:57.496Z</time>
</trkpt>
<trkpt lat="41.983728" lon="2.8993905000000098">
<ele>395.60529990773534</ele>
<time>2026-08-28T07:44:02.091Z</time>
</trkpt>
<trkpt lat="41.9836888" lon="2.899431099999987">
<ele>394.89029014724196</ele>
<time>2026-08-28T07:44:08.315Z</time>
</trkpt>
<trkpt lat="41.9836459" lon="2.8994524000000013">
<ele>394.4401616882751</ele>
<time>2026-08-28T07:44:11.454Z</time>
</trkpt>
<trkpt lat="41.9835981" lon="2.8994801999999993">
<ele>394.07667283532436</ele>
<time>2026-08-28T07:44:14.992Z</time>
</trkpt>
<trkpt lat="41.9835543" lon="2.8995026000000053">
<ele>394.4685801706179</ele>
<time>2026-08-28T07:44:18.114Z</time>
</trkpt>
<trkpt lat="41.9835086" lon="2.8995234999999866">
<ele>395.1408845420045</ele>
<time>2026-08-28T07:44:21.532Z</time>
</trkpt>
<trkpt lat="41.9834615" lon="2.8995419999999967">
<ele>395.9065445290994</ele>
<time>2026-08-28T07:44:24.774Z</time>
</trkpt>
<trkpt lat="41.9834118" lon="2.899560100000002">
<ele>396.78802046208756</ele>
<time>2026-08-28T07:44:28.481Z</time>
</trkpt>
<trkpt lat="41.9833658" lon="2.8995786000000123">
<ele>397.692538312016</ele>
<time>2026-08-28T07:44:32.236Z</time>
</trkpt>
<trkpt lat="41.9833252" lon="2.899612399999995">
<ele>398.29046040174876</ele>
<time>2026-08-28T07:44:35.893Z</time>
</trkpt>
<trkpt lat="41.9832809" lon="2.8996361000000093">
<ele>399.29602498547047</ele>
<time>2026-08-28T07:44:39.478Z</time>
</trkpt>
<trkpt lat="41.9832335" lon="2.899649299999993">
<ele>400.62068353642866</ele>
<time>2026-08-28T07:44:42.493Z</time>
</trkpt>
<trkpt lat="41.9831875" lon="2.899657600000012">
<ele>401.94127259081245</ele>
<time>2026-08-28T07:44:46.393Z</time>
</trkpt>
<trkpt lat="41.9831426" lon="2.8996673000000044">
<ele>403.2525918277529</ele>
<time>2026-08-28T07:44:50.036Z</time>
</trkpt>
<trkpt lat="41.9830973" lon="2.8996732999999892">
<ele>404.59196499869296</ele>
<time>2026-08-28T07:44:53.777Z</time>
</trkpt>
<trkpt lat="41.9830507" lon="2.899667700000009">
<ele>405.9438419432481</ele>
<time>2026-08-28T07:44:58.117Z</time>
</trkpt>
<trkpt lat="41.9830058" lon="2.899678999999992">
<ele>406.7932441930267</ele>
<time>2026-08-28T07:45:02.559Z</time>
</trkpt>
<trkpt lat="41.9829609" lon="2.899696199999994">
<ele>407.38697254698013</ele>
<time>2026-08-28T07:45:07.011Z</time>
</trkpt>
<trkpt lat="41.9829225" lon="2.899731800000012">
<ele>408.22618748672505</ele>
<time>2026-08-28T07:45:12.535Z</time>
</trkpt>
<trkpt lat="41.9828769" lon="2.899747600000012">
<ele>409.0756475132967</ele>
<time>2026-08-28T07:45:17.479Z</time>
</trkpt>
<trkpt lat="41.9828444" lon="2.8997936000000095">
<ele>410.3411505719387</ele>
<time>2026-08-28T07:45:22.352Z</time>
</trkpt>
<trkpt lat="41.9828181" lon="2.899848300000002">
<ele>411.8517982202911</ele>
<time>2026-08-28T07:45:27.293Z</time>
</trkpt>
<trkpt lat="41.9828067" lon="2.8999120999999946">
<ele>412.4042590674443</ele>
<time>2026-08-28T07:45:32.153Z</time>
</trkpt>
<trkpt lat="41.9827778" lon="2.8999609999999905">
<ele>413.07286390680144</ele>
<time>2026-08-28T07:45:36.333Z</time>
</trkpt>
<trkpt lat="41.9827447" lon="2.900006899999994">
<ele>413.4778338513979</ele>
<time>2026-08-28T07:45:41.297Z</time>
</trkpt>
<trkpt lat="41.9827061" lon="2.9000416000000087">
<ele>412.99333406745546</ele>
<time>2026-08-28T07:45:46.191Z</time>
</trkpt>
<trkpt lat="41.9826679" lon="2.9000791999999933">
<ele>412.5777514385238</ele>
<time>2026-08-28T07:45:50.541Z</time>
</trkpt>
<trkpt lat="41.9826347" lon="2.9001234000000125">
<ele>412.3010828801132</ele>
<time>2026-08-28T07:45:58.503Z</time>
</trkpt>
<trkpt lat="41.9825957" lon="2.900158299999987">
<ele>411.99827797720206</ele>
<time>2026-08-28T07:46:04.132Z</time>
</trkpt>
<trkpt lat="41.982562" lon="2.900202799999988">
<ele>411.78877434575946</ele>
<time>2026-08-28T07:46:09.490Z</time>
</trkpt>
<trkpt lat="41.9825308" lon="2.9002530999999863">
<ele>411.595468455276</ele>
<time>2026-08-28T07:46:17.555Z</time>
</trkpt>
<trkpt lat="41.9825192" lon="2.900320300000004">
<ele>411.6760491809934</ele>
<time>2026-08-28T07:46:26.317Z</time>
</trkpt>
<trkpt lat="41.9825187" lon="2.9003845999999953">
<ele>411.8834929741436</ele>
<time>2026-08-28T07:46:30.138Z</time>
</trkpt>
<trkpt lat="41.9825175" lon="2.9004516999999908">
<ele>412.33502548668685</ele>
<time>2026-08-28T07:46:34.352Z</time>
</trkpt>
<trkpt lat="41.9825076" lon="2.9005124999999907">
<ele>412.81880361322817</ele>
<time>2026-08-28T07:46:39.542Z</time>
</trkpt>
<trkpt lat="41.9825062" lon="2.900575900000007">
<ele>413.4520250891865</ele>
<time>2026-08-28T07:46:45.395Z</time>
</trkpt>
<trkpt lat="41.9825058" lon="2.900638799999996">
<ele>414.09483657054705</ele>
<time>2026-08-28T07:46:49.432Z</time>
</trkpt>
<trkpt lat="41.9825084" lon="2.900702999999993">
<ele>414.8226322895288</ele>
<time>2026-08-28T07:46:53.395Z</time>
</trkpt>
<trkpt lat="41.9825108" lon="2.9007681999999875">
<ele>415.70649503033025</ele>
<time>2026-08-28T07:46:57.157Z</time>
</trkpt>
<trkpt lat="41.9825141" lon="2.900829499999986">
<ele>416.5452897762459</ele>
<time>2026-08-28T07:47:00.500Z</time>
</trkpt>
<trkpt lat="41.9825161" lon="2.900891900000005">
<ele>417.3720574184505</ele>
<time>2026-08-28T07:47:06.975Z</time>
</trkpt>
<trkpt lat="41.9825288" lon="2.9009513000000027">
<ele>418.273647199654</ele>
<time>2026-08-28T07:47:15.516Z</time>
</trkpt>
<trkpt lat="41.9825341" lon="2.901020299999999">
<ele>419.526762318244</ele>
<time>2026-08-28T07:47:18.271Z</time>
</trkpt>
<trkpt lat="41.9825291" lon="2.901080400000012">
<ele>420.6882030718383</ele>
<time>2026-08-28T07:47:20.872Z</time>
</trkpt>
<trkpt lat="41.982525" lon="2.9011410999999896">
<ele>421.89894227897327</ele>
<time>2026-08-28T07:47:24.484Z</time>
</trkpt>
<trkpt lat="41.982516" lon="2.901202000000012">
<ele>423.16099736909905</ele>
<time>2026-08-28T07:47:28.521Z</time>
</trkpt>
<trkpt lat="41.9824967" lon="2.9012644999999964">
<ele>424.48818344715056</ele>
<time>2026-08-28T07:47:32.476Z</time>
</trkpt>
<trkpt lat="41.9824703" lon="2.9013141000000076">
<ele>425.369356286845</ele>
<time>2026-08-28T07:47:36.480Z</time>
</trkpt>
<trkpt lat="41.9824459" lon="2.9013657000000137">
<ele>426.2930444915406</ele>
<time>2026-08-28T07:47:39.315Z</time>
</trkpt>
<trkpt lat="41.9824245" lon="2.9014190999999983">
<ele>427.292962360352</ele>
<time>2026-08-28T07:47:42.853Z</time>
</trkpt>
<trkpt lat="41.9824027" lon="2.9014746000000002">
<ele>428.3999724017632</ele>
<time>2026-08-28T07:47:46.471Z</time>
</trkpt>
<trkpt lat="41.9823832" lon="2.901532099999997">
<ele>429.5779249961032</ele>
<time>2026-08-28T07:47:50.211Z</time>
</trkpt>
<trkpt lat="41.9823619" lon="2.9015869000000123">
<ele>430.6596530635937</ele>
<time>2026-08-28T07:47:54.527Z</time>
</trkpt>
<trkpt lat="41.9823548" lon="2.901650999999987">
<ele>431.7365429823913</ele>
<time>2026-08-28T07:47:59.057Z</time>
</trkpt>
<trkpt lat="41.9823456" lon="2.9017111">
<ele>432.83340516008525</ele>
<time>2026-08-28T07:48:02.755Z</time>
</trkpt>
<trkpt lat="41.9823433" lon="2.9017723999999987">
<ele>433.83862385199467</ele>
<time>2026-08-28T07:48:05.836Z</time>
</trkpt>
<trkpt lat="41.9823393" lon="2.9018350999999996">
<ele>434.8249690992173</ele>
<time>2026-08-28T07:48:10.071Z</time>
</trkpt>
<trkpt lat="41.982334" lon="2.901900299999994">
<ele>435.7743102967316</ele>
<time>2026-08-28T07:48:13.876Z</time>
</trkpt>
<trkpt lat="41.9823268" lon="2.9019619999999975">
<ele>436.76976014645015</ele>
<time>2026-08-28T07:48:17.512Z</time>
</trkpt>
<trkpt lat="41.9823171" lon="2.902025699999996">
<ele>437.91685173921917</ele>
<time>2026-08-28T07:48:21.334Z</time>
</trkpt>
<trkpt lat="41.9823147" lon="2.902091899999988">
<ele>438.8420929081408</ele>
<time>2026-08-28T07:48:24.897Z</time>
</trkpt>
<trkpt lat="41.9823193" lon="2.902153999999996">
<ele>439.06237168351333</ele>
<time>2026-08-28T07:48:28.531Z</time>
</trkpt>
<trkpt lat="41.9823322" lon="2.9022165000000086">
<ele>438.97155272857935</ele>
<time>2026-08-28T07:48:32.255Z</time>
</trkpt>
<trkpt lat="41.9823452" lon="2.9022765999999933">
<ele>438.85533139975263</ele>
<time>2026-08-28T07:48:36.010Z</time>
</trkpt>
<trkpt lat="41.9823563" lon="2.902337200000005">
<ele>438.80778222833453</ele>
<time>2026-08-28T07:48:39.478Z</time>
</trkpt>
<trkpt lat="41.9823561" lon="2.9024003000000107">
<ele>438.9116911143188</ele>
<time>2026-08-28T07:48:42.992Z</time>
</trkpt>
<trkpt lat="41.9823542" lon="2.902461499999987">
<ele>438.86552875690506</ele>
<time>2026-08-28T07:48:46.637Z</time>
</trkpt>
<trkpt lat="41.9823528" lon="2.9025239999999997">
<ele>438.798969408917</ele>
<time>2026-08-28T07:48:50.736Z</time>
</trkpt>
<trkpt lat="41.9823427" lon="2.902585899999991">
<ele>439.0813229253581</ele>
<time>2026-08-28T07:48:54.451Z</time>
</trkpt>
<trkpt lat="41.982323" lon="2.9026408000000004">
<ele>439.7720353035267</ele>
<time>2026-08-28T07:48:57.694Z</time>
</trkpt>
<trkpt lat="41.9823045" lon="2.902706099999989">
<ele>439.61545728645</ele>
<time>2026-08-28T07:49:01.353Z</time>
</trkpt>
<trkpt lat="41.9822832" lon="2.902771300000012">
<ele>439.5397604658367</ele>
<time>2026-08-28T07:49:05.115Z</time>
</trkpt>
<trkpt lat="41.9822702" lon="2.9028364000000124">
<ele>439.12654966978744</ele>
<time>2026-08-28T07:49:09.157Z</time>
</trkpt>
<trkpt lat="41.9822648" lon="2.9029011000000082">
<ele>438.4142806858388</ele>
<time>2026-08-28T07:49:18.232Z</time>
</trkpt>
<trkpt lat="41.9822448" lon="2.9029597999999908">
<ele>438.3765746521467</ele>
<time>2026-08-28T07:49:21.332Z</time>
</trkpt>
<trkpt lat="41.9822237" lon="2.9030157999999915">
<ele>438.4524640969777</ele>
<time>2026-08-28T07:49:24.497Z</time>
</trkpt>
<trkpt lat="41.9822024" lon="2.9030763000000093">
<ele>438.5042387217353</ele>
<time>2026-08-28T07:49:28.255Z</time>
</trkpt>
<trkpt lat="41.9821782" lon="2.903129699999994">
<ele>438.5009327662533</ele>
<time>2026-08-28T07:49:31.770Z</time>
</trkpt>
<trkpt lat="41.9821627" lon="2.903186699999992">
<ele>438.121489738291</ele>
<time>2026-08-28T07:49:35.455Z</time>
</trkpt>
<trkpt lat="41.982154" lon="2.9032492000000047">
<ele>438.06176129357294</ele>
<time>2026-08-28T07:49:39.156Z</time>
</trkpt>
<trkpt lat="41.9821449" lon="2.9033163">
<ele>438.1185638182938</ele>
<time>2026-08-28T07:49:42.817Z</time>
</trkpt>
<trkpt lat="41.9821352" lon="2.9033785000000023">
<ele>438.17301175236463</ele>
<time>2026-08-28T07:49:46.013Z</time>
</trkpt>
<trkpt lat="41.9821336" lon="2.9034460000000024">
<ele>438.02735766098897</ele>
<time>2026-08-28T07:49:49.554Z</time>
</trkpt>
<trkpt lat="41.9821394" lon="2.9035082999999986">
<ele>437.96635776476074</ele>
<time>2026-08-28T07:49:52.751Z</time>
</trkpt>
<trkpt lat="41.982139" lon="2.9035777999999937">
<ele>438.2634950282097</ele>
<time>2026-08-28T07:49:56.572Z</time>
</trkpt>
<trkpt lat="41.9821468" lon="2.9036398000000077">
<ele>438.37839801639194</ele>
<time>2026-08-28T07:49:59.985Z</time>
</trkpt>
<trkpt lat="41.982159" lon="2.9036978999999974">
<ele>438.39868515964224</ele>
<time>2026-08-28T07:50:03.478Z</time>
</trkpt>
<trkpt lat="41.9821703" lon="2.9037618000000123">
<ele>438.45944307612865</ele>
<time>2026-08-28T07:50:07.137Z</time>
</trkpt>
<trkpt lat="41.9821765" lon="2.903821800000003">
<ele>438.5662256948382</ele>
<time>2026-08-28T07:50:10.373Z</time>
</trkpt>
<trkpt lat="41.9821826" lon="2.9038816000000054">
<ele>438.6700186102222</ele>
<time>2026-08-28T07:50:14.479Z</time>
</trkpt>
<trkpt lat="41.9821856" lon="2.9039424999999994">
<ele>438.8331649682732</ele>
<time>2026-08-28T07:50:17.700Z</time>
</trkpt>
<trkpt lat="41.9821892" lon="2.904003899999992">
<ele>438.9843521616792</ele>
<time>2026-08-28T07:50:21.135Z</time>
</trkpt>
<trkpt lat="41.9821839" lon="2.9040740000000085">
<ele>439.6567667455565</ele>
<time>2026-08-28T07:50:25.132Z</time>
</trkpt>
<trkpt lat="41.9821858" lon="2.904141399999986">
<ele>440.3970978321979</ele>
<time>2026-08-28T07:50:28.910Z</time>
</trkpt>
<trkpt lat="41.9821917" lon="2.9042044999999916">
<ele>441.0577653605149</ele>
<time>2026-08-28T07:50:32.498Z</time>
</trkpt>
<trkpt lat="41.9822065" lon="2.904268099999996">
<ele>441.4130181382235</ele>
<time>2026-08-28T07:50:36.397Z</time>
</trkpt>
<trkpt lat="41.9822141" lon="2.904332399999987">
<ele>441.8761003223729</ele>
<time>2026-08-28T07:50:40.176Z</time>
</trkpt>
<trkpt lat="41.9822072" lon="2.9043940999999904">
<ele>442.8286947999994</ele>
<time>2026-08-28T07:50:43.810Z</time>
</trkpt>
<trkpt lat="41.9822043" lon="2.904455899999988">
<ele>443.6243113760863</ele>
<time>2026-08-28T07:50:47.518Z</time>
</trkpt>
<trkpt lat="41.9821978" lon="2.9045221000000083">
<ele>444.5986272189166</ele>
<time>2026-08-28T07:50:51.371Z</time>
</trkpt>
<trkpt lat="41.9822118" lon="2.904580799999991">
<ele>444.7349091706694</ele>
<time>2026-08-28T07:50:55.154Z</time>
</trkpt>
<trkpt lat="41.9822322" lon="2.9046365000000094">
<ele>444.52410643013803</ele>
<time>2026-08-28T07:50:58.997Z</time>
</trkpt>
<trkpt lat="41.9822483" lon="2.904703299999994">
<ele>444.5805605617902</ele>
<time>2026-08-28T07:51:03.098Z</time>
</trkpt>
<trkpt lat="41.9822539" lon="2.9047636999999895">
<ele>444.9617680892956</ele>
<time>2026-08-28T07:51:06.917Z</time>
</trkpt>
<trkpt lat="41.9822432" lon="2.904824600000012">
<ele>445.8981696172699</ele>
<time>2026-08-28T07:51:10.394Z</time>
</trkpt>
<trkpt lat="41.9822404" lon="2.9048851999999954">
<ele>446.5977699052214</ele>
<time>2026-08-28T07:51:14.477Z</time>
</trkpt>
<trkpt lat="41.9822368" lon="2.904946499999994">
<ele>447.42504551731406</ele>
<time>2026-08-28T07:51:18.456Z</time>
</trkpt>
<trkpt lat="41.9822382" lon="2.9050075000000106">
<ele>448.0890774098764</ele>
<time>2026-08-28T07:51:22.500Z</time>
</trkpt>
<trkpt lat="41.9822445" lon="2.90507070000001">
<ele>448.6336736112885</ele>
<time>2026-08-28T07:51:27.017Z</time>
</trkpt>
<trkpt lat="41.9822523" lon="2.905144000000007">
<ele>449.26357828713435</ele>
<time>2026-08-28T07:51:32.479Z</time>
</trkpt>
<trkpt lat="41.9822547" lon="2.9052044000000024">
<ele>449.67051552053823</ele>
<time>2026-08-28T07:51:36.995Z</time>
</trkpt>
<trkpt lat="41.9822665" lon="2.9052631000000133">
<ele>449.81711017055085</ele>
<time>2026-08-28T07:51:42.418Z</time>
</trkpt>
<trkpt lat="41.9822674" lon="2.905327800000009">
<ele>450.31592704708817</ele>
<time>2026-08-28T07:51:46.934Z</time>
</trkpt>
<trkpt lat="41.9822708" lon="2.9053902999999934">
<ele>450.7423517810007</ele>
<time>2026-08-28T07:51:51.895Z</time>
</trkpt>
<trkpt lat="41.9822836" lon="2.9054504000000065">
<ele>451.0714780351507</ele>
<time>2026-08-28T07:51:56.193Z</time>
</trkpt>
<trkpt lat="41.9822981" lon="2.9055118999999934">
<ele>451.552583777546</ele>
<time>2026-08-28T07:52:00.332Z</time>
</trkpt>
<trkpt lat="41.9823217" lon="2.905567100000013">
<ele>451.78194711187876</ele>
<time>2026-08-28T07:52:04.211Z</time>
</trkpt>
<trkpt lat="41.9823212" lon="2.905628000000007">
<ele>452.59757563641045</ele>
<time>2026-08-28T07:52:08.213Z</time>
</trkpt>
<trkpt lat="41.9823263" lon="2.9056932000000018">
<ele>453.3612653681293</ele>
<time>2026-08-28T07:52:12.148Z</time>
</trkpt>
<trkpt lat="41.9823497" lon="2.9057464999999922">
<ele>453.9428998511034</ele>
<time>2026-08-28T07:52:17.916Z</time>
</trkpt>
<trkpt lat="41.9823718" lon="2.905802300000005">
<ele>454.639858178065</ele>
<time>2026-08-28T07:52:21.173Z</time>
</trkpt>
<trkpt lat="41.9823977" lon="2.9058607999999992">
<ele>455.27852510854905</ele>
<time>2026-08-28T07:52:25.452Z</time>
</trkpt>
<trkpt lat="41.9824287" lon="2.9059085000000096">
<ele>455.5544890296069</ele>
<time>2026-08-28T07:52:28.653Z</time>
</trkpt>
<trkpt lat="41.9824587" lon="2.9059618">
<ele>455.92252637263164</ele>
<time>2026-08-28T07:52:32.392Z</time>
</trkpt>
<trkpt lat="41.9824784" lon="2.9060189999999864">
<ele>456.5721005287389</ele>
<time>2026-08-28T07:52:36.130Z</time>
</trkpt>
<trkpt lat="41.9824963" lon="2.906084700000008">
<ele>457.19925224869263</ele>
<time>2026-08-28T07:52:40.334Z</time>
</trkpt>
<trkpt lat="41.9825137" lon="2.9061483000000123">
<ele>457.7492538165269</ele>
<time>2026-08-28T07:52:49.936Z</time>
</trkpt>
<trkpt lat="41.9825247" lon="2.9062075999999877">
<ele>458.4332157950048</ele>
<time>2026-08-28T07:52:53.152Z</time>
</trkpt>
<trkpt lat="41.9825242" lon="2.9062709000000098">
<ele>459.68266031709567</ele>
<time>2026-08-28T07:52:56.217Z</time>
</trkpt>
<trkpt lat="41.9825223" lon="2.9063322000000085">
<ele>461.04434680436975</ele>
<time>2026-08-28T07:52:59.497Z</time>
</trkpt>
<trkpt lat="41.9825338" lon="2.906393500000007">
<ele>461.7875473578981</ele>
<time>2026-08-28T07:53:03.477Z</time>
</trkpt>
<trkpt lat="41.9825398" lon="2.9064566000000127">
<ele>462.7970266049342</ele>
<time>2026-08-28T07:53:07.489Z</time>
</trkpt>
<trkpt lat="41.9825478" lon="2.9065166999999974">
<ele>463.627485123494</ele>
<time>2026-08-28T07:53:11.522Z</time>
</trkpt>
<trkpt lat="41.9825511" lon="2.9065775999999914">
<ele>464.44933017494475</ele>
<time>2026-08-28T07:53:15.478Z</time>
</trkpt>
<trkpt lat="41.9825702" lon="2.9066391000000067">
<ele>464.3906847256113</ele>
<time>2026-08-28T07:53:19.452Z</time>
</trkpt>
<trkpt lat="41.9825906" lon="2.906696899999986">
<ele>464.2445079069088</ele>
<time>2026-08-28T07:53:23.509Z</time>
</trkpt>
<trkpt lat="41.9826136" lon="2.9067526999999984">
<ele>463.97458893371</ele>
<time>2026-08-28T07:53:27.477Z</time>
</trkpt>
<trkpt lat="41.9826313" lon="2.9068096999999966">
<ele>464.0029446775762</ele>
<time>2026-08-28T07:53:31.478Z</time>
</trkpt>
<trkpt lat="41.9826557" lon="2.906869400000005">
<ele>463.6251654263299</ele>
<time>2026-08-28T07:53:35.431Z</time>
</trkpt>
<trkpt lat="41.9826877" lon="2.906921600000004">
<ele>462.982693025641</ele>
<time>2026-08-28T07:53:39.111Z</time>
</trkpt>
<trkpt lat="41.9827119" lon="2.906973999999991">
<ele>462.8296428215036</ele>
<time>2026-08-28T07:53:42.912Z</time>
</trkpt>
<trkpt lat="41.9827407" lon="2.90702730000001">
<ele>462.68160721455354</ele>
<time>2026-08-28T07:53:47.482Z</time>
</trkpt>
<trkpt lat="41.9827651" lon="2.9070781000000068">
<ele>462.72314277926756</ele>
<time>2026-08-28T07:53:51.252Z</time>
</trkpt>
<trkpt lat="41.9827911" lon="2.907131700000008">
<ele>462.51273778080423</ele>
<time>2026-08-28T07:53:54.990Z</time>
</trkpt>
<trkpt lat="41.9828186" lon="2.9071825000000047">
<ele>462.1842135901376</ele>
<time>2026-08-28T07:53:58.296Z</time>
</trkpt>
<trkpt lat="41.982853" lon="2.907228900000007">
<ele>461.60585561648037</ele>
<time>2026-08-28T07:54:03.098Z</time>
</trkpt>
<trkpt lat="41.9828776" lon="2.9072829000000127">
<ele>461.5475296655067</ele>
<time>2026-08-28T07:54:07.397Z</time>
</trkpt>
<trkpt lat="41.9829052" lon="2.907334800000001">
<ele>461.41232732801285</ele>
<time>2026-08-28T07:54:11.478Z</time>
</trkpt>
<trkpt lat="41.9829206" lon="2.9073952999999904">
<ele>461.51104951688245</ele>
<time>2026-08-28T07:54:15.765Z</time>
</trkpt>
<trkpt lat="41.9829132" lon="2.9074549000000047">
<ele>461.8076470559926</ele>
<time>2026-08-28T07:54:19.534Z</time>
</trkpt>
<trkpt lat="41.9828962" lon="2.9075110999999936">
<ele>462.37647716887835</ele>
<time>2026-08-28T07:54:23.634Z</time>
</trkpt>
<trkpt lat="41.982896" lon="2.907576299999988">
<ele>462.4283832243872</ele>
<time>2026-08-28T07:54:28.053Z</time>
</trkpt>
<trkpt lat="41.9829093" lon="2.907642299999992">
<ele>462.1022631936831</ele>
<time>2026-08-28T07:54:32.415Z</time>
</trkpt>
<trkpt lat="41.9829208" lon="2.9077035999999907">
<ele>461.6935138585908</ele>
<time>2026-08-28T07:54:36.477Z</time>
</trkpt>
<trkpt lat="41.9829177" lon="2.9077662999999916">
<ele>461.6511958062053</ele>
<time>2026-08-28T07:54:40.851Z</time>
</trkpt>
<trkpt lat="41.9828932" lon="2.907820700000002">
<ele>462.0098616852915</ele>
<time>2026-08-28T07:54:45.478Z</time>
</trkpt>
<trkpt lat="41.9828665" lon="2.9078714000000048">
<ele>462.28062745797007</ele>
<time>2026-08-28T07:54:50.052Z</time>
</trkpt>
<trkpt lat="41.9828442" lon="2.9079254000000105">
<ele>462.3302838852612</ele>
<time>2026-08-28T07:54:54.496Z</time>
</trkpt>
<trkpt lat="41.982837" lon="2.9079889999999864">
<ele>462.3659172472737</ele>
<time>2026-08-28T07:54:58.914Z</time>
</trkpt>
<trkpt lat="41.9828469" lon="2.908051400000005">
<ele>462.2297033892484</ele>
<time>2026-08-28T07:55:02.771Z</time>
</trkpt>
<trkpt lat="41.9828512" lon="2.9081118999999944">
<ele>462.1749769299318</ele>
<time>2026-08-28T07:55:06.485Z</time>
</trkpt>
<trkpt lat="41.9828407" lon="2.908176300000008">
<ele>462.2062347797935</ele>
<time>2026-08-28T07:55:10.517Z</time>
</trkpt>
<trkpt lat="41.9828215" lon="2.9082310999999947">
<ele>462.3953496850291</ele>
<time>2026-08-28T07:55:14.478Z</time>
</trkpt>
<trkpt lat="41.9828059" lon="2.908299900000003">
<ele>462.82217499927776</ele>
<time>2026-08-28T07:55:18.531Z</time>
</trkpt>
<trkpt lat="41.9827917" lon="2.9083593000000008">
<ele>463.18405879095866</ele>
<time>2026-08-28T07:55:24.529Z</time>
</trkpt>
<trkpt lat="41.982787" lon="2.9084260999999856">
<ele>463.5528957288032</ele>
<time>2026-08-28T07:55:30.477Z</time>
</trkpt>
<trkpt lat="41.9827737" lon="2.9084934999999916">
<ele>463.9736033743209</ele>
<time>2026-08-28T07:55:37.317Z</time>
</trkpt>
<trkpt lat="41.9827438" lon="2.908539499999989">
<ele>464.2702556202526</ele>
<time>2026-08-28T07:55:42.412Z</time>
</trkpt>
<trkpt lat="41.9827141" lon="2.908586799999995">
<ele>464.28773540531483</ele>
<time>2026-08-28T07:55:48.874Z</time>
</trkpt>
<trkpt lat="41.9826908" lon="2.9086393000000044">
<ele>464.54154036153506</ele>
<time>2026-08-28T07:55:53.118Z</time>
</trkpt>
<trkpt lat="41.982706" lon="2.9086969999999894">
<ele>465.34049638389615</ele>
<time>2026-08-28T07:55:59.874Z</time>
</trkpt>
<trkpt lat="41.982722" lon="2.9087641000000133">
<ele>466.17844922629297</ele>
<time>2026-08-28T07:56:04.156Z</time>
</trkpt>
<trkpt lat="41.9827385" lon="2.9088217000000043">
<ele>466.84019389491436</ele>
<time>2026-08-28T07:56:07.854Z</time>
</trkpt>
<trkpt lat="41.9827442" lon="2.90888369999999">
<ele>467.4347426392719</ele>
<time>2026-08-28T07:56:12.032Z</time>
</trkpt>
<trkpt lat="41.9827566" lon="2.9089500999999984">
<ele>468.03740733832933</ele>
<time>2026-08-28T07:56:16.251Z</time>
</trkpt>
<trkpt lat="41.9827694" lon="2.9090117000000077">
<ele>468.48748908872994</ele>
<time>2026-08-28T07:56:20.493Z</time>
</trkpt>
<trkpt lat="41.982786" lon="2.9090730000000065">
<ele>468.91960477763007</ele>
<time>2026-08-28T07:56:24.496Z</time>
</trkpt>
<trkpt lat="41.982806" lon="2.9091325999999924">
<ele>469.3032199233796</ele>
<time>2026-08-28T07:56:28.252Z</time>
</trkpt>
<trkpt lat="41.9828299" lon="2.9091855000000066">
<ele>469.556209514935</ele>
<time>2026-08-28T07:56:31.456Z</time>
</trkpt>
<trkpt lat="41.9828612" lon="2.9092311999999936">
<ele>469.6376897463276</ele>
<time>2026-08-28T07:56:35.485Z</time>
</trkpt>
<trkpt lat="41.982901" lon="2.909266500000001">
<ele>469.50697424433514</ele>
<time>2026-08-28T07:56:39.953Z</time>
</trkpt>
<trkpt lat="41.9829479" lon="2.909291499999995">
<ele>469.18520571113794</ele>
<time>2026-08-28T07:56:44.316Z</time>
</trkpt>
<trkpt lat="41.9829948" lon="2.909296799999993">
<ele>468.7086718570828</ele>
<time>2026-08-28T07:56:48.015Z</time>
</trkpt>
<trkpt lat="41.9830404" lon="2.909294999999986">
<ele>468.3493714298795</ele>
<time>2026-08-28T07:56:52.523Z</time>
</trkpt>
<trkpt lat="41.9830858" lon="2.9092813999999976">
<ele>468.52783260948485</ele>
<time>2026-08-28T07:56:56.558Z</time>
</trkpt>
<trkpt lat="41.9831322" lon="2.9092799000000014">
<ele>468.7751698276588</ele>
<time>2026-08-28T07:57:02.500Z</time>
</trkpt>
<trkpt lat="41.9831768" lon="2.909265199999993">
<ele>468.7910135260606</ele>
<time>2026-08-28T07:57:14.374Z</time>
</trkpt>
<trkpt lat="41.9832312" lon="2.909255999999999">
<ele>468.8551556576728</ele>
<time>2026-08-28T07:57:19.273Z</time>
</trkpt>
<trkpt lat="41.9832768" lon="2.9092431999999917">
<ele>468.7339292557112</ele>
<time>2026-08-28T07:57:22.478Z</time>
</trkpt>
<trkpt lat="41.9833225" lon="2.9092402999999933">
<ele>468.8487170641911</ele>
<time>2026-08-28T07:57:27.694Z</time>
</trkpt>
<trkpt lat="41.9833674" lon="2.909252600000002">
<ele>469.50219237397937</ele>
<time>2026-08-28T07:57:30.898Z</time>
</trkpt>
<trkpt lat="41.9834158" lon="2.9092722000000037">
<ele>470.3853615807293</ele>
<time>2026-08-28T07:57:34.477Z</time>
</trkpt>
<trkpt lat="41.983461" lon="2.9092938000000004">
<ele>471.31291459088334</ele>
<time>2026-08-28T07:57:38.098Z</time>
</trkpt>
<trkpt lat="41.9835092" lon="2.909298000000007">
<ele>471.8040271425207</ele>
<time>2026-08-28T07:57:42.332Z</time>
</trkpt>
<trkpt lat="41.9835586" lon="2.909297600000002">
<ele>472.18013762775996</ele>
<time>2026-08-28T07:57:46.311Z</time>
</trkpt>
<trkpt lat="41.9836062" lon="2.9092966999999987">
<ele>472.2380995991817</ele>
<time>2026-08-28T07:57:49.472Z</time>
</trkpt>
<trkpt lat="41.9836533" lon="2.9092761999999937">
<ele>471.2965183708728</ele>
<time>2026-08-28T07:57:52.817Z</time>
</trkpt>
<trkpt lat="41.9836864" lon="2.909233900000004">
<ele>469.9317760802296</ele>
<time>2026-08-28T07:57:56.137Z</time>
</trkpt>
<trkpt lat="41.9837337" lon="2.909205600000007">
<ele>468.8856291697965</ele>
<time>2026-08-28T07:58:00.354Z</time>
</trkpt>
<trkpt lat="41.983779" lon="2.909179200000011">
<ele>467.95113952923595</ele>
<time>2026-08-28T07:58:04.477Z</time>
</trkpt>
<trkpt lat="41.983813" lon="2.909136899999993">
<ele>466.75306459713426</ele>
<time>2026-08-28T07:58:08.916Z</time>
</trkpt>
<trkpt lat="41.9838444" lon="2.9090876999999864">
<ele>465.4662257116195</ele>
<time>2026-08-28T07:58:13.093Z</time>
</trkpt>
<trkpt lat="41.9838713" lon="2.9090381999999977">
<ele>464.3619027188782</ele>
<time>2026-08-28T07:58:17.454Z</time>
</trkpt>
<trkpt lat="41.9839149" lon="2.9090057999999885">
<ele>464.56796335836066</ele>
<time>2026-08-28T07:58:21.505Z</time>
</trkpt>
<trkpt lat="41.9839494" lon="2.908961099999999">
<ele>464.43016606708125</ele>
<time>2026-08-28T07:58:26.290Z</time>
</trkpt>
<trkpt lat="41.983975" lon="2.90890730000001">
<ele>464.01691443551266</ele>
<time>2026-08-28T07:58:30.478Z</time>
</trkpt>
<trkpt lat="41.9840112" lon="2.9088597999999877">
<ele>464.12822692272994</ele>
<time>2026-08-28T07:58:36.436Z</time>
</trkpt>
<trkpt lat="41.984054" lon="2.9088300999999888">
<ele>464.8607525133454</ele>
<time>2026-08-28T07:58:40.792Z</time>
</trkpt>
<trkpt lat="41.9840754" lon="2.9088846999999873">
<ele>466.30239967510516</ele>
<time>2026-08-28T07:58:58.500Z</time>
</trkpt>
<trkpt lat="41.9841099" lon="2.9089368999999863">
<ele>467.940274311021</ele>
<time>2026-08-28T07:59:06.293Z</time>
</trkpt>
<trkpt lat="41.9841452" lon="2.9089812999999936">
<ele>469.35858023879973</ele>
<time>2026-08-28T07:59:12.170Z</time>
</trkpt>
<trkpt lat="41.9841683" lon="2.9090353999999934">
<ele>470.6972057748089</ele>
<time>2026-08-28T07:59:17.351Z</time>
</trkpt>
<trkpt lat="41.9841781" lon="2.9090995999999905">
<ele>471.7205487585835</ele>
<time>2026-08-28T07:59:23.501Z</time>
</trkpt>
<trkpt lat="41.9841908" lon="2.9091597000000036">
<ele>472.709982070475</ele>
<time>2026-08-28T07:59:28.498Z</time>
</trkpt>
<trkpt lat="41.9842046" lon="2.90921800000001">
<ele>473.6304553747401</ele>
<time>2026-08-28T07:59:32.311Z</time>
</trkpt>
<trkpt lat="41.9842127" lon="2.9092780000000005">
<ele>474.3861369022445</ele>
<time>2026-08-28T07:59:36.772Z</time>
</trkpt>
<trkpt lat="41.9842469" lon="2.9092675999999926">
<ele>474.9211779735024</ele>
<time>2026-08-28T08:00:10.489Z</time>
</trkpt>
<trkpt lat="41.9842957" lon="2.9092899000000045">
<ele>475.95770473020553</ele>
<time>2026-08-28T08:00:20.067Z</time>
</trkpt>
<trkpt lat="41.9843363" lon="2.9093235999999933">
<ele>476.7787307483652</ele>
<time>2026-08-28T08:00:25.145Z</time>
</trkpt>
<trkpt lat="41.9843869" lon="2.9093196999999975">
<ele>477.59278912856325</ele>
<time>2026-08-28T08:00:30.477Z</time>
</trkpt>
<trkpt lat="41.9844223" lon="2.909272299999998">
<ele>478.1840370033782</ele>
<time>2026-08-28T08:00:58.384Z</time>
</trkpt>
<trkpt lat="41.9844611" lon="2.9092416000000014">
<ele>478.27013684096744</ele>
<time>2026-08-28T08:01:05.477Z</time>
</trkpt>
<trkpt lat="41.9845056" lon="2.909230199999996">
<ele>478.4217507275383</ele>
<time>2026-08-28T08:01:12.206Z</time>
</trkpt>
<trkpt lat="41.9845459" lon="2.909267">
<ele>478.16625307660786</ele>
<time>2026-08-28T08:01:20.503Z</time>
</trkpt>
<trkpt lat="41.984595" lon="2.9092622000000006">
<ele>478.21932967573775</ele>
<time>2026-08-28T08:01:32.229Z</time>
</trkpt>
<trkpt lat="41.9846328" lon="2.9092263000000003">
<ele>478.8114557691928</ele>
<time>2026-08-28T08:01:38.477Z</time>
</trkpt>
<trkpt lat="41.9846764" lon="2.909198800000013">
<ele>479.47717912484404</ele>
<time>2026-08-28T08:01:48.499Z</time>
</trkpt>
<trkpt lat="41.9846978" lon="2.909143400000005">
<ele>480.763335981629</ele>
<time>2026-08-28T08:01:52.536Z</time>
</trkpt>
<trkpt lat="41.9847365" lon="2.909107299999988">
<ele>481.5033253002374</ele>
<time>2026-08-28T08:02:00.063Z</time>
</trkpt>
<trkpt lat="41.9847774" lon="2.9090798000000007">
<ele>482.0952545320885</ele>
<time>2026-08-28T08:02:07.022Z</time>
</trkpt>
<trkpt lat="41.9848099" lon="2.909029800000013">
<ele>483.1818520178078</ele>
<time>2026-08-28T08:02:14.509Z</time>
</trkpt>
<trkpt lat="41.9848457" lon="2.9089877000000115">
<ele>483.74965681692424</ele>
<time>2026-08-28T08:02:21.242Z</time>
</trkpt>
<trkpt lat="41.9848754" lon="2.9089361000000054">
<ele>484.5967488489279</ele>
<time>2026-08-28T08:02:29.192Z</time>
</trkpt>
<trkpt lat="41.9848722" lon="2.908873199999988">
<ele>485.4602207936946</ele>
<time>2026-08-28T08:02:37.935Z</time>
</trkpt>
<trkpt lat="41.9848675" lon="2.9088107000000036">
<ele>486.27220937384</ele>
<time>2026-08-28T08:02:45.189Z</time>
</trkpt>
<trkpt lat="41.9848509" lon="2.9087520999999867">
<ele>486.4557465047332</ele>
<time>2026-08-28T08:02:53.517Z</time>
</trkpt>
<trkpt lat="41.9848178" lon="2.9087053000000083">
<ele>484.96903189137305</ele>
<time>2026-08-28T08:03:05.514Z</time>
</trkpt>
<trkpt lat="41.984786" lon="2.908654299999995">
<ele>483.43432562795715</ele>
<time>2026-08-28T08:03:16.027Z</time>
</trkpt>
<trkpt lat="41.984742" lon="2.9086283000000037">
<ele>482.18826680424235</ele>
<time>2026-08-28T08:03:19.529Z</time>
</trkpt>
<trkpt lat="41.9846952" lon="2.908638400000001">
<ele>481.5222938175895</ele>
<time>2026-08-28T08:03:48.477Z</time>
</trkpt>
<trkpt lat="41.9846504" lon="2.9086492000000135">
<ele>480.4490643201475</ele>
<time>2026-08-28T08:03:53.028Z</time>
</trkpt>
<trkpt lat="41.9846124" lon="2.908688799999993">
<ele>480.2453110098785</ele>
<time>2026-08-28T08:04:02.477Z</time>
</trkpt>
<trkpt lat="41.9845689" lon="2.908704599999993">
<ele>479.44076630064086</ele>
<time>2026-08-28T08:04:12.110Z</time>
</trkpt>
<trkpt lat="41.9845371" lon="2.90875299999999">
<ele>479.80696735920657</ele>
<time>2026-08-28T08:04:21.477Z</time>
</trkpt>
<trkpt lat="41.9845229" lon="2.908810299999999">
<ele>479.73984012714544</ele>
<time>2026-08-28T08:04:27.607Z</time>
</trkpt>
<trkpt lat="41.9845565" lon="2.9088544999999897">
<ele>480.52670340240894</ele>
<time>2026-08-28T08:04:32.724Z</time>
</trkpt>
<trkpt lat="41.9845948" lon="2.908892199999997">
<ele>481.3370113477687</ele>
<time>2026-08-28T08:04:37.483Z</time>
</trkpt>
<trkpt lat="41.9845951" lon="2.908954399999999">
<ele>481.28842546238724</ele>
<time>2026-08-28T08:05:00.776Z</time>
</trkpt>
<trkpt lat="41.984576" lon="2.9088825999999983">
<ele>480.94572548628236</ele>
<time>2026-08-28T08:05:40.650Z</time>
</trkpt>
<trkpt lat="41.9845364" lon="2.908835900000014">
<ele>480.0711147560664</ele>
<time>2026-08-28T08:05:43.346Z</time>
</trkpt>
<trkpt lat="41.9845017" lon="2.9087972000000093">
<ele>479.2263509875656</ele>
<time>2026-08-28T08:05:45.890Z</time>
</trkpt>
<trkpt lat="41.9844896" lon="2.908737099999996">
<ele>478.20144691710675</ele>
<time>2026-08-28T08:05:49.522Z</time>
</trkpt>
<trkpt lat="41.9846357" lon="2.908998800000006">
<ele>481.9851311549051</ele>
<time>2026-08-28T08:06:22.565Z</time>
</trkpt>
<trkpt lat="41.9846125" lon="2.909053099999994">
<ele>481.3193530033186</ele>
<time>2026-08-28T08:06:26.855Z</time>
</trkpt>
<trkpt lat="41.984585" lon="2.909110300000009">
<ele>480.15066880802516</ele>
<time>2026-08-28T08:06:30.333Z</time>
</trkpt>
<trkpt lat="41.9845552" lon="2.909063599999996">
<ele>480.2908248568047</ele>
<time>2026-08-28T08:06:32.893Z</time>
</trkpt>
<trkpt lat="41.984488" lon="2.909108500000002">
<ele>479.0270638036077</ele>
<time>2026-08-28T08:06:38.655Z</time>
</trkpt>
<trkpt lat="41.9845189" lon="2.9090590000000134">
<ele>479.7731863952463</ele>
<time>2026-08-28T08:06:42.477Z</time>
</trkpt>
<trkpt lat="41.9845248" lon="2.908995400000009">
<ele>479.9715948970549</ele>
<time>2026-08-28T08:06:47.777Z</time>
</trkpt>
<trkpt lat="41.9845209" lon="2.9089294999999993">
<ele>479.8268062685702</ele>
<time>2026-08-28T08:06:51.477Z</time>
</trkpt>
<trkpt lat="41.9844819" lon="2.908892299999991">
<ele>478.96626119796605</ele>
<time>2026-08-28T08:06:55.477Z</time>
</trkpt>
<trkpt lat="41.9844309" lon="2.908905400000009">
<ele>477.9418288908961</ele>
<time>2026-08-28T08:06:58.236Z</time>
</trkpt>
<trkpt lat="41.9844198" lon="2.908933899999994">
<ele>477.78350976290534</ele>
<time>2026-08-28T08:07:30.818Z</time>
</trkpt>
<trkpt lat="41.9844711" lon="2.90891400000001">
<ele>478.7929153027416</ele>
<time>2026-08-28T08:07:36.478Z</time>
</trkpt>
<trkpt lat="41.9845255" lon="2.908900299999999">
<ele>479.8897289971134</ele>
<time>2026-08-28T08:07:39.106Z</time>
</trkpt>
<trkpt lat="41.9845758" lon="2.908914100000004">
<ele>480.9300760001665</ele>
<time>2026-08-28T08:07:41.967Z</time>
</trkpt>
<trkpt lat="41.9845743" lon="2.9089858000000106">
<ele>480.8764190989068</ele>
<time>2026-08-28T08:07:47.665Z</time>
</trkpt>
<trkpt lat="41.9845879" lon="2.9089706999999976">
<ele>481.13808315849224</ele>
<time>2026-08-28T08:08:26.074Z</time>
</trkpt>
<trkpt lat="41.9845402" lon="2.908945100000011">
<ele>480.2220353318229</ele>
<time>2026-08-28T08:09:55.481Z</time>
</trkpt>
<trkpt lat="41.984488" lon="2.9089198000000067">
<ele>479.1495251473952</ele>
<time>2026-08-28T08:09:59.478Z</time>
</trkpt>
<trkpt lat="41.9844352" lon="2.908905500000003">
<ele>478.03094350933407</ele>
<time>2026-08-28T08:10:05.672Z</time>
</trkpt>
<trkpt lat="41.9843933" lon="2.9089304000000027">
<ele>476.89909845337735</ele>
<time>2026-08-28T08:11:40.537Z</time>
</trkpt>
<trkpt lat="41.9844398" lon="2.9089315999999883">
<ele>478.2121967460264</ele>
<time>2026-08-28T08:18:55.059Z</time>
</trkpt>
<trkpt lat="41.9844844" lon="2.908904199999995">
<ele>479.0437879730825</ele>
<time>2026-08-28T08:18:58.384Z</time>
</trkpt>
<trkpt lat="41.9845289" lon="2.908936600000004">
<ele>479.99317506212657</ele>
<time>2026-08-28T08:18:59.971Z</time>
</trkpt>
<trkpt lat="41.9845754" lon="2.908928000000003">
<ele>480.91703261191003</ele>
<time>2026-08-28T08:19:02.476Z</time>
</trkpt>
<trkpt lat="41.9846233" lon="2.9089284000000077">
<ele>481.8760495616473</ele>
<time>2026-08-28T08:19:06.476Z</time>
</trkpt>
<trkpt lat="41.9846451" lon="2.9089858000000106">
<ele>482.1845124366265</ele>
<time>2026-08-28T08:19:11.729Z</time>
</trkpt>
<trkpt lat="41.9846052" lon="2.908954200000011">
<ele>481.4838172792396</ele>
<time>2026-08-28T08:19:19.489Z</time>
</trkpt>
<trkpt lat="41.9845574" lon="2.9089442000000076">
<ele>480.5585820762288</ele>
<time>2026-08-28T08:19:22.504Z</time>
</trkpt>
<trkpt lat="41.9845083" lon="2.9089294999999993">
<ele>479.5748756759878</ele>
<time>2026-08-28T08:19:26.286Z</time>
</trkpt>
<trkpt lat="41.9844649" lon="2.908912799999996">
<ele>478.6632019077573</ele>
<time>2026-08-28T08:19:31.647Z</time>
</trkpt>
<trkpt lat="41.9844198" lon="2.9089065999999946">
<ele>477.6782783199098</ele>
<time>2026-08-28T08:19:35.534Z</time>
</trkpt>
<trkpt lat="41.9844075" lon="2.9089170999999965">
<ele>477.3096321906612</ele>
<time>2026-08-28T08:20:05.500Z</time>
</trkpt>
<trkpt lat="41.9844231" lon="2.9089773000000037">
<ele>478.0509293757172</ele>
<time>2026-08-28T08:20:39.477Z</time>
</trkpt>
<trkpt lat="41.9844265" lon="2.908971000000008">
<ele>478.09143564366735</ele>
<time>2026-08-28T08:21:11.058Z</time>
</trkpt>
<trkpt lat="41.9844713" lon="2.909000800000001">
<ele>479.01025518715346</ele>
<time>2026-08-28T08:45:03.475Z</time>
</trkpt>
<trkpt lat="41.9845129" lon="2.9089743000000112">
<ele>479.7266490534648</ele>
<time>2026-08-28T08:45:09.532Z</time>
</trkpt>
<trkpt lat="41.9845591" lon="2.909001200000006">
<ele>480.5969503452721</ele>
<time>2026-08-28T08:45:11.103Z</time>
</trkpt>
<trkpt lat="41.9845822" lon="2.9090571000000125">
<ele>480.7834878953483</ele>
<time>2026-08-28T08:45:14.475Z</time>
</trkpt>
<trkpt lat="41.984549" lon="2.909013399999992">
<ele>480.41894412768306</ele>
<time>2026-08-28T08:45:21.223Z</time>
</trkpt>
<trkpt lat="41.9845031" lon="2.9090054000000123">
<ele>479.59227837373123</ele>
<time>2026-08-28T08:45:24.475Z</time>
</trkpt>
<trkpt lat="41.984458" lon="2.9089602999999897">
<ele>478.65587406738996</ele>
<time>2026-08-28T08:45:34.162Z</time>
</trkpt>
<trkpt lat="41.9844139" lon="2.9089468999999895">
<ele>477.64262184333717</ele>
<time>2026-08-28T08:45:38.475Z</time>
</trkpt>
<trkpt lat="41.9844501" lon="2.908908099999991">
<ele>478.34638174684267</ele>
<time>2026-08-28T08:48:54.037Z</time>
</trkpt>
<trkpt lat="41.9844676" lon="2.9088524999999947">
<ele>478.56423525526145</ele>
<time>2026-08-28T08:49:00.501Z</time>
</trkpt>
<trkpt lat="41.9845055" lon="2.9088184999999953">
<ele>479.3485732307869</ele>
<time>2026-08-28T08:49:13.511Z</time>
</trkpt>
<trkpt lat="41.9845429" lon="2.9087820999999963">
<ele>480.1892125642277</ele>
<time>2026-08-28T08:49:22.481Z</time>
</trkpt>
<trkpt lat="41.9845782" lon="2.908743500000014">
<ele>480.6042049783725</ele>
<time>2026-08-28T08:49:40.474Z</time>
</trkpt>
<trkpt lat="41.9846115" lon="2.9086996000000056">
<ele>480.4621355238048</ele>
<time>2026-08-28T08:49:59.497Z</time>
</trkpt>
<trkpt lat="41.9846547" lon="2.9086719999999957">
<ele>481.0456925136569</ele>
<time>2026-08-28T08:50:17.475Z</time>
</trkpt>
<trkpt lat="41.9847006" lon="2.908664499999986">
<ele>482.1775663211138</ele>
<time>2026-08-28T08:50:27.474Z</time>
</trkpt>
<trkpt lat="41.9847436" lon="2.908637900000002">
<ele>482.40003100629525</ele>
<time>2026-08-28T08:50:35.474Z</time>
</trkpt>
<trkpt lat="41.9847499" lon="2.908577600000001">
<ele>481.34423047710936</ele>
<time>2026-08-28T08:50:39.475Z</time>
</trkpt>
<trkpt lat="41.9847395" lon="2.908516600000013">
<ele>479.99759026653334</ele>
<time>2026-08-28T08:51:12.475Z</time>
</trkpt>
<trkpt lat="41.9847838" lon="2.9085057000000063">
<ele>480.51436020352384</ele>
<time>2026-08-28T08:52:05.516Z</time>
</trkpt>
<trkpt lat="41.9848063" lon="2.9085581999999874">
<ele>481.9061300879041</ele>
<time>2026-08-28T08:52:16.284Z</time>
</trkpt>
<trkpt lat="41.9848091" lon="2.9085871999999995">
<ele>482.5178724978932</ele>
<time>2026-08-28T08:52:50.474Z</time>
</trkpt>
<trkpt lat="41.9848021" lon="2.908647099999996">
<ele>483.5670273975412</ele>
<time>2026-08-28T08:53:22.726Z</time>
</trkpt>
<trkpt lat="41.9848184" lon="2.908707899999996">
<ele>485.0300840101726</ele>
<time>2026-08-28T08:53:33.500Z</time>
</trkpt>
<trkpt lat="41.9848369" lon="2.9087657000000036">
<ele>486.3685594381965</ele>
<time>2026-08-28T08:53:42.134Z</time>
</trkpt>
<trkpt lat="41.9848592" lon="2.9088214999999877">
<ele>486.0090034585811</ele>
<time>2026-08-28T08:53:51.474Z</time>
</trkpt>
<trkpt lat="41.9848844" lon="2.9088733000000104">
<ele>485.5885921904532</ele>
<time>2026-08-28T08:53:58.561Z</time>
</trkpt>
<trkpt lat="41.9848758" lon="2.908933399999995">
<ele>484.6380792768348</ele>
<time>2026-08-28T08:54:10.340Z</time>
</trkpt>
<trkpt lat="41.9848385" lon="2.908968499999986">
<ele>483.9539894727598</ele>
<time>2026-08-28T08:54:29.867Z</time>
</trkpt>
<trkpt lat="41.9847977" lon="2.9089956999999913">
<ele>483.4939583196335</ele>
<time>2026-08-28T08:54:45.020Z</time>
</trkpt>
<trkpt lat="41.9847635" lon="2.90904119999999">
<ele>483.02691177095045</ele>
<time>2026-08-28T08:54:53.019Z</time>
</trkpt>
<trkpt lat="41.9847388" lon="2.909093399999989">
<ele>481.8175893460301</ele>
<time>2026-08-28T08:55:02.020Z</time>
</trkpt>
<trkpt lat="41.9847049" lon="2.909133099999991">
<ele>481.0032598394031</ele>
<time>2026-08-28T08:55:26.603Z</time>
</trkpt>
<trkpt lat="41.984662" lon="2.9091622999999913">
<ele>480.08406738533296</ele>
<time>2026-08-28T08:55:38.362Z</time>
</trkpt>
<trkpt lat="41.9846166" lon="2.9091741999999954">
<ele>479.55324538045505</ele>
<time>2026-08-28T08:55:47.076Z</time>
</trkpt>
<trkpt lat="41.9845729" lon="2.9091940000000136">
<ele>479.02143506872073</ele>
<time>2026-08-28T08:55:55.267Z</time>
</trkpt>
<trkpt lat="41.9845281" lon="2.9092119999999966">
<ele>478.63218221437495</ele>
<time>2026-08-28T08:56:03.020Z</time>
</trkpt>
<trkpt lat="41.984477" lon="2.909217500000011">
<ele>478.40571983383757</ele>
<time>2026-08-28T08:56:10.780Z</time>
</trkpt>
<trkpt lat="41.9844323" lon="2.90923140000001">
<ele>478.2326167000265</ele>
<time>2026-08-28T08:56:25.625Z</time>
</trkpt>
<trkpt lat="41.9843886" lon="2.9092535999999996">
<ele>477.5407791983785</ele>
<time>2026-08-28T08:56:39.405Z</time>
</trkpt>
<trkpt lat="41.984346" lon="2.9092752999999902">
<ele>476.7912198554126</ele>
<time>2026-08-28T08:56:57.363Z</time>
</trkpt>
<trkpt lat="41.9843009" lon="2.9092569999999967">
<ele>475.8679244400216</ele>
<time>2026-08-28T08:57:05.081Z</time>
</trkpt>
<trkpt lat="41.984251" lon="2.9092914000000007">
<ele>475.1857367111473</ele>
<time>2026-08-28T08:57:21.019Z</time>
</trkpt>
<trkpt lat="41.984213" lon="2.9093296000000066">
<ele>474.8520044028111</ele>
<time>2026-08-28T08:57:40.071Z</time>
</trkpt>
<trkpt lat="41.9841755" lon="2.9093633999999895">
<ele>474.5257350962865</ele>
<time>2026-08-28T08:57:43.920Z</time>
</trkpt>
<trkpt lat="41.9841462" lon="2.909414400000003">
<ele>474.5767637608027</ele>
<time>2026-08-28T08:57:51.762Z</time>
</trkpt>
<trkpt lat="41.9841223" lon="2.909466600000002">
<ele>474.8553916036429</ele>
<time>2026-08-28T08:58:07.019Z</time>
</trkpt>
<trkpt lat="41.9841095" lon="2.9095245999999975">
<ele>475.3261285967946</ele>
<time>2026-08-28T08:58:19.018Z</time>
</trkpt>
<trkpt lat="41.9840858" lon="2.909575999999987">
<ele>475.6993319599866</ele>
<time>2026-08-28T08:59:13.018Z</time>
</trkpt>
<trkpt lat="41.9840753" lon="2.90951179999999">
<ele>474.9565045047049</ele>
<time>2026-08-28T08:59:44.744Z</time>
</trkpt>
<trkpt lat="41.9840779" lon="2.9094499999999925">
<ele>474.32119538345</ele>
<time>2026-08-28T08:59:50.704Z</time>
</trkpt>
<trkpt lat="41.9840936" lon="2.9093895999999972">
<ele>473.83505633719153</ele>
<time>2026-08-28T08:59:55.665Z</time>
</trkpt>
<trkpt lat="41.9841046" lon="2.9093215999999984">
<ele>473.26186018271187</ele>
<time>2026-08-28T09:00:00.019Z</time>
</trkpt>
<trkpt lat="41.9841241" lon="2.9092601000000116">
<ele>472.6482924436952</ele>
<time>2026-08-28T09:00:04.925Z</time>
</trkpt>
<trkpt lat="41.9841248" lon="2.90919550000001">
<ele>471.7716764007332</ele>
<time>2026-08-28T09:00:20.018Z</time>
</trkpt>
<trkpt lat="41.9841273" lon="2.909131699999989">
<ele>470.9406689724396</ele>
<time>2026-08-28T09:00:24.684Z</time>
</trkpt>
<trkpt lat="41.9841305" lon="2.9090702999999962">
<ele>470.1666605525652</ele>
<time>2026-08-28T09:00:34.339Z</time>
</trkpt>
<trkpt lat="41.9841228" lon="2.909010599999988">
<ele>469.2170502219891</ele>
<time>2026-08-28T09:00:37.921Z</time>
</trkpt>
<trkpt lat="41.9840896" lon="2.908964300000008">
<ele>467.82749602707065</ele>
<time>2026-08-28T09:00:43.019Z</time>
</trkpt>
<trkpt lat="41.9840691" lon="2.9089071999999874">
<ele>466.4734735987756</ele>
<time>2026-08-28T09:00:47.022Z</time>
</trkpt>
<trkpt lat="41.9840712" lon="2.908846699999998">
<ele>465.61529225629715</ele>
<time>2026-08-28T09:00:51.005Z</time>
</trkpt>
<trkpt lat="41.9840937" lon="2.908793099999997">
<ele>465.50001179260346</ele>
<time>2026-08-28T09:00:57.019Z</time>
</trkpt>
<trkpt lat="41.9840991" lon="2.9087332000000004">
<ele>464.50973758223495</ele>
<time>2026-08-28T09:01:02.624Z</time>
</trkpt>
<trkpt lat="41.9840597" lon="2.9087630999999874">
<ele>463.98488749799986</ele>
<time>2026-08-28T09:01:08.546Z</time>
</trkpt>
<trkpt lat="41.9840188" lon="2.908793199999991">
<ele>463.19270928714695</ele>
<time>2026-08-28T09:01:12.823Z</time>
</trkpt>
<trkpt lat="41.9839934" lon="2.908843399999995">
<ele>463.32832896419717</ele>
<time>2026-08-28T09:01:18.019Z</time>
</trkpt>
<trkpt lat="41.983972" lon="2.9088993000000016">
<ele>463.785110971368</ele>
<time>2026-08-28T09:01:21.880Z</time>
</trkpt>
<trkpt lat="41.9839451" lon="2.9089496999999938">
<ele>464.09608915011574</ele>
<time>2026-08-28T09:01:27.541Z</time>
</trkpt>
<trkpt lat="41.9839213" lon="2.909003399999989">
<ele>464.658119510812</ele>
<time>2026-08-28T09:01:32.702Z</time>
</trkpt>
<trkpt lat="41.9838895" lon="2.9090491999999983">
<ele>464.9792177481164</ele>
<time>2026-08-28T09:01:37.062Z</time>
</trkpt>
<trkpt lat="41.9838475" lon="2.9090798999999947">
<ele>465.2754537744479</ele>
<time>2026-08-28T09:01:41.844Z</time>
</trkpt>
<trkpt lat="41.9838074" lon="2.909117600000002">
<ele>466.3263650246671</ele>
<time>2026-08-28T09:01:47.043Z</time>
</trkpt>
<trkpt lat="41.9837751" lon="2.909162400000014">
<ele>467.56709676471024</ele>
<time>2026-08-28T09:01:51.021Z</time>
</trkpt>
<trkpt lat="41.9837316" lon="2.909191700000008">
<ele>468.55007577070813</ele>
<time>2026-08-28T09:01:54.886Z</time>
</trkpt>
<trkpt lat="41.9836873" lon="2.909224999999992">
<ele>469.6938150214076</ele>
<time>2026-08-28T09:01:58.501Z</time>
</trkpt>
<trkpt lat="41.9836407" lon="2.909245999999996">
<ele>470.5827576055709</ele>
<time>2026-08-28T09:02:02.706Z</time>
</trkpt>
<trkpt lat="41.9835942" lon="2.909232099999997">
<ele>470.536925928099</ele>
<time>2026-08-28T09:02:06.800Z</time>
</trkpt>
<trkpt lat="41.9835488" lon="2.9092277000000024">
<ele>470.1680275656458</ele>
<time>2026-08-28T09:02:11.046Z</time>
</trkpt>
<trkpt lat="41.9835019" lon="2.909214800000001">
<ele>469.4748195292656</ele>
<time>2026-08-28T09:02:14.707Z</time>
</trkpt>
<trkpt lat="41.9834546" lon="2.9092105000000004">
<ele>469.0201319378065</ele>
<time>2026-08-28T09:02:19.481Z</time>
</trkpt>
<trkpt lat="41.983407" lon="2.909213099999988">
<ele>468.7497306190959</ele>
<time>2026-08-28T09:02:28.304Z</time>
</trkpt>
<trkpt lat="41.9833607" lon="2.9092081000000007">
<ele>468.28779699264305</ele>
<time>2026-08-28T09:02:34.040Z</time>
</trkpt>
<trkpt lat="41.9833151" lon="2.909212300000007">
<ele>468.07188192331336</ele>
<time>2026-08-28T09:02:37.070Z</time>
</trkpt>
<trkpt lat="41.9832691" lon="2.909209400000009">
<ele>467.9420189516082</ele>
<time>2026-08-28T09:02:40.910Z</time>
</trkpt>
<trkpt lat="41.9832227" lon="2.9092190000000073">
<ele>468.1055350102405</ele>
<time>2026-08-28T09:02:46.018Z</time>
</trkpt>
<trkpt lat="41.9831804" lon="2.9092410000000086">
<ele>468.4135300410226</ele>
<time>2026-08-28T09:02:50.021Z</time>
</trkpt>
<trkpt lat="41.9831343" lon="2.9092497000000037">
<ele>468.3971511150465</ele>
<time>2026-08-28T09:02:57.164Z</time>
</trkpt>
<trkpt lat="41.9830901" lon="2.909266400000007">
<ele>468.40732933211876</ele>
<time>2026-08-28T09:03:01.244Z</time>
</trkpt>
<trkpt lat="41.9830449" lon="2.9092805999999882">
<ele>468.287845909629</ele>
<time>2026-08-28T09:03:05.660Z</time>
</trkpt>
<trkpt lat="41.9829979" lon="2.9092871999999943">
<ele>468.6175694047657</ele>
<time>2026-08-28T09:03:10.021Z</time>
</trkpt>
<trkpt lat="41.9829525" lon="2.9092741000000046">
<ele>469.0193423438956</ele>
<time>2026-08-28T09:03:15.021Z</time>
</trkpt>
<trkpt lat="41.9829145" lon="2.9092411000000027">
<ele>469.1815726192342</ele>
<time>2026-08-28T09:03:18.979Z</time>
</trkpt>
<trkpt lat="41.9828757" lon="2.9092052000000024">
<ele>469.28977924076946</ele>
<time>2026-08-28T09:03:23.461Z</time>
</trkpt>
<trkpt lat="41.9828443" lon="2.9091591000000108">
<ele>469.20349792835145</ele>
<time>2026-08-28T09:03:27.740Z</time>
</trkpt>
<trkpt lat="41.982817" lon="2.909105799999992">
<ele>468.9761189862052</ele>
<time>2026-08-28T09:03:31.922Z</time>
</trkpt>
<trkpt lat="41.9828001" lon="2.9090471000000093">
<ele>468.5806672539223</ele>
<time>2026-08-28T09:03:36.579Z</time>
</trkpt>
<trkpt lat="41.9827843" lon="2.9089892000000077">
<ele>468.19856664445297</ele>
<time>2026-08-28T09:03:40.819Z</time>
</trkpt>
<trkpt lat="41.9827728" lon="2.908928099999997">
<ele>467.7512366106991</ele>
<time>2026-08-28T09:03:45.084Z</time>
</trkpt>
<trkpt lat="41.982755" lon="2.9088669999999865">
<ele>467.3234996001251</ele>
<time>2026-08-28T09:03:49.578Z</time>
</trkpt>
<trkpt lat="41.9827391" lon="2.9088054999999997">
<ele>466.6951272769947</ele>
<time>2026-08-28T09:03:54.035Z</time>
</trkpt>
<trkpt lat="41.9827108" lon="2.908749400000005">
<ele>465.9364461664487</ele>
<time>2026-08-28T09:03:59.020Z</time>
</trkpt>
<trkpt lat="41.982707" lon="2.908686799999998">
<ele>465.24310354973295</ele>
<time>2026-08-28T09:04:04.703Z</time>
</trkpt>
<trkpt lat="41.9827182" lon="2.908626599999991">
<ele>464.75057704905527</ele>
<time>2026-08-28T09:04:09.062Z</time>
</trkpt>
<trkpt lat="41.9827499" lon="2.908581499999997">
<ele>464.7473362948006</ele>
<time>2026-08-28T09:04:17.036Z</time>
</trkpt>
<trkpt lat="41.982758" lon="2.9085211000000015">
<ele>464.2545229838279</ele>
<time>2026-08-28T09:04:25.586Z</time>
</trkpt>
<trkpt lat="41.9827746" lon="2.9084609999999884">
<ele>463.76729387090677</ele>
<time>2026-08-28T09:04:33.801Z</time>
</trkpt>
<trkpt lat="41.9827818" lon="2.9084009000000037">
<ele>463.4323286443524</ele>
<time>2026-08-28T09:04:44.073Z</time>
</trkpt>
<trkpt lat="41.9827916" lon="2.9083406000000025">
<ele>463.08436592901586</ele>
<time>2026-08-28T09:04:47.742Z</time>
</trkpt>
<trkpt lat="41.9828082" lon="2.9082750000000033">
<ele>462.67980048641874</ele>
<time>2026-08-28T09:04:53.543Z</time>
</trkpt>
<trkpt lat="41.9828194" lon="2.908214700000002">
<ele>462.3126536426677</ele>
<time>2026-08-28T09:04:57.020Z</time>
</trkpt>
<trkpt lat="41.98283" lon="2.908152000000001">
<ele>462.2800694609494</ele>
<time>2026-08-28T09:05:01.019Z</time>
</trkpt>
<trkpt lat="41.9828431" lon="2.9080873000000054">
<ele>462.24403432859606</ele>
<time>2026-08-28T09:05:04.641Z</time>
</trkpt>
<trkpt lat="41.9828588" lon="2.908025600000002">
<ele>462.12316530118653</ele>
<time>2026-08-28T09:05:08.744Z</time>
</trkpt>
<trkpt lat="41.9828796" lon="2.907965399999995">
<ele>461.8748219201675</ele>
<time>2026-08-28T09:05:13.039Z</time>
</trkpt>
<trkpt lat="41.9829022" lon="2.907909100000012">
<ele>461.5986702131544</ele>
<time>2026-08-28T09:05:17.057Z</time>
</trkpt>
<trkpt lat="41.9829063" lon="2.907847199999992">
<ele>461.6958413708229</ele>
<time>2026-08-28T09:05:20.362Z</time>
</trkpt>
<trkpt lat="41.9829072" lon="2.907779299999987">
<ele>461.8475076400987</ele>
<time>2026-08-28T09:05:24.642Z</time>
</trkpt>
<trkpt lat="41.9829076" lon="2.9077140999999926">
<ele>461.9984636324594</ele>
<time>2026-08-28T09:05:28.466Z</time>
</trkpt>
<trkpt lat="41.9829184" lon="2.907654799999989">
<ele>461.84519768653774</ele>
<time>2026-08-28T09:05:32.660Z</time>
</trkpt>
<trkpt lat="41.9829253" lon="2.9075919">
<ele>461.5940981649776</ele>
<time>2026-08-28T09:05:36.345Z</time>
</trkpt>
<trkpt lat="41.9829229" lon="2.907531000000006">
<ele>461.5932818515012</ele>
<time>2026-08-28T09:05:39.962Z</time>
</trkpt>
<trkpt lat="41.9829088" lon="2.9074665999999922">
<ele>461.95531070866696</ele>
<time>2026-08-28T09:05:43.600Z</time>
</trkpt>
<trkpt lat="41.98289" lon="2.9074110999999903">
<ele>462.5032742098931</ele>
<time>2026-08-28T09:05:47.021Z</time>
</trkpt>
<trkpt lat="41.9828589" lon="2.907366400000001">
<ele>463.4176329587316</ele>
<time>2026-08-28T09:05:51.043Z</time>
</trkpt>
<trkpt lat="41.982835" lon="2.9073127999999997">
<ele>463.4361064306518</ele>
<time>2026-08-28T09:05:54.785Z</time>
</trkpt>
<trkpt lat="41.9828103" lon="2.90725470000001">
<ele>463.4746592088469</ele>
<time>2026-08-28T09:06:01.045Z</time>
</trkpt>
<trkpt lat="41.98279" lon="2.9071977000000118">
<ele>463.4288217941796</ele>
<time>2026-08-28T09:06:03.940Z</time>
</trkpt>
<trkpt lat="41.9827681" lon="2.907144499999987">
<ele>463.5399147138535</ele>
<time>2026-08-28T09:06:07.980Z</time>
</trkpt>
<trkpt lat="41.9827438" lon="2.9070872000000065">
<ele>463.63098972310775</ele>
<time>2026-08-28T09:06:14.063Z</time>
</trkpt>
<trkpt lat="41.9827156" lon="2.9070321000000092">
<ele>463.61997105739476</ele>
<time>2026-08-28T09:06:17.864Z</time>
</trkpt>
<trkpt lat="41.9826939" lon="2.9069742000000076">
<ele>463.5062725000413</ele>
<time>2026-08-28T09:06:21.136Z</time>
</trkpt>
<trkpt lat="41.9826667" lon="2.9069179999999903">
<ele>463.7853248659158</ele>
<time>2026-08-28T09:06:24.920Z</time>
</trkpt>
<trkpt lat="41.9826461" lon="2.906862799999999">
<ele>463.96401034831683</ele>
<time>2026-08-28T09:06:28.800Z</time>
</trkpt>
<trkpt lat="41.9826301" lon="2.906798000000009">
<ele>463.8809825554287</ele>
<time>2026-08-28T09:06:32.585Z</time>
</trkpt>
<trkpt lat="41.9826028" lon="2.9067415000000096">
<ele>464.3204753594192</ele>
<time>2026-08-28T09:06:36.861Z</time>
</trkpt>
<trkpt lat="41.9825777" lon="2.9066785999999922">
<ele>464.59922699497133</ele>
<time>2026-08-28T09:07:08.747Z</time>
</trkpt>
<trkpt lat="41.9825634" lon="2.9066205999999966">
<ele>464.45701127049654</ele>
<time>2026-08-28T09:07:18.037Z</time>
</trkpt>
<trkpt lat="41.9825622" lon="2.9065564999999935">
<ele>463.59510232477817</ele>
<time>2026-08-28T09:07:22.019Z</time>
</trkpt>
<trkpt lat="41.9825511" lon="2.906491200000005">
<ele>462.949875325372</ele>
<time>2026-08-28T09:07:25.019Z</time>
</trkpt>
<trkpt lat="41.9825457" lon="2.9064257">
<ele>461.8861908461863</ele>
<time>2026-08-28T09:07:28.380Z</time>
</trkpt>
<trkpt lat="41.9825429" lon="2.9063554999999894">
<ele>460.5902571044295</ele>
<time>2026-08-28T09:07:31.844Z</time>
</trkpt>
<trkpt lat="41.9825382" lon="2.906293000000005">
<ele>459.5255271831496</ele>
<time>2026-08-28T09:07:35.564Z</time>
</trkpt>
<trkpt lat="41.982531" lon="2.9062316000000123">
<ele>458.62238208243167</ele>
<time>2026-08-28T09:07:39.122Z</time>
</trkpt>
<trkpt lat="41.9825112" lon="2.9061757999999998">
<ele>458.3837203839787</ele>
<time>2026-08-28T09:07:42.785Z</time>
</trkpt>
<trkpt lat="41.9824983" lon="2.9061089999999865">
<ele>457.5998239130633</ele>
<time>2026-08-28T09:07:47.003Z</time>
</trkpt>
<trkpt lat="41.9824824" lon="2.9060446999999954">
<ele>456.9384380743868</ele>
<time>2026-08-28T09:07:50.763Z</time>
</trkpt>
<trkpt lat="41.9824643" lon="2.905984799999999">
<ele>456.24102016810434</ele>
<time>2026-08-28T09:07:54.900Z</time>
</trkpt>
<trkpt lat="41.9824485" lon="2.905925200000013">
<ele>455.44464492729327</ele>
<time>2026-08-28T09:07:58.220Z</time>
</trkpt>
<trkpt lat="41.9824264" lon="2.905866300000014">
<ele>454.77666622567835</ele>
<time>2026-08-28T09:08:03.040Z</time>
</trkpt>
<trkpt lat="41.9823971" lon="2.905815700000005">
<ele>454.3893027876579</ele>
<time>2026-08-28T09:08:06.910Z</time>
</trkpt>
<trkpt lat="41.9823604" lon="2.9057722000000012">
<ele>454.25734993654777</ele>
<time>2026-08-28T09:08:10.565Z</time>
</trkpt>
<trkpt lat="41.9823334" lon="2.90572259999999">
<ele>453.76777811532344</ele>
<time>2026-08-28T09:08:14.053Z</time>
</trkpt>
<trkpt lat="41.9823239" lon="2.9056588999999917">
<ele>452.9530668441472</ele>
<time>2026-08-28T09:08:17.846Z</time>
</trkpt>
<trkpt lat="41.982315" lon="2.905594900000011">
<ele>452.2860311799765</ele>
<time>2026-08-28T09:08:21.959Z</time>
</trkpt>
<trkpt lat="41.9823039" lon="2.9055342000000053">
<ele>451.7203021155511</ele>
<time>2026-08-28T09:08:26.065Z</time>
</trkpt>
<trkpt lat="41.9822981" lon="2.9054710999999998">
<ele>451.0230130928714</ele>
<time>2026-08-28T09:08:30.420Z</time>
</trkpt>
<trkpt lat="41.9822921" lon="2.905405800000011">
<ele>450.3872733454406</ele>
<time>2026-08-28T09:08:35.024Z</time>
</trkpt>
<trkpt lat="41.9822847" lon="2.9053414999999916">
<ele>450.00769939129833</ele>
<time>2026-08-28T09:08:39.323Z</time>
</trkpt>
<trkpt lat="41.982277" lon="2.9052791999999954">
<ele>449.6762196051541</ele>
<time>2026-08-28T09:08:43.002Z</time>
</trkpt>
<trkpt lat="41.9822759" lon="2.9052183000000014">
<ele>449.19996908735374</ele>
<time>2026-08-28T09:08:49.446Z</time>
</trkpt>
<trkpt lat="41.9822681" lon="2.905147999999997">
<ele>448.84396098301534</ele>
<time>2026-08-28T09:08:57.623Z</time>
</trkpt>
<trkpt lat="41.9822594" lon="2.9050834999999893">
<ele>448.338178785681</ele>
<time>2026-08-28T09:09:02.600Z</time>
</trkpt>
<trkpt lat="41.9822552" lon="2.9050206000000003">
<ele>447.71976283662156</ele>
<time>2026-08-28T09:09:05.019Z</time>
</trkpt>
<trkpt lat="41.9822469" lon="2.904958399999998">
<ele>447.2452653264873</ele>
<time>2026-08-28T09:09:08.246Z</time>
</trkpt>
<trkpt lat="41.9822369" lon="2.904889499999996">
<ele>446.7609815398293</ele>
<time>2026-08-28T09:09:12.085Z</time>
</trkpt>
<trkpt lat="41.9822348" lon="2.9048242000000073">
<ele>446.1733219571804</ele>
<time>2026-08-28T09:09:15.766Z</time>
</trkpt>
<trkpt lat="41.9822148" lon="2.9047686000000112">
<ele>446.33653010648754</ele>
<time>2026-08-28T09:09:17.522Z</time>
</trkpt>
<trkpt lat="41.982212" lon="2.9047042999999917">
<ele>445.8548537583983</ele>
<time>2026-08-28T09:09:22.018Z</time>
</trkpt>
<trkpt lat="41.9822088" lon="2.9046379000000115">
<ele>445.37364666825624</ele>
<time>2026-08-28T09:09:35.019Z</time>
</trkpt>
<trkpt lat="41.9822085" lon="2.904575599999987">
<ele>444.79750145265785</ele>
<time>2026-08-28T09:09:41.647Z</time>
</trkpt>
<trkpt lat="41.982213" lon="2.904512100000005">
<ele>443.9243492293784</ele>
<time>2026-08-28T09:09:43.980Z</time>
</trkpt>
<trkpt lat="41.9822148" lon="2.9044496999999865">
<ele>443.16009323516016</ele>
<time>2026-08-28T09:09:47.263Z</time>
</trkpt>
<trkpt lat="41.9822108" lon="2.9043834999999945">
<ele>442.57319947622756</ele>
<time>2026-08-28T09:09:51.019Z</time>
</trkpt>
<trkpt lat="41.982203" lon="2.904321799999991">
<ele>442.1885247654885</ele>
<time>2026-08-28T09:10:16.018Z</time>
</trkpt>
<trkpt lat="41.9821877" lon="2.904252899999989">
<ele>441.6613532660289</ele>
<time>2026-08-28T09:10:19.780Z</time>
</trkpt>
<trkpt lat="41.9821784" lon="2.904191300000008">
<ele>441.0549131994142</ele>
<time>2026-08-28T09:10:24.038Z</time>
</trkpt>
<trkpt lat="41.9821723" lon="2.9041249999999934">
<ele>440.4103790185734</ele>
<time>2026-08-28T09:10:27.663Z</time>
</trkpt>
<trkpt lat="41.9821574" lon="2.9040654000000075">
<ele>440.0366186708068</ele>
<time>2026-08-28T09:10:40.125Z</time>
</trkpt>
<trkpt lat="41.9821553" lon="2.904002399999996">
<ele>439.6406681284121</ele>
<time>2026-08-28T09:10:43.325Z</time>
</trkpt>
<trkpt lat="41.9821401" lon="2.903934899999996">
<ele>439.6767383743737</ele>
<time>2026-08-28T09:10:57.363Z</time>
</trkpt>
<trkpt lat="41.9821237" lon="2.9038705000000107">
<ele>439.73613601422846</ele>
<time>2026-08-28T09:10:59.840Z</time>
</trkpt>
<trkpt lat="41.982119" lon="2.9038056999999924">
<ele>439.5665973630647</ele>
<time>2026-08-28T09:11:03.745Z</time>
</trkpt>
<trkpt lat="41.9821051" lon="2.9037444999999877">
<ele>439.57403491768196</ele>
<time>2026-08-28T09:11:08.051Z</time>
</trkpt>
<trkpt lat="41.9821047" lon="2.9036825999999962">
<ele>439.32804174948944</ele>
<time>2026-08-28T09:11:11.564Z</time>
</trkpt>
<trkpt lat="41.9821177" lon="2.903620999999987">
<ele>438.8362998129861</ele>
<time>2026-08-28T09:11:24.705Z</time>
</trkpt>
<trkpt lat="41.9821293" lon="2.903554700000001">
<ele>438.3475118916134</ele>
<time>2026-08-28T09:11:28.591Z</time>
</trkpt>
<trkpt lat="41.9821303" lon="2.9034915999999953">
<ele>438.06715990978097</ele>
<time>2026-08-28T09:11:32.018Z</time>
</trkpt>
<trkpt lat="41.9821421" lon="2.903427700000009">
<ele>437.906974248485</ele>
<time>2026-08-28T09:11:35.460Z</time>
</trkpt>
<trkpt lat="41.9821431" lon="2.903367000000003">
<ele>438.03519630119683</ele>
<time>2026-08-28T09:11:39.245Z</time>
</trkpt>
<trkpt lat="41.9821689" lon="2.903301699999986">
<ele>437.6078296577293</ele>
<time>2026-08-28T09:11:49.017Z</time>
</trkpt>
<trkpt lat="41.9821985" lon="2.9032503999999903">
<ele>436.97631551330096</ele>
<time>2026-08-28T09:11:51.666Z</time>
</trkpt>
<trkpt lat="41.9822268" lon="2.903200400000003">
<ele>435.838339595629</ele>
<time>2026-08-28T09:11:54.838Z</time>
</trkpt>
<trkpt lat="41.9822422" lon="2.9031386000000055">
<ele>436.01836943082293</ele>
<time>2026-08-28T09:11:59.017Z</time>
</trkpt>
<trkpt lat="41.9822665" lon="2.9030797000000064">
<ele>435.8339222812002</ele>
<time>2026-08-28T09:12:03.660Z</time>
</trkpt>
<trkpt lat="41.9822863" lon="2.903018599999996">
<ele>435.8954730003809</ele>
<time>2026-08-28T09:12:07.945Z</time>
</trkpt>
<trkpt lat="41.9822961" lon="2.9029596999999967">
<ele>436.3488584533303</ele>
<time>2026-08-28T09:12:11.663Z</time>
</trkpt>
<trkpt lat="41.9823049" lon="2.902894599999996">
<ele>436.9350271587741</ele>
<time>2026-08-28T09:12:15.361Z</time>
</trkpt>
<trkpt lat="41.9823153" lon="2.9028260999999986">
<ele>437.49255920983705</ele>
<time>2026-08-28T09:12:19.685Z</time>
</trkpt>
<trkpt lat="41.9823331" lon="2.9027653999999927">
<ele>437.6405020210764</ele>
<time>2026-08-28T09:12:23.479Z</time>
</trkpt>
<trkpt lat="41.9823456" lon="2.902705900000001">
<ele>437.9746953956066</ele>
<time>2026-08-28T09:12:34.017Z</time>
</trkpt>
<trkpt lat="41.9823527" lon="2.902645299999989">
<ele>438.535327710837</ele>
<time>2026-08-28T09:12:46.059Z</time>
</trkpt>
<trkpt lat="41.9823559" lon="2.9025795999999957">
<ele>438.56807190516037</ele>
<time>2026-08-28T09:12:47.399Z</time>
</trkpt>
<trkpt lat="41.9823666" lon="2.9025120000000015">
<ele>438.28053935280064</ele>
<time>2026-08-28T09:12:50.481Z</time>
</trkpt>
<trkpt lat="41.9823597" lon="2.902451500000012">
<ele>438.6716682754349</ele>
<time>2026-08-28T09:12:53.704Z</time>
</trkpt>
<trkpt lat="41.982351" lon="2.9023896999999863">
<ele>439.1278643230669</ele>
<time>2026-08-28T09:12:57.223Z</time>
</trkpt>
<trkpt lat="41.9823389" lon="2.902325100000013">
<ele>439.3939715664071</ele>
<time>2026-08-28T09:13:01.600Z</time>
</trkpt>
<trkpt lat="41.9823326" lon="2.902261100000004">
<ele>439.2343855591268</ele>
<time>2026-08-28T09:13:05.018Z</time>
</trkpt>
<trkpt lat="41.9823265" lon="2.902200899999997">
<ele>439.0876841906736</ele>
<time>2026-08-28T09:13:09.002Z</time>
</trkpt>
<trkpt lat="41.9823183" lon="2.902137600000003">
<ele>438.99644989096873</ele>
<time>2026-08-28T09:13:12.721Z</time>
</trkpt>
<trkpt lat="41.9823176" lon="2.9020749000000023">
<ele>438.5495580080863</ele>
<time>2026-08-28T09:13:16.479Z</time>
</trkpt>
<trkpt lat="41.9823168" lon="2.902011799999997">
<ele>437.74303449977134</ele>
<time>2026-08-28T09:13:20.285Z</time>
</trkpt>
<trkpt lat="41.9823204" lon="2.9019499999999994">
<ele>436.81356861681525</ele>
<time>2026-08-28T09:13:23.902Z</time>
</trkpt>
<trkpt lat="41.982326" lon="2.9018872000000044">
<ele>435.83508766208917</ele>
<time>2026-08-28T09:13:27.766Z</time>
</trkpt>
<trkpt lat="41.9823397" lon="2.9018251999999904">
<ele>434.69374667394027</ele>
<time>2026-08-28T09:13:38.039Z</time>
</trkpt>
<trkpt lat="41.9823501" lon="2.9017656999999986">
<ele>433.5798221732132</ele>
<time>2026-08-28T09:13:41.039Z</time>
</trkpt>
<trkpt lat="41.982363" lon="2.9017021999999884">
<ele>432.34845192175374</ele>
<time>2026-08-28T09:13:44.920Z</time>
</trkpt>
<trkpt lat="41.9823917" lon="2.9016492000000085">
<ele>431.0581621061356</ele>
<time>2026-08-28T09:13:49.025Z</time>
</trkpt>
<trkpt lat="41.9824072" lon="2.901589599999994">
<ele>430.01639927214336</ele>
<time>2026-08-28T09:13:57.669Z</time>
</trkpt>
<trkpt lat="41.9824316" lon="2.9015334999999993">
<ele>428.9840351028006</ele>
<time>2026-08-28T09:14:01.583Z</time>
</trkpt>
<trkpt lat="41.9824564" lon="2.901481899999993">
<ele>427.92418530829065</ele>
<time>2026-08-28T09:14:09.046Z</time>
</trkpt>
<trkpt lat="41.9824771" lon="2.9014277999999933">
<ele>426.9256083852071</ele>
<time>2026-08-28T09:14:14.057Z</time>
</trkpt>
<trkpt lat="41.9824995" lon="2.9013696000000095">
<ele>425.8515186888326</ele>
<time>2026-08-28T09:14:18.018Z</time>
</trkpt>
<trkpt lat="41.9825238" lon="2.901315100000005">
<ele>424.913577428452</ele>
<time>2026-08-28T09:14:21.804Z</time>
</trkpt>
<trkpt lat="41.9825252" lon="2.901252400000004">
<ele>424.142699754296</ele>
<time>2026-08-28T09:14:25.647Z</time>
</trkpt>
<trkpt lat="41.9825205" lon="2.9011897000000033">
<ele>422.89355988017707</ele>
<time>2026-08-28T09:14:29.761Z</time>
</trkpt>
<trkpt lat="41.9825157" lon="2.9011211000000117">
<ele>421.4801442707084</ele>
<time>2026-08-28T09:14:38.017Z</time>
</trkpt>
<trkpt lat="41.9825204" lon="2.9010604000000058">
<ele>420.2429883035311</ele>
<time>2026-08-28T09:14:41.783Z</time>
</trkpt>
<trkpt lat="41.982511" lon="2.900992300000013">
<ele>418.7580559353751</ele>
<time>2026-08-28T09:14:46.763Z</time>
</trkpt>
<trkpt lat="41.9825099" lon="2.9009313999999904">
<ele>417.8056343851715</ele>
<time>2026-08-28T09:14:50.276Z</time>
</trkpt>
<trkpt lat="41.982501" lon="2.900867000000005">
<ele>416.85465844796846</ele>
<time>2026-08-28T09:14:54.965Z</time>
</trkpt>
<trkpt lat="41.9824957" lon="2.900801400000006">
<ele>415.91308591117706</ele>
<time>2026-08-28T09:14:59.623Z</time>
</trkpt>
<trkpt lat="41.9824844" lon="2.900740600000006">
<ele>414.9219501905051</ele>
<time>2026-08-28T09:15:04.030Z</time>
</trkpt>
<trkpt lat="41.9824817" lon="2.9006754000000115">
<ele>414.06110511556767</ele>
<time>2026-08-28T09:15:09.942Z</time>
</trkpt>
<trkpt lat="41.9824965" lon="2.9006139999999903">
<ele>413.68628934249296</ele>
<time>2026-08-28T09:15:15.639Z</time>
</trkpt>
<trkpt lat="41.9825429" lon="2.900600300000008">
<ele>414.30061643981156</ele>
<time>2026-08-28T09:15:21.061Z</time>
</trkpt>
<trkpt lat="41.9825723" lon="2.900649399999992">
<ele>415.32087468080704</ele>
<time>2026-08-28T09:15:26.018Z</time>
</trkpt>
<trkpt lat="41.9825968" lon="2.9007051000000104">
<ele>416.35787819551786</ele>
<time>2026-08-28T09:15:31.053Z</time>
</trkpt>
<trkpt lat="41.9826128" lon="2.9007640000000094">
<ele>417.24749620447153</ele>
<time>2026-08-28T09:15:36.017Z</time>
</trkpt>
<trkpt lat="41.9826263" lon="2.9008282000000065">
<ele>418.10993674395195</ele>
<time>2026-08-28T09:15:41.043Z</time>
</trkpt>
<trkpt lat="41.9826344" lon="2.900890199999992">
<ele>418.84098420346675</ele>
<time>2026-08-28T09:15:45.445Z</time>
</trkpt>
<trkpt lat="41.9826315" lon="2.9009523">
<ele>419.426659638785</ele>
<time>2026-08-28T09:15:49.845Z</time>
</trkpt>
<trkpt lat="41.9826102" lon="2.901007899999996">
<ele>419.9289535746717</ele>
<time>2026-08-28T09:15:53.562Z</time>
</trkpt>
<trkpt lat="41.982591" lon="2.9010676999999987">
<ele>420.73314465749166</ele>
<time>2026-08-28T09:15:57.679Z</time>
</trkpt>
<trkpt lat="41.9826362" lon="2.901060099999995">
<ele>420.84927909600947</ele>
<time>2026-08-28T09:16:03.943Z</time>
</trkpt>
<trkpt lat="41.982685" lon="2.9010591999999917">
<ele>421.0980017989101</ele>
<time>2026-08-28T09:16:08.540Z</time>
</trkpt>
<trkpt lat="41.9827347" lon="2.901066500000013">
<ele>421.4173562212831</ele>
<time>2026-08-28T09:16:15.020Z</time>
</trkpt>
<trkpt lat="41.982782" lon="2.9010472999999877">
<ele>420.9735184213428</ele>
<time>2026-08-28T09:16:21.581Z</time>
</trkpt>
<trkpt lat="41.9828149" lon="2.901004999999998">
<ele>420.25188161088494</ele>
<time>2026-08-28T09:16:26.023Z</time>
</trkpt>
<trkpt lat="41.9828503" lon="2.9009662999999932">
<ele>419.53505444731366</ele>
<time>2026-08-28T09:16:31.018Z</time>
</trkpt>
<trkpt lat="41.9828628" lon="2.900906099999986">
<ele>418.9734766173317</ele>
<time>2026-08-28T09:16:35.845Z</time>
</trkpt>
<trkpt lat="41.9828857" lon="2.9008512999999994">
<ele>418.3168399947418</ele>
<time>2026-08-28T09:16:41.018Z</time>
</trkpt>
<trkpt lat="41.9828853" lon="2.900789599999996">
<ele>417.9340078555457</ele>
<time>2026-08-28T09:16:48.018Z</time>
</trkpt>
<trkpt lat="41.9828675" lon="2.9007244999999955">
<ele>417.74775491893774</ele>
<time>2026-08-28T09:16:56.023Z</time>
</trkpt>
<trkpt lat="41.9828692" lon="2.9006596000000116">
<ele>417.0764469630921</ele>
<time>2026-08-28T09:17:05.504Z</time>
</trkpt>
<trkpt lat="41.9828635" lon="2.9005989999999997">
<ele>416.36116259912353</ele>
<time>2026-08-28T09:17:11.219Z</time>
</trkpt>
<trkpt lat="41.9828552" lon="2.900537100000008">
<ele>415.66064357793306</ele>
<time>2026-08-28T09:17:14.484Z</time>
</trkpt>
<trkpt lat="41.9828449" lon="2.9004773999999998">
<ele>415.0126903011014</ele>
<time>2026-08-28T09:17:18.782Z</time>
</trkpt>
<trkpt lat="41.9828312" lon="2.900419499999998">
<ele>414.42909817276666</ele>
<time>2026-08-28T09:17:23.030Z</time>
</trkpt>
<trkpt lat="41.9828273" lon="2.900359100000003">
<ele>413.9892016221338</ele>
<time>2026-08-28T09:17:28.018Z</time>
</trkpt>
<trkpt lat="41.9828381" lon="2.9002967000000126">
<ele>413.33264435548546</ele>
<time>2026-08-28T09:17:32.347Z</time>
</trkpt>
<trkpt lat="41.9828483" lon="2.900233500000013">
<ele>412.6457596249838</ele>
<time>2026-08-28T09:17:36.925Z</time>
</trkpt>
<trkpt lat="41.9828631" lon="2.9001752000000067">
<ele>411.88499366355353</ele>
<time>2026-08-28T09:17:40.647Z</time>
</trkpt>
<trkpt lat="41.9828855" lon="2.900115999999997">
<ele>411.0915784564978</ele>
<time>2026-08-28T09:17:44.680Z</time>
</trkpt>
<trkpt lat="41.9829148" lon="2.9000661000000036">
<ele>410.4032375581811</ele>
<time>2026-08-28T09:17:48.321Z</time>
</trkpt>
<trkpt lat="41.9829362" lon="2.900004300000006">
<ele>409.81206009536214</ele>
<time>2026-08-28T09:17:52.586Z</time>
</trkpt>
<trkpt lat="41.9829487" lon="2.8999417999999935">
<ele>409.3790633619419</ele>
<time>2026-08-28T09:17:55.743Z</time>
</trkpt>
<trkpt lat="41.9829806" lon="2.8998943999999938">
<ele>408.5429527602339</ele>
<time>2026-08-28T09:17:59.965Z</time>
</trkpt>
<trkpt lat="41.9830135" lon="2.899850200000003">
<ele>407.6398251336711</ele>
<time>2026-08-28T09:18:03.059Z</time>
</trkpt>
<trkpt lat="41.9830576" lon="2.8998214000000075">
<ele>406.2592495581444</ele>
<time>2026-08-28T09:18:06.819Z</time>
</trkpt>
<trkpt lat="41.9830916" lon="2.899781300000001">
<ele>405.01984843360157</ele>
<time>2026-08-28T09:18:10.057Z</time>
</trkpt>
<trkpt lat="41.9831339" lon="2.8997560999999905">
<ele>403.6152026773288</ele>
<time>2026-08-28T09:18:13.561Z</time>
</trkpt>
<trkpt lat="41.9831792" lon="2.899732">
<ele>402.17739758849547</ele>
<time>2026-08-28T09:18:17.018Z</time>
</trkpt>
<trkpt lat="41.9832267" lon="2.8997090000000014">
<ele>400.73268884111326</ele>
<time>2026-08-28T09:18:20.721Z</time>
</trkpt>
<trkpt lat="41.9832716" lon="2.8996899999999926">
<ele>399.41637728674567</ele>
<time>2026-08-28T09:18:24.344Z</time>
</trkpt>
<trkpt lat="41.9833176" lon="2.899680100000012">
<ele>398.1564515097752</ele>
<time>2026-08-28T09:18:28.024Z</time>
</trkpt>
<trkpt lat="41.9833647" lon="2.899674400000009">
<ele>397.27533685843804</ele>
<time>2026-08-28T09:18:31.786Z</time>
</trkpt>
<trkpt lat="41.9834142" lon="2.8996713999999884">
<ele>396.3451782047081</ele>
<time>2026-08-28T09:18:35.401Z</time>
</trkpt>
<trkpt lat="41.9834616" lon="2.8996694999999875">
<ele>395.4542963449415</ele>
<time>2026-08-28T09:18:39.041Z</time>
</trkpt>
<trkpt lat="41.9835063" lon="2.899661000000009">
<ele>394.678489304913</ele>
<time>2026-08-28T09:18:42.559Z</time>
</trkpt>
<trkpt lat="41.9835519" lon="2.8996424000000047">
<ele>394.0084932578919</ele>
<time>2026-08-28T09:18:46.326Z</time>
</trkpt>
<trkpt lat="41.9835883" lon="2.899602299999998">
<ele>393.78635501944086</ele>
<time>2026-08-28T09:18:49.843Z</time>
</trkpt>
<trkpt lat="41.9836152" lon="2.899553300000008">
<ele>394.02213855039423</ele>
<time>2026-08-28T09:18:53.540Z</time>
</trkpt>
<trkpt lat="41.9836415" lon="2.8994912">
<ele>394.2649439347731</ele>
<time>2026-08-28T09:18:57.662Z</time>
</trkpt>
<trkpt lat="41.9836695" lon="2.8994418000000053">
<ele>394.6667118694</ele>
<time>2026-08-28T09:19:01.686Z</time>
</trkpt>
<trkpt lat="41.9836993" lon="2.899395999999996">
<ele>395.24323101855435</ele>
<time>2026-08-28T09:19:05.006Z</time>
</trkpt>
<trkpt lat="41.9837289" lon="2.8993447000000003">
<ele>396.0484794010124</ele>
<time>2026-08-28T09:19:08.985Z</time>
</trkpt>
<trkpt lat="41.9837593" lon="2.899298299999998">
<ele>397.05331902735065</ele>
<time>2026-08-28T09:19:12.718Z</time>
</trkpt>
<trkpt lat="41.9837905" lon="2.899251899999996">
<ele>398.5481532464413</ele>
<time>2026-08-28T09:19:17.018Z</time>
</trkpt>
<trkpt lat="41.9838242" lon="2.899210900000014">
<ele>400.205586635097</ele>
<time>2026-08-28T09:19:21.017Z</time>
</trkpt>
<trkpt lat="41.9838591" lon="2.8991676999999925">
<ele>402.1690769601542</ele>
<time>2026-08-28T09:19:24.759Z</time>
</trkpt>
<trkpt lat="41.9839001" lon="2.8991425000000106">
<ele>402.8720632701676</ele>
<time>2026-08-28T09:19:28.864Z</time>
</trkpt>
<trkpt lat="41.9839423" lon="2.8991187999999966">
<ele>403.3122871394284</ele>
<time>2026-08-28T09:19:32.324Z</time>
</trkpt>
<trkpt lat="41.9839837" lon="2.8990914999999973">
<ele>403.88279837344373</ele>
<time>2026-08-28T09:19:35.683Z</time>
</trkpt>
<trkpt lat="41.9840204" lon="2.899055400000009">
<ele>404.75216705652446</ele>
<time>2026-08-28T09:19:39.402Z</time>
</trkpt>
<trkpt lat="41.9840518" lon="2.8990115999999944">
<ele>405.75293729798756</ele>
<time>2026-08-28T09:19:43.143Z</time>
</trkpt>
<trkpt lat="41.9840793" lon="2.8989621999999997">
<ele>406.70329278981745</ele>
<time>2026-08-28T09:19:47.261Z</time>
</trkpt>
<trkpt lat="41.9841033" lon="2.8989071000000024">
<ele>407.9191329334877</ele>
<time>2026-08-28T09:19:50.982Z</time>
</trkpt>
<trkpt lat="41.9841269" lon="2.8988529000000085">
<ele>409.2568894076603</ele>
<time>2026-08-28T09:19:54.581Z</time>
</trkpt>
<trkpt lat="41.9841459" lon="2.8987907000000064">
<ele>410.84642345744123</ele>
<time>2026-08-28T09:19:58.017Z</time>
</trkpt>
<trkpt lat="41.9841618" lon="2.8987301999999886">
<ele>411.5683281260041</ele>
<time>2026-08-28T09:20:01.881Z</time>
</trkpt>
<trkpt lat="41.9841768" lon="2.898664800000006">
<ele>411.5824387938759</ele>
<time>2026-08-28T09:20:06.064Z</time>
</trkpt>
<trkpt lat="41.984191" lon="2.8986064999999996">
<ele>411.62684148584714</ele>
<time>2026-08-28T09:20:09.141Z</time>
</trkpt>
<trkpt lat="41.9842075" lon="2.898544600000008">
<ele>411.7004220450059</ele>
<time>2026-08-28T09:20:12.805Z</time>
</trkpt>
<trkpt lat="41.9842179" lon="2.898484400000001">
<ele>411.93138223223565</ele>
<time>2026-08-28T09:20:16.419Z</time>
</trkpt>
<trkpt lat="41.9842255" lon="2.8984193999999945">
<ele>411.73528464018017</ele>
<time>2026-08-28T09:20:20.017Z</time>
</trkpt>
<trkpt lat="41.9842442" lon="2.8983579000000077">
<ele>411.36695275368726</ele>
<time>2026-08-28T09:20:23.746Z</time>
</trkpt>
<trkpt lat="41.9842681" lon="2.8983031999999866">
<ele>411.15255950892873</ele>
<time>2026-08-28T09:20:27.017Z</time>
</trkpt>
<trkpt lat="41.9842996" lon="2.8982474999999965">
<ele>411.1357783450981</ele>
<time>2026-08-28T09:20:31.023Z</time>
</trkpt>
<trkpt lat="41.9843391" lon="2.8981977999999913">
<ele>411.3846217171573</ele>
<time>2026-08-28T09:20:34.564Z</time>
</trkpt>
<trkpt lat="41.9843752" lon="2.8981537999999887">
<ele>411.3676464999918</ele>
<time>2026-08-28T09:20:39.086Z</time>
</trkpt>
<trkpt lat="41.9844124" lon="2.898116299999998">
<ele>411.39287949703663</ele>
<time>2026-08-28T09:20:42.901Z</time>
</trkpt>
<trkpt lat="41.9844499" lon="2.898079999999993">
<ele>410.8330582220962</ele>
<time>2026-08-28T09:20:45.946Z</time>
</trkpt>
<trkpt lat="41.9844887" lon="2.898041500000005">
<ele>410.2297722456979</ele>
<time>2026-08-28T09:20:49.680Z</time>
</trkpt>
<trkpt lat="41.9845306" lon="2.8980152999999973">
<ele>409.7905718926934</ele>
<time>2026-08-28T09:20:53.016Z</time>
</trkpt>
<trkpt lat="41.9845732" lon="2.8979782000000114">
<ele>409.65352349843056</ele>
<time>2026-08-28T09:20:57.063Z</time>
</trkpt>
<trkpt lat="41.9846037" lon="2.8979268999999874">
<ele>410.0477988477186</ele>
<time>2026-08-28T09:21:00.628Z</time>
</trkpt>
<trkpt lat="41.9846327" lon="2.8978759000000025">
<ele>410.5809136097376</ele>
<time>2026-08-28T09:21:04.017Z</time>
</trkpt>
<trkpt lat="41.9846616" lon="2.8978282999999863">
<ele>411.2016071529857</ele>
<time>2026-08-28T09:21:09.020Z</time>
</trkpt>
<trkpt lat="41.9846994" lon="2.8977907000000016">
<ele>411.86861540237834</ele>
<time>2026-08-28T09:21:12.016Z</time>
</trkpt>
<trkpt lat="41.9847344" lon="2.8977510999999936">
<ele>412.13261823817925</ele>
<time>2026-08-28T09:21:15.200Z</time>
</trkpt>
<trkpt lat="41.9847741" lon="2.897709600000013">
<ele>412.3702147758188</ele>
<time>2026-08-28T09:21:18.381Z</time>
</trkpt>
<trkpt lat="41.9848145" lon="2.897682400000008">
<ele>412.38798413647663</ele>
<time>2026-08-28T09:21:21.925Z</time>
</trkpt>
<trkpt lat="41.9848563" lon="2.897654200000005">
<ele>412.4213690535745</ele>
<time>2026-08-28T09:21:25.659Z</time>
</trkpt>
<trkpt lat="41.9848998" lon="2.897623500000009">
<ele>412.3050314679062</ele>
<time>2026-08-28T09:21:29.642Z</time>
</trkpt>
<trkpt lat="41.984941" lon="2.8975957000000108">
<ele>411.9924642115713</ele>
<time>2026-08-28T09:21:33.055Z</time>
</trkpt>
<trkpt lat="41.9849867" lon="2.8975705000000005">
<ele>411.61931950415925</ele>
<time>2026-08-28T09:21:36.901Z</time>
</trkpt>
<trkpt lat="41.9850329" lon="2.8975393999999994">
<ele>410.84866241304906</ele>
<time>2026-08-28T09:21:41.020Z</time>
</trkpt>
<trkpt lat="41.9850777" lon="2.897524599999997">
<ele>410.114816198466</ele>
<time>2026-08-28T09:21:44.665Z</time>
</trkpt>
<trkpt lat="41.9851221" lon="2.8975043000000085">
<ele>409.55549002931605</ele>
<time>2026-08-28T09:21:48.086Z</time>
</trkpt>
<trkpt lat="41.9851693" lon="2.897484800000001">
<ele>409.0580664456833</ele>
<time>2026-08-28T09:21:51.361Z</time>
</trkpt>
<trkpt lat="41.9852149" lon="2.89746310000001">
<ele>408.75377641159713</ele>
<time>2026-08-28T09:21:54.983Z</time>
</trkpt>
<trkpt lat="41.9852621" lon="2.8974401000000114">
<ele>408.60074712850513</ele>
<time>2026-08-28T09:21:58.621Z</time>
</trkpt>
<trkpt lat="41.9853045" lon="2.897416899999996">
<ele>408.6693366986501</ele>
<time>2026-08-28T09:22:02.016Z</time>
</trkpt>
<trkpt lat="41.9853494" lon="2.897397000000012">
<ele>408.6626622695453</ele>
<time>2026-08-28T09:22:05.302Z</time>
</trkpt>
<trkpt lat="41.9853974" lon="2.897375199999999">
<ele>408.70285639573876</ele>
<time>2026-08-28T09:22:08.922Z</time>
</trkpt>
<trkpt lat="41.9854425" lon="2.8973584999999957">
<ele>408.67321201734904</ele>
<time>2026-08-28T09:22:12.079Z</time>
</trkpt>
<trkpt lat="41.9854876" lon="2.897347200000013">
<ele>408.4203459851543</ele>
<time>2026-08-28T09:22:15.685Z</time>
</trkpt>
<trkpt lat="41.9855319" lon="2.897331500000007">
<ele>408.24648846985116</ele>
<time>2026-08-28T09:22:19.044Z</time>
</trkpt>
<trkpt lat="41.9855795" lon="2.897314599999987">
<ele>407.6572795439145</ele>
<time>2026-08-28T09:22:22.586Z</time>
</trkpt>
<trkpt lat="41.9856256" lon="2.8972976999999958">
<ele>407.0666265237344</ele>
<time>2026-08-28T09:22:26.016Z</time>
</trkpt>
<trkpt lat="41.9856695" lon="2.897283399999992">
<ele>406.4748866993426</ele>
<time>2026-08-28T09:22:29.029Z</time>
</trkpt>
<trkpt lat="41.9857163" lon="2.8972697000000096">
<ele>405.818950185108</ele>
<time>2026-08-28T09:22:33.017Z</time>
</trkpt>
<trkpt lat="41.9857652" lon="2.897264699999994">
<ele>404.96972832970545</ele>
<time>2026-08-28T09:22:36.561Z</time>
</trkpt>
<trkpt lat="41.9858138" lon="2.8972596000000124">
<ele>404.1292765385047</ele>
<time>2026-08-28T09:22:40.022Z</time>
</trkpt>
<trkpt lat="41.9858638" lon="2.897254099999998">
<ele>403.39439460516496</ele>
<time>2026-08-28T09:22:43.820Z</time>
</trkpt>
<trkpt lat="41.9859111" lon="2.897240199999999">
<ele>402.8834113392489</ele>
<time>2026-08-28T09:22:46.920Z</time>
</trkpt>
<trkpt lat="41.9859565" lon="2.897225600000013">
<ele>402.44519156956113</ele>
<time>2026-08-28T09:22:50.462Z</time>
</trkpt>
<trkpt lat="41.9859994" lon="2.8971899000000008">
<ele>402.5344070863755</ele>
<time>2026-08-28T09:22:54.044Z</time>
</trkpt>
<trkpt lat="41.9860347" lon="2.897150900000014">
<ele>402.8730155751522</ele>
<time>2026-08-28T09:22:57.362Z</time>
</trkpt>
<trkpt lat="41.9860645" lon="2.897105500000009">
<ele>403.49295109972815</ele>
<time>2026-08-28T09:23:00.926Z</time>
</trkpt>
<trkpt lat="41.9860779" lon="2.897045800000001">
<ele>404.1680333232319</ele>
<time>2026-08-28T09:23:05.322Z</time>
</trkpt>
<trkpt lat="41.9860817" lon="2.8969854000000055">
<ele>404.5632623176966</ele>
<time>2026-08-28T09:23:10.016Z</time>
</trkpt>
<trkpt lat="41.9860917" lon="2.8969231000000093">
<ele>404.92703446510023</ele>
<time>2026-08-28T09:23:14.001Z</time>
</trkpt>
<trkpt lat="41.9861033" lon="2.8968584000000135">
<ele>405.3528240060191</ele>
<time>2026-08-28T09:23:18.567Z</time>
</trkpt>
<trkpt lat="41.9861129" lon="2.896799399999992">
<ele>405.73760415191447</ele>
<time>2026-08-28T09:23:23.005Z</time>
</trkpt>
<trkpt lat="41.9861151" lon="2.896736000000004">
<ele>405.2765428987952</ele>
<time>2026-08-28T09:23:27.484Z</time>
</trkpt>
<trkpt lat="41.9861146" lon="2.8966700999999944">
<ele>404.8092676941886</ele>
<time>2026-08-28T09:23:32.017Z</time>
</trkpt>
<trkpt lat="41.9861137" lon="2.8966092000000003">
<ele>404.3773961105496</ele>
<time>2026-08-28T09:23:36.017Z</time>
</trkpt>
<trkpt lat="41.986113" lon="2.896538800000002">
<ele>403.87587609851727</ele>
<time>2026-08-28T09:23:39.687Z</time>
</trkpt>
<trkpt lat="41.986119" lon="2.896474100000006">
<ele>402.9748024197557</ele>
<time>2026-08-28T09:23:44.006Z</time>
</trkpt>
<trkpt lat="41.9861221" lon="2.8964127000000133">
<ele>401.99230561638825</ele>
<time>2026-08-28T09:23:47.782Z</time>
</trkpt>
<trkpt lat="41.9861237" lon="2.8963468999999975">
<ele>400.94222604630346</ele>
<time>2026-08-28T09:23:52.037Z</time>
</trkpt>
<trkpt lat="41.9861195" lon="2.8962862999999857">
<ele>399.96081046189005</ele>
<time>2026-08-28T09:23:57.017Z</time>
</trkpt>
<trkpt lat="41.986118" lon="2.896222899999998">
<ele>399.0071712938934</ele>
<time>2026-08-28T09:24:01.379Z</time>
</trkpt>
<trkpt lat="41.986117" lon="2.8961577000000034">
<ele>398.1630039395941</ele>
<time>2026-08-28T09:24:05.386Z</time>
</trkpt>
<trkpt lat="41.9861234" lon="2.8960897999999986">
<ele>397.3202574316123</ele>
<time>2026-08-28T09:24:09.504Z</time>
</trkpt>
<trkpt lat="41.9861245" lon="2.8960275000000024">
<ele>396.5271023256368</ele>
<time>2026-08-28T09:24:13.024Z</time>
</trkpt>
<trkpt lat="41.9861205" lon="2.8959652000000062">
<ele>395.7173456287717</ele>
<time>2026-08-28T09:24:16.661Z</time>
</trkpt>
<trkpt lat="41.9861194" lon="2.8959026999999935">
<ele>395.5107884292259</ele>
<time>2026-08-28T09:24:20.139Z</time>
</trkpt>
<trkpt lat="41.9861209" lon="2.8958363000000134">
<ele>395.30383525175927</ele>
<time>2026-08-28T09:24:23.721Z</time>
</trkpt>
<trkpt lat="41.9861257" lon="2.895772899999997">
<ele>395.11012756514504</ele>
<time>2026-08-28T09:24:28.049Z</time>
</trkpt>
<trkpt lat="41.9861266" lon="2.8957120999999972">
<ele>394.90898582484454</ele>
<time>2026-08-28T09:24:35.743Z</time>
</trkpt>
<trkpt lat="41.9861225" lon="2.8956488999999976">
<ele>394.86026712615666</ele>
<time>2026-08-28T09:24:39.799Z</time>
</trkpt>
<trkpt lat="41.9861182" lon="2.89558550000001">
<ele>394.91648550954153</ele>
<time>2026-08-28T09:24:42.845Z</time>
</trkpt>
<trkpt lat="41.9861198" lon="2.895523300000008">
<ele>394.96873744817475</ele>
<time>2026-08-28T09:24:46.017Z</time>
</trkpt>
<trkpt lat="41.9861189" lon="2.8954584999999895">
<ele>395.02716571970996</ele>
<time>2026-08-28T09:24:49.659Z</time>
</trkpt>
<trkpt lat="41.9861149" lon="2.8953975000000014">
<ele>394.94825159170125</ele>
<time>2026-08-28T09:24:53.074Z</time>
</trkpt>
<trkpt lat="41.9861036" lon="2.8953367000000014">
<ele>394.3670159984414</ele>
<time>2026-08-28T09:24:58.325Z</time>
</trkpt>
<trkpt lat="41.9860893" lon="2.8952739000000065">
<ele>393.74959005988654</ele>
<time>2026-08-28T09:25:01.925Z</time>
</trkpt>
<trkpt lat="41.9860674" lon="2.895216299999987">
<ele>392.77705065517216</ele>
<time>2026-08-28T09:25:07.505Z</time>
</trkpt>
<trkpt lat="41.986042" lon="2.8951648000000034">
<ele>391.9409260591243</ele>
<time>2026-08-28T09:25:11.265Z</time>
</trkpt>
<trkpt lat="41.9860165" lon="2.8951131999999973">
<ele>391.02366918888197</ele>
<time>2026-08-28T09:25:14.921Z</time>
</trkpt>
<trkpt lat="41.9859945" lon="2.8950550000000135">
<ele>389.81384544340574</ele>
<time>2026-08-28T09:25:18.482Z</time>
</trkpt>
<trkpt lat="41.9859702" lon="2.895002500000004">
<ele>388.8708332135268</ele>
<time>2026-08-28T09:25:22.035Z</time>
</trkpt>
<trkpt lat="41.9859457" lon="2.894950300000005">
<ele>388.12412007646935</ele>
<time>2026-08-28T09:25:25.266Z</time>
</trkpt>
<trkpt lat="41.9859217" lon="2.8948958999999945">
<ele>387.54501755345314</ele>
<time>2026-08-28T09:25:30.017Z</time>
</trkpt>
<trkpt lat="41.9858907" lon="2.8948402000000044">
<ele>387.1052538564667</ele>
<time>2026-08-28T09:25:34.047Z</time>
</trkpt>
<trkpt lat="41.9858606" lon="2.894794300000001">
<ele>386.7373622838051</ele>
<time>2026-08-28T09:25:38.017Z</time>
</trkpt>
<trkpt lat="41.9858294" lon="2.8947416000000032">
<ele>386.5315385015053</ele>
<time>2026-08-28T09:25:42.023Z</time>
</trkpt>
<trkpt lat="41.9857972" lon="2.894697000000008">
<ele>386.24753886419876</ele>
<time>2026-08-28T09:25:46.054Z</time>
</trkpt>
<trkpt lat="41.9857601" lon="2.8946550999999943">
<ele>385.73125220137047</ele>
<time>2026-08-28T09:25:49.862Z</time>
</trkpt>
<trkpt lat="41.985732" lon="2.894599999999997">
<ele>385.33859528341</ele>
<time>2026-08-28T09:25:53.980Z</time>
</trkpt>
<trkpt lat="41.9857052" lon="2.8945434000000034">
<ele>384.7829204691664</ele>
<time>2026-08-28T09:25:58.059Z</time>
</trkpt>
<trkpt lat="41.9856785" lon="2.894490100000013">
<ele>384.1695983747249</ele>
<time>2026-08-28T09:26:01.802Z</time>
</trkpt>
<trkpt lat="41.9856521" lon="2.8944376999999974">
<ele>383.6976965267798</ele>
<time>2026-08-28T09:26:05.505Z</time>
</trkpt>
<trkpt lat="41.9856341" lon="2.8943784999999878">
<ele>383.20421939601835</ele>
<time>2026-08-28T09:26:09.055Z</time>
</trkpt>
<trkpt lat="41.9856189" lon="2.8943135000000098">
<ele>382.71862970083083</ele>
<time>2026-08-28T09:26:13.022Z</time>
</trkpt>
<trkpt lat="41.9856014" lon="2.894252300000005">
<ele>381.90345227293506</ele>
<time>2026-08-28T09:26:16.723Z</time>
</trkpt>
<trkpt lat="41.9855841" lon="2.894192199999992">
<ele>381.01366839073404</ele>
<time>2026-08-28T09:26:20.426Z</time>
</trkpt>
<trkpt lat="41.9855626" lon="2.8941318999999908">
<ele>380.27744543019793</ele>
<time>2026-08-28T09:26:24.618Z</time>
</trkpt>
<trkpt lat="41.9855374" lon="2.8940782999999897">
<ele>379.8325913754251</ele>
<time>2026-08-28T09:26:28.786Z</time>
</trkpt>
<trkpt lat="41.9855163" lon="2.894023400000009">
<ele>378.7686193429012</ele>
<time>2026-08-28T09:26:33.141Z</time>
</trkpt>
<trkpt lat="41.9854921" lon="2.8939684000000057">
<ele>377.15593546825005</ele>
<time>2026-08-28T09:26:37.284Z</time>
</trkpt>
<trkpt lat="41.9854627" lon="2.89391710000001">
<ele>375.63573749955964</ele>
<time>2026-08-28T09:26:41.405Z</time>
</trkpt>
<trkpt lat="41.9854285" lon="2.8938718999999935">
<ele>374.3207684569727</ele>
<time>2026-08-28T09:26:45.565Z</time>
</trkpt>
<trkpt lat="41.9853954" lon="2.893827299999998">
<ele>373.096852486358</ele>
<time>2026-08-28T09:26:50.017Z</time>
</trkpt>
<trkpt lat="41.9853588" lon="2.8937883000000113">
<ele>372.0669731247561</ele>
<time>2026-08-28T09:26:53.800Z</time>
</trkpt>
<trkpt lat="41.9853144" lon="2.8937555999999915">
<ele>371.2359409449166</ele>
<time>2026-08-28T09:26:57.960Z</time>
</trkpt>
<trkpt lat="41.9852705" lon="2.893739299999993">
<ele>370.81559143353275</ele>
<time>2026-08-28T09:27:02.137Z</time>
</trkpt>
<trkpt lat="41.985227" lon="2.8937192999999866">
<ele>369.6212975742534</ele>
<time>2026-08-28T09:27:06.017Z</time>
</trkpt>
<trkpt lat="41.9851826" lon="2.893697599999996">
<ele>368.1746282688936</ele>
<time>2026-08-28T09:27:10.000Z</time>
</trkpt>
<trkpt lat="41.9851399" lon="2.8936740000000043">
<ele>366.832236582574</ele>
<time>2026-08-28T09:27:14.063Z</time>
</trkpt>
<trkpt lat="41.9850995" lon="2.8936397999999883">
<ele>365.4661861491754</ele>
<time>2026-08-28T09:27:18.559Z</time>
</trkpt>
<trkpt lat="41.9850555" lon="2.893613700000003">
<ele>364.3121153361776</ele>
<time>2026-08-28T09:27:23.082Z</time>
</trkpt>
<trkpt lat="41.9850123" lon="2.8935855999999944">
<ele>363.27337859506986</ele>
<time>2026-08-28T09:27:27.601Z</time>
</trkpt>
<trkpt lat="41.9849709" lon="2.8935438000000033">
<ele>362.1116780537916</ele>
<time>2026-08-28T09:27:31.827Z</time>
</trkpt>
<trkpt lat="41.9849317" lon="2.893505800000014">
<ele>360.6655803050254</ele>
<time>2026-08-28T09:27:35.842Z</time>
</trkpt>
<trkpt lat="41.9848911" lon="2.893471500000004">
<ele>359.4204982277057</ele>
<time>2026-08-28T09:27:40.005Z</time>
</trkpt>
<trkpt lat="41.9848507" lon="2.8934415999999885">
<ele>358.18069819494474</ele>
<time>2026-08-28T09:27:44.061Z</time>
</trkpt>
<trkpt lat="41.9848095" lon="2.8934123999999883">
<ele>357.0254063740049</ele>
<time>2026-08-28T09:27:47.902Z</time>
</trkpt>
<trkpt lat="41.9847716" lon="2.893378399999989">
<ele>356.0867582496489</ele>
<time>2026-08-28T09:27:51.486Z</time>
</trkpt>
<trkpt lat="41.9847309" lon="2.893343200000004">
<ele>355.29075893335624</ele>
<time>2026-08-28T09:27:55.016Z</time>
</trkpt>
<trkpt lat="41.9846875" lon="2.8933120000000088">
<ele>354.30307431568644</ele>
<time>2026-08-28T09:27:59.703Z</time>
</trkpt>
<trkpt lat="41.9846456" lon="2.8932815000000005">
<ele>352.6748702370857</ele>
<time>2026-08-28T09:28:03.701Z</time>
</trkpt>
<trkpt lat="41.9846039" lon="2.8932502000000113">
<ele>351.0998335856005</ele>
<time>2026-08-28T09:28:07.778Z</time>
</trkpt>
<trkpt lat="41.9845679" lon="2.8932126999999923">
<ele>349.8074602261442</ele>
<time>2026-08-28T09:28:11.465Z</time>
</trkpt>
<trkpt lat="41.9845284" lon="2.893168099999997">
<ele>348.29886208306806</ele>
<time>2026-08-28T09:28:16.044Z</time>
</trkpt>
<trkpt lat="41.9844907" lon="2.893131299999993">
<ele>346.8175200346565</ele>
<time>2026-08-28T09:28:20.284Z</time>
</trkpt>
<trkpt lat="41.9844531" lon="2.8930904000000055">
<ele>345.5503180530437</ele>
<time>2026-08-28T09:28:24.442Z</time>
</trkpt>
<trkpt lat="41.9844182" lon="2.893047899999999">
<ele>344.5023950341668</ele>
<time>2026-08-28T09:28:28.506Z</time>
</trkpt>
<trkpt lat="41.984379" lon="2.8930085000000076">
<ele>342.7853655182563</ele>
<time>2026-08-28T09:28:33.034Z</time>
</trkpt>
<trkpt lat="41.9843473" lon="2.8929636999999957">
<ele>341.53765300527255</ele>
<time>2026-08-28T09:28:37.073Z</time>
</trkpt>
<trkpt lat="41.9843144" lon="2.892921699999988">
<ele>340.3164864645779</ele>
<time>2026-08-28T09:28:41.017Z</time>
</trkpt>
<trkpt lat="41.9842852" lon="2.8928754000000083">
<ele>339.30194071704983</ele>
<time>2026-08-28T09:28:44.559Z</time>
</trkpt>
<trkpt lat="41.9842528" lon="2.8928280000000086">
<ele>338.3227940830295</ele>
<time>2026-08-28T09:28:48.016Z</time>
</trkpt>
<trkpt lat="41.9842289" lon="2.892774000000003">
<ele>337.91471654897686</ele>
<time>2026-08-28T09:28:52.017Z</time>
</trkpt>
<trkpt lat="41.9841852" lon="2.892745700000006">
<ele>336.80503817725895</ele>
<time>2026-08-28T09:28:55.986Z</time>
</trkpt>
<trkpt lat="41.9841385" lon="2.8927267999999913">
<ele>335.57144925940844</ele>
<time>2026-08-28T09:28:59.665Z</time>
</trkpt>
<trkpt lat="41.9840949" lon="2.8927031999999997">
<ele>334.16311961523473</ele>
<time>2026-08-28T09:29:03.079Z</time>
</trkpt>
<trkpt lat="41.9840464" lon="2.892693500000007">
<ele>332.377170436919</ele>
<time>2026-08-28T09:29:06.419Z</time>
</trkpt>
<trkpt lat="41.9840041" lon="2.8926671000000113">
<ele>331.21745467736855</ele>
<time>2026-08-28T09:29:09.800Z</time>
</trkpt>
<trkpt lat="41.983967" lon="2.8926304999999957">
<ele>330.5665745657285</ele>
<time>2026-08-28T09:29:13.017Z</time>
</trkpt>
<trkpt lat="41.9839289" lon="2.8925979999999925">
<ele>329.9286093950744</ele>
<time>2026-08-28T09:29:15.379Z</time>
</trkpt>
<trkpt lat="41.9838916" lon="2.892542800000001">
<ele>330.08394831645035</ele>
<time>2026-08-28T09:29:18.701Z</time>
</trkpt>
<trkpt lat="41.9838514" lon="2.8925002000000006">
<ele>329.73300814251047</ele>
<time>2026-08-28T09:29:21.806Z</time>
</trkpt>
<trkpt lat="41.9838148" lon="2.8924590999999964">
<ele>329.08567028116926</ele>
<time>2026-08-28T09:29:25.017Z</time>
</trkpt>
<trkpt lat="41.9837756" lon="2.8924187000000074">
<ele>328.29593959294647</ele>
<time>2026-08-28T09:29:28.046Z</time>
</trkpt>
<trkpt lat="41.9837426" lon="2.8923723999999993">
<ele>327.9915767453541</ele>
<time>2026-08-28T09:29:31.017Z</time>
</trkpt>
<trkpt lat="41.9837155" lon="2.8923231999999928">
<ele>327.93940012389146</ele>
<time>2026-08-28T09:29:34.016Z</time>
</trkpt>
<trkpt lat="41.9836834" lon="2.8922798000000114">
<ele>327.51965403882394</ele>
<time>2026-08-28T09:29:37.016Z</time>
</trkpt>
<trkpt lat="41.9836493" lon="2.8922363000000075">
<ele>327.16819645964534</ele>
<time>2026-08-28T09:29:40.266Z</time>
</trkpt>
<trkpt lat="41.9836177" lon="2.8921906999999862">
<ele>327.14302500614554</ele>
<time>2026-08-28T09:29:43.393Z</time>
</trkpt>
<trkpt lat="41.9835922" lon="2.8921397000000013">
<ele>327.67580606199186</ele>
<time>2026-08-28T09:29:46.800Z</time>
</trkpt>
<trkpt lat="41.9835644" lon="2.892088099999995">
<ele>328.05287386936493</ele>
<time>2026-08-28T09:29:50.281Z</time>
</trkpt>
<trkpt lat="41.9835329" lon="2.8920366000000115">
<ele>328.06040289589464</ele>
<time>2026-08-28T09:29:53.801Z</time>
</trkpt>
<trkpt lat="41.9835115" lon="2.8919826000000057">
<ele>328.59527953015976</ele>
<time>2026-08-28T09:29:57.266Z</time>
</trkpt>
<trkpt lat="41.983487" lon="2.8919309000000055">
<ele>329.0267249425199</ele>
<time>2026-08-28T09:30:00.786Z</time>
</trkpt>
<trkpt lat="41.983466" lon="2.891876400000001">
<ele>329.7665218414751</ele>
<time>2026-08-28T09:30:04.049Z</time>
</trkpt>
<trkpt lat="41.9834547" lon="2.891816900000009">
<ele>331.087507172912</ele>
<time>2026-08-28T09:30:07.345Z</time>
</trkpt>
<trkpt lat="41.9834304" lon="2.8917583999999863">
<ele>331.87230226837335</ele>
<time>2026-08-28T09:30:11.000Z</time>
</trkpt>
<trkpt lat="41.9834015" lon="2.891710499999988">
<ele>332.3223234153305</ele>
<time>2026-08-28T09:30:14.440Z</time>
</trkpt>
<trkpt lat="41.9833762" lon="2.8916546000000096">
<ele>333.3034062358562</ele>
<time>2026-08-28T09:30:18.624Z</time>
</trkpt>
<trkpt lat="41.9833474" lon="2.8916030999999975">
<ele>334.26099705861714</ele>
<time>2026-08-28T09:30:22.840Z</time>
</trkpt>
<trkpt lat="41.9833165" lon="2.89155199999999">
<ele>335.37175064546665</ele>
<time>2026-08-28T09:30:27.017Z</time>
</trkpt>
<trkpt lat="41.9832733" lon="2.8915130000000033">
<ele>335.69147799847724</ele>
<time>2026-08-28T09:30:32.017Z</time>
</trkpt>
<trkpt lat="41.9832549" lon="2.891452600000008">
<ele>336.77046824602104</ele>
<time>2026-08-28T09:30:36.483Z</time>
</trkpt>
<trkpt lat="41.9832237" lon="2.8914053000000024">
<ele>337.2592333930655</ele>
<time>2026-08-28T09:30:41.744Z</time>
</trkpt>
<trkpt lat="41.9831949" lon="2.8913526999999988">
<ele>337.99228421487754</ele>
<time>2026-08-28T09:30:47.543Z</time>
</trkpt>
<trkpt lat="41.9831621" lon="2.8913043000000016">
<ele>338.5807030997611</ele>
<time>2026-08-28T09:30:53.017Z</time>
</trkpt>
<trkpt lat="41.9831329" lon="2.8912512999999933">
<ele>339.42376256599294</ele>
<time>2026-08-28T09:30:57.927Z</time>
</trkpt>
<trkpt lat="41.9831006" lon="2.891206600000004">
<ele>339.8834638192887</ele>
<time>2026-08-28T09:31:02.799Z</time>
</trkpt>
<trkpt lat="41.9830647" lon="2.8911631">
<ele>340.37216958460385</ele>
<time>2026-08-28T09:31:07.703Z</time>
</trkpt>
<trkpt lat="41.9830222" lon="2.8911409000000106">
<ele>340.33148067734214</ele>
<time>2026-08-28T09:31:11.541Z</time>
</trkpt>
<trkpt lat="41.9829803" lon="2.891117600000001">
<ele>340.2355439209231</ele>
<time>2026-08-28T09:31:15.802Z</time>
</trkpt>
<trkpt lat="41.9829359" lon="2.891087700000014">
<ele>340.33555940073603</ele>
<time>2026-08-28T09:31:20.485Z</time>
</trkpt>
<trkpt lat="41.9828994" lon="2.8910471000000086">
<ele>340.9546501521839</ele>
<time>2026-08-28T09:31:24.779Z</time>
</trkpt>
<trkpt lat="41.9828639" lon="2.891007000000002">
<ele>341.63567436511966</ele>
<time>2026-08-28T09:31:28.945Z</time>
</trkpt>
<trkpt lat="41.9828323" lon="2.890963400000004">
<ele>342.54750613628414</ele>
<time>2026-08-28T09:31:33.046Z</time>
</trkpt>
<trkpt lat="41.9828033" lon="2.8909087000000113">
<ele>343.7072538501856</ele>
<time>2026-08-28T09:31:39.883Z</time>
</trkpt>
<trkpt lat="41.9827765" lon="2.890855899999991">
<ele>344.9933961277693</ele>
<time>2026-08-28T09:31:43.385Z</time>
</trkpt>
<trkpt lat="41.9827474" lon="2.890808099999987">
<ele>346.2124315554506</ele>
<time>2026-08-28T09:31:47.142Z</time>
</trkpt>
<trkpt lat="41.9827189" lon="2.8907576999999947">
<ele>347.40874019976985</ele>
<time>2026-08-28T09:31:51.069Z</time>
</trkpt>
<trkpt lat="41.9826933" lon="2.890704800000009">
<ele>348.7745005983775</ele>
<time>2026-08-28T09:31:55.017Z</time>
</trkpt>
<trkpt lat="41.9826721" lon="2.890649599999989">
<ele>350.12785533907794</ele>
<time>2026-08-28T09:31:58.807Z</time>
</trkpt>
<trkpt lat="41.9826458" lon="2.8905923000000087">
<ele>351.47520412128705</ele>
<time>2026-08-28T09:32:03.579Z</time>
</trkpt>
<trkpt lat="41.9826267" lon="2.8905322999999896">
<ele>353.1063093960504</ele>
<time>2026-08-28T09:32:08.079Z</time>
</trkpt>
<trkpt lat="41.9826034" lon="2.89047819999999">
<ele>354.6794808870462</ele>
<time>2026-08-28T09:32:12.282Z</time>
</trkpt>
<trkpt lat="41.982585" lon="2.890419900000012">
<ele>356.5216425782322</ele>
<time>2026-08-28T09:32:16.380Z</time>
</trkpt>
<trkpt lat="41.9825616" lon="2.8903616999999997">
<ele>357.80632237952767</ele>
<time>2026-08-28T09:32:20.541Z</time>
</trkpt>
<trkpt lat="41.9825331" lon="2.8903118000000063">
<ele>358.8463269915498</ele>
<time>2026-08-28T09:32:24.075Z</time>
</trkpt>
<trkpt lat="41.9825032" lon="2.890256700000009">
<ele>360.1495277962047</ele>
<time>2026-08-28T09:32:28.964Z</time>
</trkpt>
<trkpt lat="41.9824725" lon="2.890211999999991">
<ele>361.326140289983</ele>
<time>2026-08-28T09:32:32.620Z</time>
</trkpt>
<trkpt lat="41.9824477" lon="2.8901612999999884">
<ele>362.06256571075386</ele>
<time>2026-08-28T09:32:36.084Z</time>
</trkpt>
<trkpt lat="41.9824172" lon="2.890110099999987">
<ele>362.424825727694</ele>
<time>2026-08-28T09:32:39.964Z</time>
</trkpt>
<trkpt lat="41.9823845" lon="2.890064200000012">
<ele>361.92294930023934</ele>
<time>2026-08-28T09:32:43.620Z</time>
</trkpt>
<trkpt lat="41.982355" lon="2.8900170000000003">
<ele>361.5562504978405</ele>
<time>2026-08-28T09:32:47.016Z</time>
</trkpt>
<trkpt lat="41.98232" lon="2.889960000000002">
<ele>361.25430038582556</ele>
<time>2026-08-28T09:32:51.007Z</time>
</trkpt>
<trkpt lat="41.9822894" lon="2.889906200000013">
<ele>361.1144452575866</ele>
<time>2026-08-28T09:32:56.067Z</time>
</trkpt>
<trkpt lat="41.982264" lon="2.889852200000007">
<ele>361.1075073851643</ele>
<time>2026-08-28T09:33:00.017Z</time>
</trkpt>
<trkpt lat="41.9822383" lon="2.889797499999986">
<ele>360.10999930975436</ele>
<time>2026-08-28T09:33:04.060Z</time>
</trkpt>
<trkpt lat="41.9822261" lon="2.889738399999999">
<ele>358.9554613816112</ele>
<time>2026-08-28T09:33:08.360Z</time>
</trkpt>
<trkpt lat="41.9822091" lon="2.889680400000003">
<ele>357.8331533920939</ele>
<time>2026-08-28T09:33:12.279Z</time>
</trkpt>
<trkpt lat="41.9822095" lon="2.8896140999999886">
<ele>356.5681051452726</ele>
<time>2026-08-28T09:33:15.944Z</time>
</trkpt>
<trkpt lat="41.9822181" lon="2.8895545000000027">
<ele>355.42095678804804</ele>
<time>2026-08-28T09:33:19.398Z</time>
</trkpt>
<trkpt lat="41.9822353" lon="2.889496400000013">
<ele>354.3151280167412</ele>
<time>2026-08-28T09:33:22.862Z</time>
</trkpt>
<trkpt lat="41.9822496" lon="2.8894372999999973">
<ele>353.2337179682367</ele>
<time>2026-08-28T09:33:25.886Z</time>
</trkpt>
<trkpt lat="41.982237" lon="2.889373500000005">
<ele>351.9925017328332</ele>
<time>2026-08-28T09:33:30.022Z</time>
</trkpt>
<trkpt lat="41.9822151" lon="2.8893099999999947">
<ele>350.6606204073567</ele>
<time>2026-08-28T09:33:34.640Z</time>
</trkpt>
<trkpt lat="41.9821895" lon="2.889258500000011">
<ele>350.0327626793179</ele>
<time>2026-08-28T09:33:37.821Z</time>
</trkpt>
<trkpt lat="41.9821598" lon="2.8892108000000007">
<ele>349.6549831571127</ele>
<time>2026-08-28T09:33:41.164Z</time>
</trkpt>
<trkpt lat="41.9821268" lon="2.8891643999999985">
<ele>349.04554803065093</ele>
<time>2026-08-28T09:33:44.900Z</time>
</trkpt>
<trkpt lat="41.9820947" lon="2.889116300000012">
<ele>348.19814525768606</ele>
<time>2026-08-28T09:33:48.960Z</time>
</trkpt>
<trkpt lat="41.9820619" lon="2.8890703000000144">
<ele>347.1366715197031</ele>
<time>2026-08-28T09:33:52.522Z</time>
</trkpt>
<trkpt lat="41.9820317" lon="2.8890254000000084">
<ele>345.91778179978553</ele>
<time>2026-08-28T09:33:57.017Z</time>
</trkpt>
<trkpt lat="41.9820024" lon="2.8889787999999896">
<ele>344.7777950311349</ele>
<time>2026-08-28T09:34:00.943Z</time>
</trkpt>
<trkpt lat="41.9819671" lon="2.8889350999999976">
<ele>343.49818278836995</ele>
<time>2026-08-28T09:34:05.017Z</time>
</trkpt>
<trkpt lat="41.9819463" lon="2.8888808000000097">
<ele>342.3247113697148</ele>
<time>2026-08-28T09:34:09.023Z</time>
</trkpt>
<trkpt lat="41.9819422" lon="2.8888201000000038">
<ele>341.45500594381315</ele>
<time>2026-08-28T09:34:13.062Z</time>
</trkpt>
<trkpt lat="41.9819362" lon="2.8887564999999995">
<ele>340.4632753206055</ele>
<time>2026-08-28T09:34:17.017Z</time>
</trkpt>
<trkpt lat="41.9819305" lon="2.88869489999999">
<ele>339.6377615658345</ele>
<time>2026-08-28T09:34:20.820Z</time>
</trkpt>
<trkpt lat="41.9819351" lon="2.888634400000001">
<ele>339.2560709803181</ele>
<time>2026-08-28T09:34:24.964Z</time>
</trkpt>
<trkpt lat="41.9819421" lon="2.88856659999999">
<ele>338.89256007405527</ele>
<time>2026-08-28T09:34:29.023Z</time>
</trkpt>
<trkpt lat="41.9819468" lon="2.888505500000008">
<ele>338.5119260460309</ele>
<time>2026-08-28T09:34:33.064Z</time>
</trkpt>
<trkpt lat="41.9819067" lon="2.888537200000002">
<ele>337.6437469767881</ele>
<time>2026-08-28T09:34:41.760Z</time>
</trkpt>
<trkpt lat="41.9818723" lon="2.888580100000013">
<ele>337.4862518893265</ele>
<time>2026-08-28T09:34:45.047Z</time>
</trkpt>
<trkpt lat="41.9818424" lon="2.8886314000000084">
<ele>337.54318846915555</ele>
<time>2026-08-28T09:34:49.400Z</time>
</trkpt>
<trkpt lat="41.9818269" lon="2.8886929999999893">
<ele>337.97275545279615</ele>
<time>2026-08-28T09:34:53.023Z</time>
</trkpt>
<trkpt lat="41.9818067" lon="2.8887526999999977">
<ele>338.49779333326376</ele>
<time>2026-08-28T09:34:57.585Z</time>
</trkpt>
<trkpt lat="41.9817913" lon="2.8888115000000028">
<ele>339.44832045106483</ele>
<time>2026-08-28T09:35:01.624Z</time>
</trkpt>
<trkpt lat="41.9817865" lon="2.888875799999994">
<ele>340.6601365578461</ele>
<time>2026-08-28T09:35:05.842Z</time>
</trkpt>
<trkpt lat="41.9817765" lon="2.8889365">
<ele>341.8084376344233</ele>
<time>2026-08-28T09:35:10.076Z</time>
</trkpt>
<trkpt lat="41.9817495" lon="2.888986999999986">
<ele>342.77559915818165</ele>
<time>2026-08-28T09:35:13.859Z</time>
</trkpt>
<trkpt lat="41.9817121" lon="2.8890306000000123">
<ele>343.7839504625771</ele>
<time>2026-08-28T09:35:17.902Z</time>
</trkpt>
<trkpt lat="41.981666" lon="2.8890572999999904">
<ele>344.49861948218916</ele>
<time>2026-08-28T09:35:22.960Z</time>
</trkpt>
<trkpt lat="41.9816176" lon="2.8890461999999957">
<ele>344.7298601385234</ele>
<time>2026-08-28T09:35:27.000Z</time>
</trkpt>
<trkpt lat="41.9815727" lon="2.8890294999999924">
<ele>345.34595426925034</ele>
<time>2026-08-28T09:35:31.064Z</time>
</trkpt>
<trkpt lat="41.9815249" lon="2.8890136999999925">
<ele>346.1230927986571</ele>
<time>2026-08-28T09:35:35.705Z</time>
</trkpt>
<trkpt lat="41.9814797" lon="2.889002699999992">
<ele>347.0097293716822</ele>
<time>2026-08-28T09:35:40.739Z</time>
</trkpt>
<trkpt lat="41.9814344" lon="2.8889785000000074">
<ele>347.7181565460307</ele>
<time>2026-08-28T09:35:44.804Z</time>
</trkpt>
<trkpt lat="41.9814026" lon="2.888932600000004">
<ele>347.8193091768983</ele>
<time>2026-08-28T09:35:48.202Z</time>
</trkpt>
<trkpt lat="41.9813711" lon="2.8888841000000127">
<ele>348.0016160906267</ele>
<time>2026-08-28T09:35:52.004Z</time>
</trkpt>
<trkpt lat="41.9813415" lon="2.888836700000013">
<ele>348.4719619788816</ele>
<time>2026-08-28T09:35:55.501Z</time>
</trkpt>
<trkpt lat="41.9813078" lon="2.8887967000000003">
<ele>349.41997772389516</ele>
<time>2026-08-28T09:35:59.582Z</time>
</trkpt>
<trkpt lat="41.9812911" lon="2.8887367000000097">
<ele>349.5270207040806</ele>
<time>2026-08-28T09:36:04.178Z</time>
</trkpt>
<trkpt lat="41.9812725" lon="2.8886799999999937">
<ele>349.9114760636766</ele>
<time>2026-08-28T09:36:08.443Z</time>
</trkpt>
<trkpt lat="41.9812621" lon="2.888620199999991">
<ele>349.9343566023174</ele>
<time>2026-08-28T09:36:12.037Z</time>
</trkpt>
<trkpt lat="41.9812653" lon="2.888557999999989">
<ele>349.26476604219704</ele>
<time>2026-08-28T09:36:15.485Z</time>
</trkpt>
<trkpt lat="41.981261" lon="2.888489800000002">
<ele>348.94546630334213</ele>
<time>2026-08-28T09:36:19.800Z</time>
</trkpt>
<trkpt lat="41.9812555" lon="2.88842360000001">
<ele>348.74644904669594</ele>
<time>2026-08-28T09:36:24.016Z</time>
</trkpt>
<trkpt lat="41.981261" lon="2.8883599000000117">
<ele>347.9754960101097</ele>
<time>2026-08-28T09:36:28.016Z</time>
</trkpt>
<trkpt lat="41.9812365" lon="2.8883089999999925">
<ele>348.9312621910848</ele>
<time>2026-08-28T09:36:30.202Z</time>
</trkpt>
<trkpt lat="41.9812188" lon="2.888245399999988">
<ele>349.38536246618736</ele>
<time>2026-08-28T09:36:34.016Z</time>
</trkpt>
<trkpt lat="41.9812154" lon="2.888182999999998">
<ele>349.0683424837333</ele>
<time>2026-08-28T09:36:38.499Z</time>
</trkpt>
<trkpt lat="41.9812082" lon="2.8881212000000005">
<ele>348.78726684820157</ele>
<time>2026-08-28T09:36:41.960Z</time>
</trkpt>
<trkpt lat="41.9811992" lon="2.8880618999999967">
<ele>348.58361239862893</ele>
<time>2026-08-28T09:36:45.899Z</time>
</trkpt>
<trkpt lat="41.9811819" lon="2.8879989000000137">
<ele>348.69913527221667</ele>
<time>2026-08-28T09:36:49.998Z</time>
</trkpt>
<trkpt lat="41.9811685" lon="2.887937800000003">
<ele>348.5995654549316</ele>
<time>2026-08-28T09:36:54.257Z</time>
</trkpt>
<trkpt lat="41.9811581" lon="2.8878760000000057">
<ele>348.2186139931078</ele>
<time>2026-08-28T09:36:58.060Z</time>
</trkpt>
<trkpt lat="41.9811334" lon="2.887825399999997">
<ele>348.4778096348515</ele>
<time>2026-08-28T09:37:02.016Z</time>
</trkpt>
<trkpt lat="41.9811078" lon="2.887769700000007">
<ele>348.6741634666218</ele>
<time>2026-08-28T09:37:05.616Z</time>
</trkpt>
<trkpt lat="41.9810895" lon="2.8877094000000056">
<ele>348.4594808118758</ele>
<time>2026-08-28T09:37:19.042Z</time>
</trkpt>
<trkpt lat="41.9810473" lon="2.887673299999989">
<ele>348.83424702043106</ele>
<time>2026-08-28T09:37:22.561Z</time>
</trkpt>
<trkpt lat="41.9810036" lon="2.887631099999993">
<ele>348.9840761996325</ele>
<time>2026-08-28T09:37:27.047Z</time>
</trkpt>
<trkpt lat="41.9809846" lon="2.8876061999999934">
<ele>348.85724275048074</ele>
<time>2026-08-28T09:38:00.341Z</time>
</trkpt>
<trkpt lat="41.9809418" lon="2.8875850000000014">
<ele>349.2620906046813</ele>
<time>2026-08-28T09:39:30.016Z</time>
</trkpt>
<trkpt lat="41.9809386" lon="2.8875184999999988">
<ele>347.8960015758301</ele>
<time>2026-08-28T09:39:34.361Z</time>
</trkpt>
<trkpt lat="41.9809016" lon="2.8874705000000063">
<ele>347.64224505987085</ele>
<time>2026-08-28T09:39:36.015Z</time>
</trkpt>
<trkpt lat="41.9808749" lon="2.887414000000007">
<ele>347.0133271235703</ele>
<time>2026-08-28T09:39:38.881Z</time>
</trkpt>
<trkpt lat="41.9808304" lon="2.8874011000000053">
<ele>347.69955397367613</ele>
<time>2026-08-28T09:39:41.439Z</time>
</trkpt>
<trkpt lat="41.980799" lon="2.8873490999999945">
<ele>347.0415427002919</ele>
<time>2026-08-28T09:39:49.016Z</time>
</trkpt>
<trkpt lat="41.9807705" lon="2.8873020999999994">
<ele>345.4212631457339</ele>
<time>2026-08-28T09:39:52.938Z</time>
</trkpt>
<trkpt lat="41.9807404" lon="2.8872513999999967">
<ele>343.6363540859126</ele>
<time>2026-08-28T09:39:58.016Z</time>
</trkpt>
<trkpt lat="41.9807249" lon="2.88718990000001">
<ele>341.7338772489137</ele>
<time>2026-08-28T09:40:02.522Z</time>
</trkpt>
<trkpt lat="41.9806816" lon="2.887168900000006">
<ele>340.6042398908916</ele>
<time>2026-08-28T09:40:08.176Z</time>
</trkpt>
<trkpt lat="41.9806454" lon="2.887131199999999">
<ele>339.09884464067795</ele>
<time>2026-08-28T09:40:12.016Z</time>
</trkpt>
<trkpt lat="41.9806089" lon="2.887092200000012">
<ele>337.55191699261417</ele>
<time>2026-08-28T09:40:16.016Z</time>
</trkpt>
<trkpt lat="41.9805704" lon="2.887049999999988">
<ele>335.82733883373317</ele>
<time>2026-08-28T09:40:19.399Z</time>
</trkpt>
<trkpt lat="41.9805316" lon="2.887011400000006">
<ele>334.0967812169905</ele>
<time>2026-08-28T09:40:23.640Z</time>
</trkpt>
<trkpt lat="41.9804931" lon="2.8869795999999894">
<ele>332.42141132665176</ele>
<time>2026-08-28T09:40:27.158Z</time>
</trkpt>
<trkpt lat="41.9804517" lon="2.8869496000000083">
<ele>330.7182775587622</ele>
<time>2026-08-28T09:40:30.875Z</time>
</trkpt>
<trkpt lat="41.9804727" lon="2.886895900000013">
<ele>329.3423335442098</ele>
<time>2026-08-28T09:40:40.499Z</time>
</trkpt>
<trkpt lat="41.9805183" lon="2.8868943999999885">
<ele>330.12320995301667</ele>
<time>2026-08-28T09:40:47.070Z</time>
</trkpt>
<trkpt lat="41.9805613" lon="2.886917699999998">
<ele>331.4916797515434</ele>
<time>2026-08-28T09:40:53.617Z</time>
</trkpt>
<trkpt lat="41.9806015" lon="2.8869479999999896">
<ele>332.9878503451558</ele>
<time>2026-08-28T09:40:58.016Z</time>
</trkpt>
<trkpt lat="41.9806382" lon="2.8869846000000052">
<ele>334.62693027724123</ele>
<time>2026-08-28T09:41:02.962Z</time>
</trkpt>
<trkpt lat="41.9806757" lon="2.8870242000000133">
<ele>336.3591759271328</ele>
<time>2026-08-28T09:41:08.702Z</time>
</trkpt>
<trkpt lat="41.9807149" lon="2.8870622999999966">
<ele>338.05356343200305</ele>
<time>2026-08-28T09:41:13.759Z</time>
</trkpt>
<trkpt lat="41.9807439" lon="2.887115399999999">
<ele>339.9057961778817</ele>
<time>2026-08-28T09:41:21.523Z</time>
</trkpt>
<trkpt lat="41.9807786" lon="2.887153899999987">
<ele>341.4126444894325</ele>
<time>2026-08-28T09:41:26.156Z</time>
</trkpt>
<trkpt lat="41.9808211" lon="2.887184700000006">
<ele>342.29643968795864</ele>
<time>2026-08-28T09:41:30.797Z</time>
</trkpt>
<trkpt lat="41.980856" lon="2.887230499999987">
<ele>342.7888092106304</ele>
<time>2026-08-28T09:41:35.901Z</time>
</trkpt>
<trkpt lat="41.9808925" lon="2.8872704000000056">
<ele>343.09192348790634</ele>
<time>2026-08-28T09:41:40.043Z</time>
</trkpt>
<trkpt lat="41.9809255" lon="2.887314300000014">
<ele>343.5953613708252</ele>
<time>2026-08-28T09:41:43.800Z</time>
</trkpt>
<trkpt lat="41.9809599" lon="2.8873542999999984">
<ele>343.8972413957251</ele>
<time>2026-08-28T09:41:47.302Z</time>
</trkpt>
<trkpt lat="41.9809972" lon="2.8873938000000123">
<ele>343.94795241971417</ele>
<time>2026-08-28T09:41:51.019Z</time>
</trkpt>
<trkpt lat="41.9810344" lon="2.887433399999992">
<ele>344.02318098688477</ele>
<time>2026-08-28T09:41:54.641Z</time>
</trkpt>
<trkpt lat="41.9810682" lon="2.8874733000000106">
<ele>344.19683360073236</ele>
<time>2026-08-28T09:41:57.862Z</time>
</trkpt>
<trkpt lat="41.9811032" lon="2.8875122999999974">
<ele>343.99427099980625</ele>
<time>2026-08-28T09:42:01.090Z</time>
</trkpt>
<trkpt lat="41.9811504" lon="2.8875447000000065">
<ele>342.7942906434741</ele>
<time>2026-08-28T09:42:03.936Z</time>
</trkpt>
<trkpt lat="41.9811979" lon="2.887556999999987">
<ele>341.11038811849795</ele>
<time>2026-08-28T09:42:06.961Z</time>
</trkpt>
<trkpt lat="41.9812463" lon="2.8875558999999953">
<ele>339.1115741210309</ele>
<time>2026-08-28T09:42:09.981Z</time>
</trkpt>
<trkpt lat="41.9812965" lon="2.8875620000000026">
<ele>337.16737644126994</ele>
<time>2026-08-28T09:42:12.536Z</time>
</trkpt>
<trkpt lat="41.9813551" lon="2.887590799999998">
<ele>335.22673060631604</ele>
<time>2026-08-28T09:42:16.085Z</time>
</trkpt>
<trkpt lat="41.981399" lon="2.887615299999993">
<ele>333.29026410321177</ele>
<time>2026-08-28T09:42:36.052Z</time>
</trkpt>
<trkpt lat="41.9814422" lon="2.887644800000004">
<ele>331.35161224166285</ele>
<time>2026-08-28T09:42:41.014Z</time>
</trkpt>
<trkpt lat="41.9814863" lon="2.8876678000000027">
<ele>329.2627652865469</ele>
<time>2026-08-28T09:42:51.620Z</time>
</trkpt>
<trkpt lat="41.9815276" lon="2.887641099999996">
<ele>326.57369036927946</ele>
<time>2026-08-28T09:43:01.015Z</time>
</trkpt>
<trkpt lat="41.9815457" lon="2.8875803999999903">
<ele>324.5288733059914</ele>
<time>2026-08-28T09:45:17.015Z</time>
</trkpt>
<trkpt lat="41.9815861" lon="2.887505900000008">
<ele>320.8892463883502</ele>
<time>2026-08-28T09:45:21.015Z</time>
</trkpt>
<trkpt lat="41.9815637" lon="2.8874522000000127">
<ele>321.17835486918136</ele>
<time>2026-08-28T09:45:24.014Z</time>
</trkpt>
<trkpt lat="41.9815649" lon="2.887387600000011">
<ele>319.92675251974566</ele>
<time>2026-08-28T09:45:29.015Z</time>
</trkpt>
<trkpt lat="41.9815529" lon="2.887327599999992">
<ele>319.5078928672851</ele>
<time>2026-08-28T09:45:35.015Z</time>
</trkpt>
<trkpt lat="41.9815382" lon="2.8872618999999986">
<ele>318.998551105289</ele>
<time>2026-08-28T09:45:39.847Z</time>
</trkpt>
<trkpt lat="41.9815379" lon="2.887200799999988">
<ele>317.7489284497059</ele>
<time>2026-08-28T09:45:45.552Z</time>
</trkpt>
<trkpt lat="41.9815389" lon="2.8871354000000053">
<ele>316.3465529187697</ele>
<time>2026-08-28T09:45:50.031Z</time>
</trkpt>
<trkpt lat="41.981541" lon="2.8870708000000036">
<ele>314.91957952244354</ele>
<time>2026-08-28T09:45:54.014Z</time>
</trkpt>
<trkpt lat="41.981529" lon="2.8870119999999986">
<ele>314.0308262080861</ele>
<time>2026-08-28T09:46:04.014Z</time>
</trkpt>
<trkpt lat="41.981522" lon="2.8869513999999867">
<ele>312.7949673284822</ele>
<time>2026-08-28T09:46:07.015Z</time>
</trkpt>
<trkpt lat="41.9815176" lon="2.8868855999999994">
<ele>311.2823470690224</ele>
<time>2026-08-28T09:46:09.913Z</time>
</trkpt>
<trkpt lat="41.9814922" lon="2.886833899999999">
<ele>310.603576770947</ele>
<time>2026-08-28T09:46:13.633Z</time>
</trkpt>
<trkpt lat="41.9814871" lon="2.886769600000008">
<ele>309.0931744878982</ele>
<time>2026-08-28T09:46:17.014Z</time>
</trkpt>
<trkpt lat="41.9814701" lon="2.8867090999999903">
<ele>308.08001409380597</ele>
<time>2026-08-28T09:46:20.390Z</time>
</trkpt>
<trkpt lat="41.9814495" lon="2.8866462999999953">
<ele>306.7002940174817</ele>
<time>2026-08-28T09:46:23.933Z</time>
</trkpt>
<trkpt lat="41.9814504" lon="2.8865828000000135">
<ele>305.12260424137014</ele>
<time>2026-08-28T09:46:29.015Z</time>
</trkpt>
<trkpt lat="41.9814548" lon="2.886519600000014">
<ele>303.6371246270712</ele>
<time>2026-08-28T09:46:32.729Z</time>
</trkpt>
<trkpt lat="41.9814457" lon="2.8864560000000097">
<ele>302.9690020489791</ele>
<time>2026-08-28T09:46:36.994Z</time>
</trkpt>
<trkpt lat="41.9814379" lon="2.886395499999992">
<ele>302.47093291841674</ele>
<time>2026-08-28T09:46:41.014Z</time>
</trkpt>
<trkpt lat="41.9814294" lon="2.8863316000000054">
<ele>301.8411328975393</ele>
<time>2026-08-28T09:46:45.907Z</time>
</trkpt>
<trkpt lat="41.9814153" lon="2.8862675000000024">
<ele>300.8692511132921</ele>
<time>2026-08-28T09:46:49.870Z</time>
</trkpt>
<trkpt lat="41.9813971" lon="2.886212300000011">
<ele>299.9616524440762</ele>
<time>2026-08-28T09:46:54.015Z</time>
</trkpt>
<trkpt lat="41.9813785" lon="2.8861529000000132">
<ele>299.7028097202622</ele>
<time>2026-08-28T09:46:58.791Z</time>
</trkpt>
<trkpt lat="41.9813596" lon="2.8860928">
<ele>299.5408236613215</ele>
<time>2026-08-28T09:47:03.647Z</time>
</trkpt>
<trkpt lat="41.9813386" lon="2.886039000000011">
<ele>299.67322134469913</ele>
<time>2026-08-28T09:47:07.270Z</time>
</trkpt>
<trkpt lat="41.9813267" lon="2.885976400000004">
<ele>299.78963924742084</ele>
<time>2026-08-28T09:47:11.570Z</time>
</trkpt>
<trkpt lat="41.9813117" lon="2.885915699999998">
<ele>300.01569195904494</ele>
<time>2026-08-28T09:47:16.023Z</time>
</trkpt>
<trkpt lat="41.9812978" lon="2.885858000000013">
<ele>300.3570351084758</ele>
<time>2026-08-28T09:47:20.014Z</time>
</trkpt>
<trkpt lat="41.9812751" lon="2.8857988000000034">
<ele>300.24407205313634</ele>
<time>2026-08-28T09:47:23.993Z</time>
</trkpt>
<trkpt lat="41.9812517" lon="2.8857415999999887">
<ele>299.8859903791898</ele>
<time>2026-08-28T09:47:27.750Z</time>
</trkpt>
<trkpt lat="41.9812297" lon="2.8856858999999986">
<ele>299.3910851269887</ele>
<time>2026-08-28T09:47:31.051Z</time>
</trkpt>
<trkpt lat="41.9812067" lon="2.8856283000000076">
<ele>298.97736760575333</ele>
<time>2026-08-28T09:47:33.929Z</time>
</trkpt>
<trkpt lat="41.9811822" lon="2.885565799999995">
<ele>298.5414925832108</ele>
<time>2026-08-28T09:47:37.013Z</time>
</trkpt>
<trkpt lat="41.9811558" lon="2.885506499999991">
<ele>297.8853520439306</ele>
<time>2026-08-28T09:47:40.014Z</time>
</trkpt>
<trkpt lat="41.9811306" lon="2.8854512000000057">
<ele>297.1691134042384</ele>
<time>2026-08-28T09:47:43.015Z</time>
</trkpt>
<trkpt lat="41.9810987" lon="2.885400500000003">
<ele>295.9515355421004</ele>
<time>2026-08-28T09:47:46.014Z</time>
</trkpt>
<trkpt lat="41.9810677" lon="2.885350299999999">
<ele>295.3352168720111</ele>
<time>2026-08-28T09:47:48.852Z</time>
</trkpt>
<trkpt lat="41.9810375" lon="2.8852953999999897">
<ele>295.11113845767784</ele>
<time>2026-08-28T09:47:52.014Z</time>
</trkpt>
<trkpt lat="41.9810084" lon="2.8852487999999994">
<ele>294.83286436477346</ele>
<time>2026-08-28T09:47:54.774Z</time>
</trkpt>
<trkpt lat="41.9809794" lon="2.8852017000000103">
<ele>294.628602395425</ele>
<time>2026-08-28T09:47:57.426Z</time>
</trkpt>
<trkpt lat="41.9809488" lon="2.8851531999999906">
<ele>294.4513022931478</ele>
<time>2026-08-28T09:48:00.512Z</time>
</trkpt>
<trkpt lat="41.9809225" lon="2.885102399999994">
<ele>294.6570778184701</ele>
<time>2026-08-28T09:48:03.726Z</time>
</trkpt>
<trkpt lat="41.9808979" lon="2.885041199999989">
<ele>295.4236854111426</ele>
<time>2026-08-28T09:48:06.890Z</time>
</trkpt>
<trkpt lat="41.9808693" lon="2.884982100000002">
<ele>295.8868209486849</ele>
<time>2026-08-28T09:48:10.550Z</time>
</trkpt>
<trkpt lat="41.9808388" lon="2.8849315999999874">
<ele>295.9506058438698</ele>
<time>2026-08-28T09:48:13.690Z</time>
</trkpt>
<trkpt lat="41.9808095" lon="2.884878399999991">
<ele>296.06134742378464</ele>
<time>2026-08-28T09:48:16.831Z</time>
</trkpt>
<trkpt lat="41.9807884" lon="2.884822600000007">
<ele>296.2113142541653</ele>
<time>2026-08-28T09:48:20.046Z</time>
</trkpt>
<trkpt lat="41.9807664" lon="2.8847675000000095">
<ele>295.9267024064792</ele>
<time>2026-08-28T09:48:23.552Z</time>
</trkpt>
<trkpt lat="41.9807409" lon="2.8847106999999994">
<ele>295.6141928821736</ele>
<time>2026-08-28T09:48:27.015Z</time>
</trkpt>
<trkpt lat="41.9807222" lon="2.8846518999999944">
<ele>295.77835305600155</ele>
<time>2026-08-28T09:48:30.670Z</time>
</trkpt>
<trkpt lat="41.9806982" lon="2.884598600000004">
<ele>295.7124547652535</ele>
<time>2026-08-28T09:48:34.015Z</time>
</trkpt>
<trkpt lat="41.9806673" lon="2.8845492000000093">
<ele>295.45749091329293</ele>
<time>2026-08-28T09:48:37.472Z</time>
</trkpt>
<trkpt lat="41.9806327" lon="2.884502199999986">
<ele>295.25327621153264</ele>
<time>2026-08-28T09:48:42.909Z</time>
</trkpt>
<trkpt lat="41.9805962" lon="2.8844555999999955">
<ele>295.0581530350582</ele>
<time>2026-08-28T09:48:47.709Z</time>
</trkpt>
<trkpt lat="41.9805632" lon="2.884410800000012">
<ele>295.03838724175534</ele>
<time>2026-08-28T09:48:50.793Z</time>
</trkpt>
<trkpt lat="41.980529" lon="2.884371399999992">
<ele>294.905323280673</ele>
<time>2026-08-28T09:48:53.368Z</time>
</trkpt>
<trkpt lat="41.9804867" lon="2.8843234999999936">
<ele>295.6237529079986</ele>
<time>2026-08-28T09:48:56.888Z</time>
</trkpt>
<trkpt lat="41.9804519" lon="2.884281499999986">
<ele>296.3843387480076</ele>
<time>2026-08-28T09:48:59.657Z</time>
</trkpt>
<trkpt lat="41.9804157" lon="2.884236499999986">
<ele>297.0715714235213</ele>
<time>2026-08-28T09:49:03.038Z</time>
</trkpt>
<trkpt lat="41.9803834" lon="2.8841927">
<ele>297.6045724977647</ele>
<time>2026-08-28T09:49:06.015Z</time>
</trkpt>
<trkpt lat="41.9803563" lon="2.884141800000009">
<ele>298.2421694507213</ele>
<time>2026-08-28T09:49:08.893Z</time>
</trkpt>
<trkpt lat="41.9803408" lon="2.884081699999996">
<ele>299.2131183845699</ele>
<time>2026-08-28T09:49:12.712Z</time>
</trkpt>
<trkpt lat="41.980335" lon="2.8840132999999923">
<ele>300.5422865311599</ele>
<time>2026-08-28T09:49:17.070Z</time>
</trkpt>
<trkpt lat="41.9803415" lon="2.88395349999999">
<ele>300.6678183920088</ele>
<time>2026-08-28T09:49:21.168Z</time>
</trkpt>
<trkpt lat="41.9803557" lon="2.8838931999999886">
<ele>300.9371341257475</ele>
<time>2026-08-28T09:49:26.017Z</time>
</trkpt>
<trkpt lat="41.9803639" lon="2.8838323999999886">
<ele>301.06383729900097</ele>
<time>2026-08-28T09:49:30.971Z</time>
</trkpt>
<trkpt lat="41.9803727" lon="2.883767000000006">
<ele>301.27567949077</ele>
<time>2026-08-28T09:49:35.016Z</time>
</trkpt>
<trkpt lat="41.9803823" lon="2.8837021999999877">
<ele>301.47757797677514</ele>
<time>2026-08-28T09:49:39.490Z</time>
</trkpt>
<trkpt lat="41.9803793" lon="2.88364150000001">
<ele>300.88916611635966</ele>
<time>2026-08-28T09:49:43.108Z</time>
</trkpt>
<trkpt lat="41.9803696" lon="2.8835755000000063">
<ele>299.90552581405547</ele>
<time>2026-08-28T09:49:46.850Z</time>
</trkpt>
<trkpt lat="41.9803504" lon="2.8835181999999975">
<ele>298.46235057054935</ele>
<time>2026-08-28T09:49:50.708Z</time>
</trkpt>
<trkpt lat="41.9803383" lon="2.883458300000001">
<ele>297.35236569029433</ele>
<time>2026-08-28T09:49:53.768Z</time>
</trkpt>
<trkpt lat="41.9803231" lon="2.8834000999999887">
<ele>296.83653800624296</ele>
<time>2026-08-28T09:49:57.229Z</time>
</trkpt>
<trkpt lat="41.9803105" lon="2.8833391999999947">
<ele>296.6189813941576</ele>
<time>2026-08-28T09:50:00.988Z</time>
</trkpt>
<trkpt lat="41.9803013" lon="2.8832741999999882">
<ele>296.61456582420726</ele>
<time>2026-08-28T09:50:04.487Z</time>
</trkpt>
<trkpt lat="41.9802915" lon="2.8832127999999955">
<ele>296.54614683340077</ele>
<time>2026-08-28T09:50:08.038Z</time>
</trkpt>
<trkpt lat="41.9802708" lon="2.883156000000014">
<ele>296.0781138858649</ele>
<time>2026-08-28T09:50:11.489Z</time>
</trkpt>
<trkpt lat="41.9802553" lon="2.883098999999987">
<ele>296.5952210302463</ele>
<time>2026-08-28T09:50:15.986Z</time>
</trkpt>
<trkpt lat="41.9802295" lon="2.883047000000005">
<ele>296.7707525142</ele>
<time>2026-08-28T09:50:20.016Z</time>
</trkpt>
<trkpt lat="41.9802004" lon="2.8830006999999966">
<ele>296.82349781061987</ele>
<time>2026-08-28T09:50:23.267Z</time>
</trkpt>
<trkpt lat="41.9801723" lon="2.882948099999993">
<ele>297.16596196645725</ele>
<time>2026-08-28T09:50:26.889Z</time>
</trkpt>
<trkpt lat="41.9801432" lon="2.882894599999986">
<ele>297.5935536413103</ele>
<time>2026-08-28T09:50:30.511Z</time>
</trkpt>
<trkpt lat="41.9801252" lon="2.8828354000000047">
<ele>298.20594483763523</ele>
<time>2026-08-28T09:50:34.016Z</time>
</trkpt>
<trkpt lat="41.9801101" lon="2.882774399999988">
<ele>298.9384456023278</ele>
<time>2026-08-28T09:50:36.726Z</time>
</trkpt>
<trkpt lat="41.9800898" lon="2.8827201999999943">
<ele>299.3484984011886</ele>
<time>2026-08-28T09:50:41.058Z</time>
</trkpt>
<trkpt lat="41.9800672" lon="2.88266440000001">
<ele>299.7067612456938</ele>
<time>2026-08-28T09:50:45.069Z</time>
</trkpt>
<trkpt lat="41.9800438" lon="2.882605699999999">
<ele>300.06205788187117</ele>
<time>2026-08-28T09:50:48.708Z</time>
</trkpt>
<trkpt lat="41.9800186" lon="2.8825547000000142">
<ele>300.08307335795655</ele>
<time>2026-08-28T09:50:52.049Z</time>
</trkpt>
<trkpt lat="41.9799967" lon="2.882500399999998">
<ele>300.30696137753046</ele>
<time>2026-08-28T09:50:54.568Z</time>
</trkpt>
<trkpt lat="41.9799798" lon="2.882441099999994">
<ele>300.81518039118015</ele>
<time>2026-08-28T09:50:58.352Z</time>
</trkpt>
<trkpt lat="41.9799626" lon="2.8823817999999903">
<ele>301.2095244145435</ele>
<time>2026-08-28T09:51:01.493Z</time>
</trkpt>
<trkpt lat="41.9799482" lon="2.882321399999995">
<ele>301.47991830769803</ele>
<time>2026-08-28T09:51:04.931Z</time>
</trkpt>
<trkpt lat="41.9799282" lon="2.8822600000000023">
<ele>301.09557739476736</ele>
<time>2026-08-28T09:51:08.707Z</time>
</trkpt>
<trkpt lat="41.9799146" lon="2.8822006999999985">
<ele>301.0131648917281</ele>
<time>2026-08-28T09:51:11.911Z</time>
</trkpt>
<trkpt lat="41.9798959" lon="2.8821424999999863">
<ele>300.7239261331545</ele>
<time>2026-08-28T09:51:16.016Z</time>
</trkpt>
<trkpt lat="41.9798896" lon="2.88207349999999">
<ele>301.09618187189676</ele>
<time>2026-08-28T09:51:19.890Z</time>
</trkpt>
<trkpt lat="41.9798911" lon="2.8820043000000055">
<ele>301.6361264783897</ele>
<time>2026-08-28T09:51:23.691Z</time>
</trkpt>
<trkpt lat="41.979921" lon="2.88195300000001">
<ele>303.07856571937674</ele>
<time>2026-08-28T09:51:27.393Z</time>
</trkpt>
<trkpt lat="41.979961" lon="2.881913400000002">
<ele>304.7096015454136</ele>
<time>2026-08-28T09:51:31.952Z</time>
</trkpt>
<trkpt lat="41.9800068" lon="2.881887500000005">
<ele>306.0514554665566</ele>
<time>2026-08-28T09:51:37.828Z</time>
</trkpt>
<trkpt lat="41.9800491" lon="2.8818660000000023">
<ele>307.1031076765682</ele>
<time>2026-08-28T09:51:42.070Z</time>
</trkpt>
<trkpt lat="41.9800962" lon="2.8818588000000034">
<ele>308.2257450363404</ele>
<time>2026-08-28T09:51:46.870Z</time>
</trkpt>
<trkpt lat="41.9801391" lon="2.8818357000000105">
<ele>309.15213358212424</ele>
<time>2026-08-28T09:51:51.271Z</time>
</trkpt>
<trkpt lat="41.980185" lon="2.881823499999996">
<ele>310.1289344097825</ele>
<time>2026-08-28T09:51:55.016Z</time>
</trkpt>
<trkpt lat="41.9802333" lon="2.8818135999999868">
<ele>311.1301619940856</ele>
<time>2026-08-28T09:51:59.056Z</time>
</trkpt>
<trkpt lat="41.9802799" lon="2.8818031000000133">
<ele>311.94670491832386</ele>
<time>2026-08-28T09:52:03.911Z</time>
</trkpt>
<trkpt lat="41.9803291" lon="2.8817947999999944">
<ele>312.73916721204256</ele>
<time>2026-08-28T09:52:07.673Z</time>
</trkpt>
<trkpt lat="41.980377" lon="2.881781799999999">
<ele>313.41280369478505</ele>
<time>2026-08-28T09:52:11.408Z</time>
</trkpt>
<trkpt lat="41.9804224" lon="2.8817774999999983">
<ele>314.110856299217</ele>
<time>2026-08-28T09:52:15.153Z</time>
</trkpt>
<trkpt lat="41.9804693" lon="2.8817650000000015">
<ele>314.5940053088337</ele>
<time>2026-08-28T09:52:18.888Z</time>
</trkpt>
<trkpt lat="41.98052" lon="2.8817616999999984">
<ele>315.33882088735027</ele>
<time>2026-08-28T09:52:22.673Z</time>
</trkpt>
<trkpt lat="41.9805652" lon="2.881777800000009">
<ele>316.19314105830017</ele>
<time>2026-08-28T09:52:28.051Z</time>
</trkpt>
<trkpt lat="41.9806031" lon="2.8818139999999914">
<ele>317.1854043196322</ele>
<time>2026-08-28T09:52:32.015Z</time>
</trkpt>
<trkpt lat="41.9806393" lon="2.881854699999991">
<ele>318.2313060069613</ele>
<time>2026-08-28T09:52:36.030Z</time>
</trkpt>
<trkpt lat="41.9806689" lon="2.881904600000013">
<ele>319.40939645188655</ele>
<time>2026-08-28T09:52:40.530Z</time>
</trkpt>
<trkpt lat="41.9806917" lon="2.8819607000000076">
<ele>320.65993065419906</ele>
<time>2026-08-28T09:52:44.830Z</time>
</trkpt>
<trkpt lat="41.9807138" lon="2.8820163999999977">
<ele>321.8963278412725</ele>
<time>2026-08-28T09:52:49.015Z</time>
</trkpt>
<trkpt lat="41.9807215" lon="2.882076100000006">
<ele>322.8855335898216</ele>
<time>2026-08-28T09:52:53.048Z</time>
</trkpt>
<trkpt lat="41.9807296" lon="2.882137400000005">
<ele>323.3698344616661</ele>
<time>2026-08-28T09:52:57.387Z</time>
</trkpt>
<trkpt lat="41.9807412" lon="2.882201400000014">
<ele>323.94071060603295</ele>
<time>2026-08-28T09:53:01.647Z</time>
</trkpt>
<trkpt lat="41.9807473" lon="2.882261800000009">
<ele>324.45750512496096</ele>
<time>2026-08-28T09:53:05.889Z</time>
</trkpt>
<trkpt lat="41.9807469" lon="2.8823262999999884">
<ele>324.9322259695766</ele>
<time>2026-08-28T09:53:09.811Z</time>
</trkpt>
<trkpt lat="41.9807536" lon="2.882390700000002">
<ele>324.9315227484364</ele>
<time>2026-08-28T09:53:14.512Z</time>
</trkpt>
<trkpt lat="41.9807732" lon="2.882445600000011">
<ele>325.10851779671134</ele>
<time>2026-08-28T09:53:18.752Z</time>
</trkpt>
<trkpt lat="41.9808097" lon="2.8824850999999967">
<ele>325.6284852453946</ele>
<time>2026-08-28T09:53:23.572Z</time>
</trkpt>
<trkpt lat="41.9808526" lon="2.8825046000000043">
<ele>325.3136133875053</ele>
<time>2026-08-28T09:53:27.548Z</time>
</trkpt>
<trkpt lat="41.9809008" lon="2.8825026000000094">
<ele>324.98634195952667</ele>
<time>2026-08-28T09:53:31.331Z</time>
</trkpt>
<trkpt lat="41.9809468" lon="2.8825080999999955">
<ele>324.70620759038604</ele>
<time>2026-08-28T09:53:39.014Z</time>
</trkpt>
<trkpt lat="41.9809338" lon="2.8824451000000124">
<ele>324.47976703917703</ele>
<time>2026-08-28T09:53:53.549Z</time>
</trkpt>
<trkpt lat="41.9809046" lon="2.882398099999989">
<ele>324.6036274020316</ele>
<time>2026-08-28T09:53:58.058Z</time>
</trkpt>
<trkpt lat="41.980873" lon="2.882351099999994">
<ele>324.9048635743237</ele>
<time>2026-08-28T09:54:03.114Z</time>
</trkpt>
<trkpt lat="41.9808452" lon="2.882303500000006">
<ele>324.9662061006357</ele>
<time>2026-08-28T09:54:06.826Z</time>
</trkpt>
<trkpt lat="41.9808304" lon="2.8822418000000027">
<ele>324.599495714991</ele>
<time>2026-08-28T09:54:11.021Z</time>
</trkpt>
<trkpt lat="41.9808135" lon="2.8821754999999882">
<ele>324.2835755800847</ele>
<time>2026-08-28T09:54:14.828Z</time>
</trkpt>
<trkpt lat="41.9807993" lon="2.8821082000000047">
<ele>323.74144862911623</ele>
<time>2026-08-28T09:54:18.950Z</time>
</trkpt>
<trkpt lat="41.980788" lon="2.882045099999999">
<ele>322.9597329707755</ele>
<time>2026-08-28T09:54:23.015Z</time>
</trkpt>
<trkpt lat="41.9807641" lon="2.8819904000000065">
<ele>321.73342379184254</ele>
<time>2026-08-28T09:54:27.022Z</time>
</trkpt>
<trkpt lat="41.9807394" lon="2.881936599999989">
<ele>320.51753129543056</ele>
<time>2026-08-28T09:54:30.709Z</time>
</trkpt>
<trkpt lat="41.9807127" lon="2.8818821000000128">
<ele>319.27257241371</ele>
<time>2026-08-28T09:54:33.848Z</time>
</trkpt>
<trkpt lat="41.980676" lon="2.8818395000000123">
<ele>318.1886032277829</ele>
<time>2026-08-28T09:54:37.470Z</time>
</trkpt>
<trkpt lat="41.9806328" lon="2.8818079000000125">
<ele>317.2723649014217</ele>
<time>2026-08-28T09:54:41.014Z</time>
</trkpt>
<trkpt lat="41.9805874" lon="2.8817869000000087">
<ele>316.54644168376166</ele>
<time>2026-08-28T09:54:44.913Z</time>
</trkpt>
<trkpt lat="41.9805409" lon="2.8817756999999915">
<ele>315.9637886016173</ele>
<time>2026-08-28T09:54:48.647Z</time>
</trkpt>
<trkpt lat="41.9804954" lon="2.8817709999999863">
<ele>315.18638704417003</ele>
<time>2026-08-28T09:54:52.349Z</time>
</trkpt>
<trkpt lat="41.9804486" lon="2.881772699999999">
<ele>314.4414947845867</ele>
<time>2026-08-28T09:54:57.013Z</time>
</trkpt>
<trkpt lat="41.9803993" lon="2.8817768000000115">
<ele>313.6996956812247</ele>
<time>2026-08-28T09:55:00.889Z</time>
</trkpt>
<trkpt lat="41.9803486" lon="2.881785100000002">
<ele>312.96297513536837</ele>
<time>2026-08-28T09:55:05.751Z</time>
</trkpt>
<trkpt lat="41.9802975" lon="2.881789999999995">
<ele>312.1244170453672</ele>
<time>2026-08-28T09:55:09.453Z</time>
</trkpt>
<trkpt lat="41.9802492" lon="2.8818038">
<ele>311.39240868623745</ele>
<time>2026-08-28T09:55:15.909Z</time>
</trkpt>
<trkpt lat="41.9802046" lon="2.881815700000004">
<ele>310.51335084389467</ele>
<time>2026-08-28T09:55:19.669Z</time>
</trkpt>
<trkpt lat="41.9801606" lon="2.8818296999999973">
<ele>309.61406498919894</ele>
<time>2026-08-28T09:55:23.027Z</time>
</trkpt>
<trkpt lat="41.9801105" lon="2.8818325000000016">
<ele>308.4861111666815</ele>
<time>2026-08-28T09:55:26.592Z</time>
</trkpt>
<trkpt lat="41.9800628" lon="2.8818359999999927">
<ele>307.40211380775037</ele>
<time>2026-08-28T09:55:30.247Z</time>
</trkpt>
<trkpt lat="41.9800139" lon="2.8818412999999907">
<ele>306.2745798210832</ele>
<time>2026-08-28T09:55:33.973Z</time>
</trkpt>
<trkpt lat="41.9799723" lon="2.8818167999999957">
<ele>305.3771286912352</ele>
<time>2026-08-28T09:55:37.434Z</time>
</trkpt>
<trkpt lat="41.979938" lon="2.881776000000002">
<ele>304.4598520310618</ele>
<time>2026-08-28T09:55:41.013Z</time>
</trkpt>
<trkpt lat="41.9798996" lon="2.881734399999999">
<ele>303.63435411649033</ele>
<time>2026-08-28T09:55:47.027Z</time>
</trkpt>
<trkpt lat="41.9798607" lon="2.881698599999993">
<ele>303.0205252511391</ele>
<time>2026-08-28T09:55:50.069Z</time>
</trkpt>
<trkpt lat="41.9798296" lon="2.881647799999996">
<ele>303.0202822227165</ele>
<time>2026-08-28T09:55:53.336Z</time>
</trkpt>
<trkpt lat="41.9798053" lon="2.881594799999988">
<ele>303.4332808046063</ele>
<time>2026-08-28T09:55:57.056Z</time>
</trkpt>
<trkpt lat="41.9797793" lon="2.8815376000000015">
<ele>304.1411288758774</ele>
<time>2026-08-28T09:56:01.007Z</time>
</trkpt>
<trkpt lat="41.9797518" lon="2.8814822999999876">
<ele>304.9630377093656</ele>
<time>2026-08-28T09:56:04.752Z</time>
</trkpt>
<trkpt lat="41.9797301" lon="2.881426900000008">
<ele>305.7977417608835</ele>
<time>2026-08-28T09:56:08.529Z</time>
</trkpt>
<trkpt lat="41.9797014" lon="2.881371999999999">
<ele>306.7687855260315</ele>
<time>2026-08-28T09:56:12.748Z</time>
</trkpt>
<trkpt lat="41.9796693" lon="2.881326400000006">
<ele>306.73188109265953</ele>
<time>2026-08-28T09:56:17.013Z</time>
</trkpt>
<trkpt lat="41.9796334" lon="2.881283499999995">
<ele>306.26398908675776</ele>
<time>2026-08-28T09:56:21.092Z</time>
</trkpt>
<trkpt lat="41.9795952" lon="2.881243600000005">
<ele>305.7038033553137</ele>
<time>2026-08-28T09:56:26.029Z</time>
</trkpt>
<trkpt lat="41.9795532" lon="2.8812131999999906">
<ele>304.77990059210987</ele>
<time>2026-08-28T09:56:30.312Z</time>
</trkpt>
<trkpt lat="41.9795224" lon="2.881167000000005">
<ele>304.3539887001181</ele>
<time>2026-08-28T09:56:34.028Z</time>
</trkpt>
<trkpt lat="41.9794787" lon="2.8811296000000084">
<ele>303.44146998923173</ele>
<time>2026-08-28T09:56:37.754Z</time>
</trkpt>
<trkpt lat="41.9794383" lon="2.881094499999989">
<ele>302.67080195870824</ele>
<time>2026-08-28T09:56:42.006Z</time>
</trkpt>
<trkpt lat="41.9794034" lon="2.8810545000000047">
<ele>302.0786072015428</ele>
<time>2026-08-28T09:56:46.038Z</time>
</trkpt>
<trkpt lat="41.979364" lon="2.881019100000003">
<ele>301.0566504999739</ele>
<time>2026-08-28T09:56:50.587Z</time>
</trkpt>
<trkpt lat="41.9793231" lon="2.8809908000000064">
<ele>299.93029610457927</ele>
<time>2026-08-28T09:56:56.047Z</time>
</trkpt>
<trkpt lat="41.9792871" lon="2.8809434000000067">
<ele>299.4552752541447</ele>
<time>2026-08-28T09:57:00.911Z</time>
</trkpt>
<trkpt lat="41.9792459" lon="2.8809130999999866">
<ele>298.4645437334492</ele>
<time>2026-08-28T09:57:03.987Z</time>
</trkpt>
<trkpt lat="41.9792022" lon="2.880893399999991">
<ele>297.26936471922477</ele>
<time>2026-08-28T09:57:07.611Z</time>
</trkpt>
<trkpt lat="41.9791597" lon="2.880863699999992">
<ele>296.42624045490817</ele>
<time>2026-08-28T09:57:11.549Z</time>
</trkpt>
<trkpt lat="41.9791202" lon="2.8808290999999997">
<ele>295.8292314568199</ele>
<time>2026-08-28T09:57:19.971Z</time>
</trkpt>
<trkpt lat="41.979078" lon="2.880796299999986">
<ele>295.1091238450454</ele>
<time>2026-08-28T09:57:22.572Z</time>
</trkpt>
<trkpt lat="41.9790353" lon="2.880767999999989">
<ele>294.3838601558115</ele>
<time>2026-08-28T09:57:25.767Z</time>
</trkpt>
<trkpt lat="41.9789921" lon="2.880745999999988">
<ele>293.5678184155828</ele>
<time>2026-08-28T09:57:29.014Z</time>
</trkpt>
<trkpt lat="41.9789468" lon="2.8807165000000055">
<ele>293.0403911722381</ele>
<time>2026-08-28T09:57:32.748Z</time>
</trkpt>
<trkpt lat="41.9789005" lon="2.8806907000000024">
<ele>292.48680517028413</ele>
<time>2026-08-28T09:57:36.425Z</time>
</trkpt>
<trkpt lat="41.9788527" lon="2.880672599999997">
<ele>291.79887986923046</ele>
<time>2026-08-28T09:57:40.033Z</time>
</trkpt>
<trkpt lat="41.9788099" lon="2.8806453999999917">
<ele>291.9999908921331</ele>
<time>2026-08-28T09:57:43.728Z</time>
</trkpt>
<trkpt lat="41.9787683" lon="2.880622200000005">
<ele>292.06658207245823</ele>
<time>2026-08-28T09:57:47.390Z</time>
</trkpt>
<trkpt lat="41.9787214" lon="2.8806060999999943">
<ele>291.8040828070891</ele>
<time>2026-08-28T09:57:51.553Z</time>
</trkpt>
<trkpt lat="41.9786755" lon="2.8805917999999906">
<ele>291.5010564335147</ele>
<time>2026-08-28T09:57:55.206Z</time>
</trkpt>
<trkpt lat="41.9786287" lon="2.88057280000001">
<ele>291.3477380786115</ele>
<time>2026-08-28T09:57:58.991Z</time>
</trkpt>
<trkpt lat="41.9785797" lon="2.8805560000000128">
<ele>291.081241012491</ele>
<time>2026-08-28T09:58:03.016Z</time>
</trkpt>
<trkpt lat="41.978532" lon="2.8805426000000125">
<ele>290.61956099841467</ele>
<time>2026-08-28T09:58:06.867Z</time>
</trkpt>
<trkpt lat="41.9784844" lon="2.880527900000004">
<ele>290.22961345465103</ele>
<time>2026-08-28T09:58:10.611Z</time>
</trkpt>
<trkpt lat="41.978431" lon="2.880514799999986">
<ele>289.69552053723913</ele>
<time>2026-08-28T09:58:14.792Z</time>
</trkpt>
<trkpt lat="41.9783853" lon="2.880510799999996">
<ele>288.98399564418787</ele>
<time>2026-08-28T09:58:19.028Z</time>
</trkpt>
<trkpt lat="41.9783392" lon="2.880507999999992">
<ele>288.22485059325174</ele>
<time>2026-08-28T09:58:22.587Z</time>
</trkpt>
<trkpt lat="41.9782917" lon="2.880509399999994">
<ele>287.16489841451835</ele>
<time>2026-08-28T09:58:26.016Z</time>
</trkpt>
<trkpt lat="41.9782427" lon="2.8805111000000068">
<ele>285.6970039949339</ele>
<time>2026-08-28T09:58:29.809Z</time>
</trkpt>
<trkpt lat="41.9781943" lon="2.8805093">
<ele>284.38454059332224</ele>
<time>2026-08-28T09:58:33.913Z</time>
</trkpt>
<trkpt lat="41.9781481" lon="2.8805056999999863">
<ele>283.206263019025</ele>
<time>2026-08-28T09:58:38.073Z</time>
</trkpt>
<trkpt lat="41.9780992" lon="2.88050530000001">
<ele>281.8243207609239</ele>
<time>2026-08-28T09:58:42.928Z</time>
</trkpt>
<trkpt lat="41.9780534" lon="2.8805002999999942">
<ele>280.71321071236844</ele>
<time>2026-08-28T09:58:47.044Z</time>
</trkpt>
<trkpt lat="41.9780088" lon="2.8804906999999957">
<ele>280.0123255079965</ele>
<time>2026-08-28T09:58:51.013Z</time>
</trkpt>
<trkpt lat="41.9779631" lon="2.88048280000001">
<ele>279.55895927298724</ele>
<time>2026-08-28T09:58:55.729Z</time>
</trkpt>
<trkpt lat="41.9779186" lon="2.8804679000000135">
<ele>279.38876607092</ele>
<time>2026-08-28T09:59:00.528Z</time>
</trkpt>
<trkpt lat="41.9778724" lon="2.880480199999994">
<ele>278.13953297627495</ele>
<time>2026-08-28T09:59:05.414Z</time>
</trkpt>
<trkpt lat="41.9778274" lon="2.8804874999999868">
<ele>277.1098515031326</ele>
<time>2026-08-28T09:59:09.631Z</time>
</trkpt>
<trkpt lat="41.9777819" lon="2.8804892999999936">
<ele>276.28312269477965</ele>
<time>2026-08-28T09:59:14.092Z</time>
</trkpt>
<trkpt lat="41.9777335" lon="2.8804939000000047">
<ele>275.1226584594878</ele>
<time>2026-08-28T09:59:18.448Z</time>
</trkpt>
<trkpt lat="41.9776893" lon="2.880508099999986">
<ele>273.2977043095188</ele>
<time>2026-08-28T09:59:24.912Z</time>
</trkpt>
<trkpt lat="41.9776441" lon="2.880519300000003">
<ele>271.60401189175104</ele>
<time>2026-08-28T09:59:28.849Z</time>
</trkpt>
<trkpt lat="41.9776004" lon="2.8805354000000136">
<ele>269.8626677917671</ele>
<time>2026-08-28T09:59:32.954Z</time>
</trkpt>
<trkpt lat="41.9775521" lon="2.880526300000014">
<ele>268.74219053972035</ele>
<time>2026-08-28T09:59:38.014Z</time>
</trkpt>
<trkpt lat="41.9775068" lon="2.880523199999999">
<ele>267.5172128191578</ele>
<time>2026-08-28T09:59:42.412Z</time>
</trkpt>
<trkpt lat="41.9774622" lon="2.880510500000014">
<ele>266.44848120978696</ele>
<time>2026-08-28T09:59:46.794Z</time>
</trkpt>
<trkpt lat="41.9774177" lon="2.880484300000006">
<ele>265.3151302614204</ele>
<time>2026-08-28T09:59:51.333Z</time>
</trkpt>
<trkpt lat="41.9773691" lon="2.8804800999999998">
<ele>263.53331492734367</ele>
<time>2026-08-28T09:59:56.020Z</time>
</trkpt>
<trkpt lat="41.9773217" lon="2.880474499999991">
<ele>261.83412925291464</ele>
<time>2026-08-28T10:00:01.551Z</time>
</trkpt>
<trkpt lat="41.9772796" lon="2.880451899999997">
<ele>260.74989562562376</ele>
<time>2026-08-28T10:00:08.412Z</time>
</trkpt>
<trkpt lat="41.9772377" lon="2.8804296000000136">
<ele>259.6815479303211</ele>
<time>2026-08-28T10:00:15.450Z</time>
</trkpt>
<trkpt lat="41.9771906" lon="2.8804058000000055">
<ele>258.46758555122983</ele>
<time>2026-08-28T10:00:20.070Z</time>
</trkpt>
<trkpt lat="41.9771484" lon="2.880379000000005">
<ele>257.2579673568274</ele>
<time>2026-08-28T10:00:23.909Z</time>
</trkpt>
<trkpt lat="41.9771061" lon="2.8803494">
<ele>256.06335094904915</ele>
<time>2026-08-28T10:00:27.748Z</time>
</trkpt>
<trkpt lat="41.9770683" lon="2.880306399999995">
<ele>255.3688871107519</ele>
<time>2026-08-28T10:00:31.886Z</time>
</trkpt>
<trkpt lat="41.977037" lon="2.8802599999999927">
<ele>255.04290068843846</ele>
<time>2026-08-28T10:00:35.542Z</time>
</trkpt>
<trkpt lat="41.9770022" lon="2.8802150999999867">
<ele>254.54513765913265</ele>
<time>2026-08-28T10:00:39.467Z</time>
</trkpt>
<trkpt lat="41.9769744" lon="2.880167">
<ele>254.43062636489026</ele>
<time>2026-08-28T10:00:43.081Z</time>
</trkpt>
<trkpt lat="41.9769417" lon="2.8801191999999958">
<ele>254.11193073024742</ele>
<time>2026-08-28T10:00:46.368Z</time>
</trkpt>
<trkpt lat="41.9769037" lon="2.880073600000003">
<ele>253.8787968446723</ele>
<time>2026-08-28T10:00:50.013Z</time>
</trkpt>
<trkpt lat="41.9768654" lon="2.880030699999992">
<ele>253.84166844765258</ele>
<time>2026-08-28T10:00:53.350Z</time>
</trkpt>
<trkpt lat="41.9768252" lon="2.8799940000000106">
<ele>253.59631546526853</ele>
<time>2026-08-28T10:00:57.653Z</time>
</trkpt>
<trkpt lat="41.976786" lon="2.8799596000000065">
<ele>253.35924510936792</ele>
<time>2026-08-28T10:01:01.327Z</time>
</trkpt>
<trkpt lat="41.9767471" lon="2.8799286999999936">
<ele>253.0610629473514</ele>
<time>2026-08-28T10:01:05.043Z</time>
</trkpt>
<trkpt lat="41.9767077" lon="2.8798942999999895">
<ele>252.904642851701</ele>
<time>2026-08-28T10:01:09.587Z</time>
</trkpt>
<trkpt lat="41.9766667" lon="2.879856899999993">
<ele>252.84498609074535</ele>
<time>2026-08-28T10:01:14.038Z</time>
</trkpt>
<trkpt lat="41.9766268" lon="2.8798242000000016">
<ele>252.77197690120943</ele>
<time>2026-08-28T10:01:18.013Z</time>
</trkpt>
<trkpt lat="41.9765856" lon="2.879790700000001">
<ele>253.03862312777667</ele>
<time>2026-08-28T10:01:22.010Z</time>
</trkpt>
<trkpt lat="41.9765481" lon="2.8797532000000103">
<ele>253.55207436921205</ele>
<time>2026-08-28T10:01:26.268Z</time>
</trkpt>
<trkpt lat="41.9765103" lon="2.879719499999993">
<ele>253.9558990123377</ele>
<time>2026-08-28T10:01:30.511Z</time>
</trkpt>
<trkpt lat="41.9764681" lon="2.879691500000007">
<ele>254.09533960162855</ele>
<time>2026-08-28T10:01:34.729Z</time>
</trkpt>
<trkpt lat="41.9764259" lon="2.879667399999988">
<ele>254.11925021389624</ele>
<time>2026-08-28T10:01:38.570Z</time>
</trkpt>
<trkpt lat="41.9763773" lon="2.879644799999994">
<ele>253.98476794185893</ele>
<time>2026-08-28T10:01:42.773Z</time>
</trkpt>
<trkpt lat="41.9763337" lon="2.879623600000002">
<ele>253.62832711447706</ele>
<time>2026-08-28T10:01:46.372Z</time>
</trkpt>
<trkpt lat="41.9762843" lon="2.879606899999999">
<ele>252.62126476313875</ele>
<time>2026-08-28T10:01:50.013Z</time>
</trkpt>
<trkpt lat="41.9762392" lon="2.8795914000000096">
<ele>251.68068683685044</ele>
<time>2026-08-28T10:01:53.289Z</time>
</trkpt>
<trkpt lat="41.9761918" lon="2.879566000000011">
<ele>250.96671561172153</ele>
<time>2026-08-28T10:01:56.951Z</time>
</trkpt>
<trkpt lat="41.9761475" lon="2.879538700000012">
<ele>250.26000887701903</ele>
<time>2026-08-28T10:02:00.694Z</time>
</trkpt>
<trkpt lat="41.9761029" lon="2.8795073999999943">
<ele>249.52102415236135</ele>
<time>2026-08-28T10:02:04.870Z</time>
</trkpt>
<trkpt lat="41.9760614" lon="2.879464200000001">
<ele>248.836640558553</ele>
<time>2026-08-28T10:02:09.106Z</time>
</trkpt>
<trkpt lat="41.9760291" lon="2.879406899999992">
<ele>248.5535500890252</ele>
<time>2026-08-28T10:02:12.674Z</time>
</trkpt>
<trkpt lat="41.9760006" lon="2.8793559000000073">
<ele>248.34503626432183</ele>
<time>2026-08-28T10:02:16.947Z</time>
</trkpt>
<trkpt lat="41.9759749" lon="2.8793039999999905">
<ele>248.33241746679826</ele>
<time>2026-08-28T10:02:21.013Z</time>
</trkpt>
<trkpt lat="41.9759454" lon="2.8792483000000004">
<ele>247.90939447496353</ele>
<time>2026-08-28T10:02:25.053Z</time>
</trkpt>
<trkpt lat="41.975926" lon="2.8791894000000013">
<ele>247.73765621511774</ele>
<time>2026-08-28T10:02:29.450Z</time>
</trkpt>
<trkpt lat="41.9759117" lon="2.879129199999994">
<ele>247.85177118216322</ele>
<time>2026-08-28T10:02:33.813Z</time>
</trkpt>
<trkpt lat="41.9758987" lon="2.8790711000000044">
<ele>248.00872450570668</ele>
<time>2026-08-28T10:02:38.049Z</time>
</trkpt>
<trkpt lat="41.9758857" lon="2.8790116000000125">
<ele>248.19130367541132</ele>
<time>2026-08-28T10:02:42.065Z</time>
</trkpt>
<trkpt lat="41.9758797" lon="2.878948400000013">
<ele>248.35814750301398</ele>
<time>2026-08-28T10:02:46.009Z</time>
</trkpt>
<trkpt lat="41.9758711" lon="2.878887600000013">
<ele>248.28658900323484</ele>
<time>2026-08-28T10:02:49.889Z</time>
</trkpt>
<trkpt lat="41.9758612" lon="2.878823600000004">
<ele>248.1891615405423</ele>
<time>2026-08-28T10:02:54.012Z</time>
</trkpt>
<trkpt lat="41.9758468" lon="2.8787662999999952">
<ele>247.86167242162878</ele>
<time>2026-08-28T10:02:57.754Z</time>
</trkpt>
<trkpt lat="41.9758303" lon="2.878707200000008">
<ele>247.487157742839</ele>
<time>2026-08-28T10:03:01.673Z</time>
</trkpt>
<trkpt lat="41.9758116" lon="2.878643199999999">
<ele>247.13066064992847</ele>
<time>2026-08-28T10:03:05.349Z</time>
</trkpt>
<trkpt lat="41.9757874" lon="2.8785858999999903">
<ele>246.42509591328906</ele>
<time>2026-08-28T10:03:09.646Z</time>
</trkpt>
<trkpt lat="41.9757744" lon="2.8785235">
<ele>246.24062240374522</ele>
<time>2026-08-28T10:03:13.453Z</time>
</trkpt>
<trkpt lat="41.9757615" lon="2.8784638999999856">
<ele>246.03289977520367</ele>
<time>2026-08-28T10:03:17.012Z</time>
</trkpt>
<trkpt lat="41.9757454" lon="2.878396400000014">
<ele>245.81130928961684</ele>
<time>2026-08-28T10:03:21.089Z</time>
</trkpt>
<trkpt lat="41.9757342" lon="2.8783348999999987">
<ele>245.8215250264439</ele>
<time>2026-08-28T10:03:25.012Z</time>
</trkpt>
<trkpt lat="41.9757203" lon="2.8782711000000063">
<ele>245.69345543055215</ele>
<time>2026-08-28T10:03:29.027Z</time>
</trkpt>
<trkpt lat="41.975703" lon="2.878211599999986">
<ele>245.31956015758863</ele>
<time>2026-08-28T10:03:32.892Z</time>
</trkpt>
<trkpt lat="41.9756857" lon="2.8781542000000115">
<ele>244.90051102800146</ele>
<time>2026-08-28T10:03:37.012Z</time>
</trkpt>
<trkpt lat="41.9756771" lon="2.878092500000008">
<ele>244.9746769212626</ele>
<time>2026-08-28T10:03:40.428Z</time>
</trkpt>
<trkpt lat="41.9756626" lon="2.8780340000000137">
<ele>244.70490154010614</ele>
<time>2026-08-28T10:03:43.553Z</time>
</trkpt>
<trkpt lat="41.9756528" lon="2.877974999999992">
<ele>244.70550989407883</ele>
<time>2026-08-28T10:03:47.328Z</time>
</trkpt>
<trkpt lat="41.9756524" lon="2.877909299999999">
<ele>245.28047265586346</ele>
<time>2026-08-28T10:03:51.530Z</time>
</trkpt>
<trkpt lat="41.9756745" lon="2.8778561000000025">
<ele>246.72179869816907</ele>
<time>2026-08-28T10:03:55.013Z</time>
</trkpt>
<trkpt lat="41.9757205" lon="2.8778336000000024">
<ele>249.14906471182277</ele>
<time>2026-08-28T10:03:58.549Z</time>
</trkpt>
<trkpt lat="41.975774" lon="2.877833900000013">
<ele>251.93397088023033</ele>
<time>2026-08-28T10:04:04.008Z</time>
</trkpt>
<trkpt lat="41.9758199" lon="2.8778543999999897">
<ele>253.60715633445568</ele>
<time>2026-08-28T10:04:09.054Z</time>
</trkpt>
<trkpt lat="41.9758627" lon="2.8778800000000047">
<ele>254.3510181666808</ele>
<time>2026-08-28T10:04:13.546Z</time>
</trkpt>
<trkpt lat="41.9759073" lon="2.8779011000000025">
<ele>255.02636063889824</ele>
<time>2026-08-28T10:04:18.070Z</time>
</trkpt>
<trkpt lat="41.9759502" lon="2.8779217000000017">
<ele>255.68570534581985</ele>
<time>2026-08-28T10:04:22.490Z</time>
</trkpt>
<trkpt lat="41.9759905" lon="2.877952899999997">
<ele>256.3669251457907</ele>
<time>2026-08-28T10:04:26.731Z</time>
</trkpt>
<trkpt lat="41.9760297" lon="2.877983400000005">
<ele>257.12828781850357</ele>
<time>2026-08-28T10:04:30.974Z</time>
</trkpt>
<trkpt lat="41.9760688" lon="2.8780227000000025">
<ele>258.01045201709763</ele>
<time>2026-08-28T10:04:35.971Z</time>
</trkpt>
<trkpt lat="41.9760986" lon="2.87807380000001">
<ele>258.7898101149359</ele>
<time>2026-08-28T10:04:40.753Z</time>
</trkpt>
<trkpt lat="41.976132" lon="2.8781184000000053">
<ele>259.83515996755733</ele>
<time>2026-08-28T10:04:45.012Z</time>
</trkpt>
<trkpt lat="41.9761758" lon="2.8781514000000072">
<ele>261.3100154718203</ele>
<time>2026-08-28T10:04:48.948Z</time>
</trkpt>
<trkpt lat="41.9762247" lon="2.8781615999999985">
<ele>262.82450755512684</ele>
<time>2026-08-28T10:04:53.013Z</time>
</trkpt>
<trkpt lat="41.9762736" lon="2.8781611">
<ele>264.20307516266394</ele>
<time>2026-08-28T10:04:56.868Z</time>
</trkpt>
<trkpt lat="41.9763239" lon="2.878159900000014">
<ele>265.59859876505993</ele>
<time>2026-08-28T10:05:00.013Z</time>
</trkpt>
<trkpt lat="41.9763722" lon="2.878155200000009">
<ele>266.43411866593857</ele>
<time>2026-08-28T10:05:04.013Z</time>
</trkpt>
<trkpt lat="41.976419" lon="2.878155499999991">
<ele>266.6271027698441</ele>
<time>2026-08-28T10:05:07.568Z</time>
</trkpt>
<trkpt lat="41.9764655" lon="2.8781683999999927">
<ele>267.21021994204074</ele>
<time>2026-08-28T10:05:11.552Z</time>
</trkpt>
<trkpt lat="41.9765111" lon="2.8781873000000076">
<ele>267.86585230318803</ele>
<time>2026-08-28T10:05:15.769Z</time>
</trkpt>
<trkpt lat="41.9765495" lon="2.8782190000000014">
<ele>268.8972413273935</ele>
<time>2026-08-28T10:05:20.294Z</time>
</trkpt>
<trkpt lat="41.9765915" lon="2.8782529000000068">
<ele>270.1656447281168</ele>
<time>2026-08-28T10:05:24.672Z</time>
</trkpt>
<trkpt lat="41.9766311" lon="2.878289300000006">
<ele>271.64692726790344</ele>
<time>2026-08-28T10:05:29.058Z</time>
</trkpt>
<trkpt lat="41.9766702" lon="2.878321199999988">
<ele>272.9496852654877</ele>
<time>2026-08-28T10:05:33.012Z</time>
</trkpt>
<trkpt lat="41.9767109" lon="2.878351600000002">
<ele>274.2880673535602</ele>
<time>2026-08-28T10:05:37.061Z</time>
</trkpt>
<trkpt lat="41.9767469" lon="2.8783902000000126">
<ele>275.9419129353277</ele>
<time>2026-08-28T10:05:41.151Z</time>
</trkpt>
<trkpt lat="41.9767873" lon="2.8784177">
<ele>277.34762955032534</ele>
<time>2026-08-28T10:05:45.063Z</time>
</trkpt>
<trkpt lat="41.976834" lon="2.878433099999995">
<ele>278.4578195877541</ele>
<time>2026-08-28T10:05:49.032Z</time>
</trkpt>
<trkpt lat="41.9768809" lon="2.878429600000004">
<ele>278.8875437394923</ele>
<time>2026-08-28T10:05:52.726Z</time>
</trkpt>
<trkpt lat="41.9769293" lon="2.878417100000007">
<ele>278.05707856001237</ele>
<time>2026-08-28T10:05:56.631Z</time>
</trkpt>
<trkpt lat="41.9769709" lon="2.8783917000000088">
<ele>275.245687642883</ele>
<time>2026-08-28T10:05:59.813Z</time>
</trkpt>
<trkpt lat="41.977016" lon="2.8783663000000104">
<ele>272.1977504604828</ele>
<time>2026-08-28T10:06:03.048Z</time>
</trkpt>
<trkpt lat="41.9770634" lon="2.87835179999999">
<ele>269.45483089911323</ele>
<time>2026-08-28T10:06:06.013Z</time>
</trkpt>
<trkpt lat="41.9771094" lon="2.8783551999999872">
<ele>267.57141010583734</ele>
<time>2026-08-28T10:06:08.991Z</time>
</trkpt>
<trkpt lat="41.9771564" lon="2.878355400000004">
<ele>265.4981450871702</ele>
<time>2026-08-28T10:06:12.187Z</time>
</trkpt>
<trkpt lat="41.9772041" lon="2.8783500000000117">
<ele>263.9631199670262</ele>
<time>2026-08-28T10:06:15.370Z</time>
</trkpt>
<trkpt lat="41.9772514" lon="2.8783447000000137">
<ele>264.5753347384173</ele>
<time>2026-08-28T10:06:19.013Z</time>
</trkpt>
<trkpt lat="41.9772969" lon="2.878351699999996">
<ele>265.77075375195164</ele>
<time>2026-08-28T10:06:23.023Z</time>
</trkpt>
<trkpt lat="41.9773456" lon="2.8783572000000106">
<ele>266.9459265350045</ele>
<time>2026-08-28T10:06:27.059Z</time>
</trkpt>
<trkpt lat="41.9773912" lon="2.87835290000001">
<ele>267.579046425894</ele>
<time>2026-08-28T10:06:30.632Z</time>
</trkpt>
<trkpt lat="41.9774422" lon="2.8783407999999895">
<ele>267.9367866693502</ele>
<time>2026-08-28T10:06:34.868Z</time>
</trkpt>
<trkpt lat="41.9774904" lon="2.878337799999997">
<ele>268.35608664848496</ele>
<time>2026-08-28T10:06:38.573Z</time>
</trkpt>
<trkpt lat="41.9775362" lon="2.8783487999999977">
<ele>269.0205931220955</ele>
<time>2026-08-28T10:06:42.448Z</time>
</trkpt>
<trkpt lat="41.9775797" lon="2.878366199999988">
<ele>269.9517629871496</ele>
<time>2026-08-28T10:06:45.651Z</time>
</trkpt>
<trkpt lat="41.9776213" lon="2.878390599999989">
<ele>271.1623239345306</ele>
<time>2026-08-28T10:06:50.129Z</time>
</trkpt>
<trkpt lat="41.9776528" lon="2.878436700000009">
<ele>273.2782645880823</ele>
<time>2026-08-28T10:06:54.074Z</time>
</trkpt>
<trkpt lat="41.9776876" lon="2.8784852">
<ele>275.4686507045913</ele>
<time>2026-08-28T10:06:58.673Z</time>
</trkpt>
<trkpt lat="41.9777094" lon="2.878546199999988">
<ele>278.1977324774733</ele>
<time>2026-08-28T10:07:03.070Z</time>
</trkpt>
<trkpt lat="41.9777264" lon="2.878608200000002">
<ele>280.9635572724085</ele>
<time>2026-08-28T10:07:07.706Z</time>
</trkpt>
<trkpt lat="41.9777513" lon="2.8786652000000004">
<ele>283.35218247531816</ele>
<time>2026-08-28T10:07:11.873Z</time>
</trkpt>
<trkpt lat="41.9777851" lon="2.8787096000000076">
<ele>284.062073666541</ele>
<time>2026-08-28T10:07:16.012Z</time>
</trkpt>
<trkpt lat="41.9778299" lon="2.878727700000013">
<ele>282.9892278122289</ele>
<time>2026-08-28T10:07:20.036Z</time>
</trkpt>
<trkpt lat="41.9778836" lon="2.878729899999996">
<ele>281.0349020072224</ele>
<time>2026-08-28T10:07:23.890Z</time>
</trkpt>
<trkpt lat="41.9779308" lon="2.878733000000011">
<ele>279.3492549873057</ele>
<time>2026-08-28T10:07:27.273Z</time>
</trkpt>
<trkpt lat="41.977976" lon="2.878733100000005">
<ele>277.67383208731303</ele>
<time>2026-08-28T10:07:30.511Z</time>
</trkpt>
<trkpt lat="41.9780208" lon="2.8787413000000015">
<ele>276.2187510652642</ele>
<time>2026-08-28T10:07:33.749Z</time>
</trkpt>
<trkpt lat="41.9780612" lon="2.878769500000004">
<ele>276.5762732980868</ele>
<time>2026-08-28T10:07:37.049Z</time>
</trkpt>
<trkpt lat="41.9780953" lon="2.8788120000000106">
<ele>277.68795256749786</ele>
<time>2026-08-28T10:07:41.013Z</time>
</trkpt>
<trkpt lat="41.9781327" lon="2.8788489000000084">
<ele>278.8301412004363</ele>
<time>2026-08-28T10:07:45.053Z</time>
</trkpt>
<trkpt lat="41.978175" lon="2.878874400000001">
<ele>279.77501990976435</ele>
<time>2026-08-28T10:07:48.831Z</time>
</trkpt>
<trkpt lat="41.978218" lon="2.878896400000002">
<ele>280.74391889687814</ele>
<time>2026-08-28T10:07:52.488Z</time>
</trkpt>
<trkpt lat="41.9782641" lon="2.878922799999998">
<ele>282.0607694855374</ele>
<time>2026-08-28T10:07:56.055Z</time>
</trkpt>
<trkpt lat="41.9783054" lon="2.8789481999999964">
<ele>283.4368419134355</ele>
<time>2026-08-28T10:08:00.013Z</time>
</trkpt>
<trkpt lat="41.9783485" lon="2.8789721999999927">
<ele>284.1809147420485</ele>
<time>2026-08-28T10:08:03.753Z</time>
</trkpt>
<trkpt lat="41.9783936" lon="2.879000700000006">
<ele>285.2119318699561</ele>
<time>2026-08-28T10:08:07.893Z</time>
</trkpt>
<trkpt lat="41.9784383" lon="2.8790223000000026">
<ele>285.5686477139537</ele>
<time>2026-08-28T10:08:11.674Z</time>
</trkpt>
<trkpt lat="41.9784823" lon="2.8790415999999937">
<ele>285.89882626171686</ele>
<time>2026-08-28T10:08:15.060Z</time>
</trkpt>
<trkpt lat="41.978528" lon="2.87906670000001">
<ele>286.4481837083297</ele>
<time>2026-08-28T10:08:18.689Z</time>
</trkpt>
<trkpt lat="41.9785698" lon="2.8790897000000086">
<ele>286.9965417094758</ele>
<time>2026-08-28T10:08:22.530Z</time>
</trkpt>
<trkpt lat="41.9786115" lon="2.879120699999987">
<ele>287.4346084905862</ele>
<time>2026-08-28T10:08:26.751Z</time>
</trkpt>
<trkpt lat="41.9786534" lon="2.879148700000002">
<ele>287.72301522328996</ele>
<time>2026-08-28T10:08:30.773Z</time>
</trkpt>
<trkpt lat="41.9787005" lon="2.879165300000011">
<ele>287.5975598896915</ele>
<time>2026-08-28T10:08:35.028Z</time>
</trkpt>
<trkpt lat="41.9787477" lon="2.879167899999999">
<ele>286.94917089437644</ele>
<time>2026-08-28T10:08:39.029Z</time>
</trkpt>
<trkpt lat="41.9787929" lon="2.8791734000000133">
<ele>286.4801540161117</ele>
<time>2026-08-28T10:08:42.012Z</time>
</trkpt>
<trkpt lat="41.9788441" lon="2.8791741999999942">
<ele>285.71665074092</ele>
<time>2026-08-28T10:08:45.831Z</time>
</trkpt>
<trkpt lat="41.9788925" lon="2.8791809999999884">
<ele>284.8125523934766</ele>
<time>2026-08-28T10:08:49.612Z</time>
</trkpt>
<trkpt lat="41.9789381" lon="2.8791860000000042">
<ele>283.69350909647574</ele>
<time>2026-08-28T10:08:53.248Z</time>
</trkpt>
<trkpt lat="41.9789838" lon="2.8792146000000116">
<ele>283.90061628756575</ele>
<time>2026-08-28T10:08:57.526Z</time>
</trkpt>
<trkpt lat="41.9790238" lon="2.879242699999992">
<ele>284.3532821747807</ele>
<time>2026-08-28T10:09:01.268Z</time>
</trkpt>
<trkpt lat="41.9790661" lon="2.879266400000006">
<ele>284.5854771981468</ele>
<time>2026-08-28T10:09:05.049Z</time>
</trkpt>
<trkpt lat="41.9791097" lon="2.8792859000000135">
<ele>284.3813963358144</ele>
<time>2026-08-28T10:09:08.852Z</time>
</trkpt>
<trkpt lat="41.9791518" lon="2.8793225000000007">
<ele>284.70365759772955</ele>
<time>2026-08-28T10:09:12.689Z</time>
</trkpt>
<trkpt lat="41.9791914" lon="2.879361100000011">
<ele>285.36239844427115</ele>
<time>2026-08-28T10:09:16.933Z</time>
</trkpt>
<trkpt lat="41.9792359" lon="2.8793833999999947">
<ele>285.38251125502654</ele>
<time>2026-08-28T10:09:21.013Z</time>
</trkpt>
<trkpt lat="41.9792828" lon="2.8793857000000003">
<ele>284.6069954278933</ele>
<time>2026-08-28T10:09:24.874Z</time>
</trkpt>
<trkpt lat="41.9793286" lon="2.8793877999999893">
<ele>283.8495425920466</ele>
<time>2026-08-28T10:09:28.207Z</time>
</trkpt>
<trkpt lat="41.9793756" lon="2.8794010999999955">
<ele>283.55889744436496</ele>
<time>2026-08-28T10:09:31.930Z</time>
</trkpt>
<trkpt lat="41.9794209" lon="2.879405999999989">
<ele>282.88787518459094</ele>
<time>2026-08-28T10:09:35.569Z</time>
</trkpt>
<trkpt lat="41.9794701" lon="2.8794056000000126">
<ele>281.27925154731275</ele>
<time>2026-08-28T10:09:39.989Z</time>
</trkpt>
<trkpt lat="41.9795132" lon="2.8794269999999926">
<ele>280.929942114121</ele>
<time>2026-08-28T10:09:44.015Z</time>
</trkpt>
<trkpt lat="41.9795571" lon="2.8794551000000013">
<ele>280.98196104885716</ele>
<time>2026-08-28T10:09:48.012Z</time>
</trkpt>
<trkpt lat="41.9796007" lon="2.8794736000000114">
<ele>280.649220223766</ele>
<time>2026-08-28T10:09:52.012Z</time>
</trkpt>
<trkpt lat="41.9796489" lon="2.879478599999999">
<ele>279.5172455136953</ele>
<time>2026-08-28T10:09:56.051Z</time>
</trkpt>
<trkpt lat="41.9796975" lon="2.8794982000000005">
<ele>279.31017796219953</ele>
<time>2026-08-28T10:10:01.867Z</time>
</trkpt>
<trkpt lat="41.9797429" lon="2.879501900000008">
<ele>279.2561480762108</ele>
<time>2026-08-28T10:10:06.062Z</time>
</trkpt>
<trkpt lat="41.9797882" lon="2.8795035999999925">
<ele>279.0855998593984</ele>
<time>2026-08-28T10:10:10.013Z</time>
</trkpt>
<trkpt lat="41.9798352" lon="2.8795173999999975">
<ele>279.5606809961016</ele>
<time>2026-08-28T10:10:13.831Z</time>
</trkpt>
<trkpt lat="41.9798799" lon="2.879538200000013">
<ele>280.40063273000914</ele>
<time>2026-08-28T10:10:17.052Z</time>
</trkpt>
<trkpt lat="41.9799272" lon="2.879563100000013">
<ele>281.2925745280052</ele>
<time>2026-08-28T10:10:20.039Z</time>
</trkpt>
<trkpt lat="41.9799738" lon="2.879547400000007">
<ele>280.2516481370346</ele>
<time>2026-08-28T10:10:24.466Z</time>
</trkpt>
<trkpt lat="41.9799994" lon="2.8794957000000068">
<ele>277.30570430229153</ele>
<time>2026-08-28T10:10:27.791Z</time>
</trkpt>
<trkpt lat="41.9800283" lon="2.8794439000000125">
<ele>274.4903202450642</ele>
<time>2026-08-28T10:10:31.011Z</time>
</trkpt>
<trkpt lat="41.9800584" lon="2.8793813999999998">
<ele>271.3524399427139</ele>
<time>2026-08-28T10:10:40.011Z</time>
</trkpt>
<trkpt lat="41.9800768" lon="2.879318699999999">
<ele>268.4326341799321</ele>
<time>2026-08-28T10:10:43.029Z</time>
</trkpt>
<trkpt lat="41.980075" lon="2.879253900000009">
<ele>266.2065709548823</ele>
<time>2026-08-28T10:10:46.313Z</time>
</trkpt>
<trkpt lat="41.9800639" lon="2.879190399999999">
<ele>265.2335765564481</ele>
<time>2026-08-28T10:10:50.016Z</time>
</trkpt>
<trkpt lat="41.9800403" lon="2.879138399999988">
<ele>264.1759462390856</ele>
<time>2026-08-28T10:10:54.074Z</time>
</trkpt>
<trkpt lat="41.980008" lon="2.8790831999999966">
<ele>262.7360343208071</ele>
<time>2026-08-28T10:10:58.768Z</time>
</trkpt>
<trkpt lat="41.9799829" lon="2.879031900000001">
<ele>261.2652280225812</ele>
<time>2026-08-28T10:11:03.366Z</time>
</trkpt>
<trkpt lat="41.9799564" lon="2.878977700000007">
<ele>260.4700374040142</ele>
<time>2026-08-28T10:11:08.012Z</time>
</trkpt>
<trkpt lat="41.9799326" lon="2.8789242">
<ele>260.7541216822683</ele>
<time>2026-08-28T10:11:11.789Z</time>
</trkpt>
<trkpt lat="41.9799016" lon="2.8788748000000055">
<ele>260.73712535984623</ele>
<time>2026-08-28T10:11:15.688Z</time>
</trkpt>
<trkpt lat="41.9798777" lon="2.8788228999999887">
<ele>260.63041712936985</ele>
<time>2026-08-28T10:11:19.989Z</time>
</trkpt>
<trkpt lat="41.9798426" lon="2.8787723000000085">
<ele>260.11559078846886</ele>
<time>2026-08-28T10:11:24.012Z</time>
</trkpt>
<trkpt lat="41.9798057" lon="2.878731700000003">
<ele>259.3161991103248</ele>
<time>2026-08-28T10:11:27.570Z</time>
</trkpt>
<trkpt lat="41.9797636" lon="2.878690699999993">
<ele>258.93443440688793</ele>
<time>2026-08-28T10:11:32.029Z</time>
</trkpt>
<trkpt lat="41.9797256" lon="2.878657000000004">
<ele>258.6226768350215</ele>
<time>2026-08-28T10:11:37.012Z</time>
</trkpt>
<trkpt lat="41.9796933" lon="2.878613900000005">
<ele>258.51522522470157</ele>
<time>2026-08-28T10:11:41.650Z</time>
</trkpt>
<trkpt lat="41.9796694" lon="2.878561200000007">
<ele>258.80769884845597</ele>
<time>2026-08-28T10:11:45.487Z</time>
</trkpt>
<trkpt lat="41.9796387" lon="2.878511500000002">
<ele>258.70352578387957</ele>
<time>2026-08-28T10:11:50.011Z</time>
</trkpt>
<trkpt lat="41.9796002" lon="2.8784651999999937">
<ele>258.1222448080015</ele>
<time>2026-08-28T10:11:53.986Z</time>
</trkpt>
<trkpt lat="41.9795527" lon="2.8784258999999963">
<ele>257.26295800252706</ele>
<time>2026-08-28T10:11:58.888Z</time>
</trkpt>
<trkpt lat="41.9795253" lon="2.878376199999991">
<ele>257.74085180816405</ele>
<time>2026-08-28T10:12:02.566Z</time>
</trkpt>
<trkpt lat="41.9795024" lon="2.8783229999999946">
<ele>258.42670629105055</ele>
<time>2026-08-28T10:12:06.446Z</time>
</trkpt>
<trkpt lat="41.9794733" lon="2.8782674999999927">
<ele>258.8917890141575</ele>
<time>2026-08-28T10:12:10.671Z</time>
</trkpt>
<trkpt lat="41.9794403" lon="2.878225399999991">
<ele>258.7773967893894</ele>
<time>2026-08-28T10:12:14.427Z</time>
</trkpt>
<trkpt lat="41.9794036" lon="2.8781877000000122">
<ele>258.39445874881704</ele>
<time>2026-08-28T10:12:19.012Z</time>
</trkpt>
<trkpt lat="41.9793749" lon="2.878139400000009">
<ele>258.7034121053115</ele>
<time>2026-08-28T10:12:23.792Z</time>
</trkpt>
<trkpt lat="41.9793455" lon="2.8780920000000094">
<ele>259.0404098865634</ele>
<time>2026-08-28T10:12:28.050Z</time>
</trkpt>
<trkpt lat="41.9793168" lon="2.8780379000000096">
<ele>259.5720692755975</ele>
<time>2026-08-28T10:12:32.672Z</time>
</trkpt>
<trkpt lat="41.9792893" lon="2.8779849000000013">
<ele>260.08380975002257</ele>
<time>2026-08-28T10:12:37.070Z</time>
</trkpt>
<trkpt lat="41.9792583" lon="2.8779360000000054">
<ele>260.30805613135146</ele>
<time>2026-08-28T10:12:41.433Z</time>
</trkpt>
<trkpt lat="41.9792255" lon="2.877886999999987">
<ele>260.43085920718806</ele>
<time>2026-08-28T10:12:45.011Z</time>
</trkpt>
<trkpt lat="41.979197" lon="2.8778370999999936">
<ele>260.7777864528995</ele>
<time>2026-08-28T10:12:48.331Z</time>
</trkpt>
<trkpt lat="41.9791656" lon="2.8777886999999964">
<ele>261.0289188197737</ele>
<time>2026-08-28T10:12:52.068Z</time>
</trkpt>
<trkpt lat="41.9791351" lon="2.8777431000000036">
<ele>261.2985168020669</ele>
<time>2026-08-28T10:12:56.056Z</time>
</trkpt>
<trkpt lat="41.9790982" lon="2.877705700000007">
<ele>261.224059709036</ele>
<time>2026-08-28T10:13:00.669Z</time>
</trkpt>
<trkpt lat="41.9790654" lon="2.8776619999999866">
<ele>261.45413122556977</ele>
<time>2026-08-28T10:13:04.027Z</time>
</trkpt>
<trkpt lat="41.979034" lon="2.8776186000000052">
<ele>261.698747830721</ele>
<time>2026-08-28T10:13:08.290Z</time>
</trkpt>
<trkpt lat="41.9790022" lon="2.8775752999999895">
<ele>261.62608043244484</ele>
<time>2026-08-28T10:13:12.066Z</time>
</trkpt>
<trkpt lat="41.9789638" lon="2.8775283999999886">
<ele>261.29054357590707</ele>
<time>2026-08-28T10:13:15.792Z</time>
</trkpt>
<trkpt lat="41.9789353" lon="2.877476900000005">
<ele>261.37243252901936</ele>
<time>2026-08-28T10:13:19.526Z</time>
</trkpt>
<trkpt lat="41.9789101" lon="2.877416199999999">
<ele>261.7410308613203</ele>
<time>2026-08-28T10:13:23.926Z</time>
</trkpt>
<trkpt lat="41.9788857" lon="2.877359200000001">
<ele>262.04364444524754</ele>
<time>2026-08-28T10:13:28.037Z</time>
</trkpt>
<trkpt lat="41.9788742" lon="2.8772940000000062">
<ele>262.45837502744564</ele>
<time>2026-08-28T10:13:31.812Z</time>
</trkpt>
<trkpt lat="41.978864" lon="2.8772280000000023">
<ele>262.47260371900336</ele>
<time>2026-08-28T10:13:35.650Z</time>
</trkpt>
<trkpt lat="41.9788537" lon="2.877160900000007">
<ele>262.3919289137676</ele>
<time>2026-08-28T10:13:39.306Z</time>
</trkpt>
<trkpt lat="41.9788574" lon="2.8771006999999997">
<ele>262.92434535841346</ele>
<time>2026-08-28T10:13:44.011Z</time>
</trkpt>
<trkpt lat="41.9788607" lon="2.8770336000000043">
<ele>263.3890389276795</ele>
<time>2026-08-28T10:13:47.931Z</time>
</trkpt>
<trkpt lat="41.9788693" lon="2.8769736000000137">
<ele>263.8340267322131</ele>
<time>2026-08-28T10:13:52.052Z</time>
</trkpt>
<trkpt lat="41.9788858" lon="2.876914499999998">
<ele>264.61623539942286</ele>
<time>2026-08-28T10:13:56.011Z</time>
</trkpt>
<trkpt lat="41.9789107" lon="2.87685350000001">
<ele>265.748254746339</ele>
<time>2026-08-28T10:13:59.827Z</time>
</trkpt>
<trkpt lat="41.9789366" lon="2.876799500000004">
<ele>266.8954593129993</ele>
<time>2026-08-28T10:14:03.746Z</time>
</trkpt>
<trkpt lat="41.9789739" lon="2.8767539000000113">
<ele>268.30684633950267</ele>
<time>2026-08-28T10:14:08.067Z</time>
</trkpt>
<trkpt lat="41.9790168" lon="2.876725499999992">
<ele>269.7959047963134</ele>
<time>2026-08-28T10:14:12.028Z</time>
</trkpt>
<trkpt lat="41.9790589" lon="2.876690999999994">
<ele>271.10542528681043</ele>
<time>2026-08-28T10:14:15.949Z</time>
</trkpt>
<trkpt lat="41.9790918" lon="2.8766468999999972">
<ele>271.8397975184008</ele>
<time>2026-08-28T10:14:20.212Z</time>
</trkpt>
<trkpt lat="41.9791171" lon="2.876590599999986">
<ele>272.03001226052015</ele>
<time>2026-08-28T10:14:24.451Z</time>
</trkpt>
<trkpt lat="41.9791316" lon="2.876531699999987">
<ele>271.7132814133314</ele>
<time>2026-08-28T10:14:28.305Z</time>
</trkpt>
<trkpt lat="41.9791409" lon="2.8764674999999897">
<ele>271.25481307908115</ele>
<time>2026-08-28T10:14:32.412Z</time>
</trkpt>
<trkpt lat="41.9791332" lon="2.8764068000000123">
<ele>270.5039713501212</ele>
<time>2026-08-28T10:14:36.750Z</time>
</trkpt>
<trkpt lat="41.9791255" lon="2.8763417000000118">
<ele>269.6905594149885</ele>
<time>2026-08-28T10:14:41.032Z</time>
</trkpt>
<trkpt lat="41.9791071" lon="2.876285700000011">
<ele>268.56157470848933</ele>
<time>2026-08-28T10:14:45.025Z</time>
</trkpt>
<trkpt lat="41.9790836" lon="2.8762273000000107">
<ele>267.2125111594348</ele>
<time>2026-08-28T10:14:48.913Z</time>
</trkpt>
<trkpt lat="41.9790585" lon="2.8761762000000033">
<ele>266.6896469347903</ele>
<time>2026-08-28T10:14:52.673Z</time>
</trkpt>
<trkpt lat="41.9790361" lon="2.8761196000000098">
<ele>266.5144141203758</ele>
<time>2026-08-28T10:14:56.873Z</time>
</trkpt>
<trkpt lat="41.9790128" lon="2.8760608000000047">
<ele>266.29835358743037</ele>
<time>2026-08-28T10:15:01.011Z</time>
</trkpt>
<trkpt lat="41.9789917" lon="2.8760056000000134">
<ele>266.09518032104893</ele>
<time>2026-08-28T10:15:04.472Z</time>
</trkpt>
<trkpt lat="41.9789761" lon="2.875946099999993">
<ele>266.1283616247873</ele>
<time>2026-08-28T10:15:08.313Z</time>
</trkpt>
<trkpt lat="41.9789613" lon="2.8758841000000075">
<ele>266.3804132205727</ele>
<time>2026-08-28T10:15:12.032Z</time>
</trkpt>
<trkpt lat="41.9789551" lon="2.8758186000000023">
<ele>267.0562876536325</ele>
<time>2026-08-28T10:15:15.712Z</time>
</trkpt>
<trkpt lat="41.9789505" lon="2.8757524000000103">
<ele>267.81210689204573</ele>
<time>2026-08-28T10:15:19.488Z</time>
</trkpt>
<trkpt lat="41.978943" lon="2.875692299999997">
<ele>268.38226297856363</ele>
<time>2026-08-28T10:15:23.327Z</time>
</trkpt>
<trkpt lat="41.9789341" lon="2.8756314999999972">
<ele>268.86654706047256</ele>
<time>2026-08-28T10:15:27.286Z</time>
</trkpt>
<trkpt lat="41.9789313" lon="2.875564499999996">
<ele>269.6017385139087</ele>
<time>2026-08-28T10:15:30.853Z</time>
</trkpt>
<trkpt lat="41.9789293" lon="2.8755041999999946">
<ele>270.2909973806675</ele>
<time>2026-08-28T10:15:34.012Z</time>
</trkpt>
<trkpt lat="41.9789273" lon="2.8754386999999895">
<ele>271.05445119015116</ele>
<time>2026-08-28T10:15:37.968Z</time>
</trkpt>
<trkpt lat="41.9789378" lon="2.8753772999999967">
<ele>272.08945479354935</ele>
<time>2026-08-28T10:15:42.032Z</time>
</trkpt>
<trkpt lat="41.978952" lon="2.8753136999999924">
<ele>273.0121996431729</ele>
<time>2026-08-28T10:15:46.570Z</time>
</trkpt>
<trkpt lat="41.9789576" lon="2.875251300000002">
<ele>273.6587026764711</ele>
<time>2026-08-28T10:15:50.912Z</time>
</trkpt>
<trkpt lat="41.9789705" lon="2.875191699999988">
<ele>274.3539842987047</ele>
<time>2026-08-28T10:15:55.312Z</time>
</trkpt>
<trkpt lat="41.978955" lon="2.8751272000000085">
<ele>274.664516169088</ele>
<time>2026-08-28T10:15:59.550Z</time>
</trkpt>
<trkpt lat="41.9789297" lon="2.8750735000000134">
<ele>275.21191006265906</ele>
<time>2026-08-28T10:16:03.687Z</time>
</trkpt>
<trkpt lat="41.9788956" lon="2.875029899999987">
<ele>275.8280101044931</ele>
<time>2026-08-28T10:16:07.446Z</time>
</trkpt>
<trkpt lat="41.9788573" lon="2.8749938999999927">
<ele>276.4215840297918</ele>
<time>2026-08-28T10:16:11.012Z</time>
</trkpt>
<trkpt lat="41.9788137" lon="2.8749745000000075">
<ele>277.6780279897176</ele>
<time>2026-08-28T10:16:15.021Z</time>
</trkpt>
<trkpt lat="41.9787513" lon="2.8749746000000016">
<ele>278.8497240915044</ele>
<time>2026-08-28T10:16:23.011Z</time>
</trkpt>
<trkpt lat="41.9787049" lon="2.8749869000000103">
<ele>279.53782216872304</ele>
<time>2026-08-28T10:16:25.672Z</time>
</trkpt>
<trkpt lat="41.9786559" lon="2.8749770999999953">
<ele>280.61266301380357</ele>
<time>2026-08-28T10:16:29.886Z</time>
</trkpt>
<trkpt lat="41.9786115" lon="2.874964900000009">
<ele>281.5804596613778</ele>
<time>2026-08-28T10:16:33.547Z</time>
</trkpt>
<trkpt lat="41.9785631" lon="2.8749613999999895">
<ele>282.2314030069611</ele>
<time>2026-08-28T10:16:37.651Z</time>
</trkpt>
<trkpt lat="41.9785182" lon="2.874970399999995">
<ele>282.3085002355013</ele>
<time>2026-08-28T10:16:41.610Z</time>
</trkpt>
<trkpt lat="41.9784724" lon="2.8749852999999916">
<ele>282.31691712622495</ele>
<time>2026-08-28T10:16:45.771Z</time>
</trkpt>
<trkpt lat="41.9784316" lon="2.8750199000000123">
<ele>282.0767767839973</ele>
<time>2026-08-28T10:16:50.051Z</time>
</trkpt>
<trkpt lat="41.9783984" lon="2.8750612000000046">
<ele>281.705008399432</ele>
<time>2026-08-28T10:16:54.066Z</time>
</trkpt>
<trkpt lat="41.9783706" lon="2.8751088999999865">
<ele>281.2404537357528</ele>
<time>2026-08-28T10:16:57.688Z</time>
</trkpt>
<trkpt lat="41.9783379" lon="2.8751555999999994">
<ele>281.10449984422957</ele>
<time>2026-08-28T10:17:00.910Z</time>
</trkpt>
<trkpt lat="41.9782975" lon="2.875194300000004">
<ele>281.0248880838514</ele>
<time>2026-08-28T10:17:04.693Z</time>
</trkpt>
<trkpt lat="41.9782526" lon="2.875215300000008">
<ele>280.1646082461841</ele>
<time>2026-08-28T10:17:08.571Z</time>
</trkpt>
<trkpt lat="41.9782074" lon="2.8752173000000028">
<ele>279.35423002638396</ele>
<time>2026-08-28T10:17:12.015Z</time>
</trkpt>
<trkpt lat="41.9781612" lon="2.8752092000000005">
<ele>278.5546123160508</ele>
<time>2026-08-28T10:17:15.502Z</time>
</trkpt>
<trkpt lat="41.9781177" lon="2.8751860000000136">
<ele>277.8447417886725</ele>
<time>2026-08-28T10:17:19.272Z</time>
</trkpt>
<trkpt lat="41.9780771" lon="2.8751531000000057">
<ele>277.21214965081106</ele>
<time>2026-08-28T10:17:23.513Z</time>
</trkpt>
<trkpt lat="41.9780401" lon="2.875113099999993">
<ele>276.6616586320646</ele>
<time>2026-08-28T10:17:27.808Z</time>
</trkpt>
<trkpt lat="41.9780011" lon="2.875079800000009">
<ele>276.4195936002002</ele>
<time>2026-08-28T10:17:32.065Z</time>
</trkpt>
<trkpt lat="41.97796" lon="2.875049600000011">
<ele>276.3243353852317</ele>
<time>2026-08-28T10:17:36.060Z</time>
</trkpt>
<trkpt lat="41.9779217" lon="2.8750114999999994">
<ele>276.56475668998564</ele>
<time>2026-08-28T10:17:39.948Z</time>
</trkpt>
<trkpt lat="41.9778777" lon="2.8749784000000034">
<ele>276.76407550116534</ele>
<time>2026-08-28T10:17:43.773Z</time>
</trkpt>
<trkpt lat="41.9778323" lon="2.8749560999999915">
<ele>276.8101370031391</ele>
<time>2026-08-28T10:17:47.931Z</time>
</trkpt>
<trkpt lat="41.9777885" lon="2.874937299999999">
<ele>276.8729851666716</ele>
<time>2026-08-28T10:17:51.011Z</time>
</trkpt>
<trkpt lat="41.977744" lon="2.8749263999999926">
<ele>276.7907702302979</ele>
<time>2026-08-28T10:17:55.023Z</time>
</trkpt>
<trkpt lat="41.9776949" lon="2.8749243999999976">
<ele>276.7664782038281</ele>
<time>2026-08-28T10:17:58.972Z</time>
</trkpt>
<trkpt lat="41.9776471" lon="2.874912800000004">
<ele>277.04043682766604</ele>
<time>2026-08-28T10:18:02.788Z</time>
</trkpt>
<trkpt lat="41.9776012" lon="2.87489819999999">
<ele>277.4125485390181</ele>
<time>2026-08-28T10:18:06.050Z</time>
</trkpt>
<trkpt lat="41.9775519" lon="2.874885400000011">
<ele>277.7260086718613</ele>
<time>2026-08-28T10:18:09.672Z</time>
</trkpt>
<trkpt lat="41.9775081" lon="2.874871200000001">
<ele>278.09456067295656</ele>
<time>2026-08-28T10:18:13.011Z</time>
</trkpt>
<trkpt lat="41.97746" lon="2.8748616999999967">
<ele>278.2288500290634</ele>
<time>2026-08-28T10:18:16.652Z</time>
</trkpt>
<trkpt lat="41.9774138" lon="2.8748602999999946">
<ele>277.7569023565693</ele>
<time>2026-08-28T10:18:20.042Z</time>
</trkpt>
<trkpt lat="41.9773641" lon="2.8748589999999865">
<ele>277.24516368725756</ele>
<time>2026-08-28T10:18:23.591Z</time>
</trkpt>
<trkpt lat="41.9773173" lon="2.8748515000000054">
<ele>276.9795434018517</ele>
<time>2026-08-28T10:18:26.790Z</time>
</trkpt>
<trkpt lat="41.9772673" lon="2.874834700000008">
<ele>277.01891165570345</ele>
<time>2026-08-28T10:18:30.587Z</time>
</trkpt>
<trkpt lat="41.9772263" lon="2.874805699999996">
<ele>277.6188813089664</ele>
<time>2026-08-28T10:18:34.209Z</time>
</trkpt>
<trkpt lat="41.9771876" lon="2.874774400000007">
<ele>278.3164286741457</ele>
<time>2026-08-28T10:18:38.207Z</time>
</trkpt>
<trkpt lat="41.9771481" lon="2.8747420999999918">
<ele>278.57819386331573</ele>
<time>2026-08-28T10:18:41.925Z</time>
</trkpt>
<trkpt lat="41.977105" lon="2.8747133999999903">
<ele>278.6380656121512</ele>
<time>2026-08-28T10:18:45.693Z</time>
</trkpt>
<trkpt lat="41.977065" lon="2.8746845000000008">
<ele>278.78716085596625</ele>
<time>2026-08-28T10:18:49.012Z</time>
</trkpt>
<trkpt lat="41.9770243" lon="2.8746557000000053">
<ele>278.9275336621514</ele>
<time>2026-08-28T10:18:52.271Z</time>
</trkpt>
<trkpt lat="41.9769842" lon="2.874625199999997">
<ele>279.15540058167966</ele>
<time>2026-08-28T10:18:56.057Z</time>
</trkpt>
<trkpt lat="41.9769419" lon="2.8745981000000143">
<ele>279.21873016297985</ele>
<time>2026-08-28T10:19:00.012Z</time>
</trkpt>
<trkpt lat="41.9768986" lon="2.8745635999999877">
<ele>279.483278194308</ele>
<time>2026-08-28T10:19:04.045Z</time>
</trkpt>
<trkpt lat="41.976853" lon="2.8745317999999997">
<ele>279.3765829562387</ele>
<time>2026-08-28T10:19:07.850Z</time>
</trkpt>
<trkpt lat="41.9768042" lon="2.8745163000000105">
<ele>278.5652110016134</ele>
<time>2026-08-28T10:19:11.809Z</time>
</trkpt>
<trkpt lat="41.9767618" lon="2.874491500000005">
<ele>278.2289144460091</ele>
<time>2026-08-28T10:19:15.528Z</time>
</trkpt>
<trkpt lat="41.9767205" lon="2.8744615999999894">
<ele>278.07289278845553</ele>
<time>2026-08-28T10:19:19.011Z</time>
</trkpt>
<trkpt lat="41.976677" lon="2.874430200000006">
<ele>277.88057741767113</ele>
<time>2026-08-28T10:19:22.627Z</time>
</trkpt>
<trkpt lat="41.9766313" lon="2.874396399999995">
<ele>277.68074863136184</ele>
<time>2026-08-28T10:19:26.866Z</time>
</trkpt>
<trkpt lat="41.9765909" lon="2.874354699999998">
<ele>277.899605918871</ele>
<time>2026-08-28T10:19:30.646Z</time>
</trkpt>
<trkpt lat="41.9765526" lon="2.8743220000000065">
<ele>277.858122372226</ele>
<time>2026-08-28T10:19:34.012Z</time>
</trkpt>
<trkpt lat="41.9765118" lon="2.8742876999999964">
<ele>277.76722319519564</ele>
<time>2026-08-28T10:19:37.848Z</time>
</trkpt>
<trkpt lat="41.9764744" lon="2.8742507000000046">
<ele>277.82441935012173</ele>
<time>2026-08-28T10:19:42.012Z</time>
</trkpt>
<trkpt lat="41.9764361" lon="2.8742115999999953">
<ele>277.86547759810236</ele>
<time>2026-08-28T10:19:45.912Z</time>
</trkpt>
<trkpt lat="41.9763989" lon="2.874175600000001">
<ele>277.79114382987194</ele>
<time>2026-08-28T10:19:50.246Z</time>
</trkpt>
<trkpt lat="41.9763627" lon="2.8741349999999954">
<ele>277.82498896103976</ele>
<time>2026-08-28T10:19:54.006Z</time>
</trkpt>
<trkpt lat="41.9763254" lon="2.8740953999999874">
<ele>277.96646194584594</ele>
<time>2026-08-28T10:19:58.010Z</time>
</trkpt>
<trkpt lat="41.976289" lon="2.8740550999999925">
<ele>278.20219436168094</ele>
<time>2026-08-28T10:20:01.532Z</time>
</trkpt>
<trkpt lat="41.9762541" lon="2.8740160000000117">
<ele>278.44917951719225</ele>
<time>2026-08-28T10:20:05.267Z</time>
</trkpt>
<trkpt lat="41.9762178" lon="2.873975900000005">
<ele>278.57533616964656</ele>
<time>2026-08-28T10:20:09.026Z</time>
</trkpt>
<trkpt lat="41.9761833" lon="2.873929000000004">
<ele>278.6537821129678</ele>
<time>2026-08-28T10:20:12.786Z</time>
</trkpt>
<trkpt lat="41.9761585" lon="2.873877499999992">
<ele>279.014252195761</ele>
<time>2026-08-28T10:20:16.007Z</time>
</trkpt>
<trkpt lat="41.9761338" lon="2.873826799999989">
<ele>279.30857746547156</ele>
<time>2026-08-28T10:20:19.018Z</time>
</trkpt>
<trkpt lat="41.9761113" lon="2.8737681000000066">
<ele>279.76193786806175</ele>
<time>2026-08-28T10:20:22.490Z</time>
</trkpt>
<trkpt lat="41.9760892" lon="2.873710299999999">
<ele>280.1076358949282</ele>
<time>2026-08-28T10:20:26.011Z</time>
</trkpt>
<trkpt lat="41.9760727" lon="2.8736490000000003">
<ele>279.72993877528256</ele>
<time>2026-08-28T10:20:29.572Z</time>
</trkpt>
<trkpt lat="41.9760741" lon="2.8735878999999898">
<ele>279.93700027205</ele>
<time>2026-08-28T10:20:34.011Z</time>
</trkpt>
<trkpt lat="41.9760831" lon="2.8735287000000085">
<ele>280.4220146856236</ele>
<time>2026-08-28T10:20:38.087Z</time>
</trkpt>
<trkpt lat="41.9760969" lon="2.8734684000000073">
<ele>281.11612916671885</ele>
<time>2026-08-28T10:20:42.888Z</time>
</trkpt>
<trkpt lat="41.9761264" lon="2.8734215000000063">
<ele>282.32875865741573</ele>
<time>2026-08-28T10:20:46.785Z</time>
</trkpt>
<trkpt lat="41.9761655" lon="2.873375799999991">
<ele>283.6590512941386</ele>
<time>2026-08-28T10:20:51.031Z</time>
</trkpt>
<trkpt lat="41.9762031" lon="2.8733383000000003">
<ele>284.92300567219604</ele>
<time>2026-08-28T10:20:54.687Z</time>
</trkpt>
<trkpt lat="41.9762486" lon="2.8733085000000074">
<ele>286.48608327598663</ele>
<time>2026-08-28T10:20:59.012Z</time>
</trkpt>
<trkpt lat="41.9762934" lon="2.8732823999999937">
<ele>288.00823212723554</ele>
<time>2026-08-28T10:21:03.346Z</time>
</trkpt>
<trkpt lat="41.976338" lon="2.8732632999999907">
<ele>289.5378394230908</ele>
<time>2026-08-28T10:21:07.589Z</time>
</trkpt>
<trkpt lat="41.9763825" lon="2.8732359999999915">
<ele>290.40493368000006</ele>
<time>2026-08-28T10:21:11.768Z</time>
</trkpt>
<trkpt lat="41.9764271" lon="2.8732201999999916">
<ele>290.89407461491123</ele>
<time>2026-08-28T10:21:15.693Z</time>
</trkpt>
<trkpt lat="41.9764744" lon="2.873227700000001">
<ele>291.6549367017837</ele>
<time>2026-08-28T10:21:19.985Z</time>
</trkpt>
<trkpt lat="41.9765222" lon="2.8732419000000107">
<ele>292.5690151793179</ele>
<time>2026-08-28T10:21:24.431Z</time>
</trkpt>
<trkpt lat="41.976569" lon="2.873257200000012">
<ele>293.561265137523</ele>
<time>2026-08-28T10:21:29.066Z</time>
</trkpt>
<trkpt lat="41.9766112" lon="2.8732861000000014">
<ele>294.83751246230753</ele>
<time>2026-08-28T10:21:33.608Z</time>
</trkpt>
<trkpt lat="41.9766463" lon="2.8733290000000125">
<ele>296.2640237695289</ele>
<time>2026-08-28T10:21:37.925Z</time>
</trkpt>
<trkpt lat="41.9766799" lon="2.8733779000000084">
<ele>297.49791292488936</ele>
<time>2026-08-28T10:21:41.849Z</time>
</trkpt>
<trkpt lat="41.9767057" lon="2.8734298999999908">
<ele>298.6840345558481</ele>
<time>2026-08-28T10:21:46.011Z</time>
</trkpt>
<trkpt lat="41.9767337" lon="2.873481300000009">
<ele>299.098121473708</ele>
<time>2026-08-28T10:21:50.039Z</time>
</trkpt>
<trkpt lat="41.9767638" lon="2.873526400000003">
<ele>299.5047732865272</ele>
<time>2026-08-28T10:21:53.629Z</time>
</trkpt>
<trkpt lat="41.9767921" lon="2.8735741000000132">
<ele>300.0114184846194</ele>
<time>2026-08-28T10:21:57.229Z</time>
</trkpt>
<trkpt lat="41.976823" lon="2.873618999999991">
<ele>300.6212140619517</ele>
<time>2026-08-28T10:22:01.148Z</time>
</trkpt>
<trkpt lat="41.9768592" lon="2.873667299999994">
<ele>301.4247982861299</ele>
<time>2026-08-28T10:22:05.022Z</time>
</trkpt>
<trkpt lat="41.9768908" lon="2.873716900000005">
<ele>302.2128078194538</ele>
<time>2026-08-28T10:22:09.586Z</time>
</trkpt>
<trkpt lat="41.9769267" lon="2.8737597999999878">
<ele>301.6386676912285</ele>
<time>2026-08-28T10:22:13.346Z</time>
</trkpt>
<trkpt lat="41.9769707" lon="2.8737892999999985">
<ele>300.70178763987036</ele>
<time>2026-08-28T10:22:17.010Z</time>
</trkpt>
<trkpt lat="41.9770146" lon="2.8738046999999938">
<ele>300.0575939045388</ele>
<time>2026-08-28T10:22:20.289Z</time>
</trkpt>
<trkpt lat="41.9770595" lon="2.8738208999999983">
<ele>299.47420598061626</ele>
<time>2026-08-28T10:22:23.389Z</time>
</trkpt>
<trkpt lat="41.9771065" lon="2.8738347000000033">
<ele>298.96764728181296</ele>
<time>2026-08-28T10:22:27.011Z</time>
</trkpt>
<trkpt lat="41.9771588" lon="2.8738452999999993">
<ele>298.50030809576987</ele>
<time>2026-08-28T10:22:31.048Z</time>
</trkpt>
<trkpt lat="41.977205" lon="2.873847899999987">
<ele>298.0474284893782</ele>
<time>2026-08-28T10:22:34.507Z</time>
</trkpt>
<trkpt lat="41.9772499" lon="2.8738532000000134">
<ele>297.42941396859277</ele>
<time>2026-08-28T10:22:38.033Z</time>
</trkpt>
<trkpt lat="41.9772976" lon="2.8738462999999967">
<ele>296.7549213291103</ele>
<time>2026-08-28T10:22:42.010Z</time>
</trkpt>
<trkpt lat="41.9773457" lon="2.873826400000013">
<ele>296.0061292723537</ele>
<time>2026-08-28T10:22:45.992Z</time>
</trkpt>
<trkpt lat="41.9773844" lon="2.8737872000000095">
<ele>295.2507115404681</ele>
<time>2026-08-28T10:22:51.827Z</time>
</trkpt>
<trkpt lat="41.9774209" lon="2.8737351000000046">
<ele>294.3719282394466</ele>
<time>2026-08-28T10:22:55.629Z</time>
</trkpt>
<trkpt lat="41.9774525" lon="2.873689000000013">
<ele>293.21077082135935</ele>
<time>2026-08-28T10:22:59.011Z</time>
</trkpt>
<trkpt lat="41.977475" lon="2.873634399999986">
<ele>291.8484469280189</ele>
<time>2026-08-28T10:23:02.569Z</time>
</trkpt>
<trkpt lat="41.9775001" lon="2.873576799999995">
<ele>290.7666611236377</ele>
<time>2026-08-28T10:23:06.449Z</time>
</trkpt>
<trkpt lat="41.9775256" lon="2.8735236999999927">
<ele>289.86928561254274</ele>
<time>2026-08-28T10:23:09.726Z</time>
</trkpt>
<trkpt lat="41.9775552" lon="2.8734733999999946">
<ele>289.13664785014583</ele>
<time>2026-08-28T10:23:13.013Z</time>
</trkpt>
<trkpt lat="41.9775933" lon="2.8734356999999875">
<ele>288.75969698639284</ele>
<time>2026-08-28T10:23:16.290Z</time>
</trkpt>
<trkpt lat="41.9776302" lon="2.873399500000005">
<ele>288.20361537064366</ele>
<time>2026-08-28T10:23:20.010Z</time>
</trkpt>
<trkpt lat="41.9776783" lon="2.8733747999999935">
<ele>288.14926393957353</ele>
<time>2026-08-28T10:23:23.849Z</time>
</trkpt>
<trkpt lat="41.977725" lon="2.87335809999999">
<ele>288.3542446224945</ele>
<time>2026-08-28T10:23:28.010Z</time>
</trkpt>
<trkpt lat="41.9777711" lon="2.873361299999999">
<ele>289.1345964368942</ele>
<time>2026-08-28T10:23:32.022Z</time>
</trkpt>
<trkpt lat="41.9778193" lon="2.8733753999999863">
<ele>290.3340719610221</ele>
<time>2026-08-28T10:23:36.790Z</time>
</trkpt>
<trkpt lat="41.9778663" lon="2.8734004000000084">
<ele>291.72034601842506</ele>
<time>2026-08-28T10:23:41.590Z</time>
</trkpt>
<trkpt lat="41.9779037" lon="2.873436499999997">
<ele>293.1378026794729</ele>
<time>2026-08-28T10:23:45.931Z</time>
</trkpt>
<trkpt lat="41.9779425" lon="2.8734700999999916">
<ele>294.4485818321578</ele>
<time>2026-08-28T10:23:50.606Z</time>
</trkpt>
<trkpt lat="41.9779781" lon="2.8735135000000014">
<ele>295.8912194140849</ele>
<time>2026-08-28T10:23:55.011Z</time>
</trkpt>
<trkpt lat="41.9780155" lon="2.873552399999994">
<ele>297.3780349707125</ele>
<time>2026-08-28T10:23:58.910Z</time>
</trkpt>
<trkpt lat="41.9780554" lon="2.8735842000000105">
<ele>298.2402442966578</ele>
<time>2026-08-28T10:24:03.213Z</time>
</trkpt>
<trkpt lat="41.9781032" lon="2.873591299999987">
<ele>298.5737904802731</ele>
<time>2026-08-28T10:24:07.507Z</time>
</trkpt>
<trkpt lat="41.9781517" lon="2.8735829999999964">
<ele>298.6040012061998</ele>
<time>2026-08-28T10:24:11.891Z</time>
</trkpt>
<trkpt lat="41.9781971" lon="2.87356299999999">
<ele>298.30162994488796</ele>
<time>2026-08-28T10:24:16.011Z</time>
</trkpt>
<trkpt lat="41.97824" lon="2.8735256999999876">
<ele>297.45344697792893</ele>
<time>2026-08-28T10:24:20.033Z</time>
</trkpt>
<trkpt lat="41.9782791" lon="2.873482200000012">
<ele>296.2801600068074</ele>
<time>2026-08-28T10:24:23.711Z</time>
</trkpt>
<trkpt lat="41.9783195" lon="2.8734476999999856">
<ele>295.3200411841945</ele>
<time>2026-08-28T10:24:26.906Z</time>
</trkpt>
<trkpt lat="41.9783607" lon="2.873402199999987">
<ele>294.11282626192485</ele>
<time>2026-08-28T10:24:30.786Z</time>
</trkpt>
<trkpt lat="41.9783963" lon="2.873362600000007">
<ele>293.09350029636147</ele>
<time>2026-08-28T10:24:33.853Z</time>
</trkpt>
<trkpt lat="41.9784407" lon="2.8733362000000113">
<ele>292.56986512608137</ele>
<time>2026-08-28T10:24:37.026Z</time>
</trkpt>
<trkpt lat="41.9784852" lon="2.8733212999999864">
<ele>292.4181781278864</ele>
<time>2026-08-28T10:24:40.227Z</time>
</trkpt>
<trkpt lat="41.9785336" lon="2.873305799999997">
<ele>292.3011156283281</ele>
<time>2026-08-28T10:24:43.530Z</time>
</trkpt>
<trkpt lat="41.9785798" lon="2.8732980000000055">
<ele>292.4022009175965</ele>
<time>2026-08-28T10:24:47.749Z</time>
</trkpt>
<trkpt lat="41.9786257" lon="2.873304200000007">
<ele>293.68792541709206</ele>
<time>2026-08-28T10:24:51.332Z</time>
</trkpt>
<trkpt lat="41.9786719" lon="2.8733252000000107">
<ele>295.44249614919266</ele>
<time>2026-08-28T10:24:55.907Z</time>
</trkpt>
<trkpt lat="41.9787219" lon="2.873340899999988">
<ele>297.17906885341245</ele>
<time>2026-08-28T10:25:00.010Z</time>
</trkpt>
<trkpt lat="41.9787682" lon="2.8733448000000124">
<ele>298.4920055552787</ele>
<time>2026-08-28T10:25:03.010Z</time>
</trkpt>
<trkpt lat="41.978817" lon="2.8733470999999895">
<ele>299.8269273192736</ele>
<time>2026-08-28T10:25:06.585Z</time>
</trkpt>
<trkpt lat="41.9788643" lon="2.873345499999999">
<ele>300.8774106101969</ele>
<time>2026-08-28T10:25:09.010Z</time>
</trkpt>
<trkpt lat="41.9789136" lon="2.873330699999997">
<ele>300.3881270925858</ele>
<time>2026-08-28T10:25:13.010Z</time>
</trkpt>
<trkpt lat="41.9789579" lon="2.8732974000000127">
<ele>299.26206698906236</ele>
<time>2026-08-28T10:25:16.787Z</time>
</trkpt>
<trkpt lat="41.9790061" lon="2.873271100000011">
<ele>298.33444577371944</ele>
<time>2026-08-28T10:25:20.512Z</time>
</trkpt>
<trkpt lat="41.9790474" lon="2.8732438000000116">
<ele>297.3494869175485</ele>
<time>2026-08-28T10:25:24.011Z</time>
</trkpt>
<trkpt lat="41.9790954" lon="2.8732216999999878">
<ele>296.5090513105454</ele>
<time>2026-08-28T10:25:28.013Z</time>
</trkpt>
<trkpt lat="41.9791393" lon="2.873198000000002">
<ele>295.6221395387852</ele>
<time>2026-08-28T10:25:33.011Z</time>
</trkpt>
<trkpt lat="41.9791881" lon="2.8732080000000053">
<ele>296.7692434029301</ele>
<time>2026-08-28T10:25:37.589Z</time>
</trkpt>
<trkpt lat="41.9792297" lon="2.8732352000000105">
<ele>298.32431020338004</ele>
<time>2026-08-28T10:25:42.060Z</time>
</trkpt>
<trkpt lat="41.9792668" lon="2.8732730000000117">
<ele>300.0620487515552</ele>
<time>2026-08-28T10:25:47.068Z</time>
</trkpt>
<trkpt lat="41.9793035" lon="2.8733182">
<ele>301.9122917927896</ele>
<time>2026-08-28T10:25:51.468Z</time>
</trkpt>
<trkpt lat="41.9793346" lon="2.8733660999999984">
<ele>303.65966819715027</ele>
<time>2026-08-28T10:25:55.669Z</time>
</trkpt>
<trkpt lat="41.9793664" lon="2.8734116999999912">
<ele>305.24121813356464</ele>
<time>2026-08-28T10:25:59.890Z</time>
</trkpt>
<trkpt lat="41.9794005" lon="2.8734545000000082">
<ele>306.45794702018105</ele>
<time>2026-08-28T10:26:04.046Z</time>
</trkpt>
<trkpt lat="41.9794351" lon="2.8734958999999947">
<ele>307.25441602207974</ele>
<time>2026-08-28T10:26:08.041Z</time>
</trkpt>
<trkpt lat="41.9794793" lon="2.8735141999999883">
<ele>307.63520459021896</ele>
<time>2026-08-28T10:26:12.486Z</time>
</trkpt>
<trkpt lat="41.9795285" lon="2.873501900000008">
<ele>307.5477600647344</ele>
<time>2026-08-28T10:26:16.707Z</time>
</trkpt>
<trkpt lat="41.9795652" lon="2.8734627000000046">
<ele>306.9978099129897</ele>
<time>2026-08-28T10:26:20.926Z</time>
</trkpt>
<trkpt lat="41.979602" lon="2.8734163999999964">
<ele>306.11368697744456</ele>
<time>2026-08-28T10:26:24.609Z</time>
</trkpt>
<trkpt lat="41.9796306" lon="2.8733659000000102">
<ele>304.7791161790569</ele>
<time>2026-08-28T10:26:27.625Z</time>
</trkpt>
<trkpt lat="41.9796583" lon="2.8733182">
<ele>303.49712195519265</ele>
<time>2026-08-28T10:26:30.847Z</time>
</trkpt>
<trkpt lat="41.9796833" lon="2.873264199999994">
<ele>302.0164413661061</ele>
<time>2026-08-28T10:26:34.653Z</time>
</trkpt>
<trkpt lat="41.9797013" lon="2.8732074000000125">
<ele>300.30565750778965</ele>
<time>2026-08-28T10:26:37.946Z</time>
</trkpt>
<trkpt lat="41.9797098" lon="2.8731453999999985">
<ele>298.56166796542635</ele>
<time>2026-08-28T10:26:41.528Z</time>
</trkpt>
<trkpt lat="41.9797124" lon="2.8730826000000036">
<ele>297.3961329593984</ele>
<time>2026-08-28T10:26:45.271Z</time>
</trkpt>
<trkpt lat="41.9797166" lon="2.873017500000003">
<ele>296.1871138791028</ele>
<time>2026-08-28T10:26:48.950Z</time>
</trkpt>
<trkpt lat="41.9797274" lon="2.8729524999999967">
<ele>294.9532966785824</ele>
<time>2026-08-28T10:26:52.672Z</time>
</trkpt>
<trkpt lat="41.9797539" lon="2.8729007000000024">
<ele>293.9173889405343</ele>
<time>2026-08-28T10:26:56.053Z</time>
</trkpt>
<trkpt lat="41.9797833" lon="2.8728480000000047">
<ele>293.0010586255652</ele>
<time>2026-08-28T10:27:00.011Z</time>
</trkpt>
<trkpt lat="41.9798225" lon="2.8728160999999943">
<ele>292.4379582523264</ele>
<time>2026-08-28T10:27:04.593Z</time>
</trkpt>
<trkpt lat="41.9798656" lon="2.872797300000002">
<ele>292.085321043374</ele>
<time>2026-08-28T10:27:09.088Z</time>
</trkpt>
<trkpt lat="41.979912" lon="2.872795499999995">
<ele>291.9517503328773</ele>
<time>2026-08-28T10:27:14.526Z</time>
</trkpt>
<trkpt lat="41.9799565" lon="2.8727829000000042">
<ele>291.71980107219684</ele>
<time>2026-08-28T10:27:19.011Z</time>
</trkpt>
<trkpt lat="41.9799941" lon="2.8727445000000102">
<ele>291.5662173093627</ele>
<time>2026-08-28T10:27:23.011Z</time>
</trkpt>
<trkpt lat="41.9800246" lon="2.872698100000008">
<ele>291.36620611799526</ele>
<time>2026-08-28T10:27:27.250Z</time>
</trkpt>
<trkpt lat="41.9800522" lon="2.872643199999999">
<ele>290.9205855573726</ele>
<time>2026-08-28T10:27:32.011Z</time>
</trkpt>
<trkpt lat="41.9800635" lon="2.872579099999996">
<ele>290.0644849157172</ele>
<time>2026-08-28T10:27:36.468Z</time>
</trkpt>
<trkpt lat="41.9800617" lon="2.872514200000012">
<ele>288.9305009479421</ele>
<time>2026-08-28T10:27:40.727Z</time>
</trkpt>
<trkpt lat="41.9800677" lon="2.8724454999999978">
<ele>287.8099859016438</ele>
<time>2026-08-28T10:27:45.043Z</time>
</trkpt>
<trkpt lat="41.9800707" lon="2.872382200000004">
<ele>286.77098066566253</ele>
<time>2026-08-28T10:27:50.351Z</time>
</trkpt>
<trkpt lat="41.980063" lon="2.8723223000000075">
<ele>285.63232177251484</ele>
<time>2026-08-28T10:27:55.039Z</time>
</trkpt>
<trkpt lat="41.9800546" lon="2.8722629000000097">
<ele>284.60704856049307</ele>
<time>2026-08-28T10:27:58.330Z</time>
</trkpt>
<trkpt lat="41.9800548" lon="2.872200499999991">
<ele>283.67755452615233</ele>
<time>2026-08-28T10:28:01.609Z</time>
</trkpt>
<trkpt lat="41.9800562" lon="2.872131599999989">
<ele>282.6887667755708</ele>
<time>2026-08-28T10:28:04.830Z</time>
</trkpt>
<trkpt lat="41.9800485" lon="2.872066200000006">
<ele>281.4490207548441</ele>
<time>2026-08-28T10:28:09.017Z</time>
</trkpt>
<trkpt lat="41.9800369" lon="2.8720044000000087">
<ele>280.53264848763894</ele>
<time>2026-08-28T10:28:12.788Z</time>
</trkpt>
<trkpt lat="41.9800252" lon="2.871944600000006">
<ele>279.81611091791757</ele>
<time>2026-08-28T10:28:16.010Z</time>
</trkpt>
<trkpt lat="41.9800084" lon="2.87188230000001">
<ele>278.8013966324726</ele>
<time>2026-08-28T10:28:19.367Z</time>
</trkpt>
<trkpt lat="41.9799943" lon="2.8718231999999944">
<ele>277.83695040100895</ele>
<time>2026-08-28T10:28:22.422Z</time>
</trkpt>
<trkpt lat="41.9799777" lon="2.8717657999999915">
<ele>276.69404695886794</ele>
<time>2026-08-28T10:28:25.867Z</time>
</trkpt>
<trkpt lat="41.9799631" lon="2.871705999999989">
<ele>276.67620668505305</ele>
<time>2026-08-28T10:28:29.039Z</time>
</trkpt>
<trkpt lat="41.9799586" lon="2.8716455999999937">
<ele>276.9550448348863</ele>
<time>2026-08-28T10:28:32.468Z</time>
</trkpt>
<trkpt lat="41.9799533" lon="2.8715851000000043">
<ele>277.1618560374363</ele>
<time>2026-08-28T10:28:36.010Z</time>
</trkpt>
<trkpt lat="41.9799509" lon="2.871515499999987">
<ele>277.46823440204565</ele>
<time>2026-08-28T10:28:39.948Z</time>
</trkpt>
<trkpt lat="41.9799509" lon="2.8714525000000037">
<ele>277.81452887304766</ele>
<time>2026-08-28T10:28:44.010Z</time>
</trkpt>
<trkpt lat="41.9799664" lon="2.871393799999993">
<ele>278.79373523246267</ele>
<time>2026-08-28T10:28:47.847Z</time>
</trkpt>
<trkpt lat="41.9799883" lon="2.8713392999999883">
<ele>280.117563524838</ele>
<time>2026-08-28T10:28:51.666Z</time>
</trkpt>
<trkpt lat="41.9800197" lon="2.8712952999999857">
<ele>281.80522736961984</ele>
<time>2026-08-28T10:28:56.017Z</time>
</trkpt>
<trkpt lat="41.9800579" lon="2.871255700000006">
<ele>283.7301086603088</ele>
<time>2026-08-28T10:29:00.568Z</time>
</trkpt>
<trkpt lat="41.9800945" lon="2.8712189999999964">
<ele>285.5207998413016</ele>
<time>2026-08-28T10:29:04.390Z</time>
</trkpt>
<trkpt lat="41.9801309" lon="2.87118319999999">
<ele>286.6806915962454</ele>
<time>2026-08-28T10:29:07.947Z</time>
</trkpt>
<trkpt lat="41.9801741" lon="2.871146500000009">
<ele>287.8489560717964</ele>
<time>2026-08-28T10:29:11.786Z</time>
</trkpt>
<trkpt lat="41.9802196" lon="2.8711093999999946">
<ele>289.01396267128234</ele>
<time>2026-08-28T10:29:15.447Z</time>
</trkpt>
<trkpt lat="41.9802618" lon="2.8710730999999896">
<ele>289.82070855290647</ele>
<time>2026-08-28T10:29:19.788Z</time>
</trkpt>
<trkpt lat="41.9803001" lon="2.8710340000000087">
<ele>289.9680412341641</ele>
<time>2026-08-28T10:29:23.569Z</time>
</trkpt>
<trkpt lat="41.9803419" lon="2.8709963999999957">
<ele>290.13686814931845</ele>
<time>2026-08-28T10:29:27.951Z</time>
</trkpt>
<trkpt lat="41.980387" lon="2.8709738000000016">
<ele>290.6668556738412</ele>
<time>2026-08-28T10:29:32.021Z</time>
</trkpt>
<trkpt lat="41.9804295" lon="2.870952100000011">
<ele>291.09177387536823</ele>
<time>2026-08-28T10:29:35.907Z</time>
</trkpt>
<trkpt lat="41.980471" lon="2.87092770000001">
<ele>291.32480111443243</ele>
<time>2026-08-28T10:29:39.632Z</time>
</trkpt>
<trkpt lat="41.9805197" lon="2.8709149999999966">
<ele>291.97656322392044</ele>
<time>2026-08-28T10:29:43.911Z</time>
</trkpt>
<trkpt lat="41.9805677" lon="2.870898100000005">
<ele>292.0957725700496</ele>
<time>2026-08-28T10:29:48.009Z</time>
</trkpt>
<trkpt lat="41.9806133" lon="2.870889699999992">
<ele>292.40230078937</ele>
<time>2026-08-28T10:29:51.867Z</time>
</trkpt>
<trkpt lat="41.9806594" lon="2.8708770000000072">
<ele>292.567044407692</ele>
<time>2026-08-28T10:29:55.629Z</time>
</trkpt>
<trkpt lat="41.9807072" lon="2.8708699999999965">
<ele>292.9565553470267</ele>
<time>2026-08-28T10:29:59.115Z</time>
</trkpt>
<trkpt lat="41.980758" lon="2.8708698000000084">
<ele>293.624089397533</ele>
<time>2026-08-28T10:30:03.010Z</time>
</trkpt>
<trkpt lat="41.9808058" lon="2.8708820999999887">
<ele>294.68439118197233</ele>
<time>2026-08-28T10:30:07.032Z</time>
</trkpt>
<trkpt lat="41.980846" lon="2.87091190000001">
<ele>295.70811994171754</ele>
<time>2026-08-28T10:30:11.056Z</time>
</trkpt>
<trkpt lat="41.9808796" lon="2.8709527999999978">
<ele>297.0753387053056</ele>
<time>2026-08-28T10:30:15.412Z</time>
</trkpt>
<trkpt lat="41.9809256" lon="2.8709699000000057">
<ele>297.6044812512306</ele>
<time>2026-08-28T10:30:20.047Z</time>
</trkpt>
<trkpt lat="41.9809738" lon="2.870956100000001">
<ele>297.08693574706336</ele>
<time>2026-08-28T10:30:24.632Z</time>
</trkpt>
<trkpt lat="41.9810223" lon="2.870936599999993">
<ele>296.39709345964206</ele>
<time>2026-08-28T10:30:28.951Z</time>
</trkpt>
<trkpt lat="41.9810693" lon="2.870919799999996">
<ele>295.8391689608632</ele>
<time>2026-08-28T10:30:32.752Z</time>
</trkpt>
<trkpt lat="41.9811109" lon="2.870892900000001">
<ele>294.77898833086516</ele>
<time>2026-08-28T10:30:36.049Z</time>
</trkpt>
<trkpt lat="41.981153" lon="2.8708714999999927">
<ele>293.7484815888343</ele>
<time>2026-08-28T10:30:39.665Z</time>
</trkpt>
<trkpt lat="41.9811926" lon="2.870839999999987">
<ele>292.44939162195465</ele>
<time>2026-08-28T10:30:42.552Z</time>
</trkpt>
<trkpt lat="41.9812348" lon="2.8708172000000047">
<ele>291.39215465530395</ele>
<time>2026-08-28T10:30:46.193Z</time>
</trkpt>
<trkpt lat="41.9812808" lon="2.870790800000009">
<ele>290.20297097156435</ele>
<time>2026-08-28T10:30:49.992Z</time>
</trkpt>
<trkpt lat="41.9813223" lon="2.8707670000000007">
<ele>289.1386646190579</ele>
<time>2026-08-28T10:30:53.285Z</time>
</trkpt>
<trkpt lat="41.9813667" lon="2.8707502999999974">
<ele>288.3571170558545</ele>
<time>2026-08-28T10:30:56.933Z</time>
</trkpt>
<trkpt lat="41.9814101" lon="2.870733699999988">
<ele>288.6034536600644</ele>
<time>2026-08-28T10:31:00.341Z</time>
</trkpt>
<trkpt lat="41.9814382" lon="2.8707086999999945">
<ele>288.32077649089143</ele>
<time>2026-08-28T10:31:40.010Z</time>
</trkpt>
<trkpt lat="41.9814858" lon="2.870678499999997">
<ele>288.1648941676674</ele>
<time>2026-08-28T10:31:55.010Z</time>
</trkpt>
<trkpt lat="41.981533" lon="2.870664099999999">
<ele>288.4564264598784</ele>
<time>2026-08-28T10:32:01.046Z</time>
</trkpt>
<trkpt lat="41.9815753" lon="2.8706411000000003">
<ele>288.43295558457106</ele>
<time>2026-08-28T10:32:09.845Z</time>
</trkpt>
<trkpt lat="41.9816151" lon="2.8706110999999908">
<ele>288.19099813241763</ele>
<time>2026-08-28T10:32:15.428Z</time>
</trkpt>
<trkpt lat="41.9816616" lon="2.8705817999999965">
<ele>288.15886705854535</ele>
<time>2026-08-28T10:32:19.010Z</time>
</trkpt>
<trkpt lat="41.9817037" lon="2.870549699999998">
<ele>288.10710897013774</ele>
<time>2026-08-28T10:32:22.727Z</time>
</trkpt>
<trkpt lat="41.9817413" lon="2.8705109999999934">
<ele>287.7571827620422</ele>
<time>2026-08-28T10:32:26.445Z</time>
</trkpt>
<trkpt lat="41.981783" lon="2.8704873000000077">
<ele>287.91781782132097</ele>
<time>2026-08-28T10:32:30.029Z</time>
</trkpt>
<trkpt lat="41.9818254" lon="2.8704669999999908">
<ele>288.1839039236158</ele>
<time>2026-08-28T10:32:33.790Z</time>
</trkpt>
<trkpt lat="41.9818672" lon="2.870434799999998">
<ele>288.0751371414571</ele>
<time>2026-08-28T10:32:37.391Z</time>
</trkpt>
<trkpt lat="41.9819105" lon="2.870412299999998">
<ele>288.2746095556051</ele>
<time>2026-08-28T10:32:41.248Z</time>
</trkpt>
<trkpt lat="41.9819459" lon="2.8703715000000045">
<ele>287.69333174204894</ele>
<time>2026-08-28T10:32:44.824Z</time>
</trkpt>
<trkpt lat="41.981956" lon="2.870309800000001">
<ele>287.17316706819355</ele>
<time>2026-08-28T10:32:51.551Z</time>
</trkpt>
<trkpt lat="41.9819155" lon="2.8702704000000097">
<ele>286.18831023733674</ele>
<time>2026-08-28T10:32:54.886Z</time>
</trkpt>
<trkpt lat="41.9818653" lon="2.8702537000000063">
<ele>285.28638666062346</ele>
<time>2026-08-28T10:32:59.069Z</time>
</trkpt>
<trkpt lat="41.9818175" lon="2.8702499000000046">
<ele>284.5686341167524</ele>
<time>2026-08-28T10:33:02.611Z</time>
</trkpt>
<trkpt lat="41.9817714" lon="2.8702495">
<ele>283.90446081960516</ele>
<time>2026-08-28T10:33:05.984Z</time>
</trkpt>
<trkpt lat="41.9817195" lon="2.8702546000000098">
<ele>283.16786119314236</ele>
<time>2026-08-28T10:33:11.026Z</time>
</trkpt>
<trkpt lat="41.9816719" lon="2.870242300000001">
<ele>282.47929368410956</ele>
<time>2026-08-28T10:33:16.871Z</time>
</trkpt>
<trkpt lat="41.981624" lon="2.8702308000000016">
<ele>281.8714592199514</ele>
<time>2026-08-28T10:33:21.871Z</time>
</trkpt>
<trkpt lat="41.9815776" lon="2.870230200000009">
<ele>281.33953723619373</ele>
<time>2026-08-28T10:33:27.010Z</time>
</trkpt>
<trkpt lat="41.9815267" lon="2.8702259000000083">
<ele>280.7590176910598</ele>
<time>2026-08-28T10:33:31.849Z</time>
</trkpt>
<trkpt lat="41.9814764" lon="2.870220399999994">
<ele>280.1828816762084</ele>
<time>2026-08-28T10:33:36.743Z</time>
</trkpt>
<trkpt lat="41.9814297" lon="2.8702107999999953">
<ele>279.6453606401822</ele>
<time>2026-08-28T10:33:41.071Z</time>
</trkpt>
<trkpt lat="41.9813849" lon="2.870195599999988">
<ele>279.12288023039264</ele>
<time>2026-08-28T10:33:45.268Z</time>
</trkpt>
<trkpt lat="41.981335" lon="2.8701810999999964">
<ele>278.6082929298233</ele>
<time>2026-08-28T10:33:49.483Z</time>
</trkpt>
<trkpt lat="41.9812907" lon="2.870159699999988">
<ele>278.1376475251238</ele>
<time>2026-08-28T10:33:52.689Z</time>
</trkpt>
<trkpt lat="41.9812501" lon="2.8701307999999983">
<ele>277.59215103754343</ele>
<time>2026-08-28T10:33:57.009Z</time>
</trkpt>
<trkpt lat="41.9812069" lon="2.870104700000013">
<ele>276.936720431423</ele>
<time>2026-08-28T10:34:00.629Z</time>
</trkpt>
<trkpt lat="41.9811655" lon="2.8700767999999925">
<ele>276.6295522808693</ele>
<time>2026-08-28T10:34:04.019Z</time>
</trkpt>
<trkpt lat="41.981125" lon="2.870043399999986">
<ele>276.46597218187145</ele>
<time>2026-08-28T10:34:07.705Z</time>
</trkpt>
<trkpt lat="41.981086" lon="2.870004999999992">
<ele>276.27681093674454</ele>
<time>2026-08-28T10:34:10.927Z</time>
</trkpt>
<trkpt lat="41.9810582" lon="2.8699478999999997">
<ele>276.86706595417803</ele>
<time>2026-08-28T10:34:14.989Z</time>
</trkpt>
<trkpt lat="41.9810245" lon="2.869889900000004">
<ele>277.578024503889</ele>
<time>2026-08-28T10:34:18.829Z</time>
</trkpt>
<trkpt lat="41.9809835" lon="2.869855599999994">
<ele>278.12674950647965</ele>
<time>2026-08-28T10:34:21.683Z</time>
</trkpt>
<trkpt lat="41.9809456" lon="2.869822400000004">
<ele>278.7099219470046</ele>
<time>2026-08-28T10:34:24.249Z</time>
</trkpt>
<trkpt lat="41.9809009" lon="2.8697938999999906">
<ele>279.6069697904328</ele>
<time>2026-08-28T10:34:27.385Z</time>
</trkpt>
<trkpt lat="41.9808615" lon="2.869761799999992">
<ele>280.69728060062334</ele>
<time>2026-08-28T10:34:30.744Z</time>
</trkpt>
<trkpt lat="41.9808161" lon="2.869770899999992">
<ele>280.7655691349747</ele>
<time>2026-08-28T10:34:35.250Z</time>
</trkpt>
<trkpt lat="41.9808062" lon="2.8697019999999895">
<ele>282.8141808825536</ele>
<time>2026-08-28T10:34:39.989Z</time>
</trkpt>
<trkpt lat="41.9808281" lon="2.8696416999999883">
<ele>284.3013464003618</ele>
<time>2026-08-28T10:34:45.010Z</time>
</trkpt>
<trkpt lat="41.9808491" lon="2.869586499999997">
<ele>285.54952123877206</ele>
<time>2026-08-28T10:34:49.609Z</time>
</trkpt>
<trkpt lat="41.9808882" lon="2.869548299999991">
<ele>285.9740146811624</ele>
<time>2026-08-28T10:34:54.745Z</time>
</trkpt>
<trkpt lat="41.9809382" lon="2.869548299999991">
<ele>285.1896418267594</ele>
<time>2026-08-28T10:34:59.830Z</time>
</trkpt>
<trkpt lat="41.9809583" lon="2.8696027999999956">
<ele>283.6298296679719</ele>
<time>2026-08-28T10:35:04.010Z</time>
</trkpt>
<trkpt lat="41.9809688" lon="2.8696621999999934">
<ele>282.15620001499576</ele>
<time>2026-08-28T10:35:07.704Z</time>
</trkpt>
<trkpt lat="41.9809833" lon="2.8697195999999963">
<ele>280.7405374044031</ele>
<time>2026-08-28T10:35:11.608Z</time>
</trkpt>
<trkpt lat="41.9809997" lon="2.8697793999999988">
<ele>279.32753425581046</ele>
<time>2026-08-28T10:35:15.526Z</time>
</trkpt>
<trkpt lat="41.9810145" lon="2.869836399999997">
<ele>278.2165745653671</ele>
<time>2026-08-28T10:35:19.269Z</time>
</trkpt>
<trkpt lat="41.9810436" lon="2.869886400000013">
<ele>277.55167848917506</ele>
<time>2026-08-28T10:35:23.508Z</time>
</trkpt>
<trkpt lat="41.9810823" lon="2.869926899999996">
<ele>277.0237557903769</ele>
<time>2026-08-28T10:35:28.050Z</time>
</trkpt>
<trkpt lat="41.981126" lon="2.8699683000000107">
<ele>277.32211695417936</ele>
<time>2026-08-28T10:35:33.051Z</time>
</trkpt>
<trkpt lat="41.9811674" lon="2.8699920999999904">
<ele>277.730881100574</ele>
<time>2026-08-28T10:35:37.248Z</time>
</trkpt>
<trkpt lat="41.9812144" lon="2.8700171000000125">
<ele>278.1376073014289</ele>
<time>2026-08-28T10:35:41.686Z</time>
</trkpt>
<trkpt lat="41.9812604" lon="2.870039999999989">
<ele>278.4785470202804</ele>
<time>2026-08-28T10:35:46.069Z</time>
</trkpt>
<trkpt lat="41.981306" lon="2.8700600999999892">
<ele>278.78737399195774</ele>
<time>2026-08-28T10:35:50.550Z</time>
</trkpt>
<trkpt lat="41.9813527" lon="2.870072399999998">
<ele>279.19571463376786</ele>
<time>2026-08-28T10:35:54.911Z</time>
</trkpt>
<trkpt lat="41.9813992" lon="2.8700768999999866">
<ele>279.7112671416896</ele>
<time>2026-08-28T10:35:59.062Z</time>
</trkpt>
<trkpt lat="41.9814464" lon="2.8700799000000075">
<ele>280.2550024831455</ele>
<time>2026-08-28T10:36:05.490Z</time>
</trkpt>
<trkpt lat="41.9814948" lon="2.8700748999999917">
<ele>280.9880036639816</ele>
<time>2026-08-28T10:36:10.467Z</time>
</trkpt>
<trkpt lat="41.98154" lon="2.870065899999986">
<ele>281.78269764267</ele>
<time>2026-08-28T10:36:14.385Z</time>
</trkpt>
<trkpt lat="41.9815858" lon="2.870055000000008">
<ele>282.64811771461876</ele>
<time>2026-08-28T10:36:18.824Z</time>
</trkpt>
<trkpt lat="41.9816299" lon="2.8700316999999984">
<ele>283.8234455288821</ele>
<time>2026-08-28T10:36:22.766Z</time>
</trkpt>
<trkpt lat="41.9816798" lon="2.870012900000006">
<ele>284.71707136796226</ele>
<time>2026-08-28T10:36:27.790Z</time>
</trkpt>
<trkpt lat="41.981727" lon="2.869999100000001">
<ele>285.37261669472605</ele>
<time>2026-08-28T10:36:32.463Z</time>
</trkpt>
<trkpt lat="41.9817714" lon="2.8699815999999885">
<ele>286.08482674859385</ele>
<time>2026-08-28T10:36:36.008Z</time>
</trkpt>
<trkpt lat="41.9818167" lon="2.8699512000000027">
<ele>287.0891147792357</ele>
<time>2026-08-28T10:36:39.631Z</time>
</trkpt>
<trkpt lat="41.9818621" lon="2.8699287000000027">
<ele>287.8819695166728</ele>
<time>2026-08-28T10:36:44.065Z</time>
</trkpt>
<trkpt lat="41.9819074" lon="2.8699035999999865">
<ele>288.710551480087</ele>
<time>2026-08-28T10:36:48.009Z</time>
</trkpt>
<trkpt lat="41.9819524" lon="2.8698842000000013">
<ele>289.2306018522999</ele>
<time>2026-08-28T10:36:52.025Z</time>
</trkpt>
<trkpt lat="41.9819972" lon="2.8698598999999945">
<ele>289.7003753438755</ele>
<time>2026-08-28T10:36:56.065Z</time>
</trkpt>
<trkpt lat="41.9820405" lon="2.869833199999988">
<ele>290.0952546211894</ele>
<time>2026-08-28T10:37:00.010Z</time>
</trkpt>
<trkpt lat="41.9820836" lon="2.8697983000000136">
<ele>290.8762816407223</ele>
<time>2026-08-28T10:37:03.465Z</time>
</trkpt>
<trkpt lat="41.9821255" lon="2.8697645999999963">
<ele>291.772731527321</ele>
<time>2026-08-28T10:37:07.088Z</time>
</trkpt>
<trkpt lat="41.9821616" lon="2.8697270000000117">
<ele>292.71852628264963</ele>
<time>2026-08-28T10:37:10.550Z</time>
</trkpt>
<trkpt lat="41.9821962" lon="2.869677800000005">
<ele>293.90881618026305</ele>
<time>2026-08-28T10:37:14.469Z</time>
</trkpt>
<trkpt lat="41.9822243" lon="2.8696203000000082">
<ele>295.52270274131223</ele>
<time>2026-08-28T10:37:18.966Z</time>
</trkpt>
<trkpt lat="41.9822614" lon="2.869580500000012">
<ele>296.4965456772517</ele>
<time>2026-08-28T10:37:23.510Z</time>
</trkpt>
<trkpt lat="41.982311" lon="2.8695767000000103">
<ele>296.4440692619364</ele>
<time>2026-08-28T10:37:27.485Z</time>
</trkpt>
<trkpt lat="41.9823535" lon="2.8696012000000053">
<ele>295.82888034170037</ele>
<time>2026-08-28T10:37:31.445Z</time>
</trkpt>
<trkpt lat="41.9823841" lon="2.869647399999991">
<ele>294.9349583511244</ele>
<time>2026-08-28T10:37:36.024Z</time>
</trkpt>
<trkpt lat="41.9824033" lon="2.869702399999994">
<ele>294.005528771708</ele>
<time>2026-08-28T10:37:39.848Z</time>
</trkpt>
<trkpt lat="41.9824206" lon="2.869761000000011">
<ele>293.1203231463383</ele>
<time>2026-08-28T10:37:44.729Z</time>
</trkpt>
<trkpt lat="41.9824324" lon="2.869821900000005">
<ele>292.3070976126196</ele>
<time>2026-08-28T10:37:49.226Z</time>
</trkpt>
<trkpt lat="41.9824388" lon="2.8698875000000044">
<ele>292.668774018987</ele>
<time>2026-08-28T10:37:53.611Z</time>
</trkpt>
<trkpt lat="41.9824367" lon="2.8699537999999905">
<ele>292.9306903872847</ele>
<time>2026-08-28T10:37:58.524Z</time>
</trkpt>
<trkpt lat="41.9824217" lon="2.8700159999999926">
<ele>292.9008796666312</ele>
<time>2026-08-28T10:38:02.950Z</time>
</trkpt>
<trkpt lat="41.9824044" lon="2.8700727000000086">
<ele>292.7090460132469</ele>
<time>2026-08-28T10:38:07.008Z</time>
</trkpt>
<trkpt lat="41.9823915" lon="2.870132600000005">
<ele>293.02870297443917</ele>
<time>2026-08-28T10:38:11.070Z</time>
</trkpt>
<trkpt lat="41.98238" lon="2.870196700000008">
<ele>293.7589944790633</ele>
<time>2026-08-28T10:38:15.384Z</time>
</trkpt>
<trkpt lat="41.9823738" lon="2.870258799999988">
<ele>294.5773570689782</ele>
<time>2026-08-28T10:38:19.230Z</time>
</trkpt>
<trkpt lat="41.9823685" lon="2.8703231000000073">
<ele>295.44366203479643</ele>
<time>2026-08-28T10:38:23.911Z</time>
</trkpt>
<trkpt lat="41.9823662" lon="2.8703879999999913">
<ele>296.4284347009931</ele>
<time>2026-08-28T10:38:28.343Z</time>
</trkpt>
<trkpt lat="41.9823518" lon="2.8704476000000057">
<ele>297.1787118454376</ele>
<time>2026-08-28T10:38:33.010Z</time>
</trkpt>
<trkpt lat="41.9823455" lon="2.87051120000001">
<ele>298.2781550762958</ele>
<time>2026-08-28T10:38:38.075Z</time>
</trkpt>
<trkpt lat="41.9823316" lon="2.87057200000001">
<ele>299.25188605681876</ele>
<time>2026-08-28T10:38:42.370Z</time>
</trkpt>
<trkpt lat="41.9823128" lon="2.870628399999987">
<ele>300.17857630644363</ele>
<time>2026-08-28T10:39:09.040Z</time>
</trkpt>
<trkpt lat="41.9822751" lon="2.870677300000011">
<ele>300.7037704030029</ele>
<time>2026-08-28T10:39:16.008Z</time>
</trkpt>
<trkpt lat="41.9822377" lon="2.8707114000000047">
<ele>300.944045015412</ele>
<time>2026-08-28T10:39:18.488Z</time>
</trkpt>
<trkpt lat="41.9822007" lon="2.870745800000009">
<ele>301.3026336152855</ele>
<time>2026-08-28T10:39:22.054Z</time>
</trkpt>
<trkpt lat="41.9821565" lon="2.8707641000000024">
<ele>301.1053146605403</ele>
<time>2026-08-28T10:39:25.926Z</time>
</trkpt>
<trkpt lat="41.9821065" lon="2.8707689999999957">
<ele>300.55646168512976</ele>
<time>2026-08-28T10:39:29.566Z</time>
</trkpt>
<trkpt lat="41.9820603" lon="2.870780999999994">
<ele>300.20338651377784</ele>
<time>2026-08-28T10:39:32.940Z</time>
</trkpt>
<trkpt lat="41.9820112" lon="2.870795700000002">
<ele>299.8759893376045</ele>
<time>2026-08-28T10:39:36.985Z</time>
</trkpt>
<trkpt lat="41.981968" lon="2.8708138000000076">
<ele>299.70326237453645</ele>
<time>2026-08-28T10:39:41.018Z</time>
</trkpt>
<trkpt lat="41.9819262" lon="2.8708421999999985">
<ele>299.77547546697343</ele>
<time>2026-08-28T10:39:44.864Z</time>
</trkpt>
<trkpt lat="41.9818855" lon="2.8708752000000004">
<ele>300.00170225968475</ele>
<time>2026-08-28T10:39:49.009Z</time>
</trkpt>
<trkpt lat="41.9818448" lon="2.8709090000000117">
<ele>300.3634078491985</ele>
<time>2026-08-28T10:39:52.930Z</time>
</trkpt>
<trkpt lat="41.9818015" lon="2.8709358000000123">
<ele>300.5908828995028</ele>
<time>2026-08-28T10:39:57.069Z</time>
</trkpt>
<trkpt lat="41.9817609" lon="2.870969500000001">
<ele>300.73710191397174</ele>
<time>2026-08-28T10:40:00.926Z</time>
</trkpt>
<trkpt lat="41.9817197" lon="2.8710068999999976">
<ele>301.0152423739905</ele>
<time>2026-08-28T10:40:05.041Z</time>
</trkpt>
<trkpt lat="41.9816829" lon="2.8710431000000085">
<ele>301.3843901524244</ele>
<time>2026-08-28T10:40:08.407Z</time>
</trkpt>
<trkpt lat="41.9816432" lon="2.871073700000011">
<ele>301.71207831370657</ele>
<time>2026-08-28T10:40:13.009Z</time>
</trkpt>
<trkpt lat="41.9816014" lon="2.8711046999999894">
<ele>301.7625740829839</ele>
<time>2026-08-28T10:40:17.690Z</time>
</trkpt>
<trkpt lat="41.9815632" lon="2.871147199999996">
<ele>302.19291136285915</ele>
<time>2026-08-28T10:40:23.008Z</time>
</trkpt>
<trkpt lat="41.981525" lon="2.871190299999995">
<ele>302.7738679898667</ele>
<time>2026-08-28T10:40:27.724Z</time>
</trkpt>
<trkpt lat="41.9814903" lon="2.871230099999991">
<ele>303.4818231218311</ele>
<time>2026-08-28T10:40:32.029Z</time>
</trkpt>
<trkpt lat="41.981449" lon="2.871273000000002">
<ele>304.4064857314138</ele>
<time>2026-08-28T10:40:36.588Z</time>
</trkpt>
<trkpt lat="41.981414" lon="2.8713122999999996">
<ele>305.40309646690804</ele>
<time>2026-08-28T10:40:40.050Z</time>
</trkpt>
<trkpt lat="41.9813921" lon="2.8713696000000084">
<ele>307.1104804341048</ele>
<time>2026-08-28T10:40:44.026Z</time>
</trkpt>
<trkpt lat="41.9814103" lon="2.871428100000003">
<ele>308.91066715396346</ele>
<time>2026-08-28T10:40:48.787Z</time>
</trkpt>
<trkpt lat="41.9814546" lon="2.8714429999999993">
<ele>309.27020140904557</ele>
<time>2026-08-28T10:40:54.206Z</time>
</trkpt>
<trkpt lat="41.9815054" lon="2.8714353000000017">
<ele>308.96148631245444</ele>
<time>2026-08-28T10:40:58.989Z</time>
</trkpt>
<trkpt lat="41.9815523" lon="2.8714179000000115">
<ele>308.45986702105114</ele>
<time>2026-08-28T10:41:03.051Z</time>
</trkpt>
<trkpt lat="41.9815976" lon="2.871393100000006">
<ele>307.86843188045117</ele>
<time>2026-08-28T10:41:07.548Z</time>
</trkpt>
<trkpt lat="41.9816385" lon="2.871366899999998">
<ele>307.34371118356984</ele>
<time>2026-08-28T10:41:11.844Z</time>
</trkpt>
<trkpt lat="41.9816816" lon="2.871337699999998">
<ele>306.61435844123804</ele>
<time>2026-08-28T10:41:15.910Z</time>
</trkpt>
<trkpt lat="41.9817264" lon="2.8713161000000014">
<ele>306.0868759135464</ele>
<time>2026-08-28T10:41:19.669Z</time>
</trkpt>
<trkpt lat="41.9817745" lon="2.8713124999999877">
<ele>305.89716679438715</ele>
<time>2026-08-28T10:41:23.788Z</time>
</trkpt>
<trkpt lat="41.9818225" lon="2.871339000000006">
<ele>306.122593118443</ele>
<time>2026-08-28T10:41:27.891Z</time>
</trkpt>
<trkpt lat="41.9818687" lon="2.8713573999999937">
<ele>306.1675935701337</ele>
<time>2026-08-28T10:41:35.487Z</time>
</trkpt>
<trkpt lat="41.9819144" lon="2.8713354999999865">
<ele>305.75128641465204</ele>
<time>2026-08-28T10:41:38.588Z</time>
</trkpt>
<trkpt lat="41.9819614" lon="2.871311899999995">
<ele>305.4090554999319</ele>
<time>2026-08-28T10:41:41.665Z</time>
</trkpt>
<trkpt lat="41.9820048" lon="2.871288899999996">
<ele>305.1657772807144</ele>
<time>2026-08-28T10:41:44.365Z</time>
</trkpt>
<trkpt lat="41.9820481" lon="2.871264200000013">
<ele>304.9946079358257</ele>
<time>2026-08-28T10:41:47.466Z</time>
</trkpt>
<trkpt lat="41.9820893" lon="2.8712389000000087">
<ele>304.90590278262124</ele>
<time>2026-08-28T10:41:50.545Z</time>
</trkpt>
<trkpt lat="41.9821325" lon="2.871210899999994">
<ele>304.90069023963014</ele>
<time>2026-08-28T10:41:53.671Z</time>
</trkpt>
<trkpt lat="41.9821796" lon="2.871180900000013">
<ele>304.95289863523993</ele>
<time>2026-08-28T10:41:56.747Z</time>
</trkpt>
<trkpt lat="41.9822177" lon="2.871148699999992">
<ele>304.95115437593546</ele>
<time>2026-08-28T10:42:00.049Z</time>
</trkpt>
<trkpt lat="41.9822564" lon="2.8711131999999964">
<ele>304.86709972970607</ele>
<time>2026-08-28T10:42:02.951Z</time>
</trkpt>
<trkpt lat="41.9822996" lon="2.8710854999999924">
<ele>304.7841875705314</ele>
<time>2026-08-28T10:42:07.008Z</time>
</trkpt>
<trkpt lat="41.9823423" lon="2.871061200000014">
<ele>304.70853649546154</ele>
<time>2026-08-28T10:42:10.666Z</time>
</trkpt>
<trkpt lat="41.9823809" lon="2.8710279000000014">
<ele>304.64436768154474</ele>
<time>2026-08-28T10:42:14.008Z</time>
</trkpt>
<trkpt lat="41.9824233" lon="2.8709925">
<ele>304.58124993989946</ele>
<time>2026-08-28T10:42:17.567Z</time>
</trkpt>
<trkpt lat="41.9824623" lon="2.870956199999995">
<ele>304.5305454014136</ele>
<time>2026-08-28T10:42:20.724Z</time>
</trkpt>
<trkpt lat="41.9825101" lon="2.8709513000000015">
<ele>304.4340771925923</ele>
<time>2026-08-28T10:42:25.009Z</time>
</trkpt>
<trkpt lat="41.9825556" lon="2.8709652000000006">
<ele>304.265224582577</ele>
<time>2026-08-28T10:42:28.663Z</time>
</trkpt>
<trkpt lat="41.9826017" lon="2.870984700000008">
<ele>303.98408298382213</ele>
<time>2026-08-28T10:42:32.726Z</time>
</trkpt>
<trkpt lat="41.9826465" lon="2.8710053000000073">
<ele>303.5998638971621</ele>
<time>2026-08-28T10:42:36.965Z</time>
</trkpt>
<trkpt lat="41.982692" lon="2.8710074999999904">
<ele>303.33294430260406</ele>
<time>2026-08-28T10:42:39.650Z</time>
</trkpt>
<trkpt lat="41.9827372" lon="2.8710294999999917">
<ele>302.7665207002338</ele>
<time>2026-08-28T10:42:42.745Z</time>
</trkpt>
<trkpt lat="41.9827833" lon="2.871054200000003">
<ele>302.23173392685584</ele>
<time>2026-08-28T10:42:46.489Z</time>
</trkpt>
<trkpt lat="41.9828201" lon="2.871094999999997">
<ele>301.52590099939385</ele>
<time>2026-08-28T10:42:50.009Z</time>
</trkpt>
<trkpt lat="41.9828532" lon="2.871145399999989">
<ele>300.64816400540644</ele>
<time>2026-08-28T10:42:54.023Z</time>
</trkpt>
<trkpt lat="41.9828877" lon="2.87118430000001">
<ele>299.93256201232896</ele>
<time>2026-08-28T10:42:58.008Z</time>
</trkpt>
<trkpt lat="41.982911" lon="2.8712460000000135">
<ele>298.6772547569498</ele>
<time>2026-08-28T10:43:01.929Z</time>
</trkpt>
<trkpt lat="41.9829508" lon="2.871284000000003">
<ele>297.7658989725172</ele>
<time>2026-08-28T10:43:06.036Z</time>
</trkpt>
<trkpt lat="41.982991" lon="2.871313200000003">
<ele>297.043944842347</ele>
<time>2026-08-28T10:43:10.684Z</time>
</trkpt>
<trkpt lat="41.9830357" lon="2.8713228000000015">
<ele>296.77353894431104</ele>
<time>2026-08-28T10:43:14.467Z</time>
</trkpt>
<trkpt lat="41.9830823" lon="2.8713189000000057">
<ele>297.28263403188055</ele>
<time>2026-08-28T10:43:18.609Z</time>
</trkpt>
<trkpt lat="41.983128" lon="2.8713104999999928">
<ele>297.86945009243965</ele>
<time>2026-08-28T10:43:22.649Z</time>
</trkpt>
<trkpt lat="41.9831763" lon="2.8713084000000038">
<ele>298.3471592755859</ele>
<time>2026-08-28T10:43:26.391Z</time>
</trkpt>
<trkpt lat="41.9832242" lon="2.871299899999997">
<ele>298.939710275171</ele>
<time>2026-08-28T10:43:30.204Z</time>
</trkpt>
<trkpt lat="41.9832715" lon="2.8712922999999932">
<ele>299.5003858390847</ele>
<time>2026-08-28T10:43:33.424Z</time>
</trkpt>
<trkpt lat="41.9833178" lon="2.8712810000000104">
<ele>300.04016324259874</ele>
<time>2026-08-28T10:43:36.470Z</time>
</trkpt>
<trkpt lat="41.9833634" lon="2.8712724000000094">
<ele>300.1931799701238</ele>
<time>2026-08-28T10:43:39.630Z</time>
</trkpt>
<trkpt lat="41.9834103" lon="2.871270199999998">
<ele>300.23697035116726</ele>
<time>2026-08-28T10:43:43.286Z</time>
</trkpt>
<trkpt lat="41.9834604" lon="2.871268100000009">
<ele>300.28541073267826</ele>
<time>2026-08-28T10:43:47.966Z</time>
</trkpt>
<trkpt lat="41.9835089" lon="2.871262800000011">
<ele>300.41788928504155</ele>
<time>2026-08-28T10:43:52.547Z</time>
</trkpt>
<trkpt lat="41.9835564" lon="2.871252599999991">
<ele>300.6926535894073</ele>
<time>2026-08-28T10:43:57.009Z</time>
</trkpt>
<trkpt lat="41.9836027" lon="2.871241999999995">
<ele>300.8782368274259</ele>
<time>2026-08-28T10:44:01.039Z</time>
</trkpt>
<trkpt lat="41.9836476" lon="2.871224799999993">
<ele>300.9264349052688</ele>
<time>2026-08-28T10:44:04.546Z</time>
</trkpt>
<trkpt lat="41.9836932" lon="2.8712203999999986">
<ele>300.61564844371196</ele>
<time>2026-08-28T10:44:08.150Z</time>
</trkpt>
<trkpt lat="41.983738" lon="2.871204799999987">
<ele>300.5159491888393</ele>
<time>2026-08-28T10:44:11.883Z</time>
</trkpt>
<trkpt lat="41.9837854" lon="2.8711892999999975">
<ele>300.3656602020713</ele>
<time>2026-08-28T10:44:16.027Z</time>
</trkpt>
<trkpt lat="41.9838276" lon="2.871167700000001">
<ele>300.38099890595777</ele>
<time>2026-08-28T10:44:20.009Z</time>
</trkpt>
<trkpt lat="41.9838678" lon="2.8711375000000032">
<ele>300.5750431172952</ele>
<time>2026-08-28T10:44:23.020Z</time>
</trkpt>
<trkpt lat="41.983915" lon="2.871106800000007">
<ele>300.57596081331656</ele>
<time>2026-08-28T10:44:26.784Z</time>
</trkpt>
<trkpt lat="41.9839591" lon="2.87108520000001">
<ele>300.3945466509152</ele>
<time>2026-08-28T10:44:30.447Z</time>
</trkpt>
<trkpt lat="41.9840026" lon="2.8710642000000064">
<ele>300.1686188533526</ele>
<time>2026-08-28T10:44:34.230Z</time>
</trkpt>
<trkpt lat="41.9840477" lon="2.8710442">
<ele>299.86367590945997</ele>
<time>2026-08-28T10:44:38.030Z</time>
</trkpt>
<trkpt lat="41.9840943" lon="2.8710169000000008">
<ele>299.60143289134584</ele>
<time>2026-08-28T10:44:41.790Z</time>
</trkpt>
<trkpt lat="41.9841398" lon="2.871012500000006">
<ele>298.99284838356596</ele>
<time>2026-08-28T10:44:46.623Z</time>
</trkpt>
<trkpt lat="41.9841865" lon="2.8710178999999982">
<ele>298.4732251487756</ele>
<time>2026-08-28T10:44:50.176Z</time>
</trkpt>
<trkpt lat="41.9842305" lon="2.87103239999999">
<ele>297.95341445306235</ele>
<time>2026-08-28T10:44:54.009Z</time>
</trkpt>
<trkpt lat="41.9842758" lon="2.871046100000001">
<ele>297.4986905106702</ele>
<time>2026-08-28T10:44:57.990Z</time>
</trkpt>
<trkpt lat="41.9843218" lon="2.871060199999988">
<ele>297.1058099859181</ele>
<time>2026-08-28T10:45:02.069Z</time>
</trkpt>
<trkpt lat="41.9843668" lon="2.8710709000000065">
<ele>296.7935615575239</ele>
<time>2026-08-28T10:45:05.386Z</time>
</trkpt>
<trkpt lat="41.9844119" lon="2.871077000000014">
<ele>296.52713817339486</ele>
<time>2026-08-28T10:45:09.026Z</time>
</trkpt>
<trkpt lat="41.9844582" lon="2.8710836999999856">
<ele>296.95244654950017</ele>
<time>2026-08-28T10:45:13.266Z</time>
</trkpt>
<trkpt lat="41.9845033" lon="2.8710777000000007">
<ele>297.53720332485824</ele>
<time>2026-08-28T10:45:16.712Z</time>
</trkpt>
<trkpt lat="41.9845541" lon="2.871077899999989">
<ele>298.21433336553343</ele>
<time>2026-08-28T10:45:20.790Z</time>
</trkpt>
<trkpt lat="41.9846046" lon="2.871073800000005">
<ele>298.8654546793911</ele>
<time>2026-08-28T10:45:24.589Z</time>
</trkpt>
<trkpt lat="41.9846544" lon="2.871073700000011">
<ele>299.52435577080115</ele>
<time>2026-08-28T10:45:28.370Z</time>
</trkpt>
<trkpt lat="41.9847004" lon="2.871072099999992">
<ele>300.12241486936523</ele>
<time>2026-08-28T10:45:32.088Z</time>
</trkpt>
<trkpt lat="41.9847503" lon="2.871068400000013">
<ele>300.58154998120744</ele>
<time>2026-08-28T10:45:35.865Z</time>
</trkpt>
<trkpt lat="41.9847962" lon="2.8710649999999873">
<ele>300.99388494340326</ele>
<time>2026-08-28T10:45:39.730Z</time>
</trkpt>
<trkpt lat="41.9848459" lon="2.8710644999999886">
<ele>301.46509874705254</ele>
<time>2026-08-28T10:45:43.508Z</time>
</trkpt>
<trkpt lat="41.984894" lon="2.8710643000000005">
<ele>301.92329360394</ele>
<time>2026-08-28T10:45:47.704Z</time>
</trkpt>
<trkpt lat="41.9849394" lon="2.871052999999989">
<ele>302.2118092669615</ele>
<time>2026-08-28T10:45:51.565Z</time>
</trkpt>
<trkpt lat="41.984984" lon="2.87104149999999">
<ele>302.4612944793862</ele>
<time>2026-08-28T10:45:55.426Z</time>
</trkpt>
<trkpt lat="41.9850317" lon="2.8710312999999985">
<ele>302.72707229955404</ele>
<time>2026-08-28T10:45:59.584Z</time>
</trkpt>
<trkpt lat="41.9850768" lon="2.871020200000004">
<ele>302.9772857106435</ele>
<time>2026-08-28T10:46:03.346Z</time>
</trkpt>
<trkpt lat="41.9851233" lon="2.8710016999999937">
<ele>303.1752835184321</ele>
<time>2026-08-28T10:46:07.007Z</time>
</trkpt>
<trkpt lat="41.9851697" lon="2.8709961000000135">
<ele>303.53821827414913</ele>
<time>2026-08-28T10:46:10.904Z</time>
</trkpt>
<trkpt lat="41.9852208" lon="2.870994599999989">
<ele>303.9931278090783</ele>
<time>2026-08-28T10:46:15.766Z</time>
</trkpt>
<trkpt lat="41.9852696" lon="2.870986700000003">
<ele>304.4010520557976</ele>
<time>2026-08-28T10:46:20.046Z</time>
</trkpt>
<trkpt lat="41.9853193" lon="2.870985100000013">
<ele>304.9582018891801</ele>
<time>2026-08-28T10:46:24.888Z</time>
</trkpt>
<trkpt lat="41.9853694" lon="2.870995700000009">
<ele>305.61678860573386</ele>
<time>2026-08-28T10:46:29.824Z</time>
</trkpt>
<trkpt lat="41.9854145" lon="2.870999299999994">
<ele>306.1577438148636</ele>
<time>2026-08-28T10:46:34.032Z</time>
</trkpt>
<trkpt lat="41.9854606" lon="2.871004699999986">
<ele>306.7200122428563</ele>
<time>2026-08-28T10:46:38.312Z</time>
</trkpt>
<trkpt lat="41.9855098" lon="2.871012500000006">
<ele>307.3290027082566</ele>
<time>2026-08-28T10:46:42.646Z</time>
</trkpt>
<trkpt lat="41.9855613" lon="2.871008499999988">
<ele>307.8280939731946</ele>
<time>2026-08-28T10:46:47.072Z</time>
</trkpt>
<trkpt lat="41.9856063" lon="2.870993800000008">
<ele>308.12462911234303</ele>
<time>2026-08-28T10:46:50.828Z</time>
</trkpt>
<trkpt lat="41.9856562" lon="2.8709864999999866">
<ele>308.5025853707676</ele>
<time>2026-08-28T10:46:54.986Z</time>
</trkpt>
<trkpt lat="41.985704" lon="2.8709771999999987">
<ele>308.8294484448616</ele>
<time>2026-08-28T10:46:59.889Z</time>
</trkpt>
<trkpt lat="41.9857419" lon="2.871012400000012">
<ele>309.5172004493872</ele>
<time>2026-08-28T10:47:03.646Z</time>
</trkpt>
<trkpt lat="41.9857787" lon="2.871047400000009">
<ele>310.2425400871808</ele>
<time>2026-08-28T10:47:07.908Z</time>
</trkpt>
<trkpt lat="41.9858025" lon="2.8710993999999914">
<ele>311.0753527750785</ele>
<time>2026-08-28T10:47:12.305Z</time>
</trkpt>
<trkpt lat="41.9857953" lon="2.871160400000008">
<ele>311.6903100889335</ele>
<time>2026-08-28T10:47:20.132Z</time>
</trkpt>
<trkpt lat="41.9857618" lon="2.8712017000000003">
<ele>311.73087468864713</ele>
<time>2026-08-28T10:47:25.309Z</time>
</trkpt>
<trkpt lat="41.9857208" lon="2.871233100000012">
<ele>311.53206686749627</ele>
<time>2026-08-28T10:47:30.007Z</time>
</trkpt>
<trkpt lat="41.9856754" lon="2.871262800000011">
<ele>311.3127690330716</ele>
<time>2026-08-28T10:47:34.468Z</time>
</trkpt>
<trkpt lat="41.9856365" lon="2.8712937999999895">
<ele>311.2444454930184</ele>
<time>2026-08-28T10:47:38.007Z</time>
</trkpt>
<trkpt lat="41.9855963" lon="2.871325299999995">
<ele>311.22587448744406</ele>
<time>2026-08-28T10:47:43.028Z</time>
</trkpt>
<trkpt lat="41.9855589" lon="2.8713593999999887">
<ele>311.3304042234498</ele>
<time>2026-08-28T10:47:47.058Z</time>
</trkpt>
<trkpt lat="41.9855245" lon="2.8714033999999913">
<ele>311.71214426396193</ele>
<time>2026-08-28T10:47:51.445Z</time>
</trkpt>
<trkpt lat="41.9854907" lon="2.871446700000007">
<ele>312.24974882501914</ele>
<time>2026-08-28T10:47:55.475Z</time>
</trkpt>
<trkpt lat="41.9854558" lon="2.8714929999999868">
<ele>312.8703006625671</ele>
<time>2026-08-28T10:47:59.449Z</time>
</trkpt>
<trkpt lat="41.9854271" lon="2.871547899999996">
<ele>313.31452706647394</ele>
<time>2026-08-28T10:48:03.865Z</time>
</trkpt>
<trkpt lat="41.985403" lon="2.8715991999999915">
<ele>313.80612213293307</ele>
<time>2026-08-28T10:48:08.039Z</time>
</trkpt>
<trkpt lat="41.985389" lon="2.871664199999998">
<ele>314.4868078946686</ele>
<time>2026-08-28T10:48:12.005Z</time>
</trkpt>
<trkpt lat="41.9853888" lon="2.8717259999999953">
<ele>315.1266207921608</ele>
<time>2026-08-28T10:48:16.008Z</time>
</trkpt>
<trkpt lat="41.9854162" lon="2.8717757999999947">
<ele>315.35213360818744</ele>
<time>2026-08-28T10:48:20.570Z</time>
</trkpt>
<trkpt lat="41.9854642" lon="2.871776000000011">
<ele>315.10720409398095</ele>
<time>2026-08-28T10:48:26.008Z</time>
</trkpt>
<trkpt lat="41.985508" lon="2.8717618999999956">
<ele>314.8924627815166</ele>
<time>2026-08-28T10:48:30.532Z</time>
</trkpt>
<trkpt lat="41.9855526" lon="2.87174490000001">
<ele>314.63042013061107</ele>
<time>2026-08-28T10:48:35.074Z</time>
</trkpt>
<trkpt lat="41.9855955" lon="2.8717207999999914">
<ele>314.48168720908603</ele>
<time>2026-08-28T10:48:39.559Z</time>
</trkpt>
<trkpt lat="41.9856416" lon="2.8717039">
<ele>314.41727734324246</ele>
<time>2026-08-28T10:48:44.045Z</time>
</trkpt>
<trkpt lat="41.9856881" lon="2.8716976000000045">
<ele>314.418460371837</ele>
<time>2026-08-28T10:48:48.307Z</time>
</trkpt>
<trkpt lat="41.9857345" lon="2.871686699999998">
<ele>314.4333889682944</ele>
<time>2026-08-28T10:48:52.289Z</time>
</trkpt>
<trkpt lat="41.9857792" lon="2.8716757999999913">
<ele>314.47534746907763</ele>
<time>2026-08-28T10:48:56.049Z</time>
</trkpt>
<trkpt lat="41.9858242" lon="2.8716686999999865">
<ele>314.4515512285474</ele>
<time>2026-08-28T10:49:00.347Z</time>
</trkpt>
<trkpt lat="41.9858706" lon="2.8716738999999905">
<ele>314.10708987561736</ele>
<time>2026-08-28T10:49:04.490Z</time>
</trkpt>
<trkpt lat="41.9859157" lon="2.8716842000000042">
<ele>313.7111068240652</ele>
<time>2026-08-28T10:49:08.831Z</time>
</trkpt>
<trkpt lat="41.9859595" lon="2.87169879999999">
<ele>313.23677126919824</ele>
<time>2026-08-28T10:49:12.648Z</time>
</trkpt>
<trkpt lat="41.9860094" lon="2.8717068999999924">
<ele>312.71614920222186</ele>
<time>2026-08-28T10:49:16.889Z</time>
</trkpt>
<trkpt lat="41.9860589" lon="2.8717203999999867">
<ele>312.07796187289796</ele>
<time>2026-08-28T10:49:21.690Z</time>
</trkpt>
<trkpt lat="41.9861079" lon="2.8717149000000006">
<ele>311.9906532240556</ele>
<time>2026-08-28T10:49:25.949Z</time>
</trkpt>
<trkpt lat="41.9861467" lon="2.8716842000000042">
<ele>312.82210632865434</ele>
<time>2026-08-28T10:49:29.229Z</time>
</trkpt>
<trkpt lat="41.9861924" lon="2.8716527999999926">
<ele>313.7146745717662</ele>
<time>2026-08-28T10:49:33.030Z</time>
</trkpt>
<trkpt lat="41.9862301" lon="2.8716082999999912">
<ele>314.73731180101186</ele>
<time>2026-08-28T10:49:36.750Z</time>
</trkpt>
<trkpt lat="41.9862703" lon="2.8715665">
<ele>315.72609139901294</ele>
<time>2026-08-28T10:49:40.488Z</time>
</trkpt>
<trkpt lat="41.9863089" lon="2.871530299999989">
<ele>316.603144105414</ele>
<time>2026-08-28T10:49:44.022Z</time>
</trkpt>
<trkpt lat="41.9863451" lon="2.8714912000000083">
<ele>317.49595927951714</ele>
<time>2026-08-28T10:49:47.709Z</time>
</trkpt>
<trkpt lat="41.9863796" lon="2.8714482999999973">
<ele>317.76026026454537</ele>
<time>2026-08-28T10:49:51.471Z</time>
</trkpt>
<trkpt lat="41.9864174" lon="2.8714081999999905">
<ele>317.89488893878854</ele>
<time>2026-08-28T10:49:55.363Z</time>
</trkpt>
<trkpt lat="41.9864526" lon="2.871366800000004">
<ele>318.0560030864064</ele>
<time>2026-08-28T10:49:59.008Z</time>
</trkpt>
<trkpt lat="41.9864888" lon="2.8713233999999943">
<ele>318.259080754879</ele>
<time>2026-08-28T10:50:03.551Z</time>
</trkpt>
<trkpt lat="41.9865238" lon="2.8712778000000014">
<ele>318.49708649587467</ele>
<time>2026-08-28T10:50:07.612Z</time>
</trkpt>
<trkpt lat="41.9865634" lon="2.871233899999993">
<ele>318.7963619990794</ele>
<time>2026-08-28T10:50:11.586Z</time>
</trkpt>
<trkpt lat="41.9865998" lon="2.8711898999999903">
<ele>318.99628159648347</ele>
<time>2026-08-28T10:50:15.846Z</time>
</trkpt>
<trkpt lat="41.9866342" lon="2.871148599999998">
<ele>319.11963123795687</ele>
<time>2026-08-28T10:50:20.069Z</time>
</trkpt>
<trkpt lat="41.9866633" lon="2.8710989999999867">
<ele>319.24018614220006</ele>
<time>2026-08-28T10:50:24.530Z</time>
</trkpt>
<trkpt lat="41.9866963" lon="2.8710491999999874">
<ele>319.49643698880527</ele>
<time>2026-08-28T10:50:28.965Z</time>
</trkpt>
<trkpt lat="41.9867285" lon="2.8710054000000014">
<ele>319.87951149871014</ele>
<time>2026-08-28T10:50:33.208Z</time>
</trkpt>
<trkpt lat="41.9867599" lon="2.8709591999999873">
<ele>320.3827184900313</ele>
<time>2026-08-28T10:50:37.646Z</time>
</trkpt>
<trkpt lat="41.9867925" lon="2.8709050999999874">
<ele>320.9863317582892</ele>
<time>2026-08-28T10:50:42.827Z</time>
</trkpt>
<trkpt lat="41.9868246" lon="2.870858599999991">
<ele>321.55390381850935</ele>
<time>2026-08-28T10:50:47.449Z</time>
</trkpt>
<trkpt lat="41.9868553" lon="2.8708038000000045">
<ele>322.1441842255443</ele>
<time>2026-08-28T10:50:51.729Z</time>
</trkpt>
<trkpt lat="41.9868915" lon="2.8707594999999912">
<ele>322.83836985929673</ele>
<time>2026-08-28T10:50:57.065Z</time>
</trkpt>
<trkpt lat="41.9869315" lon="2.8707258000000024">
<ele>323.5892537309666</ele>
<time>2026-08-28T10:51:02.625Z</time>
</trkpt>
<trkpt lat="41.9869777" lon="2.8707052999999974">
<ele>324.34344708865353</ele>
<time>2026-08-28T10:51:08.743Z</time>
</trkpt>
<trkpt lat="41.9870246" lon="2.870690499999995">
<ele>325.12569807892515</ele>
<time>2026-08-28T10:51:18.611Z</time>
</trkpt>
<trkpt lat="41.9870712" lon="2.870698400000009">
<ele>325.79907970979457</ele>
<time>2026-08-28T10:51:23.387Z</time>
</trkpt>
<trkpt lat="41.9871171" lon="2.870695100000006">
<ele>326.5243210111824</ele>
<time>2026-08-28T10:51:28.026Z</time>
</trkpt>
<trkpt lat="41.9871668" lon="2.870693899999992">
<ele>327.297991952585</ele>
<time>2026-08-28T10:51:33.089Z</time>
</trkpt>
<trkpt lat="41.987214" lon="2.870697199999995">
<ele>328.04391501295225</ele>
<time>2026-08-28T10:51:39.019Z</time>
</trkpt>
<trkpt lat="41.9872594" lon="2.8707013000000074">
<ele>328.93547231947383</ele>
<time>2026-08-28T10:51:44.025Z</time>
</trkpt>
<trkpt lat="41.9873085" lon="2.870700400000004">
<ele>329.95263881935824</ele>
<time>2026-08-28T10:51:49.008Z</time>
</trkpt>
<trkpt lat="41.9873588" lon="2.8706995999999947">
<ele>330.995523286746</ele>
<time>2026-08-28T10:51:54.087Z</time>
</trkpt>
<trkpt lat="41.9874042" lon="2.8706980999999985">
<ele>331.9501151016879</ele>
<time>2026-08-28T10:51:59.590Z</time>
</trkpt>
<trkpt lat="41.9874518" lon="2.8706894000000034">
<ele>333.0687992002694</ele>
<time>2026-08-28T10:52:05.046Z</time>
</trkpt>
<trkpt lat="41.987498" lon="2.870662799999991">
<ele>334.45934360090155</ele>
<time>2026-08-28T10:52:10.046Z</time>
</trkpt>
<trkpt lat="41.9875306" lon="2.8706175000000087">
<ele>335.4897825992733</ele>
<time>2026-08-28T10:52:14.404Z</time>
</trkpt>
<trkpt lat="41.9875609" lon="2.870572399999986">
<ele>336.4017222826156</ele>
<time>2026-08-28T10:52:19.091Z</time>
</trkpt>
<trkpt lat="41.9875848" lon="2.8705204000000037">
<ele>337.254697682024</ele>
<time>2026-08-28T10:52:23.006Z</time>
</trkpt>
<trkpt lat="41.9876039" lon="2.870464400000003">
<ele>338.05756612950967</ele>
<time>2026-08-28T10:52:27.038Z</time>
</trkpt>
<trkpt lat="41.987636" lon="2.8704191999999864">
<ele>339.0894987318785</ele>
<time>2026-08-28T10:52:33.109Z</time>
</trkpt>
<trkpt lat="41.9876665" lon="2.870365700000008">
<ele>340.1710244841624</ele>
<time>2026-08-28T10:52:37.020Z</time>
</trkpt>
<trkpt lat="41.9876956" lon="2.8703128999999876">
<ele>341.1472003620554</ele>
<time>2026-08-28T10:52:40.865Z</time>
</trkpt>
<trkpt lat="41.9877276" lon="2.870262800000006">
<ele>342.08654782001645</ele>
<time>2026-08-28T10:52:44.631Z</time>
</trkpt>
<trkpt lat="41.9877563" lon="2.8702149000000077">
<ele>342.87278641140347</ele>
<time>2026-08-28T10:52:48.012Z</time>
</trkpt>
<trkpt lat="41.9877829" lon="2.870165700000001">
<ele>343.3440602192643</ele>
<time>2026-08-28T10:52:51.529Z</time>
</trkpt>
<trkpt lat="41.9878146" lon="2.8701102999999932">
<ele>343.87353060215247</ele>
<time>2026-08-28T10:52:55.352Z</time>
</trkpt>
<trkpt lat="41.9878391" lon="2.870053399999989">
<ele>344.57492879545663</ele>
<time>2026-08-28T10:52:59.648Z</time>
</trkpt>
<trkpt lat="41.9878671" lon="2.870001000000002">
<ele>345.3095749729875</ele>
<time>2026-08-28T10:53:03.309Z</time>
</trkpt>
<trkpt lat="41.9878871" lon="2.869940799999995">
<ele>346.04502490428354</ele>
<time>2026-08-28T10:53:07.486Z</time>
</trkpt>
<trkpt lat="41.9878901" lon="2.869880099999989">
<ele>346.6469836841269</ele>
<time>2026-08-28T10:53:11.771Z</time>
</trkpt>
<trkpt lat="41.9878901" lon="2.869818600000002">
<ele>347.2353662434244</ele>
<time>2026-08-28T10:53:17.012Z</time>
</trkpt>
<trkpt lat="41.9878744" lon="2.8697589999999877">
<ele>347.9386624894425</ele>
<time>2026-08-28T10:53:23.007Z</time>
</trkpt>
<trkpt lat="41.9878459" lon="2.869707599999998">
<ele>348.5004874116555</ele>
<time>2026-08-28T10:53:27.828Z</time>
</trkpt>
<trkpt lat="41.9878336" lon="2.8696495000000084">
<ele>349.28583955853236</ele>
<time>2026-08-28T10:53:32.788Z</time>
</trkpt>
<trkpt lat="41.9878172" lon="2.8695907999999974">
<ele>350.0989190866476</ele>
<time>2026-08-28T10:53:38.805Z</time>
</trkpt>
<trkpt lat="41.9878056" lon="2.8695318000000043">
<ele>351.0207284265343</ele>
<time>2026-08-28T10:53:44.249Z</time>
</trkpt>
<trkpt lat="41.9878007" lon="2.8694707999999878">
<ele>352.3258068779001</ele>
<time>2026-08-28T10:53:50.025Z</time>
</trkpt>
<trkpt lat="41.9878126" lon="2.8694050000000004">
<ele>353.72003871976386</ele>
<time>2026-08-28T10:53:56.007Z</time>
</trkpt>
<trkpt lat="41.9878331" lon="2.8693475999999976">
<ele>354.8724641712906</ele>
<time>2026-08-28T10:54:01.669Z</time>
</trkpt>
<trkpt lat="41.9878683" lon="2.8692938000000083">
<ele>355.82760886718575</ele>
<time>2026-08-28T10:54:09.068Z</time>
</trkpt>
<trkpt lat="41.9878988" lon="2.8692471999999896">
<ele>356.6397854791425</ele>
<time>2026-08-28T10:54:13.344Z</time>
</trkpt>
<trkpt lat="41.9879364" lon="2.869204499999995">
<ele>357.4658059748394</ele>
<time>2026-08-28T10:54:18.007Z</time>
</trkpt>
<trkpt lat="41.987975" lon="2.869171200000011">
<ele>358.12309475497176</ele>
<time>2026-08-28T10:54:22.033Z</time>
</trkpt>
<trkpt lat="41.9880136" lon="2.86913899999999">
<ele>358.80439523525035</ele>
<time>2026-08-28T10:54:26.510Z</time>
</trkpt>
<trkpt lat="41.9880555" lon="2.869108699999998">
<ele>359.41611043247525</ele>
<time>2026-08-28T10:54:32.006Z</time>
</trkpt>
<trkpt lat="41.9880996" lon="2.869088099999999">
<ele>359.6734172031228</ele>
<time>2026-08-28T10:54:37.029Z</time>
</trkpt>
<trkpt lat="41.9881343" lon="2.8690448000000117">
<ele>360.54272342931586</ele>
<time>2026-08-28T10:54:40.007Z</time>
</trkpt>
<trkpt lat="41.9881781" lon="2.8690044999999884">
<ele>361.2512354818849</ele>
<time>2026-08-28T10:54:43.769Z</time>
</trkpt>
<trkpt lat="41.988214" lon="2.868965199999991">
<ele>361.81036903653927</ele>
<time>2026-08-28T10:54:46.781Z</time>
</trkpt>
<trkpt lat="41.9882501" lon="2.8689210000000003">
<ele>362.27983798275955</ele>
<time>2026-08-28T10:54:50.390Z</time>
</trkpt>
<trkpt lat="41.9882795" lon="2.8688688000000013">
<ele>362.91742821980455</ele>
<time>2026-08-28T10:54:54.006Z</time>
</trkpt>
<trkpt lat="41.9883168" lon="2.8688167999999905">
<ele>363.4806687434331</ele>
<time>2026-08-28T10:54:57.989Z</time>
</trkpt>
<trkpt lat="41.9883529" lon="2.8687676000000124">
<ele>363.92187609013746</ele>
<time>2026-08-28T10:55:02.043Z</time>
</trkpt>
<trkpt lat="41.9883866" lon="2.86872360000001">
<ele>364.32380149011976</ele>
<time>2026-08-28T10:55:05.969Z</time>
</trkpt>
<trkpt lat="41.9884254" lon="2.868685499999998">
<ele>364.19630846835116</ele>
<time>2026-08-28T10:55:10.770Z</time>
</trkpt>
<trkpt lat="41.9884729" lon="2.868661000000003">
<ele>363.7150468155052</ele>
<time>2026-08-28T10:55:15.024Z</time>
</trkpt>
<trkpt lat="41.9885107" lon="2.868623299999996">
<ele>363.31946461240693</ele>
<time>2026-08-28T10:55:19.824Z</time>
</trkpt>
<trkpt lat="41.9885454" lon="2.8685733000000084">
<ele>362.9604585586469</ele>
<time>2026-08-28T10:55:24.623Z</time>
</trkpt>
<trkpt lat="41.9885793" lon="2.8685246999999947">
<ele>362.64022206067096</ele>
<time>2026-08-28T10:55:28.925Z</time>
</trkpt>
<trkpt lat="41.9886104" lon="2.8684724000000017">
<ele>362.52731642496514</ele>
<time>2026-08-28T10:55:33.009Z</time>
</trkpt>
<trkpt lat="41.9886344" lon="2.8684155999999916">
<ele>362.52864213731544</ele>
<time>2026-08-28T10:55:37.429Z</time>
</trkpt>
<trkpt lat="41.9886596" lon="2.868350200000009">
<ele>362.1072078414234</ele>
<time>2026-08-28T10:55:42.067Z</time>
</trkpt>
<trkpt lat="41.9886782" lon="2.8682951000000116">
<ele>361.8674048565396</ele>
<time>2026-08-28T10:55:46.006Z</time>
</trkpt>
<trkpt lat="41.9886957" lon="2.8682387000000062">
<ele>361.7210931267614</ele>
<time>2026-08-28T10:55:50.032Z</time>
</trkpt>
<trkpt lat="41.9887132" lon="2.8681788000000097">
<ele>361.67085827584475</ele>
<time>2026-08-28T10:55:54.469Z</time>
</trkpt>
<trkpt lat="41.9887324" lon="2.8681240999999886">
<ele>361.65083604757</ele>
<time>2026-08-28T10:55:58.187Z</time>
</trkpt>
<trkpt lat="41.9887506" lon="2.8680613999999878">
<ele>361.4594731636394</ele>
<time>2026-08-28T10:56:02.649Z</time>
</trkpt>
<trkpt lat="41.988777" lon="2.8680061999999964">
<ele>361.6758020924751</ele>
<time>2026-08-28T10:56:06.846Z</time>
</trkpt>
<trkpt lat="41.9888043" lon="2.8679579999999874">
<ele>362.10679372621746</ele>
<time>2026-08-28T10:56:10.626Z</time>
</trkpt>
<trkpt lat="41.9888433" lon="2.867916600000001">
<ele>363.0845699669577</ele>
<time>2026-08-28T10:56:14.491Z</time>
</trkpt>
<trkpt lat="41.9888799" lon="2.8678765999999882">
<ele>364.1100579538867</ele>
<time>2026-08-28T10:56:18.703Z</time>
</trkpt>
<trkpt lat="41.9889206" lon="2.867838000000006">
<ele>364.9902937153362</ele>
<time>2026-08-28T10:56:22.946Z</time>
</trkpt>
<trkpt lat="41.988959" lon="2.867802299999994">
<ele>365.7546857263304</ele>
<time>2026-08-28T10:56:27.030Z</time>
</trkpt>
<trkpt lat="41.9889975" lon="2.867770400000012">
<ele>366.52034216179857</ele>
<time>2026-08-28T10:56:31.007Z</time>
</trkpt>
<trkpt lat="41.9890352" lon="2.867734899999988">
<ele>367.17653114792495</ele>
<time>2026-08-28T10:56:35.021Z</time>
</trkpt>
<trkpt lat="41.9890686" lon="2.867694400000005">
<ele>367.6019819059443</ele>
<time>2026-08-28T10:56:39.524Z</time>
</trkpt>
<trkpt lat="41.9891138" lon="2.867671999999999">
<ele>368.5517438546696</ele>
<time>2026-08-28T10:56:43.785Z</time>
</trkpt>
<trkpt lat="41.9891591" lon="2.8676672999999937">
<ele>369.61563251350714</ele>
<time>2026-08-28T10:56:47.583Z</time>
</trkpt>
<trkpt lat="41.9892062" lon="2.8676868999999954">
<ele>370.4904203681204</ele>
<time>2026-08-28T10:56:52.464Z</time>
</trkpt>
<trkpt lat="41.9892522" lon="2.8676864999999907">
<ele>371.0616921225418</ele>
<time>2026-08-28T10:56:56.007Z</time>
</trkpt>
<trkpt lat="41.9892817" lon="2.8677359000000138">
<ele>372.176400000091</ele>
<time>2026-08-28T10:56:59.029Z</time>
</trkpt>
<trkpt lat="41.9893035" lon="2.867793299999988">
<ele>373.32639158193825</ele>
<time>2026-08-28T10:57:04.007Z</time>
</trkpt>
<trkpt lat="41.9893191" lon="2.867854599999987">
<ele>374.46529911231283</ele>
<time>2026-08-28T10:57:07.560Z</time>
</trkpt>
<trkpt lat="41.9893289" lon="2.867925000000014">
<ele>375.0604112631327</ele>
<time>2026-08-28T10:57:12.048Z</time>
</trkpt>
<trkpt lat="41.9893414" lon="2.8679836999999964">
<ele>375.4691237038368</ele>
<time>2026-08-28T10:57:16.311Z</time>
</trkpt>
<trkpt lat="41.9893601" lon="2.868043">
<ele>376.003521874843</ele>
<time>2026-08-28T10:57:20.310Z</time>
</trkpt>
<trkpt lat="41.9893846" lon="2.86810220000001">
<ele>376.6714637138465</ele>
<time>2026-08-28T10:57:24.012Z</time>
</trkpt>
<trkpt lat="41.989414" lon="2.8681502000000023">
<ele>377.4166355460689</ele>
<time>2026-08-28T10:57:28.007Z</time>
</trkpt>
<trkpt lat="41.9894416" lon="2.8682052999999996">
<ele>377.2119564089868</ele>
<time>2026-08-28T10:57:32.052Z</time>
</trkpt>
<trkpt lat="41.9894671" lon="2.868258499999996">
<ele>376.77449809244</ele>
<time>2026-08-28T10:57:36.006Z</time>
</trkpt>
<trkpt lat="41.9894938" lon="2.8683128000000124">
<ele>376.4887616090785</ele>
<time>2026-08-28T10:57:40.016Z</time>
</trkpt>
<trkpt lat="41.9895214" lon="2.868364100000008">
<ele>376.3794155306172</ele>
<time>2026-08-28T10:57:43.963Z</time>
</trkpt>
<trkpt lat="41.9895516" lon="2.868413099999998">
<ele>376.45001471188846</ele>
<time>2026-08-28T10:57:47.688Z</time>
</trkpt>
<trkpt lat="41.989592" lon="2.8684406000000138">
<ele>376.53378567987437</ele>
<time>2026-08-28T10:57:51.468Z</time>
</trkpt>
<trkpt lat="41.9896184" lon="2.8684906999999953">
<ele>376.0155709057352</ele>
<time>2026-08-28T10:57:55.006Z</time>
</trkpt>
<trkpt lat="41.9896474" lon="2.8685371999999916">
<ele>375.6875116129283</ele>
<time>2026-08-28T10:57:58.525Z</time>
</trkpt>
<trkpt lat="41.9896845" lon="2.868576200000007">
<ele>375.6702112897853</ele>
<time>2026-08-28T10:58:02.388Z</time>
</trkpt>
<trkpt lat="41.989726" lon="2.868605599999995">
<ele>375.67265970146224</ele>
<time>2026-08-28T10:58:06.006Z</time>
</trkpt>
<trkpt lat="41.9897725" lon="2.8686377999999877">
<ele>375.5359138262378</ele>
<time>2026-08-28T10:58:09.969Z</time>
</trkpt>
<trkpt lat="41.9898196" lon="2.868652499999996">
<ele>375.6865221977506</ele>
<time>2026-08-28T10:58:14.034Z</time>
</trkpt>
<trkpt lat="41.9898658" lon="2.8686687000000006">
<ele>375.9726287783332</ele>
<time>2026-08-28T10:58:18.007Z</time>
</trkpt>
<trkpt lat="41.9899102" lon="2.8686864999999955">
<ele>376.4039748474507</ele>
<time>2026-08-28T10:58:21.766Z</time>
</trkpt>
<trkpt lat="41.9899555" lon="2.8687036999999975">
<ele>376.98842521232876</ele>
<time>2026-08-28T10:58:25.668Z</time>
</trkpt>
<trkpt lat="41.9900009" lon="2.868713899999989">
<ele>377.19915372133596</ele>
<time>2026-08-28T10:58:29.466Z</time>
</trkpt>
<trkpt lat="41.9900507" lon="2.868719900000002">
<ele>376.78642701304693</ele>
<time>2026-08-28T10:58:33.531Z</time>
</trkpt>
<trkpt lat="41.9900956" lon="2.8687275000000056">
<ele>376.42675069188783</ele>
<time>2026-08-28T10:58:37.045Z</time>
</trkpt>
<trkpt lat="41.9901433" lon="2.8687348999999926">
<ele>376.0555100358108</ele>
<time>2026-08-28T10:58:40.708Z</time>
</trkpt>
<trkpt lat="41.9901927" lon="2.86872919999999">
<ele>375.6384199273938</ele>
<time>2026-08-28T10:58:45.015Z</time>
</trkpt>
<trkpt lat="41.9902392" lon="2.8687226000000123">
<ele>375.2320195142647</ele>
<time>2026-08-28T10:58:49.007Z</time>
</trkpt>
<trkpt lat="41.9902857" lon="2.8687116000000117">
<ele>374.576094262592</ele>
<time>2026-08-28T10:58:53.309Z</time>
</trkpt>
<trkpt lat="41.9903307" lon="2.868722399999996">
<ele>373.75511477460304</ele>
<time>2026-08-28T10:58:57.351Z</time>
</trkpt>
<trkpt lat="41.9903778" lon="2.8687083000000086">
<ele>372.8670487123601</ele>
<time>2026-08-28T10:59:00.548Z</time>
</trkpt>
<trkpt lat="41.9904228" lon="2.8687021000000072">
<ele>371.9890954103272</ele>
<time>2026-08-28T10:59:03.906Z</time>
</trkpt>
<trkpt lat="41.9904719" lon="2.8686899999999866">
<ele>370.98587042260664</ele>
<time>2026-08-28T10:59:07.624Z</time>
</trkpt>
<trkpt lat="41.9905211" lon="2.8686743000000092">
<ele>370.0216231094216</ele>
<time>2026-08-28T10:59:11.449Z</time>
</trkpt>
<trkpt lat="41.9905669" lon="2.8686572000000012">
<ele>369.46500347860155</ele>
<time>2026-08-28T10:59:15.264Z</time>
</trkpt>
<trkpt lat="41.9906137" lon="2.868637299999989">
<ele>369.16610798948835</ele>
<time>2026-08-28T10:59:19.430Z</time>
</trkpt>
<trkpt lat="41.9906595" lon="2.8686261999999942">
<ele>368.9307989503305</ele>
<time>2026-08-28T10:59:23.350Z</time>
</trkpt>
<trkpt lat="41.9907044" lon="2.868616199999991">
<ele>368.7156422495288</ele>
<time>2026-08-28T10:59:27.043Z</time>
</trkpt>
<trkpt lat="41.9907498" lon="2.8685992999999996">
<ele>368.4892156238604</ele>
<time>2026-08-28T10:59:30.724Z</time>
</trkpt>
<trkpt lat="41.9907947" lon="2.86858509999999">
<ele>368.29033354418846</ele>
<time>2026-08-28T10:59:34.506Z</time>
</trkpt>
<trkpt lat="41.9908396" lon="2.868575099999987">
<ele>368.20318478266597</ele>
<time>2026-08-28T10:59:38.006Z</time>
</trkpt>
<trkpt lat="41.9908901" lon="2.8685653999999943">
<ele>368.2362148860969</ele>
<time>2026-08-28T10:59:41.529Z</time>
</trkpt>
<trkpt lat="41.990936" lon="2.868548599999997">
<ele>368.2220584910223</ele>
<time>2026-08-28T10:59:46.007Z</time>
</trkpt>
<trkpt lat="41.9909846" lon="2.868561900000003">
<ele>368.3253541509373</ele>
<time>2026-08-28T10:59:50.006Z</time>
</trkpt>
<trkpt lat="41.9910315" lon="2.868576399999995">
<ele>368.4529013236538</ele>
<time>2026-08-28T10:59:53.990Z</time>
</trkpt>
<trkpt lat="41.9910729" lon="2.868602299999992">
<ele>368.661599886651</ele>
<time>2026-08-28T10:59:57.868Z</time>
</trkpt>
<trkpt lat="41.9911168" lon="2.8686303000000066">
<ele>368.74025247679384</ele>
<time>2026-08-28T11:00:01.546Z</time>
</trkpt>
<trkpt lat="41.9911537" lon="2.868665700000008">
<ele>368.6551695478436</ele>
<time>2026-08-28T11:00:05.190Z</time>
</trkpt>
<trkpt lat="41.9911899" lon="2.8687083000000086">
<ele>368.55648554519075</ele>
<time>2026-08-28T11:00:08.811Z</time>
</trkpt>
<trkpt lat="41.9912329" lon="2.868741699999987">
<ele>367.7303314257791</ele>
<time>2026-08-28T11:00:12.511Z</time>
</trkpt>
<trkpt lat="41.9912789" lon="2.8687558000000024">
<ele>367.2326842654278</ele>
<time>2026-08-28T11:00:16.846Z</time>
</trkpt>
<trkpt lat="41.9912442" lon="2.868708099999992">
<ele>368.09315420655065</ele>
<time>2026-08-28T11:00:23.007Z</time>
</trkpt>
<trkpt lat="41.9912052" lon="2.8686674999999866">
<ele>368.2377194485011</ele>
<time>2026-08-28T11:00:27.784Z</time>
</trkpt>
<trkpt lat="41.9911651" lon="2.86863790000001">
<ele>368.3987086802106</ele>
<time>2026-08-28T11:00:32.006Z</time>
</trkpt>
<trkpt lat="41.9911191" lon="2.8686156999999923">
<ele>368.6309951309252</ele>
<time>2026-08-28T11:00:36.030Z</time>
</trkpt>
<trkpt lat="41.991075" lon="2.8685932999999864">
<ele>368.6108123411507</ele>
<time>2026-08-28T11:00:40.845Z</time>
</trkpt>
<trkpt lat="41.991028" lon="2.868572499999999">
<ele>368.4276935558014</ele>
<time>2026-08-28T11:00:45.686Z</time>
</trkpt>
<trkpt lat="41.9909813" lon="2.8685507000000143">
<ele>368.2704558446782</ele>
<time>2026-08-28T11:00:49.930Z</time>
</trkpt>
<trkpt lat="41.990934" lon="2.8685490999999956">
<ele>368.2222764266446</ele>
<time>2026-08-28T11:00:54.007Z</time>
</trkpt>
<trkpt lat="41.9908865" lon="2.868546600000002">
<ele>368.17345481726534</ele>
<time>2026-08-28T11:00:58.429Z</time>
</trkpt>
<trkpt lat="41.9908405" lon="2.8685577999999907">
<ele>368.1625562781742</ele>
<time>2026-08-28T11:01:03.006Z</time>
</trkpt>
<trkpt lat="41.9907971" lon="2.8685769999999877">
<ele>368.2625251327609</ele>
<time>2026-08-28T11:01:07.908Z</time>
</trkpt>
<trkpt lat="41.9907509" lon="2.868582300000014">
<ele>368.43451087796444</ele>
<time>2026-08-28T11:01:14.245Z</time>
</trkpt>
<trkpt lat="41.9906998" lon="2.868589500000013">
<ele>368.6367409808261</ele>
<time>2026-08-28T11:01:17.875Z</time>
</trkpt>
<trkpt lat="41.9906535" lon="2.868602399999986">
<ele>368.8547494328999</ele>
<time>2026-08-28T11:01:21.183Z</time>
</trkpt>
<trkpt lat="41.9906095" lon="2.868617400000005">
<ele>369.0888525909898</ele>
<time>2026-08-28T11:01:24.309Z</time>
</trkpt>
<trkpt lat="41.9905658" lon="2.868631999999991">
<ele>369.3361750706253</ele>
<time>2026-08-28T11:01:27.006Z</time>
</trkpt>
<trkpt lat="41.9905148" lon="2.8686463999999887">
<ele>369.9277691412635</ele>
<time>2026-08-28T11:01:30.871Z</time>
</trkpt>
<trkpt lat="41.9904701" lon="2.8686572000000012">
<ele>370.7039073057799</ele>
<time>2026-08-28T11:01:34.066Z</time>
</trkpt>
<trkpt lat="41.9904224" lon="2.868662999999998">
<ele>371.5207610747972</ele>
<time>2026-08-28T11:01:37.569Z</time>
</trkpt>
<trkpt lat="41.9903733" lon="2.86866169999999">
<ele>372.2852489324302</ele>
<time>2026-08-28T11:01:41.426Z</time>
</trkpt>
<trkpt lat="41.9903211" lon="2.8686619000000064">
<ele>373.1183550936798</ele>
<time>2026-08-28T11:01:44.566Z</time>
</trkpt>
<trkpt lat="41.9902757" lon="2.868671799999987">
<ele>374.04021789865544</ele>
<time>2026-08-28T11:01:48.046Z</time>
</trkpt>
<trkpt lat="41.9902309" lon="2.868680799999993">
<ele>374.71395943379207</ele>
<time>2026-08-28T11:01:51.089Z</time>
</trkpt>
<trkpt lat="41.990184" lon="2.868680100000006">
<ele>375.1195900482349</ele>
<time>2026-08-28T11:01:54.309Z</time>
</trkpt>
<trkpt lat="41.9901384" lon="2.8686744999999974">
<ele>375.4224415009717</ele>
<time>2026-08-28T11:01:58.464Z</time>
</trkpt>
<trkpt lat="41.9900917" lon="2.868671000000006">
<ele>375.78140859492476</ele>
<time>2026-08-28T11:02:02.347Z</time>
</trkpt>
<trkpt lat="41.9900448" lon="2.8686580000000106">
<ele>375.98286550479304</ele>
<time>2026-08-28T11:02:06.568Z</time>
</trkpt>
<trkpt lat="41.9899997" lon="2.868648900000011">
<ele>376.2513681404233</ele>
<time>2026-08-28T11:02:10.246Z</time>
</trkpt>
<trkpt lat="41.9899554" lon="2.8686355000000106">
<ele>376.0720413760947</ele>
<time>2026-08-28T11:02:13.906Z</time>
</trkpt>
<trkpt lat="41.9899118" lon="2.8686183000000085">
<ele>375.78808488219664</ele>
<time>2026-08-28T11:02:17.124Z</time>
</trkpt>
<trkpt lat="41.9898618" lon="2.8685986000000128">
<ele>375.6407921715353</ele>
<time>2026-08-28T11:02:20.966Z</time>
</trkpt>
<trkpt lat="41.9898145" lon="2.8685662999999977">
<ele>375.6789660347473</ele>
<time>2026-08-28T11:02:25.064Z</time>
</trkpt>
<trkpt lat="41.9897741" lon="2.868537800000013">
<ele>375.94886945624904</ele>
<time>2026-08-28T11:02:28.730Z</time>
</trkpt>
<trkpt lat="41.9897327" lon="2.868504400000006">
<ele>376.48996775526075</ele>
<time>2026-08-28T11:02:32.989Z</time>
</trkpt>
<trkpt lat="41.9896908" lon="2.8684676999999965">
<ele>376.96862913091917</ele>
<time>2026-08-28T11:02:36.669Z</time>
</trkpt>
<trkpt lat="41.9896546" lon="2.8684208999999896">
<ele>377.11744453097856</ele>
<time>2026-08-28T11:02:40.969Z</time>
</trkpt>
<trkpt lat="41.9896198" lon="2.868378199999995">
<ele>376.74770647605834</ele>
<time>2026-08-28T11:02:45.006Z</time>
</trkpt>
<trkpt lat="41.9895866" lon="2.868334400000009">
<ele>376.5495189626214</ele>
<time>2026-08-28T11:02:48.867Z</time>
</trkpt>
<trkpt lat="41.9895542" lon="2.8682865000000106">
<ele>376.5191830048432</ele>
<time>2026-08-28T11:02:52.724Z</time>
</trkpt>
<trkpt lat="41.9895175" lon="2.8682435000000055">
<ele>376.67150432533884</ele>
<time>2026-08-28T11:02:56.370Z</time>
</trkpt>
<trkpt lat="41.9894866" lon="2.868199000000004">
<ele>376.97586779239214</ele>
<time>2026-08-28T11:03:00.033Z</time>
</trkpt>
<trkpt lat="41.9894566" lon="2.8681451999999865">
<ele>377.4238750481593</ele>
<time>2026-08-28T11:03:03.409Z</time>
</trkpt>
<trkpt lat="41.9894363" lon="2.8680827999999963">
<ele>377.2626512279361</ele>
<time>2026-08-28T11:03:07.652Z</time>
</trkpt>
<trkpt lat="41.9894274" lon="2.868022300000007">
<ele>376.9807151234303</ele>
<time>2026-08-28T11:03:13.428Z</time>
</trkpt>
<trkpt lat="41.9894182" lon="2.8679631999999913">
<ele>376.5319248205414</ele>
<time>2026-08-28T11:03:18.006Z</time>
</trkpt>
<trkpt lat="41.9894053" lon="2.8678982000000133">
<ele>376.01956746446604</ele>
<time>2026-08-28T11:03:22.528Z</time>
</trkpt>
<trkpt lat="41.9893766" lon="2.8678490000000068">
<ele>375.14672811455443</ele>
<time>2026-08-28T11:03:29.484Z</time>
</trkpt>
<trkpt lat="41.9893319" lon="2.867814100000004">
<ele>374.0160425735809</ele>
<time>2026-08-28T11:03:32.689Z</time>
</trkpt>
<trkpt lat="41.9892999" lon="2.867761800000011">
<ele>372.80178768934917</ele>
<time>2026-08-28T11:03:35.886Z</time>
</trkpt>
<trkpt lat="41.9892579" lon="2.8677304999999933">
<ele>371.791305302136</ele>
<time>2026-08-28T11:03:38.690Z</time>
</trkpt>
<trkpt lat="41.9892099" lon="2.867709700000006">
<ele>370.8725456429584</ele>
<time>2026-08-28T11:03:41.864Z</time>
</trkpt>
<trkpt lat="41.9891628" lon="2.867702600000001">
<ele>370.1733683175945</ele>
<time>2026-08-28T11:03:47.049Z</time>
</trkpt>
<trkpt lat="41.9891175" lon="2.8677166999999884">
<ele>369.27296640399965</ele>
<time>2026-08-28T11:03:52.669Z</time>
</trkpt>
<trkpt lat="41.9890735" lon="2.867732700000005">
<ele>368.2406991605774</ele>
<time>2026-08-28T11:03:56.109Z</time>
</trkpt>
<trkpt lat="41.9890271" lon="2.8677495999999962">
<ele>367.1265550492042</ele>
<time>2026-08-28T11:03:59.527Z</time>
</trkpt>
<trkpt lat="41.9889804" lon="2.8677700000000073">
<ele>366.0174129781535</ele>
<time>2026-08-28T11:04:03.038Z</time>
</trkpt>
<trkpt lat="41.9889351" lon="2.8677921000000026">
<ele>364.93547807172575</ele>
<time>2026-08-28T11:04:06.267Z</time>
</trkpt>
<trkpt lat="41.988895" lon="2.8678243999999893">
<ele>364.0777710536206</ele>
<time>2026-08-28T11:04:10.128Z</time>
</trkpt>
<trkpt lat="41.9888595" lon="2.8678648000000067">
<ele>363.33505265869235</ele>
<time>2026-08-28T11:04:13.727Z</time>
</trkpt>
<trkpt lat="41.9888314" lon="2.867912799999999">
<ele>362.6717817898287</ele>
<time>2026-08-28T11:04:17.006Z</time>
</trkpt>
<trkpt lat="41.9888068" lon="2.867965499999997">
<ele>362.237455638907</ele>
<time>2026-08-28T11:04:20.144Z</time>
</trkpt>
<trkpt lat="41.9887842" lon="2.8680286999999964">
<ele>362.0660581046448</ele>
<time>2026-08-28T11:04:23.984Z</time>
</trkpt>
<trkpt lat="41.98876" lon="2.868081899999993">
<ele>361.89519924541037</ele>
<time>2026-08-28T11:04:27.625Z</time>
</trkpt>
<trkpt lat="41.9887424" lon="2.8681390000000135">
<ele>362.0329848595337</ele>
<time>2026-08-28T11:04:30.790Z</time>
</trkpt>
<trkpt lat="41.9887279" lon="2.8682065000000136">
<ele>362.1022170295122</ele>
<time>2026-08-28T11:04:34.543Z</time>
</trkpt>
<trkpt lat="41.9887076" lon="2.8682675000000017">
<ele>362.09366899344803</ele>
<time>2026-08-28T11:04:38.069Z</time>
</trkpt>
<trkpt lat="41.988683" lon="2.8683268999999996">
<ele>362.16972501042477</ele>
<time>2026-08-28T11:04:41.845Z</time>
</trkpt>
<trkpt lat="41.9886543" lon="2.8683822000000134">
<ele>362.3471772071806</ele>
<time>2026-08-28T11:04:46.064Z</time>
</trkpt>
<trkpt lat="41.9886227" lon="2.868431799999996">
<ele>362.5938732806376</ele>
<time>2026-08-28T11:04:49.686Z</time>
</trkpt>
<trkpt lat="41.9885865" lon="2.8684775000000116">
<ele>362.54533037002915</ele>
<time>2026-08-28T11:04:53.928Z</time>
</trkpt>
<trkpt lat="41.9885512" lon="2.868516999999997">
<ele>362.8482980076925</ele>
<time>2026-08-28T11:04:57.768Z</time>
</trkpt>
<trkpt lat="41.9885131" lon="2.868553200000008">
<ele>363.19394291682767</ele>
<time>2026-08-28T11:05:02.007Z</time>
</trkpt>
<trkpt lat="41.9884725" lon="2.868587600000012">
<ele>363.58191596587324</ele>
<time>2026-08-28T11:05:05.788Z</time>
</trkpt>
<trkpt lat="41.9884268" lon="2.8686144000000127">
<ele>364.02168612747397</ele>
<time>2026-08-28T11:05:09.770Z</time>
</trkpt>
<trkpt lat="41.988386" lon="2.8686428000000035">
<ele>364.44482772790656</ele>
<time>2026-08-28T11:05:13.036Z</time>
</trkpt>
<trkpt lat="41.9883366" lon="2.868659000000008">
<ele>364.9289803032633</ele>
<time>2026-08-28T11:05:17.045Z</time>
</trkpt>
<trkpt lat="41.9882905" lon="2.8686607999999865">
<ele>365.3377327484771</ele>
<time>2026-08-28T11:05:21.037Z</time>
</trkpt>
<trkpt lat="41.9882436" lon="2.868664200000012">
<ele>365.74873001719874</ele>
<time>2026-08-28T11:05:24.409Z</time>
</trkpt>
<trkpt lat="41.9881959" lon="2.8686514999999986">
<ele>366.1354329966052</ele>
<time>2026-08-28T11:05:29.864Z</time>
</trkpt>
<trkpt lat="41.9881532" lon="2.86863120000001">
<ele>366.4852243568676</ele>
<time>2026-08-28T11:05:34.208Z</time>
</trkpt>
<trkpt lat="41.9881083" lon="2.8686203000000035">
<ele>366.8830601633953</ele>
<time>2026-08-28T11:05:38.566Z</time>
</trkpt>
<trkpt lat="41.9880636" lon="2.868606199999988">
<ele>367.29215014379776</ele>
<time>2026-08-28T11:05:43.006Z</time>
</trkpt>
<trkpt lat="41.9880183" lon="2.868579199999999">
<ele>367.5139837559669</ele>
<time>2026-08-28T11:05:47.667Z</time>
</trkpt>
<trkpt lat="41.9879737" lon="2.8685567999999932">
<ele>367.53706345120247</ele>
<time>2026-08-28T11:05:51.585Z</time>
</trkpt>
<trkpt lat="41.9879262" lon="2.868541399999998">
<ele>367.6044652235316</ele>
<time>2026-08-28T11:05:55.851Z</time>
</trkpt>
<trkpt lat="41.9878858" lon="2.8685067000000117">
<ele>367.8358339014698</ele>
<time>2026-08-28T11:06:00.706Z</time>
</trkpt>
<trkpt lat="41.9878451" lon="2.8684795000000065">
<ele>368.1152664226159</ele>
<time>2026-08-28T11:06:05.005Z</time>
</trkpt>
<trkpt lat="41.9878058" lon="2.868444000000011">
<ele>368.5466313374376</ele>
<time>2026-08-28T11:06:08.806Z</time>
</trkpt>
<trkpt lat="41.9877638" lon="2.868415099999993">
<ele>368.84636704360463</ele>
<time>2026-08-28T11:06:13.628Z</time>
</trkpt>
<trkpt lat="41.9877211" lon="2.868378699999994">
<ele>368.1451106846312</ele>
<time>2026-08-28T11:06:17.033Z</time>
</trkpt>
<trkpt lat="41.9876816" lon="2.868344900000011">
<ele>367.59563688116657</ele>
<time>2026-08-28T11:06:21.006Z</time>
</trkpt>
<trkpt lat="41.9876416" lon="2.8683150999999896">
<ele>367.1804424490359</ele>
<time>2026-08-28T11:06:24.569Z</time>
</trkpt>
<trkpt lat="41.9875969" lon="2.8682871999999975">
<ele>366.845367346195</ele>
<time>2026-08-28T11:06:28.490Z</time>
</trkpt>
<trkpt lat="41.9875511" lon="2.868263899999988">
<ele>366.6038471256124</ele>
<time>2026-08-28T11:06:31.686Z</time>
</trkpt>
<trkpt lat="41.9875051" lon="2.868239499999987">
<ele>366.49927935511835</ele>
<time>2026-08-28T11:06:34.503Z</time>
</trkpt>
<trkpt lat="41.9874562" lon="2.868218600000006">
<ele>366.5326566726217</ele>
<time>2026-08-28T11:06:38.070Z</time>
</trkpt>
<trkpt lat="41.9874066" lon="2.8681981000000007">
<ele>366.6995360788079</ele>
<time>2026-08-28T11:06:41.749Z</time>
</trkpt>
<trkpt lat="41.987354" lon="2.8681804">
<ele>366.87580472183095</ele>
<time>2026-08-28T11:06:45.669Z</time>
</trkpt>
<trkpt lat="41.9873095" lon="2.8681676999999866">
<ele>367.02774359727385</ele>
<time>2026-08-28T11:06:49.042Z</time>
</trkpt>
<trkpt lat="41.9872643" lon="2.868152400000014">
<ele>367.267249970657</ele>
<time>2026-08-28T11:06:52.199Z</time>
</trkpt>
<trkpt lat="41.9872205" lon="2.8681362000000092">
<ele>367.3098619855982</ele>
<time>2026-08-28T11:06:55.187Z</time>
</trkpt>
<trkpt lat="41.9871721" lon="2.8681224999999984">
<ele>367.1478354203947</ele>
<time>2026-08-28T11:06:58.924Z</time>
</trkpt>
<trkpt lat="41.9871273" lon="2.868111699999986">
<ele>366.93473957800325</ele>
<time>2026-08-28T11:07:02.007Z</time>
</trkpt>
<trkpt lat="41.9870823" lon="2.8680934999999863">
<ele>366.80922539701913</ele>
<time>2026-08-28T11:07:05.829Z</time>
</trkpt>
<trkpt lat="41.9870361" lon="2.8680704999999875">
<ele>366.776560889991</ele>
<time>2026-08-28T11:07:09.525Z</time>
</trkpt>
<trkpt lat="41.9869917" lon="2.8680505000000096">
<ele>366.78928637561336</ele>
<time>2026-08-28T11:07:13.052Z</time>
</trkpt>
<trkpt lat="41.9869429" lon="2.8680340999999885">
<ele>366.8028306377</ele>
<time>2026-08-28T11:07:17.946Z</time>
</trkpt>
<trkpt lat="41.9868999" lon="2.868015700000001">
<ele>367.27915962266513</ele>
<time>2026-08-28T11:07:22.728Z</time>
</trkpt>
<trkpt lat="41.9868552" lon="2.868001200000009">
<ele>367.9487508278998</ele>
<time>2026-08-28T11:07:26.568Z</time>
</trkpt>
<trkpt lat="41.9868082" lon="2.8679832999999917">
<ele>368.6594550748713</ele>
<time>2026-08-28T11:07:30.384Z</time>
</trkpt>
<trkpt lat="41.9867607" lon="2.8679626999999925">
<ele>369.3759134325229</ele>
<time>2026-08-28T11:07:33.547Z</time>
</trkpt>
<trkpt lat="41.986717" lon="2.867945800000001">
<ele>369.98796711358574</ele>
<time>2026-08-28T11:07:37.058Z</time>
</trkpt>
<trkpt lat="41.9866737" lon="2.8679261000000054">
<ele>370.59707128120596</ele>
<time>2026-08-28T11:07:40.945Z</time>
</trkpt>
<trkpt lat="41.9866242" lon="2.867900899999995">
<ele>370.8817577521375</ele>
<time>2026-08-28T11:07:44.729Z</time>
</trkpt>
<trkpt lat="41.9865787" lon="2.8678844000000083">
<ele>370.6901387189829</ele>
<time>2026-08-28T11:07:48.367Z</time>
</trkpt>
<trkpt lat="41.9865324" lon="2.8678740999999945">
<ele>370.44405800227</ele>
<time>2026-08-28T11:07:52.005Z</time>
</trkpt>
<trkpt lat="41.9864841" lon="2.8678667000000075">
<ele>370.1194137925543</ele>
<time>2026-08-28T11:07:55.868Z</time>
</trkpt>
<trkpt lat="41.9864371" lon="2.8678548000000035">
<ele>369.82011841121346</ele>
<time>2026-08-28T11:07:59.748Z</time>
</trkpt>
<trkpt lat="41.9863919" lon="2.867847399999988">
<ele>369.5493572238319</ele>
<time>2026-08-28T11:08:03.523Z</time>
</trkpt>
<trkpt lat="41.9863442" lon="2.8678468999999893">
<ele>368.8732334093097</ele>
<time>2026-08-28T11:08:06.784Z</time>
</trkpt>
<trkpt lat="41.9862988" lon="2.8678403000000117">
<ele>367.9734527387547</ele>
<time>2026-08-28T11:08:10.125Z</time>
</trkpt>
<trkpt lat="41.9862531" lon="2.867834899999991">
<ele>367.07621851211394</ele>
<time>2026-08-28T11:08:13.387Z</time>
</trkpt>
<trkpt lat="41.9862064" lon="2.8678430999999875">
<ele>366.0371133588285</ele>
<time>2026-08-28T11:08:17.005Z</time>
</trkpt>
<trkpt lat="41.9861585" lon="2.867840599999994">
<ele>365.0727317710595</ele>
<time>2026-08-28T11:08:20.906Z</time>
</trkpt>
<trkpt lat="41.9861134" lon="2.8678410999999926">
<ele>364.1344539528231</ele>
<time>2026-08-28T11:08:25.005Z</time>
</trkpt>
<trkpt lat="41.9860654" lon="2.86783539999999">
<ele>363.4380041075098</ele>
<time>2026-08-28T11:08:29.012Z</time>
</trkpt>
<trkpt lat="41.9860225" lon="2.8678170000000023">
<ele>363.15661290358446</ele>
<time>2026-08-28T11:08:32.867Z</time>
</trkpt>
<trkpt lat="41.9859765" lon="2.8678079999999966">
<ele>362.70727545941077</ele>
<time>2026-08-28T11:08:36.667Z</time>
</trkpt>
<trkpt lat="41.9859286" lon="2.8677988000000028">
<ele>362.2364430323784</ele>
<time>2026-08-28T11:08:40.690Z</time>
</trkpt>
<trkpt lat="41.9858849" lon="2.8678133999999886">
<ele>361.4940227763888</ele>
<time>2026-08-28T11:08:44.224Z</time>
</trkpt>
<trkpt lat="41.9858356" lon="2.867808700000012">
<ele>360.94438919482735</ele>
<time>2026-08-28T11:08:47.865Z</time>
</trkpt>
<trkpt lat="41.9857844" lon="2.8678031999999973">
<ele>360.76086850095896</ele>
<time>2026-08-28T11:08:52.005Z</time>
</trkpt>
<trkpt lat="41.9857393" lon="2.8678032999999914">
<ele>360.7834899499597</ele>
<time>2026-08-28T11:08:55.707Z</time>
</trkpt>
<trkpt lat="41.9856896" lon="2.86779820000001">
<ele>360.8634808223514</ele>
<time>2026-08-28T11:08:59.525Z</time>
</trkpt>
<trkpt lat="41.985658" lon="2.8677541000000133">
<ele>361.3063205755455</ele>
<time>2026-08-28T11:09:03.646Z</time>
</trkpt>
<trkpt lat="41.9856929" lon="2.8677139000000125">
<ele>361.75569055029104</ele>
<time>2026-08-28T11:09:12.784Z</time>
</trkpt>
<trkpt lat="41.9857372" lon="2.8676914000000124">
<ele>362.09126918080466</ele>
<time>2026-08-28T11:09:18.606Z</time>
</trkpt>
<trkpt lat="41.9857873" lon="2.8676709000000074">
<ele>362.46542699378335</ele>
<time>2026-08-28T11:09:24.104Z</time>
</trkpt>
<trkpt lat="41.985836" lon="2.86765410000001">
<ele>363.04437913457474</ele>
<time>2026-08-28T11:09:31.069Z</time>
</trkpt>
<trkpt lat="41.9858833" lon="2.8676577999999893">
<ele>363.58767710410535</ele>
<time>2026-08-28T11:09:37.006Z</time>
</trkpt>
<trkpt lat="41.9859227" lon="2.8676917999999887">
<ele>363.61925808975184</ele>
<time>2026-08-28T11:09:41.830Z</time>
</trkpt>
<trkpt lat="41.9859666" lon="2.8677093999999954">
<ele>363.92896406764095</ele>
<time>2026-08-28T11:09:46.267Z</time>
</trkpt>
<trkpt lat="41.9860121" lon="2.867728800000009">
<ele>364.2330126936399</ele>
<time>2026-08-28T11:09:51.006Z</time>
</trkpt>
<trkpt lat="41.9860544" lon="2.8677505999999937">
<ele>364.4630327582845</ele>
<time>2026-08-28T11:09:55.349Z</time>
</trkpt>
<trkpt lat="41.9860967" lon="2.867783199999991">
<ele>364.57482660724077</ele>
<time>2026-08-28T11:10:00.005Z</time>
</trkpt>
<trkpt lat="41.9860763" lon="2.8678381">
<ele>363.5364155725111</ele>
<time>2026-08-28T11:10:08.924Z</time>
</trkpt>
<trkpt lat="41.9860297" lon="2.8678448999999944">
<ele>362.8644216153598</ele>
<time>2026-08-28T11:10:14.550Z</time>
</trkpt>
<trkpt lat="41.9859831" lon="2.867835299999996">
<ele>362.4167347067184</ele>
<time>2026-08-28T11:10:20.304Z</time>
</trkpt>
<trkpt lat="41.9859369" lon="2.867821300000003">
<ele>362.0333399337759</ele>
<time>2026-08-28T11:10:24.366Z</time>
</trkpt>
<trkpt lat="41.9858906" lon="2.8678064000000063">
<ele>361.66005203215354</ele>
<time>2026-08-28T11:10:28.527Z</time>
</trkpt>
<trkpt lat="41.9858417" lon="2.867818199999988">
<ele>360.89152350769234</ele>
<time>2026-08-28T11:10:33.066Z</time>
</trkpt>
<trkpt lat="41.9857969" lon="2.867812299999997">
<ele>360.6347988930582</ele>
<time>2026-08-28T11:10:37.212Z</time>
</trkpt>
<trkpt lat="41.9857517" lon="2.867809499999993">
<ele>360.7023332199448</ele>
<time>2026-08-28T11:10:40.851Z</time>
</trkpt>
<trkpt lat="41.9857056" lon="2.8678047999999876">
<ele>360.784988879714</ele>
<time>2026-08-28T11:10:44.465Z</time>
</trkpt>
<trkpt lat="41.9856577" lon="2.8677992000000074">
<ele>360.86668808947616</ele>
<time>2026-08-28T11:10:48.004Z</time>
</trkpt>
<trkpt lat="41.9856111" lon="2.867794900000007">
<ele>360.9237637100502</ele>
<time>2026-08-28T11:10:51.204Z</time>
</trkpt>
<trkpt lat="41.9855653" lon="2.8677965999999913">
<ele>360.9259381183655</ele>
<time>2026-08-28T11:10:55.077Z</time>
</trkpt>
<trkpt lat="41.9855194" lon="2.8677978000000053">
<ele>360.92765765146146</ele>
<time>2026-08-28T11:10:59.017Z</time>
</trkpt>
<trkpt lat="41.9854717" lon="2.867800999999986">
<ele>360.9036227855311</ele>
<time>2026-08-28T11:11:02.948Z</time>
</trkpt>
<trkpt lat="41.9854231" lon="2.8678040000000067">
<ele>360.8821771639245</ele>
<time>2026-08-28T11:11:06.603Z</time>
</trkpt>
<trkpt lat="41.9853793" lon="2.8678223999999943">
<ele>360.7687181190988</ele>
<time>2026-08-28T11:11:10.058Z</time>
</trkpt>
<trkpt lat="41.9853335" lon="2.8678323000000034">
<ele>360.7125863581975</ele>
<time>2026-08-28T11:11:13.626Z</time>
</trkpt>
<trkpt lat="41.9852878" lon="2.867840199999989">
<ele>360.67183244676585</ele>
<time>2026-08-28T11:11:17.346Z</time>
</trkpt>
<trkpt lat="41.9852373" lon="2.867845799999998">
<ele>360.586315122363</ele>
<time>2026-08-28T11:11:21.606Z</time>
</trkpt>
<trkpt lat="41.9851863" lon="2.867857700000002">
<ele>360.36231753034264</ele>
<time>2026-08-28T11:11:25.530Z</time>
</trkpt>
<trkpt lat="41.9851368" lon="2.8678621999999905">
<ele>360.18028356096823</ele>
<time>2026-08-28T11:11:29.004Z</time>
</trkpt>
<trkpt lat="41.9850919" lon="2.8678569999999866">
<ele>360.0794896814962</ele>
<time>2026-08-28T11:11:32.344Z</time>
</trkpt>
<trkpt lat="41.9850423" lon="2.867849299999989">
<ele>359.9899035362015</ele>
<time>2026-08-28T11:11:36.005Z</time>
</trkpt>
<trkpt lat="41.9849972" lon="2.867845100000011">
<ele>359.89223404805045</ele>
<time>2026-08-28T11:11:39.165Z</time>
</trkpt>
<trkpt lat="41.9849527" lon="2.867831200000012">
<ele>359.79352577063867</ele>
<time>2026-08-28T11:11:42.427Z</time>
</trkpt>
<trkpt lat="41.9849049" lon="2.8678157999999883">
<ele>359.6603085422971</ele>
<time>2026-08-28T11:11:45.986Z</time>
</trkpt>
<trkpt lat="41.9848631" lon="2.867793199999994">
<ele>359.6921757837421</ele>
<time>2026-08-28T11:11:49.626Z</time>
</trkpt>
<trkpt lat="41.9848173" lon="2.8677683999999886">
<ele>359.7936745647791</ele>
<time>2026-08-28T11:11:53.346Z</time>
</trkpt>
<trkpt lat="41.9847732" lon="2.867740900000001">
<ele>360.0109542304192</ele>
<time>2026-08-28T11:11:57.026Z</time>
</trkpt>
<trkpt lat="41.984729" lon="2.8677213999999935">
<ele>360.1714020924965</ele>
<time>2026-08-28T11:12:00.624Z</time>
</trkpt>
<trkpt lat="41.9846845" lon="2.867701199999999">
<ele>360.4542148681032</ele>
<time>2026-08-28T11:12:04.370Z</time>
</trkpt>
<trkpt lat="41.9846389" lon="2.867682699999989">
<ele>360.8122086114601</ele>
<time>2026-08-28T11:12:08.005Z</time>
</trkpt>
<trkpt lat="41.9845908" lon="2.8676620999999898">
<ele>361.18603091874587</ele>
<time>2026-08-28T11:12:11.745Z</time>
</trkpt>
<trkpt lat="41.9845474" lon="2.867644200000001">
<ele>361.49317076773</ele>
<time>2026-08-28T11:12:15.079Z</time>
</trkpt>
<trkpt lat="41.9845019" lon="2.8676306000000125">
<ele>361.7191617582018</ele>
<time>2026-08-28T11:12:18.725Z</time>
</trkpt>
<trkpt lat="41.9844559" lon="2.8676154000000054">
<ele>361.95394892023984</ele>
<time>2026-08-28T11:12:22.526Z</time>
</trkpt>
<trkpt lat="41.9844127" lon="2.8675973">
<ele>362.0341152775689</ele>
<time>2026-08-28T11:12:25.826Z</time>
</trkpt>
<trkpt lat="41.9843681" lon="2.867581699999988">
<ele>361.3633237907129</ele>
<time>2026-08-28T11:12:29.949Z</time>
</trkpt>
<trkpt lat="41.9843256" lon="2.867549800000006">
<ele>360.847890017749</ele>
<time>2026-08-28T11:12:33.686Z</time>
</trkpt>
<trkpt lat="41.9842932" lon="2.8675023000000124">
<ele>360.67862149242904</ele>
<time>2026-08-28T11:12:37.866Z</time>
</trkpt>
<trkpt lat="41.9842612" lon="2.8674594999999954">
<ele>360.5431368203676</ele>
<time>2026-08-28T11:12:42.004Z</time>
</trkpt>
<trkpt lat="41.9842546" lon="2.86739750000001">
<ele>360.98859683702966</ele>
<time>2026-08-28T11:12:47.006Z</time>
</trkpt>
<trkpt lat="41.9842284" lon="2.867342199999996">
<ele>361.15347979119804</ele>
<time>2026-08-28T11:12:49.810Z</time>
</trkpt>
<trkpt lat="41.9842114" lon="2.867277999999999">
<ele>361.64454437284775</ele>
<time>2026-08-28T11:12:52.966Z</time>
</trkpt>
<trkpt lat="41.9842019" lon="2.8672144999999887">
<ele>362.3276852716837</ele>
<time>2026-08-28T11:12:56.725Z</time>
</trkpt>
<trkpt lat="41.9841969" lon="2.8671466000000123">
<ele>363.1425594648485</ele>
<time>2026-08-28T11:13:00.706Z</time>
</trkpt>
<trkpt lat="41.9842003" lon="2.86708440000001">
<ele>363.9154147141841</ele>
<time>2026-08-28T11:13:04.545Z</time>
</trkpt>
<trkpt lat="41.9841836" lon="2.8671450999999877">
<ele>363.1271224622147</ele>
<time>2026-08-28T11:13:12.004Z</time>
</trkpt>
<trkpt lat="41.9841848" lon="2.867211400000002">
<ele>362.2615196826558</ele>
<time>2026-08-28T11:13:16.591Z</time>
</trkpt>
<trkpt lat="41.9841829" lon="2.867272200000002">
<ele>361.4472245627812</ele>
<time>2026-08-28T11:13:21.007Z</time>
</trkpt>
<trkpt lat="41.9841848" lon="2.867335499999996">
<ele>360.6907339216691</ele>
<time>2026-08-28T11:13:25.306Z</time>
</trkpt>
<trkpt lat="41.9841981" lon="2.8673941000000127">
<ele>360.264040689776</ele>
<time>2026-08-28T11:13:29.551Z</time>
</trkpt>
<trkpt lat="41.9842165" lon="2.867458599999992">
<ele>359.8900299428148</ele>
<time>2026-08-28T11:13:33.826Z</time>
</trkpt>
<trkpt lat="41.984246" lon="2.8675082999999972">
<ele>359.8812598850182</ele>
<time>2026-08-28T11:13:37.629Z</time>
</trkpt>
<trkpt lat="41.9842911" lon="2.867551999999989">
<ele>360.25043093607115</ele>
<time>2026-08-28T11:13:42.067Z</time>
</trkpt>
<trkpt lat="41.9843368" lon="2.867578000000009">
<ele>360.84062061584024</ele>
<time>2026-08-28T11:13:45.906Z</time>
</trkpt>
<trkpt lat="41.9843821" lon="2.8675998999999877">
<ele>361.4599567955112</ele>
<time>2026-08-28T11:13:50.004Z</time>
</trkpt>
<trkpt lat="41.9844267" lon="2.867621299999996">
<ele>361.87693727185757</ele>
<time>2026-08-28T11:13:54.041Z</time>
</trkpt>
<trkpt lat="41.9844707" lon="2.8676394000000016">
<ele>361.60293250722225</ele>
<time>2026-08-28T11:13:57.826Z</time>
</trkpt>
<trkpt lat="41.9845133" lon="2.867659300000014">
<ele>361.28454050940474</ele>
<time>2026-08-28T11:14:01.625Z</time>
</trkpt>
<trkpt lat="41.9845562" lon="2.8676864999999907">
<ele>360.8332601205916</ele>
<time>2026-08-28T11:14:05.646Z</time>
</trkpt>
<trkpt lat="41.9846024" lon="2.867705099999995">
<ele>360.4885492276276</ele>
<time>2026-08-28T11:14:09.350Z</time>
</trkpt>
<trkpt lat="41.9846451" lon="2.8677245000000084">
<ele>360.1158740926048</ele>
<time>2026-08-28T11:14:13.005Z</time>
</trkpt>
<trkpt lat="41.984688" lon="2.86774299999999">
<ele>359.73909912425165</ele>
<time>2026-08-28T11:14:16.547Z</time>
</trkpt>
<trkpt lat="41.9847355" lon="2.8677643999999987">
<ele>359.4981031159203</ele>
<time>2026-08-28T11:14:20.806Z</time>
</trkpt>
<trkpt lat="41.9847774" lon="2.867793799999987">
<ele>359.24137602164006</ele>
<time>2026-08-28T11:14:24.709Z</time>
</trkpt>
<trkpt lat="41.9848222" lon="2.8678252999999927">
<ele>359.0490182446779</ele>
<time>2026-08-28T11:14:28.913Z</time>
</trkpt>
<trkpt lat="41.9848658" lon="2.867855300000002">
<ele>358.95232517292135</ele>
<time>2026-08-28T11:14:32.767Z</time>
</trkpt>
<trkpt lat="41.9849096" lon="2.8678759000000014">
<ele>358.9904864844082</ele>
<time>2026-08-28T11:14:36.591Z</time>
</trkpt>
<trkpt lat="41.9849534" lon="2.867890399999993">
<ele>358.9818508316954</ele>
<time>2026-08-28T11:14:40.021Z</time>
</trkpt>
<trkpt lat="41.9849999" lon="2.8678965999999946">
<ele>359.1038755963712</ele>
<time>2026-08-28T11:14:44.269Z</time>
</trkpt>
<trkpt lat="41.9850455" lon="2.86788820000001">
<ele>359.4562054394213</ele>
<time>2026-08-28T11:14:49.035Z</time>
</trkpt>
<trkpt lat="41.9849917" lon="2.867883000000006">
<ele>359.3910292732148</ele>
<time>2026-08-28T11:14:54.004Z</time>
</trkpt>
<trkpt lat="41.9849438" lon="2.8678778000000023">
<ele>359.2041663250624</ele>
<time>2026-08-28T11:14:57.809Z</time>
</trkpt>
<trkpt lat="41.9848967" lon="2.8678606">
<ele>359.11076308852813</ele>
<time>2026-08-28T11:15:01.469Z</time>
</trkpt>
<trkpt lat="41.9848505" lon="2.867830099999992">
<ele>359.1621147242335</ele>
<time>2026-08-28T11:15:05.747Z</time>
</trkpt>
<trkpt lat="41.9848112" lon="2.8677998000000002">
<ele>359.33347227375447</ele>
<time>2026-08-28T11:15:09.048Z</time>
</trkpt>
<trkpt lat="41.9847686" lon="2.8677696000000026">
<ele>359.56122883233337</ele>
<time>2026-08-28T11:15:13.725Z</time>
</trkpt>
<trkpt lat="41.984723" lon="2.8677365000000066">
<ele>359.90462138396117</ele>
<time>2026-08-28T11:15:17.466Z</time>
</trkpt>
<trkpt lat="41.9846795" lon="2.8677158000000134">
<ele>360.2132050193426</ele>
<time>2026-08-28T11:15:21.688Z</time>
</trkpt>
<trkpt lat="41.9846352" lon="2.8676930000000027">
<ele>360.6468498141852</ele>
<time>2026-08-28T11:15:25.592Z</time>
</trkpt>
<trkpt lat="41.9845885" lon="2.8676877000000047">
<ele>360.7815960418857</ele>
<time>2026-08-28T11:15:29.992Z</time>
</trkpt>
<trkpt lat="41.9845486" lon="2.867654299999998">
<ele>361.3369586271665</ele>
<time>2026-08-28T11:15:34.530Z</time>
</trkpt>
<trkpt lat="41.9845044" lon="2.8676321000000087">
<ele>361.6959020336616</ele>
<time>2026-08-28T11:15:39.007Z</time>
</trkpt>
<trkpt lat="41.9844536" lon="2.867606599999988">
<ele>362.080323482517</ele>
<time>2026-08-28T11:15:43.784Z</time>
</trkpt>
<trkpt lat="41.9844051" lon="2.8675905000000057">
<ele>361.96387736420496</ele>
<time>2026-08-28T11:15:49.011Z</time>
</trkpt>
<trkpt lat="41.9843595" lon="2.8675751000000105">
<ele>361.2550940984816</ele>
<time>2026-08-28T11:15:53.250Z</time>
</trkpt>
<trkpt lat="41.9843194" lon="2.8675369000000046">
<ele>360.83810433749727</ele>
<time>2026-08-28T11:15:57.890Z</time>
</trkpt>
<trkpt lat="41.9842898" lon="2.8674892999999884">
<ele>360.72877618896774</ele>
<time>2026-08-28T11:16:01.672Z</time>
</trkpt>
<trkpt lat="41.9842658" lon="2.867435400000005">
<ele>360.81637424030305</ele>
<time>2026-08-28T11:16:05.791Z</time>
</trkpt>
<trkpt lat="41.9842508" lon="2.8673722999999995">
<ele>361.16047465198784</ele>
<time>2026-08-28T11:16:09.611Z</time>
</trkpt>
<trkpt lat="41.9842362" lon="2.8673127000000136">
<ele>361.5227723605955</ele>
<time>2026-08-28T11:16:13.793Z</time>
</trkpt>
<trkpt lat="41.9842266" lon="2.867250100000007">
<ele>362.0943612097187</ele>
<time>2026-08-28T11:16:17.967Z</time>
</trkpt>
<trkpt lat="41.9842241" lon="2.867187300000012">
<ele>362.76603743184296</ele>
<time>2026-08-28T11:16:23.233Z</time>
</trkpt>
<trkpt lat="41.9842178" lon="2.8671270000000106">
<ele>363.42037273357585</ele>
<time>2026-08-28T11:16:27.447Z</time>
</trkpt>
<trkpt lat="41.9842042" lon="2.8670654000000013">
<ele>364.1422802536134</ele>
<time>2026-08-28T11:16:31.964Z</time>
</trkpt>
<trkpt lat="41.9841903" lon="2.8670025000000123">
<ele>364.54962876712193</ele>
<time>2026-08-28T11:16:36.004Z</time>
</trkpt>
<trkpt lat="41.984172" lon="2.866940999999997">
<ele>364.69441229736384</ele>
<time>2026-08-28T11:16:39.969Z</time>
</trkpt>
<trkpt lat="41.9841453" lon="2.8668924000000118">
<ele>364.92172508020064</ele>
<time>2026-08-28T11:16:43.612Z</time>
</trkpt>
<trkpt lat="41.9841147" lon="2.8668414999999925">
<ele>364.78304645096233</ele>
<time>2026-08-28T11:16:47.387Z</time>
</trkpt>
<trkpt lat="41.9840753" lon="2.8668083000000024">
<ele>364.64035427808216</ele>
<time>2026-08-28T11:16:50.866Z</time>
</trkpt>
<trkpt lat="41.9840393" lon="2.8667666999999994">
<ele>364.6899867304772</ele>
<time>2026-08-28T11:16:54.005Z</time>
</trkpt>
<trkpt lat="41.9840074" lon="2.866718999999989">
<ele>364.0856240321091</ele>
<time>2026-08-28T11:16:57.867Z</time>
</trkpt>
<trkpt lat="41.9839756" lon="2.8666761000000065">
<ele>363.49420892282535</ele>
<time>2026-08-28T11:17:01.050Z</time>
</trkpt>
<trkpt lat="41.9839373" lon="2.8666418999999905">
<ele>363.0932903632792</ele>
<time>2026-08-28T11:17:04.004Z</time>
</trkpt>
<trkpt lat="41.983897" lon="2.866603900000001">
<ele>362.75322619306564</ele>
<time>2026-08-28T11:17:07.985Z</time>
</trkpt>
<trkpt lat="41.9838553" lon="2.8665637999999944">
<ele>362.30060878871706</ele>
<time>2026-08-28T11:17:11.526Z</time>
</trkpt>
<trkpt lat="41.9838237" lon="2.866512300000011">
<ele>361.45989315960117</ele>
<time>2026-08-28T11:17:15.692Z</time>
</trkpt>
<trkpt lat="41.9837965" lon="2.8664631999999983">
<ele>360.66560968812</ele>
<time>2026-08-28T11:17:19.043Z</time>
</trkpt>
<trkpt lat="41.9837598" lon="2.8664190000000076">
<ele>359.66887995783725</ele>
<time>2026-08-28T11:17:22.586Z</time>
</trkpt>
<trkpt lat="41.9837286" lon="2.866375299999987">
<ele>358.8093632591025</ele>
<time>2026-08-28T11:17:25.728Z</time>
</trkpt>
<trkpt lat="41.9836968" lon="2.866330000000005">
<ele>357.9876775032826</ele>
<time>2026-08-28T11:17:28.808Z</time>
</trkpt>
<trkpt lat="41.983668" lon="2.8662822000000006">
<ele>357.2317172513343</ele>
<time>2026-08-28T11:17:31.971Z</time>
</trkpt>
<trkpt lat="41.9836377" lon="2.866229699999991">
<ele>356.4820490772228</ele>
<time>2026-08-28T11:17:36.018Z</time>
</trkpt>
<trkpt lat="41.9836171" lon="2.866170000000011">
<ele>355.6434466239392</ele>
<time>2026-08-28T11:17:39.608Z</time>
</trkpt>
<trkpt lat="41.9836017" lon="2.8661122999999975">
<ele>354.7272114228273</ele>
<time>2026-08-28T11:17:43.005Z</time>
</trkpt>
<trkpt lat="41.9836101" lon="2.8660514000000035">
<ele>353.96558908597723</ele>
<time>2026-08-28T11:17:46.547Z</time>
</trkpt>
<trkpt lat="41.9836403" lon="2.866002199999997">
<ele>353.6131010163677</ele>
<time>2026-08-28T11:17:51.007Z</time>
</trkpt>
<trkpt lat="41.9836773" lon="2.865950099999992">
<ele>353.35684206945876</ele>
<time>2026-08-28T11:17:55.952Z</time>
</trkpt>
<trkpt lat="41.9837101" lon="2.8658986000000084">
<ele>353.1875336370256</ele>
<time>2026-08-28T11:18:00.567Z</time>
</trkpt>
<trkpt lat="41.9837396" lon="2.8658393000000046">
<ele>353.02018810550163</ele>
<time>2026-08-28T11:18:04.688Z</time>
</trkpt>
<trkpt lat="41.9837737" lon="2.8657976000000076">
<ele>353.1250319149962</ele>
<time>2026-08-28T11:18:08.828Z</time>
</trkpt>
<trkpt lat="41.9838044" lon="2.8657474999999977">
<ele>353.158742133029</ele>
<time>2026-08-28T11:18:12.990Z</time>
</trkpt>
<trkpt lat="41.9838373" lon="2.8657005000000026">
<ele>353.3000857913427</ele>
<time>2026-08-28T11:18:16.725Z</time>
</trkpt>
<trkpt lat="41.9838717" lon="2.8656515000000127">
<ele>353.31629348304887</ele>
<time>2026-08-28T11:18:20.907Z</time>
</trkpt>
<trkpt lat="41.9839032" lon="2.8656019999999955">
<ele>352.6162431614303</ele>
<time>2026-08-28T11:18:25.009Z</time>
</trkpt>
<trkpt lat="41.9839185" lon="2.865541900000011">
<ele>352.2667610341743</ele>
<time>2026-08-28T11:18:29.045Z</time>
</trkpt>
<trkpt lat="41.9839079" lon="2.8654827999999952">
<ele>352.3681696562019</ele>
<time>2026-08-28T11:18:33.005Z</time>
</trkpt>
<trkpt lat="41.9838914" lon="2.8654260000000136">
<ele>352.5379026327645</ele>
<time>2026-08-28T11:18:36.944Z</time>
</trkpt>
<trkpt lat="41.9838621" lon="2.8653711999999985">
<ele>352.70323847809215</ele>
<time>2026-08-28T11:18:40.731Z</time>
</trkpt>
<trkpt lat="41.9838384" lon="2.8653172999999867">
<ele>351.5350005491658</ele>
<time>2026-08-28T11:18:44.186Z</time>
</trkpt>
<trkpt lat="41.9838137" lon="2.8652652000000103">
<ele>350.3905983813707</ele>
<time>2026-08-28T11:18:48.291Z</time>
</trkpt>
<trkpt lat="41.9837888" lon="2.8652080999999896">
<ele>349.23193665413976</ele>
<time>2026-08-28T11:18:52.432Z</time>
</trkpt>
<trkpt lat="41.9837613" lon="2.865158100000002">
<ele>348.16826147186606</ele>
<time>2026-08-28T11:18:56.189Z</time>
</trkpt>
<trkpt lat="41.9837304" lon="2.8651094999999884">
<ele>347.12037465309214</ele>
<time>2026-08-28T11:19:00.786Z</time>
</trkpt>
<trkpt lat="41.9836955" lon="2.865064600000011">
<ele>345.972064071894</ele>
<time>2026-08-28T11:19:04.585Z</time>
</trkpt>
<trkpt lat="41.9836654" lon="2.8650196000000108">
<ele>344.90110939613623</ele>
<time>2026-08-28T11:19:08.169Z</time>
</trkpt>
<trkpt lat="41.9836301" lon="2.8649811999999883">
<ele>343.9827098044118</ele>
<time>2026-08-28T11:19:11.907Z</time>
</trkpt>
<trkpt lat="41.9835961" lon="2.864936">
<ele>343.11985777950724</ele>
<time>2026-08-28T11:19:15.007Z</time>
</trkpt>
<trkpt lat="41.9835624" lon="2.8648900000000026">
<ele>341.8970132836741</ele>
<time>2026-08-28T11:19:18.525Z</time>
</trkpt>
<trkpt lat="41.9835261" lon="2.8648537999999917">
<ele>340.71464590268886</ele>
<time>2026-08-28T11:19:21.706Z</time>
</trkpt>
<trkpt lat="41.9834848" lon="2.864816300000001">
<ele>339.5730424324276</ele>
<time>2026-08-28T11:19:25.492Z</time>
</trkpt>
<trkpt lat="41.9834443" lon="2.864787199999995">
<ele>338.53165785994685</ele>
<time>2026-08-28T11:19:28.721Z</time>
</trkpt>
<trkpt lat="41.9834099" lon="2.864747499999993">
<ele>337.6196087674286</ele>
<time>2026-08-28T11:19:31.856Z</time>
</trkpt>
<trkpt lat="41.9833768" lon="2.8646982999999864">
<ele>336.79438782884137</ele>
<time>2026-08-28T11:19:35.476Z</time>
</trkpt>
<trkpt lat="41.983338" lon="2.8646632999999895">
<ele>336.05899625131093</ele>
<time>2026-08-28T11:19:38.601Z</time>
</trkpt>
<trkpt lat="41.9832923" lon="2.8646693000000027">
<ele>334.9771092101984</ele>
<time>2026-08-28T11:19:41.839Z</time>
</trkpt>
<trkpt lat="41.9832626" lon="2.864717600000006">
<ele>333.9356867154554</ele>
<time>2026-08-28T11:19:47.581Z</time>
</trkpt>
<trkpt lat="41.9832428" lon="2.864771999999988">
<ele>333.2794517925652</ele>
<time>2026-08-28T11:19:52.962Z</time>
</trkpt>
<trkpt lat="41.9832374" lon="2.864841399999989">
<ele>333.03319703300184</ele>
<time>2026-08-28T11:19:58.003Z</time>
</trkpt>
<trkpt lat="41.9832439" lon="2.8649068">
<ele>333.01781440185636</ele>
<time>2026-08-28T11:20:02.580Z</time>
</trkpt>
<trkpt lat="41.9832682" lon="2.8649598000000083">
<ele>333.66773368196203</ele>
<time>2026-08-28T11:20:07.003Z</time>
</trkpt>
<trkpt lat="41.983289" lon="2.865021000000013">
<ele>334.1089366317346</ele>
<time>2026-08-28T11:20:11.843Z</time>
</trkpt>
<trkpt lat="41.9833085" lon="2.865082699999988">
<ele>334.45642103806637</ele>
<time>2026-08-28T11:20:16.483Z</time>
</trkpt>
<trkpt lat="41.9833198" lon="2.8651490999999965">
<ele>334.93108094379096</ele>
<time>2026-08-28T11:20:21.818Z</time>
</trkpt>
<trkpt lat="41.9833204" lon="2.8652107000000058">
<ele>335.0641896772607</ele>
<time>2026-08-28T11:20:25.982Z</time>
</trkpt>
<trkpt lat="41.9833109" lon="2.865271199999995">
<ele>334.7801427958751</ele>
<time>2026-08-28T11:20:30.200Z</time>
</trkpt>
<trkpt lat="41.9833022" lon="2.8653334999999913">
<ele>334.60982238399936</ele>
<time>2026-08-28T11:20:34.420Z</time>
</trkpt>
<trkpt lat="41.9833017" lon="2.8653970999999956">
<ele>334.7282886161708</ele>
<time>2026-08-28T11:20:38.656Z</time>
</trkpt>
<trkpt lat="41.983301" lon="2.865464000000003">
<ele>334.8841822132463</ele>
<time>2026-08-28T11:20:42.900Z</time>
</trkpt>
<trkpt lat="41.983307" lon="2.865531400000009">
<ele>335.2361434291017</ele>
<time>2026-08-28T11:20:47.699Z</time>
</trkpt>
<trkpt lat="41.9833085" lon="2.8655932000000064">
<ele>335.4424073226681</ele>
<time>2026-08-28T11:20:51.317Z</time>
</trkpt>
<trkpt lat="41.9833017" lon="2.8656576999999857">
<ele>335.5777767319053</ele>
<time>2026-08-28T11:20:55.602Z</time>
</trkpt>
<trkpt lat="41.983297" lon="2.8657217999999887">
<ele>336.5447578274122</ele>
<time>2026-08-28T11:20:59.863Z</time>
</trkpt>
<trkpt lat="41.9832924" lon="2.8657896999999934">
<ele>337.55000815339054</ele>
<time>2026-08-28T11:21:04.044Z</time>
</trkpt>
<trkpt lat="41.9832842" lon="2.86584959999999">
<ele>338.2489103538107</ele>
<time>2026-08-28T11:21:07.816Z</time>
</trkpt>
<trkpt lat="41.9832714" lon="2.8659139000000096">
<ele>338.7754534053383</ele>
<time>2026-08-28T11:21:12.063Z</time>
</trkpt>
<trkpt lat="41.9832526" lon="2.865973700000012">
<ele>338.7091533961439</ele>
<time>2026-08-28T11:21:15.859Z</time>
</trkpt>
<trkpt lat="41.9832265" lon="2.866026500000004">
<ele>338.161620577235</ele>
<time>2026-08-28T11:21:19.516Z</time>
</trkpt>
<trkpt lat="41.9832076" lon="2.866082000000006">
<ele>337.928262722117</ele>
<time>2026-08-28T11:21:25.008Z</time>
</trkpt>
<trkpt lat="41.9831858" lon="2.8661433000000045">
<ele>337.5923251853603</ele>
<time>2026-08-28T11:21:28.679Z</time>
</trkpt>
<trkpt lat="41.9831577" lon="2.8661917000000017">
<ele>336.79026332809093</ele>
<time>2026-08-28T11:21:32.319Z</time>
</trkpt>
<trkpt lat="41.9831372" lon="2.8662529000000063">
<ele>336.488341870137</ele>
<time>2026-08-28T11:21:38.579Z</time>
</trkpt>
<trkpt lat="41.9831181" lon="2.8663100999999926">
<ele>336.28357004705236</ele>
<time>2026-08-28T11:21:42.025Z</time>
</trkpt>
<trkpt lat="41.983099" lon="2.866371799999996">
<ele>336.2047279960956</ele>
<time>2026-08-28T11:21:45.481Z</time>
</trkpt>
<trkpt lat="41.9830838" lon="2.8664310000000057">
<ele>336.3247603460105</ele>
<time>2026-08-28T11:21:48.701Z</time>
</trkpt>
<trkpt lat="41.9830743" lon="2.8664974000000143">
<ele>336.8880465967036</ele>
<time>2026-08-28T11:21:53.419Z</time>
</trkpt>
<trkpt lat="41.9830585" lon="2.866559300000006">
<ele>337.43595011032255</ele>
<time>2026-08-28T11:21:57.020Z</time>
</trkpt>
<trkpt lat="41.9830351" lon="2.866621000000009">
<ele>337.81119523849424</ele>
<time>2026-08-28T11:22:00.503Z</time>
</trkpt>
<trkpt lat="41.9830049" lon="2.8666680999999983">
<ele>338.0324836832153</ele>
<time>2026-08-28T11:22:03.642Z</time>
</trkpt>
<trkpt lat="41.9829711" lon="2.866713699999991">
<ele>338.2377520962227</ele>
<time>2026-08-28T11:22:07.039Z</time>
</trkpt>
<trkpt lat="41.9829396" lon="2.8667581999999925">
<ele>338.5308457258306</ele>
<time>2026-08-28T11:22:10.760Z</time>
</trkpt>
<trkpt lat="41.9829068" lon="2.8667997999999955">
<ele>337.996850708333</ele>
<time>2026-08-28T11:22:14.297Z</time>
</trkpt>
<trkpt lat="41.9828709" lon="2.866839099999993">
<ele>337.41176257046004</ele>
<time>2026-08-28T11:22:17.917Z</time>
</trkpt>
<trkpt lat="41.9828304" lon="2.866873400000003">
<ele>336.7637806573244</ele>
<time>2026-08-28T11:22:21.004Z</time>
</trkpt>
<trkpt lat="41.982789" lon="2.866899899999993">
<ele>336.10667404487907</ele>
<time>2026-08-28T11:22:24.030Z</time>
</trkpt>
<trkpt lat="41.9827421" lon="2.8669193000000064">
<ele>335.1360461158825</ele>
<time>2026-08-28T11:22:27.317Z</time>
</trkpt>
<trkpt lat="41.9826985" lon="2.8669385999999975">
<ele>333.6470120702689</ele>
<time>2026-08-28T11:22:30.521Z</time>
</trkpt>
<trkpt lat="41.9826518" lon="2.8669563999999923">
<ele>332.0327143612612</ele>
<time>2026-08-28T11:22:34.020Z</time>
</trkpt>
<trkpt lat="41.9826174" lon="2.866995800000012">
<ele>330.9386608792275</ele>
<time>2026-08-28T11:22:37.047Z</time>
</trkpt>
<trkpt lat="41.982587" lon="2.867048100000005">
<ele>330.0159020474958</ele>
<time>2026-08-28T11:22:40.817Z</time>
</trkpt>
<trkpt lat="41.9825764" lon="2.867109499999998">
<ele>329.8364913429093</ele>
<time>2026-08-28T11:22:44.460Z</time>
</trkpt>
<trkpt lat="41.9825655" lon="2.8671726999999976">
<ele>329.72658515411854</ele>
<time>2026-08-28T11:22:48.043Z</time>
</trkpt>
<trkpt lat="41.9825478" lon="2.867232400000006">
<ele>329.50085605093454</ele>
<time>2026-08-28T11:22:51.758Z</time>
</trkpt>
<trkpt lat="41.9825293" lon="2.8672891999999877">
<ele>329.355830061962</ele>
<time>2026-08-28T11:22:55.003Z</time>
</trkpt>
<trkpt lat="41.9825175" lon="2.8673498999999936">
<ele>329.3745223149081</ele>
<time>2026-08-28T11:22:58.519Z</time>
</trkpt>
<trkpt lat="41.9824909" lon="2.867408399999988">
<ele>329.1677269519066</ele>
<time>2026-08-28T11:23:02.757Z</time>
</trkpt>
<trkpt lat="41.9824513" lon="2.8674444000000108">
<ele>328.5203070709706</ele>
<time>2026-08-28T11:23:06.783Z</time>
</trkpt>
<trkpt lat="41.982417" lon="2.867488299999991">
<ele>328.05119741293714</ele>
<time>2026-08-28T11:23:11.399Z</time>
</trkpt>
<trkpt lat="41.9823853" lon="2.8675330000000088">
<ele>327.8317423552092</ele>
<time>2026-08-28T11:23:15.759Z</time>
</trkpt>
<trkpt lat="41.9823529" lon="2.867582700000014">
<ele>327.84376611107365</ele>
<time>2026-08-28T11:23:20.415Z</time>
</trkpt>
<trkpt lat="41.9823232" lon="2.8676345000000083">
<ele>327.9126204511045</ele>
<time>2026-08-28T11:23:24.004Z</time>
</trkpt>
<trkpt lat="41.9822947" lon="2.867683400000004">
<ele>328.0756291185589</ele>
<time>2026-08-28T11:23:27.260Z</time>
</trkpt>
<trkpt lat="41.9822654" lon="2.8677313000000026">
<ele>328.3730680769324</ele>
<time>2026-08-28T11:23:31.003Z</time>
</trkpt>
<trkpt lat="41.9822198" lon="2.8677575000000104">
<ele>328.37181255732185</ele>
<time>2026-08-28T11:23:35.563Z</time>
</trkpt>
<trkpt lat="41.9821738" lon="2.8677420999999867">
<ele>327.5004652951416</ele>
<time>2026-08-28T11:23:39.562Z</time>
</trkpt>
<trkpt lat="41.9821276" lon="2.8677384000000075">
<ele>326.6030498728315</ele>
<time>2026-08-28T11:23:44.656Z</time>
</trkpt>
<trkpt lat="41.9820797" lon="2.867742800000002">
<ele>325.7954068448286</ele>
<time>2026-08-28T11:23:48.005Z</time>
</trkpt>
<trkpt lat="41.9820339" lon="2.867753599999986">
<ele>325.08993698888787</ele>
<time>2026-08-28T11:23:51.802Z</time>
</trkpt>
<trkpt lat="41.9819884" lon="2.86777459999999">
<ele>324.4664437099827</ele>
<time>2026-08-28T11:23:55.960Z</time>
</trkpt>
<trkpt lat="41.9819409" lon="2.867785900000001">
<ele>323.6540017297914</ele>
<time>2026-08-28T11:24:00.005Z</time>
</trkpt>
<trkpt lat="41.9818911" lon="2.8677788999999905">
<ele>322.52075121947627</ele>
<time>2026-08-28T11:24:03.702Z</time>
</trkpt>
<trkpt lat="41.9818414" lon="2.867770699999994">
<ele>321.3428777755677</ele>
<time>2026-08-28T11:24:07.860Z</time>
</trkpt>
<trkpt lat="41.9817911" lon="2.867770799999988">
<ele>320.2065859412064</ele>
<time>2026-08-28T11:24:12.537Z</time>
</trkpt>
<trkpt lat="41.9817461" lon="2.8677648999999974">
<ele>319.20036873495695</ele>
<time>2026-08-28T11:24:16.004Z</time>
</trkpt>
<trkpt lat="41.9816985" lon="2.8677687999999932">
<ele>318.1232457342902</ele>
<time>2026-08-28T11:24:19.741Z</time>
</trkpt>
<trkpt lat="41.9816477" lon="2.867772000000002">
<ele>316.95694115785886</ele>
<time>2026-08-28T11:24:23.902Z</time>
</trkpt>
<trkpt lat="41.9815977" lon="2.86776660000001">
<ele>316.40998964025295</ele>
<time>2026-08-28T11:24:28.060Z</time>
</trkpt>
<trkpt lat="41.981552" lon="2.8677537000000086">
<ele>316.0678912218095</ele>
<time>2026-08-28T11:24:31.637Z</time>
</trkpt>
<trkpt lat="41.9815062" lon="2.8677484000000106">
<ele>315.66678630275936</ele>
<time>2026-08-28T11:24:34.818Z</time>
</trkpt>
<trkpt lat="41.981461" lon="2.86773629999999">
<ele>315.3549995487256</ele>
<time>2026-08-28T11:24:38.617Z</time>
</trkpt>
<trkpt lat="41.981409" lon="2.8677284000000043">
<ele>314.94750049058297</ele>
<time>2026-08-28T11:24:42.840Z</time>
</trkpt>
<trkpt lat="41.9813623" lon="2.867722200000003">
<ele>314.5939019778449</ele>
<time>2026-08-28T11:24:46.440Z</time>
</trkpt>
<trkpt lat="41.9813167" lon="2.8677251999999953">
<ele>314.89427643385704</ele>
<time>2026-08-28T11:24:49.637Z</time>
</trkpt>
<trkpt lat="41.981268" lon="2.867716900000005">
<ele>315.3472914031672</ele>
<time>2026-08-28T11:24:53.918Z</time>
</trkpt>
<trkpt lat="41.9812233" lon="2.8677285999999924">
<ele>315.5528972924527</ele>
<time>2026-08-28T11:24:57.004Z</time>
</trkpt>
<trkpt lat="41.9811786" lon="2.8677561000000082">
<ele>315.628478091163</ele>
<time>2026-08-28T11:25:00.043Z</time>
</trkpt>
<trkpt lat="41.981133" lon="2.8677595999999994">
<ele>315.96218804881687</ele>
<time>2026-08-28T11:25:03.477Z</time>
</trkpt>
<trkpt lat="41.9811006" lon="2.867715299999986">
<ele>316.5779009039969</ele>
<time>2026-08-28T11:25:07.922Z</time>
</trkpt>
<trkpt lat="41.9811261" lon="2.867661599999991">
<ele>316.84825468692526</ele>
<time>2026-08-28T11:25:12.004Z</time>
</trkpt>
<trkpt lat="41.9811771" lon="2.8676537999999994">
<ele>316.601110984444</ele>
<time>2026-08-28T11:25:15.917Z</time>
</trkpt>
<trkpt lat="41.9812217" lon="2.8676378000000113">
<ele>316.4902277420126</ele>
<time>2026-08-28T11:25:21.025Z</time>
</trkpt>
<trkpt lat="41.9812592" lon="2.8676043000000107">
<ele>316.6346141294089</ele>
<time>2026-08-28T11:25:26.076Z</time>
</trkpt>
<trkpt lat="41.9813075" lon="2.8676030000000026">
<ele>316.39610709098287</ele>
<time>2026-08-28T11:25:29.836Z</time>
</trkpt>
<trkpt lat="41.981346" lon="2.8675704000000053">
<ele>316.0067807884059</ele>
<time>2026-08-28T11:25:35.042Z</time>
</trkpt>
<trkpt lat="41.981388" lon="2.867533900000012">
<ele>315.5903434295477</ele>
<time>2026-08-28T11:25:40.822Z</time>
</trkpt>
<trkpt lat="41.9814331" lon="2.867506200000008">
<ele>315.37231934453985</ele>
<time>2026-08-28T11:25:44.861Z</time>
</trkpt>
<trkpt lat="41.9814811" lon="2.8674954999999898">
<ele>315.3520402588318</ele>
<time>2026-08-28T11:25:49.004Z</time>
</trkpt>
<trkpt lat="41.9815265" lon="2.8674919999999986">
<ele>315.4212771980652</ele>
<time>2026-08-28T11:25:52.377Z</time>
</trkpt>
<trkpt lat="41.9815729" lon="2.8674970000000144">
<ele>315.66179153285594</ele>
<time>2026-08-28T11:25:56.462Z</time>
</trkpt>
<trkpt lat="41.9816212" lon="2.8675052000000107">
<ele>316.00352017529076</ele>
<time>2026-08-28T11:26:00.716Z</time>
</trkpt>
<trkpt lat="41.9816654" lon="2.867518799999999">
<ele>316.67635645109345</ele>
<time>2026-08-28T11:26:04.941Z</time>
</trkpt>
<trkpt lat="41.981719" lon="2.867514">
<ele>317.1593042150118</ele>
<time>2026-08-28T11:26:08.997Z</time>
</trkpt>
<trkpt lat="41.9817641" lon="2.867504700000012">
<ele>317.4248006888636</ele>
<time>2026-08-28T11:26:13.003Z</time>
</trkpt>
<trkpt lat="41.9818095" lon="2.867482300000006">
<ele>317.33743971587444</ele>
<time>2026-08-28T11:26:16.540Z</time>
</trkpt>
<trkpt lat="41.9818489" lon="2.8674418999999887">
<ele>316.67787772367325</ele>
<time>2026-08-28T11:26:20.052Z</time>
</trkpt>
<trkpt lat="41.9818893" lon="2.867403700000011">
<ele>316.04932841136923</ele>
<time>2026-08-28T11:26:23.981Z</time>
</trkpt>
<trkpt lat="41.9819235" lon="2.8673630000000117">
<ele>315.28757777355145</ele>
<time>2026-08-28T11:26:27.139Z</time>
</trkpt>
<trkpt lat="41.9819561" lon="2.867319600000002">
<ele>314.66739631809605</ele>
<time>2026-08-28T11:26:30.282Z</time>
</trkpt>
<trkpt lat="41.9819899" lon="2.867263400000013">
<ele>313.3774610214756</ele>
<time>2026-08-28T11:26:34.004Z</time>
</trkpt>
<trkpt lat="41.9820071" lon="2.8672050000000127">
<ele>311.80003220312915</ele>
<time>2026-08-28T11:26:37.880Z</time>
</trkpt>
<trkpt lat="41.9820208" lon="2.8671410000000037">
<ele>310.06204063072124</ele>
<time>2026-08-28T11:26:41.583Z</time>
</trkpt>
<trkpt lat="41.9820343" lon="2.8670807000000025">
<ele>308.5377270245068</ele>
<time>2026-08-28T11:26:44.797Z</time>
</trkpt>
<trkpt lat="41.9820491" lon="2.8670212000000106">
<ele>307.3339020580867</ele>
<time>2026-08-28T11:26:48.642Z</time>
</trkpt>
<trkpt lat="41.9820603" lon="2.8669610000000034">
<ele>306.4910663932394</ele>
<time>2026-08-28T11:26:52.033Z</time>
</trkpt>
<trkpt lat="41.9820663" lon="2.8668984999999907">
<ele>305.46425059313515</ele>
<time>2026-08-28T11:26:55.504Z</time>
</trkpt>
<trkpt lat="41.9820712" lon="2.8668356000000017">
<ele>304.4254557159736</ele>
<time>2026-08-28T11:26:59.002Z</time>
</trkpt>
<trkpt lat="41.9820819" lon="2.866770900000006">
<ele>303.6879720704565</ele>
<time>2026-08-28T11:27:03.030Z</time>
</trkpt>
<trkpt lat="41.9820972" lon="2.8667038000000105">
<ele>303.95765242386955</ele>
<time>2026-08-28T11:27:07.718Z</time>
</trkpt>
<trkpt lat="41.9821158" lon="2.86664429999999">
<ele>304.6377126274587</ele>
<time>2026-08-28T11:27:12.005Z</time>
</trkpt>
<trkpt lat="41.9821539" lon="2.8666019000000063">
<ele>306.51060609055736</ele>
<time>2026-08-28T11:27:16.540Z</time>
</trkpt>
<trkpt lat="41.982199" lon="2.8665717000000086">
<ele>308.8645171362673</ele>
<time>2026-08-28T11:27:20.819Z</time>
</trkpt>
<trkpt lat="41.9822464" lon="2.866550399999994">
<ele>310.98883097455405</ele>
<time>2026-08-28T11:27:25.659Z</time>
</trkpt>
<trkpt lat="41.9822903" lon="2.866533199999992">
<ele>312.8945034559127</ele>
<time>2026-08-28T11:27:30.121Z</time>
</trkpt>
<trkpt lat="41.9823367" lon="2.8665115999999955">
<ele>314.8003004416898</ele>
<time>2026-08-28T11:27:35.003Z</time>
</trkpt>
<trkpt lat="41.9823775" lon="2.8664843999999903">
<ele>316.30425123063924</ele>
<time>2026-08-28T11:27:39.038Z</time>
</trkpt>
<trkpt lat="41.9824153" lon="2.866444999999999">
<ele>316.9644515126519</ele>
<time>2026-08-28T11:27:43.662Z</time>
</trkpt>
<trkpt lat="41.9824434" lon="2.8663966000000016">
<ele>316.8144627073194</ele>
<time>2026-08-28T11:27:48.012Z</time>
</trkpt>
<trkpt lat="41.9824622" lon="2.8663383999999894">
<ele>315.91618577711426</ele>
<time>2026-08-28T11:27:52.802Z</time>
</trkpt>
<trkpt lat="41.9824151" lon="2.8663337000000126">
<ele>314.06618262113307</ele>
<time>2026-08-28T11:28:07.003Z</time>
</trkpt>
<trkpt lat="41.9823704" lon="2.86636630000001">
<ele>313.21457025538723</ele>
<time>2026-08-28T11:28:12.442Z</time>
</trkpt>
<trkpt lat="41.9823296" lon="2.8663933999999927">
<ele>312.2602404775524</ele>
<time>2026-08-28T11:28:18.004Z</time>
</trkpt>
<trkpt lat="41.9822854" lon="2.8664085000000057">
<ele>310.8260260322894</ele>
<time>2026-08-28T11:28:22.027Z</time>
</trkpt>
<trkpt lat="41.9822443" lon="2.866434400000003">
<ele>309.64999991295576</ele>
<time>2026-08-28T11:28:26.017Z</time>
</trkpt>
<trkpt lat="41.9822048" lon="2.8664639000000136">
<ele>308.50064404687</ele>
<time>2026-08-28T11:28:29.766Z</time>
</trkpt>
<trkpt lat="41.9821668" lon="2.8664982999999893">
<ele>306.78310958853586</ele>
<time>2026-08-28T11:28:34.029Z</time>
</trkpt>
<trkpt lat="41.9821368" lon="2.8665453000000127">
<ele>305.3031180013857</ele>
<time>2026-08-28T11:28:38.065Z</time>
</trkpt>
<trkpt lat="41.9821103" lon="2.8665981000000045">
<ele>304.09803342971315</ele>
<time>2026-08-28T11:28:41.880Z</time>
</trkpt>
<trkpt lat="41.9820959" lon="2.8666623000000016">
<ele>303.660259146982</ele>
<time>2026-08-28T11:28:46.039Z</time>
</trkpt>
<trkpt lat="41.9820783" lon="2.866723500000006">
<ele>303.070692938131</ele>
<time>2026-08-28T11:28:50.003Z</time>
</trkpt>
<trkpt lat="41.9820616" lon="2.866783099999992">
<ele>302.8975235445839</ele>
<time>2026-08-28T11:28:53.803Z</time>
</trkpt>
<trkpt lat="41.9820497" lon="2.8668466000000024">
<ele>303.6458891939192</ele>
<time>2026-08-28T11:28:57.579Z</time>
</trkpt>
<trkpt lat="41.9820434" lon="2.866911299999998">
<ele>304.7538517519524</ele>
<time>2026-08-28T11:29:01.963Z</time>
</trkpt>
<trkpt lat="41.9820331" lon="2.866977100000014">
<ele>305.7855529821973</ele>
<time>2026-08-28T11:29:06.004Z</time>
</trkpt>
<trkpt lat="41.9820182" lon="2.8670403000000135">
<ele>306.7126342871563</ele>
<time>2026-08-28T11:29:10.503Z</time>
</trkpt>
<trkpt lat="41.9819976" lon="2.867095599999999">
<ele>307.8763406787738</ele>
<time>2026-08-28T11:29:14.942Z</time>
</trkpt>
<trkpt lat="41.9819781" lon="2.8670409000000063">
<ele>305.36617542460357</ele>
<time>2026-08-28T11:29:22.047Z</time>
</trkpt>
<trkpt lat="41.9819704" lon="2.8669768999999974">
<ele>303.3906211170157</ele>
<time>2026-08-28T11:29:27.463Z</time>
</trkpt>
<trkpt lat="41.981956" lon="2.866903900000011">
<ele>300.8550148137704</ele>
<time>2026-08-28T11:29:31.943Z</time>
</trkpt>
<trkpt lat="41.9819481" lon="2.8668394000000035">
<ele>298.7293347178841</ele>
<time>2026-08-28T11:29:36.620Z</time>
</trkpt>
<trkpt lat="41.9819398" lon="2.866772900000001">
<ele>296.46183707248787</ele>
<time>2026-08-28T11:29:40.437Z</time>
</trkpt>
<trkpt lat="41.9819318" lon="2.866706999999991">
<ele>295.2179043364067</ele>
<time>2026-08-28T11:29:45.036Z</time>
</trkpt>
<trkpt lat="41.9819325" lon="2.8666383000000053">
<ele>294.67044378034876</ele>
<time>2026-08-28T11:29:49.284Z</time>
</trkpt>
<trkpt lat="41.9819284" lon="2.8665702000000124">
<ele>293.8636400983254</ele>
<time>2026-08-28T11:29:54.049Z</time>
</trkpt>
<trkpt lat="41.9819208" lon="2.8665101999999933">
<ele>292.91874417575684</ele>
<time>2026-08-28T11:29:57.864Z</time>
</trkpt>
<trkpt lat="41.9819248" lon="2.8664439000000073">
<ele>292.72249961997807</ele>
<time>2026-08-28T11:30:02.022Z</time>
</trkpt>
<trkpt lat="41.9819376" lon="2.866385500000007">
<ele>293.13403698860054</ele>
<time>2026-08-28T11:30:06.036Z</time>
</trkpt>
<trkpt lat="41.9819596" lon="2.866326200000003">
<ele>293.9456461701774</ele>
<time>2026-08-28T11:30:10.819Z</time>
</trkpt>
<trkpt lat="41.9820039" lon="2.8662875999999926">
<ele>295.8893168339652</ele>
<time>2026-08-28T11:30:15.763Z</time>
</trkpt>
<trkpt lat="41.9820411" lon="2.8662437000000125">
<ele>297.3050424627212</ele>
<time>2026-08-28T11:30:21.581Z</time>
</trkpt>
<trkpt lat="41.9820756" lon="2.866196599999995">
<ele>298.32872225568644</ele>
<time>2026-08-28T11:30:26.821Z</time>
</trkpt>
<trkpt lat="41.9820929" lon="2.8661381000000006">
<ele>297.5699945426992</ele>
<time>2026-08-28T11:30:32.958Z</time>
</trkpt>
<trkpt lat="41.9820891" lon="2.8660760999999866">
<ele>295.7597970028495</ele>
<time>2026-08-28T11:30:37.014Z</time>
</trkpt>
<trkpt lat="41.9820738" lon="2.8660168000000112">
<ele>293.5156657960715</ele>
<time>2026-08-28T11:30:40.764Z</time>
</trkpt>
<trkpt lat="41.9820538" lon="2.8659542000000044">
<ele>290.99316765046325</ele>
<time>2026-08-28T11:30:45.058Z</time>
</trkpt>
<trkpt lat="41.9820393" lon="2.8658906">
<ele>289.0297682567055</ele>
<time>2026-08-28T11:30:48.759Z</time>
</trkpt>
<trkpt lat="41.9820195" lon="2.865832399999988">
<ele>287.15292139611734</ele>
<time>2026-08-28T11:30:52.381Z</time>
</trkpt>
<trkpt lat="41.9819958" lon="2.865772600000014">
<ele>284.990606960206</ele>
<time>2026-08-28T11:30:56.619Z</time>
</trkpt>
<trkpt lat="41.9819753" lon="2.865715300000005">
<ele>282.94870208323</ele>
<time>2026-08-28T11:31:00.937Z</time>
</trkpt>
<trkpt lat="41.9819571" lon="2.8656593000000044">
<ele>280.9793009952371</ele>
<time>2026-08-28T11:31:05.072Z</time>
</trkpt>
<trkpt lat="41.9819289" lon="2.8656048">
<ele>279.78770620448967</ele>
<time>2026-08-28T11:31:08.962Z</time>
</trkpt>
<trkpt lat="41.9818993" lon="2.865554599999996">
<ele>278.91371678560415</ele>
<time>2026-08-28T11:31:13.003Z</time>
</trkpt>
<trkpt lat="41.981871" lon="2.865505799999994">
<ele>278.0960071706038</ele>
<time>2026-08-28T11:31:16.760Z</time>
</trkpt>
<trkpt lat="41.9818429" lon="2.865458600000011">
<ele>277.2403388486332</ele>
<time>2026-08-28T11:31:20.461Z</time>
</trkpt>
<trkpt lat="41.981812" lon="2.8654057999999907">
<ele>276.2759709959515</ele>
<time>2026-08-28T11:31:24.619Z</time>
</trkpt>
<trkpt lat="41.9817818" lon="2.8653539999999964">
<ele>275.46089842911226</ele>
<time>2026-08-28T11:31:28.856Z</time>
</trkpt>
<trkpt lat="41.9817507" lon="2.8653065000000026">
<ele>274.90974388770655</ele>
<time>2026-08-28T11:31:32.958Z</time>
</trkpt>
<trkpt lat="41.9817189" lon="2.8652601000000004">
<ele>274.30940509059434</ele>
<time>2026-08-28T11:31:37.221Z</time>
</trkpt>
<trkpt lat="41.9816847" lon="2.8652178000000106">
<ele>273.50880716637033</ele>
<time>2026-08-28T11:31:41.019Z</time>
</trkpt>
<trkpt lat="41.981647" lon="2.8651734999999974">
<ele>272.58646578657573</ele>
<time>2026-08-28T11:31:44.540Z</time>
</trkpt>
<trkpt lat="41.9816201" lon="2.8651241000000027">
<ele>272.27754323181694</ele>
<time>2026-08-28T11:31:48.058Z</time>
</trkpt>
<trkpt lat="41.9815925" lon="2.8650673999999867">
<ele>271.84954329479547</ele>
<time>2026-08-28T11:31:51.802Z</time>
</trkpt>
<trkpt lat="41.9815676" lon="2.865012799999988">
<ele>271.1892806629006</ele>
<time>2026-08-28T11:31:55.359Z</time>
</trkpt>
<trkpt lat="41.9815492" lon="2.864955199999997">
<ele>270.90642629932944</ele>
<time>2026-08-28T11:31:59.078Z</time>
</trkpt>
<trkpt lat="41.9815253" lon="2.8649019000000067">
<ele>270.2906354249108</ele>
<time>2026-08-28T11:32:03.045Z</time>
</trkpt>
<trkpt lat="41.9815075" lon="2.864838099999986">
<ele>270.11881828050116</ele>
<time>2026-08-28T11:32:06.883Z</time>
</trkpt>
<trkpt lat="41.9814949" lon="2.864776799999987">
<ele>269.84474264992923</ele>
<time>2026-08-28T11:32:10.619Z</time>
</trkpt>
<trkpt lat="41.9814855" lon="2.8647147000000075">
<ele>269.5026420930363</ele>
<time>2026-08-28T11:32:14.777Z</time>
</trkpt>
<trkpt lat="41.9814834" lon="2.864647600000012">
<ele>269.5500163497922</ele>
<time>2026-08-28T11:32:18.983Z</time>
</trkpt>
<trkpt lat="41.9815029" lon="2.864592799999997">
<ele>270.6099288155638</ele>
<time>2026-08-28T11:32:23.656Z</time>
</trkpt>
<trkpt lat="41.9815255" lon="2.8645348999999953">
<ele>271.783086512111</ele>
<time>2026-08-28T11:32:28.561Z</time>
</trkpt>
<trkpt lat="41.9815564" lon="2.8644872000000134">
<ele>272.6019599490901</ele>
<time>2026-08-28T11:32:32.738Z</time>
</trkpt>
<trkpt lat="41.9815885" lon="2.8644377999999904">
<ele>273.3853279451694</ele>
<time>2026-08-28T11:32:36.522Z</time>
</trkpt>
<trkpt lat="41.981636" lon="2.864431599999989">
<ele>275.4387360950221</ele>
<time>2026-08-28T11:32:41.843Z</time>
</trkpt>
<trkpt lat="41.9816776" lon="2.8644059000000084">
<ele>276.81973829291866</ele>
<time>2026-08-28T11:32:45.699Z</time>
</trkpt>
<trkpt lat="41.981717" lon="2.8643682000000013">
<ele>277.7795259933343</ele>
<time>2026-08-28T11:32:49.604Z</time>
</trkpt>
<trkpt lat="41.9816693" lon="2.864372099999997">
<ele>275.91720554923654</ele>
<time>2026-08-28T11:32:56.600Z</time>
</trkpt>
<trkpt lat="41.9816209" lon="2.8643763999999976">
<ele>273.9478627456749</ele>
<time>2026-08-28T11:33:00.464Z</time>
</trkpt>
<trkpt lat="41.9815696" lon="2.864375800000005">
<ele>271.67935147061854</ele>
<time>2026-08-28T11:33:05.724Z</time>
</trkpt>
<trkpt lat="41.9816153" lon="2.8643783999999926">
<ele>273.7302835256825</ele>
<time>2026-08-28T11:33:13.239Z</time>
</trkpt>
<trkpt lat="41.9816598" lon="2.86434890000001">
<ele>275.1626384137818</ele>
<time>2026-08-28T11:33:17.642Z</time>
</trkpt>
<trkpt lat="41.9816998" lon="2.864315000000005">
<ele>276.139487235472</ele>
<time>2026-08-28T11:33:22.501Z</time>
</trkpt>
<trkpt lat="41.9817386" lon="2.8642686000000026">
<ele>276.7021379147066</ele>
<time>2026-08-28T11:33:26.860Z</time>
</trkpt>
<trkpt lat="41.9817729" lon="2.8642268000000115">
<ele>276.9622934323791</ele>
<time>2026-08-28T11:33:32.002Z</time>
</trkpt>
<trkpt lat="41.9817932" lon="2.8641728000000057">
<ele>276.3397118455781</ele>
<time>2026-08-28T11:33:36.401Z</time>
</trkpt>
<trkpt lat="41.9817944" lon="2.8641120000000058">
<ele>274.8895172972362</ele>
<time>2026-08-28T11:33:40.655Z</time>
</trkpt>
<trkpt lat="41.9817834" lon="2.8640522999999973">
<ele>273.09591417018197</ele>
<time>2026-08-28T11:33:44.203Z</time>
</trkpt>
<trkpt lat="41.9817733" lon="2.8639857000000006">
<ele>271.1955196859895</ele>
<time>2026-08-28T11:33:48.017Z</time>
</trkpt>
<trkpt lat="41.98177" lon="2.8639201999999955">
<ele>269.95918127846704</ele>
<time>2026-08-28T11:33:51.782Z</time>
</trkpt>
<trkpt lat="41.981765" lon="2.863858599999986">
<ele>268.7742628937281</ele>
<time>2026-08-28T11:33:56.037Z</time>
</trkpt>
<trkpt lat="41.9817678" lon="2.8637951000000044">
<ele>267.8099151190224</ele>
<time>2026-08-28T11:33:59.643Z</time>
</trkpt>
<trkpt lat="41.9817744" lon="2.8637323000000094">
<ele>267.01668846944386</ele>
<time>2026-08-28T11:34:03.422Z</time>
</trkpt>
<trkpt lat="41.9817819" lon="2.863671100000005">
<ele>266.5842705052184</ele>
<time>2026-08-28T11:34:07.516Z</time>
</trkpt>
<trkpt lat="41.9817923" lon="2.8636121000000117">
<ele>266.57451842133406</ele>
<time>2026-08-28T11:34:11.138Z</time>
</trkpt>
<trkpt lat="41.9818007" lon="2.863552400000003">
<ele>266.4592772600639</ele>
<time>2026-08-28T11:34:15.003Z</time>
</trkpt>
<trkpt lat="41.9818117" lon="2.8634892000000036">
<ele>266.38532055186687</ele>
<time>2026-08-28T11:34:19.236Z</time>
</trkpt>
<trkpt lat="41.9818251" lon="2.8634236999999985">
<ele>266.34138438507017</ele>
<time>2026-08-28T11:34:23.564Z</time>
</trkpt>
<trkpt lat="41.9818429" lon="2.8633668999999884">
<ele>266.463533067101</ele>
<time>2026-08-28T11:34:27.881Z</time>
</trkpt>
<trkpt lat="41.9818614" lon="2.8633087999999987">
<ele>266.5424354086603</ele>
<time>2026-08-28T11:34:32.002Z</time>
</trkpt>
<trkpt lat="41.9818742" lon="2.8632459000000097">
<ele>266.3581037053017</ele>
<time>2026-08-28T11:34:35.879Z</time>
</trkpt>
<trkpt lat="41.9818868" lon="2.863187399999987">
<ele>266.1675630683947</ele>
<time>2026-08-28T11:34:40.136Z</time>
</trkpt>
<trkpt lat="41.9819021" lon="2.863124599999992">
<ele>266.0195601799564</ele>
<time>2026-08-28T11:34:44.881Z</time>
</trkpt>
<trkpt lat="41.9819182" lon="2.8630612999999983">
<ele>265.97239567079856</ele>
<time>2026-08-28T11:34:49.041Z</time>
</trkpt>
<trkpt lat="41.9819306" lon="2.8630006999999864">
<ele>265.948152050082</ele>
<time>2026-08-28T11:34:52.855Z</time>
</trkpt>
<trkpt lat="41.9819444" lon="2.862942099999998">
<ele>265.95578005800326</ele>
<time>2026-08-28T11:34:56.783Z</time>
</trkpt>
<trkpt lat="41.981947" lon="2.8628784999999937">
<ele>265.52946707361014</ele>
<time>2026-08-28T11:35:02.321Z</time>
</trkpt>
<trkpt lat="41.981952" lon="2.862814500000013">
<ele>265.1550355190704</ele>
<time>2026-08-28T11:35:05.637Z</time>
</trkpt>
<trkpt lat="41.9819676" lon="2.8627528000000098">
<ele>265.09204950989636</ele>
<time>2026-08-28T11:35:08.940Z</time>
</trkpt>
<trkpt lat="41.9819871" lon="2.862692900000013">
<ele>265.12324728786325</ele>
<time>2026-08-28T11:35:12.040Z</time>
</trkpt>
<trkpt lat="41.9820029" lon="2.862629400000003">
<ele>264.98608867514304</ele>
<time>2026-08-28T11:35:15.838Z</time>
</trkpt>
<trkpt lat="41.9820174" lon="2.862561900000003">
<ele>264.7319575651573</ele>
<time>2026-08-28T11:35:19.541Z</time>
</trkpt>
<trkpt lat="41.98204" lon="2.8624987000000033">
<ele>264.700584591165</ele>
<time>2026-08-28T11:35:23.961Z</time>
</trkpt>
<trkpt lat="41.9820639" lon="2.8624474000000077">
<ele>264.82544593384495</ele>
<time>2026-08-28T11:35:27.563Z</time>
</trkpt>
<trkpt lat="41.9820793" lon="2.8623852999999997">
<ele>264.6239434396452</ele>
<time>2026-08-28T11:35:31.398Z</time>
</trkpt>
<trkpt lat="41.9820942" lon="2.8623198999999886">
<ele>264.3803463597753</ele>
<time>2026-08-28T11:35:35.003Z</time>
</trkpt>
<trkpt lat="41.9821097" lon="2.8622594999999933">
<ele>263.99116523576276</ele>
<time>2026-08-28T11:35:38.302Z</time>
</trkpt>
<trkpt lat="41.9821235" lon="2.862199000000004">
<ele>263.5245313782478</ele>
<time>2026-08-28T11:35:41.538Z</time>
</trkpt>
<trkpt lat="41.9821384" lon="2.862138200000004">
<ele>263.1042199740847</ele>
<time>2026-08-28T11:35:45.039Z</time>
</trkpt>
<trkpt lat="41.9821559" lon="2.8620798999999977">
<ele>262.81450455879246</ele>
<time>2026-08-28T11:35:48.557Z</time>
</trkpt>
<trkpt lat="41.9821649" lon="2.862018599999999">
<ele>262.2617551061256</ele>
<time>2026-08-28T11:35:52.723Z</time>
</trkpt>
<trkpt lat="41.9821591" lon="2.861957100000012">
<ele>261.30469879201183</ele>
<time>2026-08-28T11:35:57.003Z</time>
</trkpt>
<trkpt lat="41.9821456" lon="2.861898400000001">
<ele>260.1555887026962</ele>
<time>2026-08-28T11:36:01.002Z</time>
</trkpt>
<trkpt lat="41.9821156" lon="2.8618424000000005">
<ele>258.55378341021765</ele>
<time>2026-08-28T11:36:04.803Z</time>
</trkpt>
<trkpt lat="41.9820977" lon="2.861785300000008">
<ele>257.2989954207184</ele>
<time>2026-08-28T11:36:07.920Z</time>
</trkpt>
<trkpt lat="41.982081" lon="2.861726900000008">
<ele>256.16427345569747</ele>
<time>2026-08-28T11:36:11.423Z</time>
</trkpt>
<trkpt lat="41.9820732" lon="2.8616648">
<ele>255.38938888295337</ele>
<time>2026-08-28T11:36:15.036Z</time>
</trkpt>
<trkpt lat="41.982057" lon="2.8616024000000095">
<ele>254.36869218508673</ele>
<time>2026-08-28T11:36:18.656Z</time>
</trkpt>
<trkpt lat="41.9820455" lon="2.8615432">
<ele>253.5168675526904</ele>
<time>2026-08-28T11:36:22.820Z</time>
</trkpt>
<trkpt lat="41.9820453" lon="2.861506800000001">
<ele>253.19378332003717</ele>
<time>2026-08-28T11:36:55.003Z</time>
</trkpt>
<trkpt lat="41.9820158" lon="2.861454199999997">
<ele>251.98539708660445</ele>
<time>2026-08-28T11:39:28.708Z</time>
</trkpt>
<trkpt lat="41.9819748" lon="2.861335800000006">
<ele>250.21865659240393</ele>
<time>2026-08-28T11:39:33.003Z</time>
</trkpt>
<trkpt lat="41.981962" lon="2.8612732999999935">
<ele>249.48215986829146</ele>
<time>2026-08-28T11:39:34.434Z</time>
</trkpt>
<trkpt lat="41.9819902" lon="2.8612152000000037">
<ele>250.2070421530956</ele>
<time>2026-08-28T11:39:41.790Z</time>
</trkpt>
<trkpt lat="41.9820046" lon="2.8611563999999987">
<ele>250.5442828385866</ele>
<time>2026-08-28T11:39:45.002Z</time>
</trkpt>
<trkpt lat="41.9819859" lon="2.8610961999999915">
<ele>249.693755828619</ele>
<time>2026-08-28T11:39:48.475Z</time>
</trkpt>
<trkpt lat="41.9819556" lon="2.861044700000008">
<ele>248.44362325033134</ele>
<time>2026-08-28T11:39:52.017Z</time>
</trkpt>
<trkpt lat="41.9819307" lon="2.8609918999999877">
<ele>247.38914017028833</ele>
<time>2026-08-28T11:39:55.848Z</time>
</trkpt>
<trkpt lat="41.9819138" lon="2.8609309999999937">
<ele>246.69384977386963</ele>
<time>2026-08-28T11:40:00.032Z</time>
</trkpt>
<trkpt lat="41.9818908" lon="2.8608753999999976">
<ele>246.59528547467718</ele>
<time>2026-08-28T11:40:04.693Z</time>
</trkpt>
<trkpt lat="41.981858" lon="2.860829899999999">
<ele>246.33447043396995</ele>
<time>2026-08-28T11:40:09.493Z</time>
</trkpt>
<trkpt lat="41.9818181" lon="2.8607904000000133">
<ele>245.84172213306474</ele>
<time>2026-08-28T11:40:13.713Z</time>
</trkpt>
<trkpt lat="41.9817856" lon="2.8607485999999938">
<ele>245.50574033295862</ele>
<time>2026-08-28T11:40:17.852Z</time>
</trkpt>
<trkpt lat="41.9817508" lon="2.8607053000000064">
<ele>245.10923317077197</ele>
<time>2026-08-28T11:40:21.493Z</time>
</trkpt>
<trkpt lat="41.9817093" lon="2.8606709000000023">
<ele>244.4642721657019</ele>
<time>2026-08-28T11:40:25.295Z</time>
</trkpt>
<trkpt lat="41.981668" lon="2.8606406000000106">
<ele>243.76877538724492</ele>
<time>2026-08-28T11:40:28.497Z</time>
</trkpt>
<trkpt lat="41.9816291" lon="2.8606056000000137">
<ele>243.06752909640423</ele>
<time>2026-08-28T11:40:31.669Z</time>
</trkpt>
<trkpt lat="41.9815885" lon="2.8605613999999946">
<ele>242.00525101656453</ele>
<time>2026-08-28T11:40:35.932Z</time>
</trkpt>
<trkpt lat="41.9815515" lon="2.8605197999999916">
<ele>240.98508161188704</ele>
<time>2026-08-28T11:40:39.033Z</time>
</trkpt>
<trkpt lat="41.9815206" lon="2.860474399999987">
<ele>240.1646135935772</ele>
<time>2026-08-28T11:40:42.671Z</time>
</trkpt>
<trkpt lat="41.9814876" lon="2.8604305000000068">
<ele>239.19541952574346</ele>
<time>2026-08-28T11:40:46.454Z</time>
</trkpt>
<trkpt lat="41.9814572" lon="2.860377900000003">
<ele>238.32562901693126</ele>
<time>2026-08-28T11:40:50.036Z</time>
</trkpt>
<trkpt lat="41.9814359" lon="2.86032449999999">
<ele>238.06521990124855</ele>
<time>2026-08-28T11:40:53.810Z</time>
</trkpt>
<trkpt lat="41.9814156" lon="2.860267300000004">
<ele>238.0837977747776</ele>
<time>2026-08-28T11:40:57.415Z</time>
</trkpt>
<trkpt lat="41.9814007" lon="2.860207800000012">
<ele>238.40672410289656</ele>
<time>2026-08-28T11:41:01.021Z</time>
</trkpt>
<trkpt lat="41.9813965" lon="2.860142400000001">
<ele>239.23466236692144</ele>
<time>2026-08-28T11:41:04.834Z</time>
</trkpt>
<trkpt lat="41.9813859" lon="2.8600822999999878">
<ele>239.79938744404572</ele>
<time>2026-08-28T11:41:10.002Z</time>
</trkpt>
<trkpt lat="41.9813686" lon="2.8600232000000005">
<ele>240.01688107667542</ele>
<time>2026-08-28T11:41:14.434Z</time>
</trkpt>
<trkpt lat="41.981347" lon="2.85996879999999">
<ele>239.8375554247766</ele>
<time>2026-08-28T11:41:19.377Z</time>
</trkpt>
<trkpt lat="41.9813255" lon="2.859914900000007">
<ele>239.5381208960858</ele>
<time>2026-08-28T11:41:22.494Z</time>
</trkpt>
<trkpt lat="41.9813096" lon="2.859854100000007">
<ele>239.53294943466594</ele>
<time>2026-08-28T11:41:26.756Z</time>
</trkpt>
<trkpt lat="41.9813019" lon="2.859784100000013">
<ele>239.8816238384996</ele>
<time>2026-08-28T11:41:30.994Z</time>
</trkpt>
<trkpt lat="41.9813029" lon="2.859722199999993">
<ele>240.3379875785964</ele>
<time>2026-08-28T11:41:35.733Z</time>
</trkpt>
<trkpt lat="41.9812998" lon="2.8596603999999957">
<ele>240.6047707278288</ele>
<time>2026-08-28T11:41:39.501Z</time>
</trkpt>
<trkpt lat="41.9812952" lon="2.8595941000000096">
<ele>240.83928582700548</ele>
<time>2026-08-28T11:41:43.875Z</time>
</trkpt>
<trkpt lat="41.9812807" lon="2.8595314000000087">
<ele>240.62122920949892</ele>
<time>2026-08-28T11:41:48.011Z</time>
</trkpt>
<trkpt lat="41.9812781" lon="2.859466700000013">
<ele>240.1360359329494</ele>
<time>2026-08-28T11:41:54.735Z</time>
</trkpt>
<trkpt lat="41.9812785" lon="2.859400700000009">
<ele>239.71428143165608</ele>
<time>2026-08-28T11:41:58.855Z</time>
</trkpt>
<trkpt lat="41.9812773" lon="2.859340000000003">
<ele>239.26750404672308</ele>
<time>2026-08-28T11:42:02.550Z</time>
</trkpt>
<trkpt lat="41.9812681" lon="2.8592755999999895">
<ele>238.53272031398942</ele>
<time>2026-08-28T11:42:05.730Z</time>
</trkpt>
<trkpt lat="41.9812626" lon="2.8592147999999895">
<ele>237.70069779452763</ele>
<time>2026-08-28T11:42:09.007Z</time>
</trkpt>
<trkpt lat="41.9812615" lon="2.859154200000006">
<ele>236.80084113078118</ele>
<time>2026-08-28T11:42:12.531Z</time>
</trkpt>
<trkpt lat="41.9812629" lon="2.859088600000007">
<ele>235.91153391494345</ele>
<time>2026-08-28T11:42:16.002Z</time>
</trkpt>
<trkpt lat="41.9812599" lon="2.859026599999993">
<ele>234.92919211480023</ele>
<time>2026-08-28T11:42:19.477Z</time>
</trkpt>
<trkpt lat="41.9812565" lon="2.8589608999999996">
<ele>233.88810594373197</ele>
<time>2026-08-28T11:42:23.049Z</time>
</trkpt>
<trkpt lat="41.9812519" lon="2.8588961000000097">
<ele>232.86377331643402</ele>
<time>2026-08-28T11:42:26.750Z</time>
</trkpt>
<trkpt lat="41.9812515" lon="2.858833000000004">
<ele>232.00058208896743</ele>
<time>2026-08-28T11:42:29.916Z</time>
</trkpt>
<trkpt lat="41.9812577" lon="2.8587683000000084">
<ele>231.3266448741219</ele>
<time>2026-08-28T11:42:32.456Z</time>
</trkpt>
<trkpt lat="41.9812676" lon="2.8587094000000093">
<ele>230.84421938095892</ele>
<time>2026-08-28T11:42:36.255Z</time>
</trkpt>
<trkpt lat="41.98128" lon="2.8586469999999906">
<ele>230.6610782219751</ele>
<time>2026-08-28T11:42:39.829Z</time>
</trkpt>
<trkpt lat="41.9812871" lon="2.858581600000008">
<ele>230.38232077349372</ele>
<time>2026-08-28T11:42:43.634Z</time>
</trkpt>
<trkpt lat="41.98129" lon="2.858517000000006">
<ele>229.97595771003782</ele>
<time>2026-08-28T11:42:47.954Z</time>
</trkpt>
<trkpt lat="41.981292" lon="2.8584563999999943">
<ele>229.57084554352534</ele>
<time>2026-08-28T11:42:54.275Z</time>
</trkpt>
<trkpt lat="41.9812914" lon="2.8583950000000016">
<ele>229.18398227379097</ele>
<time>2026-08-28T11:42:57.894Z</time>
</trkpt>
<trkpt lat="41.9812818" lon="2.8583356000000038">
<ele>228.76635984604331</ele>
<time>2026-08-28T11:43:01.002Z</time>
</trkpt>
<trkpt lat="41.9812679" lon="2.858276399999994">
<ele>228.24325129749684</ele>
<time>2026-08-28T11:43:04.288Z</time>
</trkpt>
<trkpt lat="41.981258" lon="2.858213400000011">
<ele>227.84137133851067</ele>
<time>2026-08-28T11:43:07.492Z</time>
</trkpt>
<trkpt lat="41.9812497" lon="2.858153499999986">
<ele>227.50280718739154</ele>
<time>2026-08-28T11:43:11.311Z</time>
</trkpt>
<trkpt lat="41.9812503" lon="2.8580895999999996">
<ele>227.25316216224437</ele>
<time>2026-08-28T11:43:14.532Z</time>
</trkpt>
<trkpt lat="41.9812393" lon="2.8580264">
<ele>226.65803741425233</ele>
<time>2026-08-28T11:43:17.811Z</time>
</trkpt>
<trkpt lat="41.9812351" lon="2.8579656">
<ele>226.25393458349276</ele>
<time>2026-08-28T11:43:21.095Z</time>
</trkpt>
<trkpt lat="41.9812319" lon="2.8579052999999988">
<ele>225.88020830963652</ele>
<time>2026-08-28T11:43:24.350Z</time>
</trkpt>
<trkpt lat="41.981223" lon="2.8578435999999954">
<ele>225.28208091760175</ele>
<time>2026-08-28T11:43:27.993Z</time>
</trkpt>
<trkpt lat="41.9812101" lon="2.857779999999991">
<ele>224.29075571225448</ele>
<time>2026-08-28T11:43:31.814Z</time>
</trkpt>
<trkpt lat="41.981197" lon="2.857720900000004">
<ele>223.3199562749763</ele>
<time>2026-08-28T11:43:34.996Z</time>
</trkpt>
<trkpt lat="41.9811617" lon="2.85767469999999">
<ele>221.8711334347242</ele>
<time>2026-08-28T11:43:38.572Z</time>
</trkpt>
<trkpt lat="41.9811182" lon="2.857694699999996">
<ele>220.93679912261584</ele>
<time>2026-08-28T11:43:44.892Z</time>
</trkpt>
<trkpt lat="41.9810858" lon="2.8577405000000056">
<ele>220.63718351173517</ele>
<time>2026-08-28T11:43:49.595Z</time>
</trkpt>
<trkpt lat="41.981042" lon="2.8577654000000052">
<ele>219.23529855498464</ele>
<time>2026-08-28T11:43:54.013Z</time>
</trkpt>
<trkpt lat="41.9810111" lon="2.8577201999999886">
<ele>217.49574252907834</ele>
<time>2026-08-28T11:43:59.952Z</time>
</trkpt>
<trkpt lat="41.9810178" lon="2.8576572999999996">
<ele>217.0215446321311</ele>
<time>2026-08-28T11:44:05.411Z</time>
</trkpt>
<trkpt lat="41.9810422" lon="2.857603399999988">
<ele>217.3127170900202</ele>
<time>2026-08-28T11:44:11.314Z</time>
</trkpt>
<trkpt lat="41.981046" lon="2.8575396999999896">
<ele>216.53168046481636</ele>
<time>2026-08-28T11:44:16.074Z</time>
</trkpt>
<trkpt lat="41.9810406" lon="2.8574772999999993">
<ele>215.33583536532706</ele>
<time>2026-08-28T11:44:20.809Z</time>
</trkpt>
<trkpt lat="41.981032" lon="2.857417499999997">
<ele>214.07234700522855</ele>
<time>2026-08-28T11:44:25.055Z</time>
</trkpt>
<trkpt lat="41.9810342" lon="2.857352999999989">
<ele>213.1265441825248</ele>
<time>2026-08-28T11:44:29.735Z</time>
</trkpt>
<trkpt lat="41.9810379" lon="2.857287200000002">
<ele>212.19516268110667</ele>
<time>2026-08-28T11:44:33.990Z</time>
</trkpt>
<trkpt lat="41.9810427" lon="2.857220600000005">
<ele>211.23365037128428</ele>
<time>2026-08-28T11:44:39.031Z</time>
</trkpt>
<trkpt lat="41.9810408" lon="2.857154600000001">
<ele>210.0505450861622</ele>
<time>2026-08-28T11:44:43.047Z</time>
</trkpt>
<trkpt lat="41.9810332" lon="2.8570918000000063">
<ele>208.73199128720128</ele>
<time>2026-08-28T11:44:47.015Z</time>
</trkpt>
<trkpt lat="41.9810123" lon="2.857035499999995">
<ele>207.08782036057272</ele>
<time>2026-08-28T11:44:51.456Z</time>
</trkpt>
<trkpt lat="41.9809926" lon="2.8569809999999904">
<ele>206.01552869481458</ele>
<time>2026-08-28T11:44:55.432Z</time>
</trkpt>
<trkpt lat="41.9809747" lon="2.8569219000000032">
<ele>205.1079463546475</ele>
<time>2026-08-28T11:44:59.695Z</time>
</trkpt>
<trkpt lat="41.9809564" lon="2.8568611000000033">
<ele>204.16851272058142</ele>
<time>2026-08-28T11:45:03.912Z</time>
</trkpt>
<trkpt lat="41.980958" lon="2.8568000999999867">
<ele>203.8964703361646</ele>
<time>2026-08-28T11:45:08.415Z</time>
</trkpt>
<trkpt lat="41.9809559" lon="2.856736100000006">
<ele>203.52402777909325</ele>
<time>2026-08-28T11:45:12.688Z</time>
</trkpt>
<trkpt lat="41.9809418" lon="2.8566715000000045">
<ele>202.9826584692752</ele>
<time>2026-08-28T11:45:17.516Z</time>
</trkpt>
<trkpt lat="41.9809111" lon="2.8566237">
<ele>201.88643251908758</ele>
<time>2026-08-28T11:45:21.709Z</time>
</trkpt>
<trkpt lat="41.9808684" lon="2.8566455000000133">
<ele>200.44033129094836</ele>
<time>2026-08-28T11:45:27.410Z</time>
</trkpt>
<trkpt lat="41.9808379" lon="2.8566945999999973">
<ele>199.43740475473246</ele>
<time>2026-08-28T11:45:32.634Z</time>
</trkpt>
<trkpt lat="41.9808129" lon="2.8567496999999946">
<ele>198.65016145374457</ele>
<time>2026-08-28T11:45:36.914Z</time>
</trkpt>
<trkpt lat="41.9807949" lon="2.856809499999997">
<ele>198.56821926180663</ele>
<time>2026-08-28T11:45:41.853Z</time>
</trkpt>
<trkpt lat="41.9807772" lon="2.856868399999996">
<ele>198.59190618035905</ele>
<time>2026-08-28T11:45:45.996Z</time>
</trkpt>
<trkpt lat="41.9807562" lon="2.85692370000001">
<ele>198.54612017311675</ele>
<time>2026-08-28T11:45:50.829Z</time>
</trkpt>
<trkpt lat="41.9807288" lon="2.8569742999999903">
<ele>198.3695371859763</ele>
<time>2026-08-28T11:45:54.868Z</time>
</trkpt>
<trkpt lat="41.9806986" lon="2.8570200999999997">
<ele>198.12987156215794</ele>
<time>2026-08-28T11:45:59.020Z</time>
</trkpt>
<trkpt lat="41.9806801" lon="2.857075299999991">
<ele>198.3010242657743</ele>
<time>2026-08-28T11:46:03.674Z</time>
</trkpt>
<trkpt lat="41.9806541" lon="2.857130600000005">
<ele>198.2128431860199</ele>
<time>2026-08-28T11:46:08.596Z</time>
</trkpt>
<trkpt lat="41.9806152" lon="2.857175799999993">
<ele>197.59142372507606</ele>
<time>2026-08-28T11:46:12.733Z</time>
</trkpt>
<trkpt lat="41.9805704" lon="2.857199500000007">
<ele>196.5531429003515</ele>
<time>2026-08-28T11:46:17.912Z</time>
</trkpt>
<trkpt lat="41.9805321" lon="2.857231399999989">
<ele>195.60739724486928</ele>
<time>2026-08-28T11:46:21.630Z</time>
</trkpt>
<trkpt lat="41.9804846" lon="2.857240499999989">
<ele>194.32167387557016</ele>
<time>2026-08-28T11:46:26.013Z</time>
</trkpt>
<trkpt lat="41.9804386" lon="2.8572460000000035">
<ele>193.0716024866283</ele>
<time>2026-08-28T11:46:31.391Z</time>
</trkpt>
<trkpt lat="41.9804018" lon="2.8572824000000026">
<ele>192.12492182427906</ele>
<time>2026-08-28T11:46:36.000Z</time>
</trkpt>
<trkpt lat="41.9803789" lon="2.857337000000001">
<ele>191.50108965983952</ele>
<time>2026-08-28T11:46:40.053Z</time>
</trkpt>
<trkpt lat="41.9803547" lon="2.8573967000000096">
<ele>190.77831074034216</ele>
<time>2026-08-28T11:46:44.976Z</time>
</trkpt>
<trkpt lat="41.9803418" lon="2.85745510000001">
<ele>190.36152281231395</ele>
<time>2026-08-28T11:46:48.872Z</time>
</trkpt>
<trkpt lat="41.9803296" lon="2.8575136000000043">
<ele>189.95709057255337</ele>
<time>2026-08-28T11:46:52.775Z</time>
</trkpt>
<trkpt lat="41.9803311" lon="2.8575759999999946">
<ele>189.93640084137118</ele>
<time>2026-08-28T11:46:56.292Z</time>
</trkpt>
<trkpt lat="41.9803315" lon="2.857641599999994">
<ele>190.33506135337518</ele>
<time>2026-08-28T11:47:00.653Z</time>
</trkpt>
<trkpt lat="41.9803253" lon="2.8577023999999938">
<ele>190.53987329948464</ele>
<time>2026-08-28T11:47:06.006Z</time>
</trkpt>
<trkpt lat="41.9803161" lon="2.8577643000000137">
<ele>190.66131875778595</ele>
<time>2026-08-28T11:47:09.756Z</time>
</trkpt>
<trkpt lat="41.9803113" lon="2.8578297999999904">
<ele>190.9322253050461</ele>
<time>2026-08-28T11:47:12.936Z</time>
</trkpt>
<trkpt lat="41.9803001" lon="2.857890800000007">
<ele>191.03146002350354</ele>
<time>2026-08-28T11:47:16.000Z</time>
</trkpt>
<trkpt lat="41.9802882" lon="2.857955199999992">
<ele>191.17751144752748</ele>
<time>2026-08-28T11:47:19.889Z</time>
</trkpt>
<trkpt lat="41.9802722" lon="2.858023099999997">
<ele>191.2288032023374</ele>
<time>2026-08-28T11:47:23.668Z</time>
</trkpt>
<trkpt lat="41.9802569" lon="2.8580876999999987">
<ele>191.27502976293286</ele>
<time>2026-08-28T11:47:27.831Z</time>
</trkpt>
<trkpt lat="41.9802532" lon="2.8581489000000033">
<ele>191.75403090580647</ele>
<time>2026-08-28T11:47:31.969Z</time>
</trkpt>
<trkpt lat="41.9802428" lon="2.858208300000001">
<ele>192.5128276632757</ele>
<time>2026-08-28T11:47:36.000Z</time>
</trkpt>
<trkpt lat="41.980209" lon="2.8582561999999996">
<ele>192.58257248174823</ele>
<time>2026-08-28T11:47:40.615Z</time>
</trkpt>
<trkpt lat="41.9801653" lon="2.858274300000005">
<ele>191.92015250667103</ele>
<time>2026-08-28T11:47:45.253Z</time>
</trkpt>
<trkpt lat="41.9801178" lon="2.858295499999997">
<ele>191.20282231175298</ele>
<time>2026-08-28T11:47:50.000Z</time>
</trkpt>
<trkpt lat="41.9800698" lon="2.8583122999999944">
<ele>190.38586292574786</ele>
<time>2026-08-28T11:47:55.041Z</time>
</trkpt>
<trkpt lat="41.9800233" lon="2.8583309999999926">
<ele>189.6112419084584</ele>
<time>2026-08-28T11:48:02.450Z</time>
</trkpt>
<trkpt lat="41.9799802" lon="2.8583566000000076">
<ele>188.98910563682162</ele>
<time>2026-08-28T11:48:06.536Z</time>
</trkpt>
<trkpt lat="41.9799345" lon="2.858368799999994">
<ele>187.84434180130637</ele>
<time>2026-08-28T11:48:10.650Z</time>
</trkpt>
<trkpt lat="41.9798902" lon="2.8583831999999916">
<ele>186.67830774341726</ele>
<time>2026-08-28T11:48:16.272Z</time>
</trkpt>
<trkpt lat="41.9798408" lon="2.858394599999997">
<ele>185.28642302014904</ele>
<time>2026-08-28T11:48:21.030Z</time>
</trkpt>
<trkpt lat="41.9797989" lon="2.8584204">
<ele>184.2202840197253</ele>
<time>2026-08-28T11:48:24.531Z</time>
</trkpt>
<trkpt lat="41.9797617" lon="2.8584624000000076">
<ele>183.4108450358874</ele>
<time>2026-08-28T11:48:28.000Z</time>
</trkpt>
<trkpt lat="41.9797339" lon="2.8585138999999913">
<ele>182.90322454552523</ele>
<time>2026-08-28T11:48:31.614Z</time>
</trkpt>
<trkpt lat="41.9797033" lon="2.8585670999999877">
<ele>182.2223789179498</ele>
<time>2026-08-28T11:48:35.372Z</time>
</trkpt>
<trkpt lat="41.979667" lon="2.8586098000000106">
<ele>181.24233275529664</ele>
<time>2026-08-28T11:48:39.000Z</time>
</trkpt>
<trkpt lat="41.9796437" lon="2.8586626999999964">
<ele>180.76779333083277</ele>
<time>2026-08-28T11:48:41.632Z</time>
</trkpt>
<trkpt lat="41.9796216" lon="2.858720699999992">
<ele>180.2990406058883</ele>
<time>2026-08-28T11:48:45.000Z</time>
</trkpt>
<trkpt lat="41.9795983" lon="2.8587784000000056">
<ele>179.7325467122097</ele>
<time>2026-08-28T11:48:48.555Z</time>
</trkpt>
<trkpt lat="41.9795777" lon="2.8588378999999975">
<ele>179.26932199571732</ele>
<time>2026-08-28T11:48:51.757Z</time>
</trkpt>
<trkpt lat="41.9795545" lon="2.8589035999999908">
<ele>178.74224973592754</ele>
<time>2026-08-28T11:48:56.029Z</time>
</trkpt>
<trkpt lat="41.9795351" lon="2.8589629999999886">
<ele>178.32146374328138</ele>
<time>2026-08-28T11:48:59.775Z</time>
</trkpt>
<trkpt lat="41.9795206" lon="2.8590235000000064">
<ele>178.27512090192226</ele>
<time>2026-08-28T11:49:03.576Z</time>
</trkpt>
<trkpt lat="41.9795081" lon="2.859082900000004">
<ele>178.3029660102994</ele>
<time>2026-08-28T11:49:06.793Z</time>
</trkpt>
<trkpt lat="41.9794899" lon="2.85914360000001">
<ele>178.11178045823698</ele>
<time>2026-08-28T11:49:11.001Z</time>
</trkpt>
<trkpt lat="41.9794746" lon="2.8592093999999975">
<ele>178.04352569397895</ele>
<time>2026-08-28T11:49:14.915Z</time>
</trkpt>
<trkpt lat="41.9794556" lon="2.8592733000000123">
<ele>177.82005504162646</ele>
<time>2026-08-28T11:49:19.001Z</time>
</trkpt>
<trkpt lat="41.979442" lon="2.8593361000000073">
<ele>177.81361759996344</ele>
<time>2026-08-28T11:49:23.375Z</time>
</trkpt>
<trkpt lat="41.9794134" lon="2.859383500000007">
<ele>177.10148511837113</ele>
<time>2026-08-28T11:49:27.132Z</time>
</trkpt>
<trkpt lat="41.9793815" lon="2.8594267999999943">
<ele>176.65906670168695</ele>
<time>2026-08-28T11:49:31.788Z</time>
</trkpt>
<trkpt lat="41.9793612" lon="2.859491399999996">
<ele>176.6309763981725</ele>
<time>2026-08-28T11:49:35.001Z</time>
</trkpt>
<trkpt lat="41.9793431" lon="2.8595583999999974">
<ele>176.6655375765544</ele>
<time>2026-08-28T11:49:38.914Z</time>
</trkpt>
<trkpt lat="41.9793238" lon="2.8596185000000105">
<ele>176.63342093744043</ele>
<time>2026-08-28T11:49:42.011Z</time>
</trkpt>
<trkpt lat="41.9793147" lon="2.859680400000002">
<ele>176.8803961711756</ele>
<time>2026-08-28T11:49:45.732Z</time>
</trkpt>
<trkpt lat="41.9792825" lon="2.859734099999997">
<ele>176.47608969014982</ele>
<time>2026-08-28T11:49:49.555Z</time>
</trkpt>
<trkpt lat="41.979265" lon="2.859790800000013">
<ele>176.47489192849312</ele>
<time>2026-08-28T11:49:53.449Z</time>
</trkpt>
<trkpt lat="41.979258" lon="2.859852999999987">
<ele>176.4868678449771</ele>
<time>2026-08-28T11:49:57.633Z</time>
</trkpt>
<trkpt lat="41.9792516" lon="2.85991580000001">
<ele>176.42205369101498</ele>
<time>2026-08-28T11:50:01.334Z</time>
</trkpt>
<trkpt lat="41.9792375" lon="2.8599796999999967">
<ele>176.1564753657716</ele>
<time>2026-08-28T11:50:05.046Z</time>
</trkpt>
<trkpt lat="41.9792221" lon="2.8600461999999993">
<ele>175.85489172379968</ele>
<time>2026-08-28T11:50:08.274Z</time>
</trkpt>
<trkpt lat="41.9792086" lon="2.8601078000000086">
<ele>175.50801334721038</ele>
<time>2026-08-28T11:50:11.833Z</time>
</trkpt>
<trkpt lat="41.979192" lon="2.860164900000001">
<ele>174.98819692463414</ele>
<time>2026-08-28T11:50:15.029Z</time>
</trkpt>
<trkpt lat="41.9791788" lon="2.8602227000000084">
<ele>174.58490265846766</ele>
<time>2026-08-28T11:50:18.074Z</time>
</trkpt>
<trkpt lat="41.979163" lon="2.860287900000003">
<ele>174.1457918681195</ele>
<time>2026-08-28T11:50:21.737Z</time>
</trkpt>
<trkpt lat="41.979147" lon="2.8603479999999877">
<ele>173.746707047685</ele>
<time>2026-08-28T11:50:25.015Z</time>
</trkpt>
<trkpt lat="41.9791384" lon="2.860409500000003">
<ele>173.0131829186869</ele>
<time>2026-08-28T11:50:28.389Z</time>
</trkpt>
<trkpt lat="41.9791246" lon="2.860467099999994">
<ele>172.030389796669</ele>
<time>2026-08-28T11:50:32.000Z</time>
</trkpt>
<trkpt lat="41.9790851" lon="2.8605005000000006">
<ele>170.81164238181546</ele>
<time>2026-08-28T11:50:35.597Z</time>
</trkpt>
<trkpt lat="41.9790392" lon="2.8605104000000097">
<ele>169.75177768250788</ele>
<time>2026-08-28T11:50:39.691Z</time>
</trkpt>
<trkpt lat="41.9789922" lon="2.86049220000001">
<ele>168.80432193880074</ele>
<time>2026-08-28T11:50:44.675Z</time>
</trkpt>
<trkpt lat="41.9789502" lon="2.860461600000008">
<ele>167.88058068756473</ele>
<time>2026-08-28T11:50:49.028Z</time>
</trkpt>
<trkpt lat="41.9789111" lon="2.8604223000000104">
<ele>166.86710119845387</ele>
<time>2026-08-28T11:50:53.670Z</time>
</trkpt>
<trkpt lat="41.9788788" lon="2.860373199999998">
<ele>165.83431594654544</ele>
<time>2026-08-28T11:50:57.815Z</time>
</trkpt>
<trkpt lat="41.9788546" lon="2.860322300000007">
<ele>165.79747440663147</ele>
<time>2026-08-28T11:51:01.973Z</time>
</trkpt>
<trkpt lat="41.9788366" lon="2.860258700000003">
<ele>167.1624027393388</ele>
<time>2026-08-28T11:51:05.635Z</time>
</trkpt>
<trkpt lat="41.9788279" lon="2.8601982000000135">
<ele>168.137486466462</ele>
<time>2026-08-28T11:51:09.290Z</time>
</trkpt>
<trkpt lat="41.97882" lon="2.860138599999999">
<ele>169.08352156378155</ele>
<time>2026-08-28T11:51:13.095Z</time>
</trkpt>
<trkpt lat="41.978817" lon="2.860077899999993">
<ele>169.76561840975808</ele>
<time>2026-08-28T11:51:17.108Z</time>
</trkpt>
<trkpt lat="41.9788199" lon="2.8600107999999977">
<ele>169.43316985393415</ele>
<time>2026-08-28T11:51:21.004Z</time>
</trkpt>
<trkpt lat="41.9788213" lon="2.8599485999999956">
<ele>169.18717127441937</ele>
<time>2026-08-28T11:51:25.000Z</time>
</trkpt>
<trkpt lat="41.9788334" lon="2.8598804000000086">
<ele>168.54348560773806</ele>
<time>2026-08-28T11:51:29.911Z</time>
</trkpt>
<trkpt lat="41.978852" lon="2.8598220000000083">
<ele>167.75967227712889</ele>
<time>2026-08-28T11:51:34.001Z</time>
</trkpt>
<trkpt lat="41.9788749" lon="2.8597641000000067">
<ele>167.883024571692</ele>
<time>2026-08-28T11:51:37.792Z</time>
</trkpt>
<trkpt lat="41.9788974" lon="2.859708000000012">
<ele>168.38637340925936</ele>
<time>2026-08-28T11:51:41.910Z</time>
</trkpt>
<trkpt lat="41.9789212" lon="2.859639399999992">
<ele>168.81566786386784</ele>
<time>2026-08-28T11:51:45.470Z</time>
</trkpt>
<trkpt lat="41.9789498" lon="2.8595822999999996">
<ele>169.18850013850926</ele>
<time>2026-08-28T11:51:50.054Z</time>
</trkpt>
<trkpt lat="41.97897" lon="2.859526299999999">
<ele>169.354771292939</ele>
<time>2026-08-28T11:51:53.776Z</time>
</trkpt>
<trkpt lat="41.9789805" lon="2.859461799999991">
<ele>169.65029135511716</ele>
<time>2026-08-28T11:51:57.495Z</time>
</trkpt>
<trkpt lat="41.9789958" lon="2.85940260000001">
<ele>169.89056839292928</ele>
<time>2026-08-28T11:52:01.020Z</time>
</trkpt>
<trkpt lat="41.9790152" lon="2.8593461000000104">
<ele>170.04837532621534</ele>
<time>2026-08-28T11:52:04.834Z</time>
</trkpt>
<trkpt lat="41.979038" lon="2.859286300000008">
<ele>170.09942159232114</ele>
<time>2026-08-28T11:52:09.017Z</time>
</trkpt>
<trkpt lat="41.9790522" lon="2.859225600000002">
<ele>170.01262991547364</ele>
<time>2026-08-28T11:52:13.023Z</time>
</trkpt>
<trkpt lat="41.9790634" lon="2.8591643000000033">
<ele>169.79141367324607</ele>
<time>2026-08-28T11:52:16.999Z</time>
</trkpt>
<trkpt lat="41.9790695" lon="2.859104099999996">
<ele>169.55361519892708</ele>
<time>2026-08-28T11:52:20.409Z</time>
</trkpt>
<trkpt lat="41.9790647" lon="2.859038300000009">
<ele>169.4109556399392</ele>
<time>2026-08-28T11:52:24.014Z</time>
</trkpt>
<trkpt lat="41.9790638" lon="2.8589734999999905">
<ele>169.23616762172162</ele>
<time>2026-08-28T11:52:27.735Z</time>
</trkpt>
<trkpt lat="41.979059" lon="2.8589133000000118">
<ele>169.1405792392699</ele>
<time>2026-08-28T11:52:30.999Z</time>
</trkpt>
<trkpt lat="41.9790531" lon="2.858849300000003">
<ele>169.05664420409985</ele>
<time>2026-08-28T11:52:34.633Z</time>
</trkpt>
<trkpt lat="41.9790427" lon="2.858786600000002">
<ele>169.065385678837</ele>
<time>2026-08-28T11:52:38.000Z</time>
</trkpt>
<trkpt lat="41.9790312" lon="2.858721099999997">
<ele>169.09409726776556</ele>
<time>2026-08-28T11:52:41.413Z</time>
</trkpt>
<trkpt lat="41.9790248" lon="2.858652599999999">
<ele>168.99278850946362</ele>
<time>2026-08-28T11:52:44.999Z</time>
</trkpt>
<trkpt lat="41.9790238" lon="2.858583100000004">
<ele>168.76279907065276</ele>
<time>2026-08-28T11:52:48.895Z</time>
</trkpt>
<trkpt lat="41.979022" lon="2.8585218999999995">
<ele>168.57712990663754</ele>
<time>2026-08-28T11:52:52.000Z</time>
</trkpt>
<trkpt lat="41.9790278" lon="2.8584615999999983">
<ele>168.25292807877474</ele>
<time>2026-08-28T11:52:55.206Z</time>
</trkpt>
<trkpt lat="41.9790493" lon="2.858403399999986">
<ele>167.65923588133145</ele>
<time>2026-08-28T11:52:58.651Z</time>
</trkpt>
<trkpt lat="41.9790487" lon="2.8583401999999865">
<ele>167.49892440070136</ele>
<time>2026-08-28T11:53:02.336Z</time>
</trkpt>
<trkpt lat="41.9790576" lon="2.858278100000007">
<ele>167.18176761676278</ele>
<time>2026-08-28T11:53:05.950Z</time>
</trkpt>
<trkpt lat="41.979067" lon="2.8582131000000004">
<ele>166.86291061566462</ele>
<time>2026-08-28T11:53:09.595Z</time>
</trkpt>
<trkpt lat="41.9790748" lon="2.858151499999991">
<ele>166.59132688157558</ele>
<time>2026-08-28T11:53:13.041Z</time>
</trkpt>
<trkpt lat="41.9790739" lon="2.8580843999999956">
<ele>166.54169347834699</ele>
<time>2026-08-28T11:53:17.015Z</time>
</trkpt>
<trkpt lat="41.9790861" lon="2.8580206999999973">
<ele>166.36082650927764</ele>
<time>2026-08-28T11:53:20.751Z</time>
</trkpt>
<trkpt lat="41.9790998" lon="2.8579608000000007">
<ele>166.2021792217749</ele>
<time>2026-08-28T11:53:24.457Z</time>
</trkpt>
<trkpt lat="41.9790962" lon="2.857892300000003">
<ele>166.2430176142322</ele>
<time>2026-08-28T11:53:28.637Z</time>
</trkpt>
<trkpt lat="41.9790885" lon="2.8578243999999984">
<ele>166.23312079094333</ele>
<time>2026-08-28T11:53:32.910Z</time>
</trkpt>
<trkpt lat="41.9790877" lon="2.8577562000000114">
<ele>166.08631014567825</ele>
<time>2026-08-28T11:53:36.999Z</time>
</trkpt>
<trkpt lat="41.9790893" lon="2.857694400000014">
<ele>165.95076499072053</ele>
<time>2026-08-28T11:53:40.756Z</time>
</trkpt>
<trkpt lat="41.9791008" lon="2.857628900000009">
<ele>165.8680597243429</ele>
<time>2026-08-28T11:53:44.611Z</time>
</trkpt>
<trkpt lat="41.9791135" lon="2.8575692999999944">
<ele>165.78595373125205</ele>
<time>2026-08-28T11:53:48.025Z</time>
</trkpt>
<trkpt lat="41.9791286" lon="2.8575119999999856">
<ele>165.30952924022645</ele>
<time>2026-08-28T11:53:51.291Z</time>
</trkpt>
<trkpt lat="41.97915" lon="2.857457899999986">
<ele>165.11400328001028</ele>
<time>2026-08-28T11:53:54.771Z</time>
</trkpt>
<trkpt lat="41.979184" lon="2.8574088000000017">
<ele>165.48143141113778</ele>
<time>2026-08-28T11:53:58.812Z</time>
</trkpt>
<trkpt lat="41.9792209" lon="2.8573662999999954">
<ele>166.0363220868633</ele>
<time>2026-08-28T11:54:02.991Z</time>
</trkpt>
<trkpt lat="41.9792589" lon="2.857333899999986">
<ele>166.75509567779102</ele>
<time>2026-08-28T11:54:06.670Z</time>
</trkpt>
<trkpt lat="41.9793022" lon="2.8573030000000017">
<ele>167.66733906951654</ele>
<time>2026-08-28T11:54:10.755Z</time>
</trkpt>
<trkpt lat="41.9793496" lon="2.857269500000001">
<ele>168.42919716603168</ele>
<time>2026-08-28T11:54:14.890Z</time>
</trkpt>
<trkpt lat="41.9793908" lon="2.8572440000000086">
<ele>169.06232690152783</ele>
<time>2026-08-28T11:54:19.048Z</time>
</trkpt>
<trkpt lat="41.9794124" lon="2.857190900000006">
<ele>168.645604712601</ele>
<time>2026-08-28T11:54:24.152Z</time>
</trkpt>
<trkpt lat="41.9794212" lon="2.8571297000000015">
<ele>167.67676406741919</ele>
<time>2026-08-28T11:54:29.024Z</time>
</trkpt>
<trkpt lat="41.9794385" lon="2.857068400000003">
<ele>166.80517634114472</ele>
<time>2026-08-28T11:54:32.999Z</time>
</trkpt>
<trkpt lat="41.9794497" lon="2.857007699999997">
<ele>165.87479609314127</ele>
<time>2026-08-28T11:54:36.290Z</time>
</trkpt>
<trkpt lat="41.9794561" lon="2.856945599999989">
<ele>164.8083702195752</ele>
<time>2026-08-28T11:54:40.017Z</time>
</trkpt>
<trkpt lat="41.9794612" lon="2.856884799999989">
<ele>163.7641547361296</ele>
<time>2026-08-28T11:54:44.000Z</time>
</trkpt>
<trkpt lat="41.979458" lon="2.856821800000006">
<ele>162.5259497800374</ele>
<time>2026-08-28T11:54:47.999Z</time>
</trkpt>
<trkpt lat="41.9794525" lon="2.856752300000011">
<ele>161.1022924972388</ele>
<time>2026-08-28T11:54:52.036Z</time>
</trkpt>
<trkpt lat="41.9794377" lon="2.8566920000000096">
<ele>159.95968607742049</ele>
<time>2026-08-28T11:54:55.314Z</time>
</trkpt>
<trkpt lat="41.9794194" lon="2.856634200000002">
<ele>158.7949753596958</ele>
<time>2026-08-28T11:54:58.640Z</time>
</trkpt>
<trkpt lat="41.9794062" lon="2.856575399999997">
<ele>158.15145061790705</ele>
<time>2026-08-28T11:55:01.855Z</time>
</trkpt>
<trkpt lat="41.979397" lon="2.8565120000000093">
<ele>157.62155852076017</ele>
<time>2026-08-28T11:55:05.293Z</time>
</trkpt>
<trkpt lat="41.9793856" lon="2.856449700000013">
<ele>157.377963956942</ele>
<time>2026-08-28T11:55:09.012Z</time>
</trkpt>
<trkpt lat="41.97939" lon="2.8563896">
<ele>156.97645625469036</ele>
<time>2026-08-28T11:55:13.132Z</time>
</trkpt>
<trkpt lat="41.9794052" lon="2.8563291000000106">
<ele>156.06518317977122</ele>
<time>2026-08-28T11:55:16.999Z</time>
</trkpt>
<trkpt lat="41.9794098" lon="2.8562684000000047">
<ele>155.4865113212299</ele>
<time>2026-08-28T11:55:20.999Z</time>
</trkpt>
<trkpt lat="41.979405" lon="2.8562081000000035">
<ele>155.3639125697259</ele>
<time>2026-08-28T11:55:24.797Z</time>
</trkpt>
<trkpt lat="41.9794106" lon="2.8561474999999916">
<ele>154.69260484256498</ele>
<time>2026-08-28T11:55:28.835Z</time>
</trkpt>
<trkpt lat="41.9794226" lon="2.8560883000000103">
<ele>154.14350596526637</ele>
<time>2026-08-28T11:55:32.872Z</time>
</trkpt>
<trkpt lat="41.9794345" lon="2.85602320000001">
<ele>153.92474831888882</ele>
<time>2026-08-28T11:55:37.512Z</time>
</trkpt>
<trkpt lat="41.9794316" lon="2.85596240000001">
<ele>153.47311143819704</ele>
<time>2026-08-28T11:55:41.013Z</time>
</trkpt>
<trkpt lat="41.9794337" lon="2.8559009999999887">
<ele>153.10266115283153</ele>
<time>2026-08-28T11:55:44.469Z</time>
</trkpt>
<trkpt lat="41.9794405" lon="2.855841099999992">
<ele>152.82607198095292</ele>
<time>2026-08-28T11:55:47.972Z</time>
</trkpt>
<trkpt lat="41.979461" lon="2.8557779999999866">
<ele>152.5989565891785</ele>
<time>2026-08-28T11:55:51.554Z</time>
</trkpt>
<trkpt lat="41.9794793" lon="2.855721499999987">
<ele>152.29723134899518</ele>
<time>2026-08-28T11:55:56.089Z</time>
</trkpt>
<trkpt lat="41.9794952" lon="2.855658599999998">
<ele>151.84176958310786</ele>
<time>2026-08-28T11:55:59.753Z</time>
</trkpt>
<trkpt lat="41.9795095" lon="2.8556001000000037">
<ele>151.72607056300083</ele>
<time>2026-08-28T11:56:03.015Z</time>
</trkpt>
<trkpt lat="41.9795238" lon="2.8555364999999995">
<ele>151.80651444566973</ele>
<time>2026-08-28T11:56:08.513Z</time>
</trkpt>
<trkpt lat="41.9795386" lon="2.8554771999999957">
<ele>151.73897713512724</ele>
<time>2026-08-28T11:56:12.033Z</time>
</trkpt>
<trkpt lat="41.9795603" lon="2.855422599999997">
<ele>151.43579125519975</ele>
<time>2026-08-28T11:56:15.000Z</time>
</trkpt>
<trkpt lat="41.9795802" lon="2.8553646999999955">
<ele>150.9745580437863</ele>
<time>2026-08-28T11:56:18.711Z</time>
</trkpt>
<trkpt lat="41.979599" lon="2.8553020999999887">
<ele>150.70863408613118</ele>
<time>2026-08-28T11:56:22.392Z</time>
</trkpt>
<trkpt lat="41.979611" lon="2.855240500000008">
<ele>150.57235361445038</ele>
<time>2026-08-28T11:56:25.573Z</time>
</trkpt>
<trkpt lat="41.9796239" lon="2.855178099999989">
<ele>150.34650243713108</ele>
<time>2026-08-28T11:56:28.999Z</time>
</trkpt>
<trkpt lat="41.9796403" lon="2.8551213000000075">
<ele>149.93628933607403</ele>
<time>2026-08-28T11:56:32.533Z</time>
</trkpt>
<trkpt lat="41.9796586" lon="2.8550610000000063">
<ele>149.34057234136458</ele>
<time>2026-08-28T11:56:35.793Z</time>
</trkpt>
<trkpt lat="41.9796766" lon="2.855004199999996">
<ele>148.50934856849776</ele>
<time>2026-08-28T11:56:40.000Z</time>
</trkpt>
<trkpt lat="41.9797012" lon="2.8549447999999984">
<ele>147.61020004226097</ele>
<time>2026-08-28T11:56:43.756Z</time>
</trkpt>
<trkpt lat="41.9797245" lon="2.8548921999999948">
<ele>147.5401733940631</ele>
<time>2026-08-28T11:56:46.953Z</time>
</trkpt>
<trkpt lat="41.9797412" lon="2.8548336000000063">
<ele>147.29531162106886</ele>
<time>2026-08-28T11:56:50.172Z</time>
</trkpt>
<trkpt lat="41.9797584" lon="2.854776500000014">
<ele>147.07204665584692</ele>
<time>2026-08-28T11:56:53.056Z</time>
</trkpt>
<trkpt lat="41.9797795" lon="2.854716300000007">
<ele>146.81401474226004</ele>
<time>2026-08-28T11:56:57.000Z</time>
</trkpt>
<trkpt lat="41.9798044" lon="2.8546612000000096">
<ele>146.3617701638181</ele>
<time>2026-08-28T11:57:00.656Z</time>
</trkpt>
<trkpt lat="41.9798282" lon="2.8546095000000093">
<ele>145.72375113408924</ele>
<time>2026-08-28T11:57:04.357Z</time>
</trkpt>
<trkpt lat="41.9798521" lon="2.8545474000000013">
<ele>144.75343434991174</ele>
<time>2026-08-28T11:57:07.995Z</time>
</trkpt>
<trkpt lat="41.9798733" lon="2.854485600000004">
<ele>143.80065327188515</ele>
<time>2026-08-28T11:57:11.649Z</time>
</trkpt>
<trkpt lat="41.9798931" lon="2.8544307999999887">
<ele>142.93089358987515</ele>
<time>2026-08-28T11:57:15.294Z</time>
</trkpt>
<trkpt lat="41.9799134" lon="2.854370899999992">
<ele>141.86038370639227</ele>
<time>2026-08-28T11:57:18.956Z</time>
</trkpt>
<trkpt lat="41.97992" lon="2.854307900000009">
<ele>141.0176889299737</ele>
<time>2026-08-28T11:57:22.492Z</time>
</trkpt>
<trkpt lat="41.979924" lon="2.8542439999999942">
<ele>140.20230225890882</ele>
<time>2026-08-28T11:57:28.000Z</time>
</trkpt>
<trkpt lat="41.9799331" lon="2.854180299999996">
<ele>139.62511752109359</ele>
<time>2026-08-28T11:57:31.614Z</time>
</trkpt>
<trkpt lat="41.9799477" lon="2.8541223999999943">
<ele>138.92229440000338</ele>
<time>2026-08-28T11:57:35.059Z</time>
</trkpt>
<trkpt lat="41.9799585" lon="2.8540608000000134">
<ele>138.35314024346073</ele>
<time>2026-08-28T11:57:38.392Z</time>
</trkpt>
<trkpt lat="41.9799671" lon="2.853995800000007">
<ele>137.86063325940665</ele>
<time>2026-08-28T11:57:42.018Z</time>
</trkpt>
<trkpt lat="41.9799817" lon="2.8539293999999984">
<ele>137.8568159742161</ele>
<time>2026-08-28T11:57:45.622Z</time>
</trkpt>
<trkpt lat="41.980003" lon="2.8538752999999986">
<ele>138.34157442186415</ele>
<time>2026-08-28T11:57:48.876Z</time>
</trkpt>
<trkpt lat="41.9800248" lon="2.8538164999999935">
<ele>138.70922099480867</ele>
<time>2026-08-28T11:57:52.489Z</time>
</trkpt>
<trkpt lat="41.9800429" lon="2.8537608000000034">
<ele>138.8938472296916</ele>
<time>2026-08-28T11:57:55.832Z</time>
</trkpt>
<trkpt lat="41.9800693" lon="2.8537054999999896">
<ele>139.098925033918</ele>
<time>2026-08-28T11:57:59.436Z</time>
</trkpt>
<trkpt lat="41.9800911" lon="2.8536417999999912">
<ele>139.19485110133058</ele>
<time>2026-08-28T11:58:03.672Z</time>
</trkpt>
<trkpt lat="41.9801052" lon="2.853583399999991">
<ele>139.18465105576064</ele>
<time>2026-08-28T11:58:08.277Z</time>
</trkpt>
<trkpt lat="41.9801119" lon="2.8535214000000053">
<ele>139.0445348250907</ele>
<time>2026-08-28T11:58:11.554Z</time>
</trkpt>
<trkpt lat="41.9801075" lon="2.853453000000002">
<ele>138.80002204006112</ele>
<time>2026-08-28T11:58:15.851Z</time>
</trkpt>
<trkpt lat="41.9801009" lon="2.853391700000003">
<ele>138.58382781030502</ele>
<time>2026-08-28T11:58:19.016Z</time>
</trkpt>
<trkpt lat="41.9801" lon="2.8533257999999933">
<ele>138.34542110054556</ele>
<time>2026-08-28T11:58:22.052Z</time>
</trkpt>
<trkpt lat="41.9800958" lon="2.853258799999992">
<ele>138.1037543862047</ele>
<time>2026-08-28T11:58:25.434Z</time>
</trkpt>
<trkpt lat="41.9800892" lon="2.8531989999999894">
<ele>137.8970204868903</ele>
<time>2026-08-28T11:58:28.748Z</time>
</trkpt>
<trkpt lat="41.9800809" lon="2.8531341000000054">
<ele>137.68822800873136</ele>
<time>2026-08-28T11:58:32.890Z</time>
</trkpt>
<trkpt lat="41.9800792" lon="2.8530733999999995">
<ele>138.06818662157184</ele>
<time>2026-08-28T11:58:38.133Z</time>
</trkpt>
<trkpt lat="41.980075" lon="2.853009500000013">
<ele>138.5430865049259</ele>
<time>2026-08-28T11:58:42.000Z</time>
</trkpt>
<trkpt lat="41.9800625" lon="2.852942899999988">
<ele>139.13157181395968</ele>
<time>2026-08-28T11:58:45.412Z</time>
</trkpt>
<trkpt lat="41.9800529" lon="2.8528791999999896">
<ele>139.7277779221047</ele>
<time>2026-08-28T11:58:48.530Z</time>
</trkpt>
<trkpt lat="41.9800478" lon="2.852815300000003">
<ele>140.04792218790533</ele>
<time>2026-08-28T11:58:51.671Z</time>
</trkpt>
<trkpt lat="41.9800409" lon="2.852754500000003">
<ele>140.2035294518324</ele>
<time>2026-08-28T11:58:54.811Z</time>
</trkpt>
<trkpt lat="41.9800325" lon="2.852690700000011">
<ele>140.4071043896848</ele>
<time>2026-08-28T11:58:57.972Z</time>
</trkpt>
<trkpt lat="41.9800334" lon="2.852626200000003">
<ele>140.47261529961764</ele>
<time>2026-08-28T11:59:01.056Z</time>
</trkpt>
<trkpt lat="41.9800437" lon="2.8525597999999945">
<ele>140.28652973872633</ele>
<time>2026-08-28T11:59:03.999Z</time>
</trkpt>
<trkpt lat="41.9800722" lon="2.8525075000000015">
<ele>139.42690684299743</ele>
<time>2026-08-28T11:59:07.335Z</time>
</trkpt>
<trkpt lat="41.9801143" lon="2.8524816000000044">
<ele>138.28436364759997</ele>
<time>2026-08-28T11:59:11.021Z</time>
</trkpt>
<trkpt lat="41.9801562" lon="2.8524519000000055">
<ele>136.99824792533457</ele>
<time>2026-08-28T11:59:15.037Z</time>
</trkpt>
<trkpt lat="41.9801953" lon="2.8524194999999963">
<ele>135.62813857302788</ele>
<time>2026-08-28T11:59:18.730Z</time>
</trkpt>
<trkpt lat="41.9802414" lon="2.8523964000000035">
<ele>134.06377519614855</ele>
<time>2026-08-28T11:59:22.352Z</time>
</trkpt>
<trkpt lat="41.9802862" lon="2.852372800000012">
<ele>134.36008120799158</ele>
<time>2026-08-28T11:59:26.608Z</time>
</trkpt>
<trkpt lat="41.9803294" lon="2.8523519999999962">
<ele>135.02281780361056</ele>
<time>2026-08-28T11:59:30.375Z</time>
</trkpt>
<trkpt lat="41.9803704" lon="2.8523182000000133">
<ele>135.22373690509355</ele>
<time>2026-08-28T11:59:34.510Z</time>
</trkpt>
<trkpt lat="41.9804118" lon="2.8522920000000056">
<ele>135.48820405567025</ele>
<time>2026-08-28T11:59:38.000Z</time>
</trkpt>
<trkpt lat="41.980455" lon="2.85225539999999">
<ele>135.8847913019173</ele>
<time>2026-08-28T11:59:41.950Z</time>
</trkpt>
<trkpt lat="41.9804927" lon="2.8522222">
<ele>136.0423104075769</ele>
<time>2026-08-28T11:59:45.494Z</time>
</trkpt>
<trkpt lat="41.9805339" lon="2.8521801999999923">
<ele>135.93049773274296</ele>
<time>2026-08-28T11:59:48.650Z</time>
</trkpt>
<trkpt lat="41.9805698" lon="2.852134299999989">
<ele>135.45877172537593</ele>
<time>2026-08-28T11:59:52.815Z</time>
</trkpt>
<trkpt lat="41.980604" lon="2.8520870000000116">
<ele>134.6761979884003</ele>
<time>2026-08-28T11:59:56.494Z</time>
</trkpt>
<trkpt lat="41.9806439" lon="2.852050100000014">
<ele>133.91590805803767</ele>
<time>2026-08-28T11:59:59.999Z</time>
</trkpt>
<trkpt lat="41.9806894" lon="2.8520162000000084">
<ele>133.0148410013937</ele>
<time>2026-08-28T12:00:03.935Z</time>
</trkpt>
<trkpt lat="41.9807278" lon="2.8519834999999887">
<ele>132.67204638020334</ele>
<time>2026-08-28T12:00:07.000Z</time>
</trkpt>
<trkpt lat="41.9807683" lon="2.8519443000000138">
<ele>132.07020576330873</ele>
<time>2026-08-28T12:00:10.637Z</time>
</trkpt>
<trkpt lat="41.9808033" lon="2.851898900000009">
<ele>131.20623151419</ele>
<time>2026-08-28T12:00:14.336Z</time>
</trkpt>
<trkpt lat="41.980839" lon="2.8518569999999954">
<ele>130.9311843567698</ele>
<time>2026-08-28T12:00:18.014Z</time>
</trkpt>
<trkpt lat="41.9808774" lon="2.8518219999999985">
<ele>130.79223203749225</ele>
<time>2026-08-28T12:00:21.999Z</time>
</trkpt>
<trkpt lat="41.9809186" lon="2.8517838999999867">
<ele>130.54605045131572</ele>
<time>2026-08-28T12:00:26.012Z</time>
</trkpt>
<trkpt lat="41.9809525" lon="2.8517400000000066">
<ele>130.02843806840116</ele>
<time>2026-08-28T12:00:30.000Z</time>
</trkpt>
<trkpt lat="41.9809868" lon="2.8516985999999918">
<ele>130.08063238959792</ele>
<time>2026-08-28T12:00:33.377Z</time>
</trkpt>
<trkpt lat="41.9810217" lon="2.8516568999999947">
<ele>129.9379216418214</ele>
<time>2026-08-28T12:00:36.895Z</time>
</trkpt>
<trkpt lat="41.9810576" lon="2.8516171999999926">
<ele>129.59257416284532</ele>
<time>2026-08-28T12:00:39.974Z</time>
</trkpt>
<trkpt lat="41.9810897" lon="2.851571299999989">
<ele>129.06674313199605</ele>
<time>2026-08-28T12:00:43.052Z</time>
</trkpt>
<trkpt lat="41.9811242" lon="2.851520999999991">
<ele>128.9340835105265</ele>
<time>2026-08-28T12:00:46.876Z</time>
</trkpt>
<trkpt lat="41.9811568" lon="2.8514696000000015">
<ele>128.56663811406045</ele>
<time>2026-08-28T12:00:50.452Z</time>
</trkpt>
<trkpt lat="41.9811847" lon="2.8514174999999966">
<ele>128.2133480847618</ele>
<time>2026-08-28T12:00:54.051Z</time>
</trkpt>
<trkpt lat="41.9812062" lon="2.8513617000000124">
<ele>127.65695098142439</ele>
<time>2026-08-28T12:00:57.352Z</time>
</trkpt>
<trkpt lat="41.9812166" lon="2.851295599999986">
<ele>126.77699660777273</ele>
<time>2026-08-28T12:01:00.911Z</time>
</trkpt>
<trkpt lat="41.9812178" lon="2.8512350000000026">
<ele>125.90510051754079</ele>
<time>2026-08-28T12:01:03.999Z</time>
</trkpt>
<trkpt lat="41.9812255" lon="2.8511742999999967">
<ele>125.12020197496975</ele>
<time>2026-08-28T12:01:07.000Z</time>
</trkpt>
<trkpt lat="41.9812333" lon="2.851114300000006">
<ele>125.06889739575374</ele>
<time>2026-08-28T12:01:09.895Z</time>
</trkpt>
<trkpt lat="41.98124" lon="2.851053400000012">
<ele>124.94315020200835</ele>
<time>2026-08-28T12:01:12.915Z</time>
</trkpt>
<trkpt lat="41.9812504" lon="2.8509910999999875">
<ele>124.65511311952359</ele>
<time>2026-08-28T12:01:15.550Z</time>
</trkpt>
<trkpt lat="41.9812541" lon="2.8509302999999875">
<ele>124.43167453775253</ele>
<time>2026-08-28T12:01:18.000Z</time>
</trkpt>
<trkpt lat="41.9812536" lon="2.850869700000004">
<ele>124.60713491072252</ele>
<time>2026-08-28T12:01:20.831Z</time>
</trkpt>
<trkpt lat="41.9812563" lon="2.8508017999999993">
<ele>124.94194581118809</ele>
<time>2026-08-28T12:01:24.452Z</time>
</trkpt>
<trkpt lat="41.9812532" lon="2.850741599999992">
<ele>125.45254766844525</ele>
<time>2026-08-28T12:01:27.529Z</time>
</trkpt>
<trkpt lat="41.9812478" lon="2.850681199999997">
<ele>126.10576748714722</ele>
<time>2026-08-28T12:01:31.000Z</time>
</trkpt>
<trkpt lat="41.9812447" lon="2.8506206000000134">
<ele>126.69345358434212</ele>
<time>2026-08-28T12:01:34.019Z</time>
</trkpt>
<trkpt lat="41.9812388" lon="2.8505581000000006">
<ele>127.49384646174393</ele>
<time>2026-08-28T12:01:38.058Z</time>
</trkpt>
<trkpt lat="41.9812443" lon="2.850493400000005">
<ele>127.6928944093395</ele>
<time>2026-08-28T12:01:41.808Z</time>
</trkpt>
<trkpt lat="41.9812423" lon="2.8504255">
<ele>128.32956731337651</ele>
<time>2026-08-28T12:01:45.495Z</time>
</trkpt>
<trkpt lat="41.9812406" lon="2.850362799999999">
<ele>128.91423542150892</ele>
<time>2026-08-28T12:01:48.517Z</time>
</trkpt>
<trkpt lat="41.9812322" lon="2.8502935999999863">
<ele>129.98179998711495</ele>
<time>2026-08-28T12:01:51.593Z</time>
</trkpt>
<trkpt lat="41.9812253" lon="2.8502286000000083">
<ele>130.94937892810913</ele>
<time>2026-08-28T12:01:55.335Z</time>
</trkpt>
<trkpt lat="41.9812398" lon="2.8501698999999974">
<ele>130.5505978139161</ele>
<time>2026-08-28T12:01:58.998Z</time>
</trkpt>
<trkpt lat="41.9812292" lon="2.8501085000000046">
<ele>131.72756194546554</ele>
<time>2026-08-28T12:02:01.193Z</time>
</trkpt>
<trkpt lat="41.9812318" lon="2.850046700000007">
<ele>132.07806468782707</ele>
<time>2026-08-28T12:02:03.910Z</time>
</trkpt>
<trkpt lat="41.9812409" lon="2.849982699999998">
<ele>132.0191775492012</ele>
<time>2026-08-28T12:02:06.628Z</time>
</trkpt>
<trkpt lat="41.9812503" lon="2.849918400000007">
<ele>131.94102337071095</ele>
<time>2026-08-28T12:02:09.692Z</time>
</trkpt>
<trkpt lat="41.9812624" lon="2.8498566000000096">
<ele>131.66664303625691</ele>
<time>2026-08-28T12:02:12.998Z</time>
</trkpt>
<trkpt lat="41.9812857" lon="2.8497997000000055">
<ele>130.62896177314002</ele>
<time>2026-08-28T12:02:16.528Z</time>
</trkpt>
<trkpt lat="41.981301" lon="2.849739999999997">
<ele>130.26167712763825</ele>
<time>2026-08-28T12:02:19.817Z</time>
</trkpt>
<trkpt lat="41.9813254" lon="2.84968649999999">
<ele>129.26610048541562</ele>
<time>2026-08-28T12:02:23.031Z</time>
</trkpt>
<trkpt lat="41.9813447" lon="2.8496297000000084">
<ele>128.63527299014845</ele>
<time>2026-08-28T12:02:26.309Z</time>
</trkpt>
<trkpt lat="41.9813681" lon="2.849574799999999">
<ele>127.9216140412029</ele>
<time>2026-08-28T12:02:30.012Z</time>
</trkpt>
<trkpt lat="41.981393" lon="2.8495195000000137">
<ele>127.81624608132569</ele>
<time>2026-08-28T12:02:34.670Z</time>
</trkpt>
<trkpt lat="41.9814161" lon="2.849457199999989">
<ele>127.91713745729007</ele>
<time>2026-08-28T12:02:38.814Z</time>
</trkpt>
<trkpt lat="41.9814453" lon="2.8494110000000035">
<ele>127.50667611687244</ele>
<time>2026-08-28T12:02:42.396Z</time>
</trkpt>
<trkpt lat="41.9814516" lon="2.849347899999998">
<ele>127.94688725738504</ele>
<time>2026-08-28T12:02:46.595Z</time>
</trkpt>
<trkpt lat="41.9814822" lon="2.849298800000014">
<ele>127.2438117130549</ele>
<time>2026-08-28T12:02:49.870Z</time>
</trkpt>
<trkpt lat="41.981509" lon="2.84924860000001">
<ele>126.54567952059529</ele>
<time>2026-08-28T12:02:54.390Z</time>
</trkpt>
<trkpt lat="41.9815317" lon="2.8491961999999944">
<ele>126.31760204494101</ele>
<time>2026-08-28T12:02:59.036Z</time>
</trkpt>
<trkpt lat="41.9815661" lon="2.849146899999994">
<ele>125.48053222815854</ele>
<time>2026-08-28T12:03:03.852Z</time>
</trkpt>
<trkpt lat="41.9815985" lon="2.8491009999999903">
<ele>124.49768799706985</ele>
<time>2026-08-28T12:03:07.999Z</time>
</trkpt>
<trkpt lat="41.9816311" lon="2.8490567999999996">
<ele>123.3058816295568</ele>
<time>2026-08-28T12:03:12.290Z</time>
</trkpt>
<trkpt lat="41.9816623" lon="2.8490079000000037">
<ele>123.05341378900344</ele>
<time>2026-08-28T12:03:15.991Z</time>
</trkpt>
<trkpt lat="41.9816936" lon="2.8489544999999907">
<ele>123.17547728712579</ele>
<time>2026-08-28T12:03:19.715Z</time>
</trkpt>
<trkpt lat="41.9817221" lon="2.8488967000000116">
<ele>123.66279116401086</ele>
<time>2026-08-28T12:03:23.514Z</time>
</trkpt>
<trkpt lat="41.9817494" lon="2.8488469000000123">
<ele>123.82731154483707</ele>
<time>2026-08-28T12:03:26.671Z</time>
</trkpt>
<trkpt lat="41.9817754" lon="2.848797300000001">
<ele>123.81632603080892</ele>
<time>2026-08-28T12:03:30.017Z</time>
</trkpt>
<trkpt lat="41.9818027" lon="2.8487375999999927">
<ele>123.6600639894111</ele>
<time>2026-08-28T12:03:33.992Z</time>
</trkpt>
<trkpt lat="41.9818339" lon="2.848683599999987">
<ele>123.09376327592938</ele>
<time>2026-08-28T12:03:37.551Z</time>
</trkpt>
<trkpt lat="41.9818557" lon="2.8486278999999968">
<ele>122.6772506198825</ele>
<time>2026-08-28T12:03:41.256Z</time>
</trkpt>
<trkpt lat="41.9818791" lon="2.8485714999999914">
<ele>122.08890000457022</ele>
<time>2026-08-28T12:03:44.895Z</time>
</trkpt>
<trkpt lat="41.9819077" lon="2.8485132000000135">
<ele>121.16773584002298</ele>
<time>2026-08-28T12:03:48.677Z</time>
</trkpt>
<trkpt lat="41.9819264" lon="2.8484583000000043">
<ele>120.74249933439957</ele>
<time>2026-08-28T12:03:51.615Z</time>
</trkpt>
<trkpt lat="41.9819444" lon="2.848400499999997">
<ele>120.61572459309977</ele>
<time>2026-08-28T12:03:54.732Z</time>
</trkpt>
<trkpt lat="41.9819575" lon="2.8483387999999934">
<ele>121.27654662233205</ele>
<time>2026-08-28T12:03:58.530Z</time>
</trkpt>
<trkpt lat="41.9819713" lon="2.8482785999999862">
<ele>121.8559195588648</ele>
<time>2026-08-28T12:04:02.010Z</time>
</trkpt>
<trkpt lat="41.9819838" lon="2.848217500000004">
<ele>122.4214740239886</ele>
<time>2026-08-28T12:04:05.472Z</time>
</trkpt>
<trkpt lat="41.9819992" lon="2.8481597999999906">
<ele>122.83658988638122</ele>
<time>2026-08-28T12:04:08.999Z</time>
</trkpt>
<trkpt lat="41.9820107" lon="2.8480954999999994">
<ele>123.50142919483703</ele>
<time>2026-08-28T12:04:13.010Z</time>
</trkpt>
<trkpt lat="41.9820184" lon="2.8480346000000054">
<ele>124.34205185660115</ele>
<time>2026-08-28T12:04:16.370Z</time>
</trkpt>
<trkpt lat="41.9820263" lon="2.8479743999999982">
<ele>125.12990350109914</ele>
<time>2026-08-28T12:04:19.949Z</time>
</trkpt>
<trkpt lat="41.9820324" lon="2.8479124000000127">
<ele>125.9652651984725</ele>
<time>2026-08-28T12:04:23.795Z</time>
</trkpt>
<trkpt lat="41.9820418" lon="2.8478524999999877">
<ele>126.63069948220235</ele>
<time>2026-08-28T12:04:27.473Z</time>
</trkpt>
<trkpt lat="41.9820518" lon="2.847791000000001">
<ele>127.02298149414194</ele>
<time>2026-08-28T12:04:30.999Z</time>
</trkpt>
<trkpt lat="41.9820653" lon="2.847728100000012">
<ele>127.26850170903371</ele>
<time>2026-08-28T12:04:34.370Z</time>
</trkpt>
<trkpt lat="41.9820886" lon="2.8476757999999904">
<ele>127.05918256717091</ele>
<time>2026-08-28T12:04:38.052Z</time>
</trkpt>
<trkpt lat="41.9821153" lon="2.8476158">
<ele>126.80564882922792</ele>
<time>2026-08-28T12:04:41.909Z</time>
</trkpt>
<trkpt lat="41.9821243" lon="2.847549600000008">
<ele>127.2645780320177</ele>
<time>2026-08-28T12:04:45.590Z</time>
</trkpt>
<trkpt lat="41.9821393" lon="2.8474860999999976">
<ele>127.62928425343947</ele>
<time>2026-08-28T12:04:49.415Z</time>
</trkpt>
<trkpt lat="41.9821503" lon="2.847422999999992">
<ele>128.11201809344593</ele>
<time>2026-08-28T12:04:52.998Z</time>
</trkpt>
<trkpt lat="41.982167" lon="2.8473572999999988">
<ele>128.408884574829</ele>
<time>2026-08-28T12:04:56.909Z</time>
</trkpt>
<trkpt lat="41.9821882" lon="2.847301299999998">
<ele>128.38709577701465</ele>
<time>2026-08-28T12:05:00.551Z</time>
</trkpt>
<trkpt lat="41.982204" lon="2.8472343999999907">
<ele>129.01311129550533</ele>
<time>2026-08-28T12:05:04.756Z</time>
</trkpt>
<trkpt lat="41.9822167" lon="2.847166299999998">
<ele>129.79762772409478</ele>
<time>2026-08-28T12:05:09.013Z</time>
</trkpt>
<trkpt lat="41.9822393" lon="2.8471038000000135">
<ele>129.97638763337764</ele>
<time>2026-08-28T12:05:13.677Z</time>
</trkpt>
<trkpt lat="41.9822598" lon="2.8470398000000046">
<ele>130.17766251809374</ele>
<time>2026-08-28T12:05:17.776Z</time>
</trkpt>
<trkpt lat="41.9822891" lon="2.8469909000000087">
<ele>129.67817131883058</ele>
<time>2026-08-28T12:05:21.350Z</time>
</trkpt>
<trkpt lat="41.9823109" lon="2.8469302000000027">
<ele>129.7482378659774</ele>
<time>2026-08-28T12:05:25.036Z</time>
</trkpt>
<trkpt lat="41.9823319" lon="2.8468680999999947">
<ele>129.72024496238728</ele>
<time>2026-08-28T12:05:28.749Z</time>
</trkpt>
<trkpt lat="41.9823522" lon="2.8468116999999893">
<ele>129.47734793462917</ele>
<time>2026-08-28T12:05:32.353Z</time>
</trkpt>
<trkpt lat="41.9823729" lon="2.8467484999999897">
<ele>129.16448656317138</ele>
<time>2026-08-28T12:05:36.710Z</time>
</trkpt>
<trkpt lat="41.9823997" lon="2.8466999000000044">
<ele>128.219019172256</ele>
<time>2026-08-28T12:05:39.998Z</time>
</trkpt>
<trkpt lat="41.9824291" lon="2.8466458000000046">
<ele>127.25860781819797</ele>
<time>2026-08-28T12:05:43.610Z</time>
</trkpt>
<trkpt lat="41.9824573" lon="2.8465936999999997">
<ele>126.35420368498987</ele>
<time>2026-08-28T12:05:47.211Z</time>
</trkpt>
<trkpt lat="41.9824762" lon="2.846537600000005">
<ele>126.15117493144157</ele>
<time>2026-08-28T12:05:50.391Z</time>
</trkpt>
<trkpt lat="41.9824964" lon="2.8464733000000138">
<ele>126.55935777269082</ele>
<time>2026-08-28T12:05:53.998Z</time>
</trkpt>
<trkpt lat="41.9825151" lon="2.8464170999999965">
<ele>127.14164460494335</ele>
<time>2026-08-28T12:05:57.350Z</time>
</trkpt>
<trkpt lat="41.9825335" lon="2.8463562000000024">
<ele>127.94668163158774</ele>
<time>2026-08-28T12:06:00.992Z</time>
</trkpt>
<trkpt lat="41.9825488" lon="2.846298300000001">
<ele>128.72957477498034</ele>
<time>2026-08-28T12:06:04.132Z</time>
</trkpt>
<trkpt lat="41.9825713" lon="2.8462417000000073">
<ele>129.09177722107918</ele>
<time>2026-08-28T12:06:07.874Z</time>
</trkpt>
<trkpt lat="41.9825939" lon="2.8461861000000113">
<ele>129.33257478267606</ele>
<time>2026-08-28T12:06:11.014Z</time>
</trkpt>
<trkpt lat="41.9826118" lon="2.8461287000000084">
<ele>129.78007462938683</ele>
<time>2026-08-28T12:06:14.356Z</time>
</trkpt>
<trkpt lat="41.9826287" lon="2.8460666999999944">
<ele>130.36372440469015</ele>
<time>2026-08-28T12:06:17.937Z</time>
</trkpt>
<trkpt lat="41.9826458" lon="2.846010299999989">
<ele>130.79554019744768</ele>
<time>2026-08-28T12:06:21.030Z</time>
</trkpt>
<trkpt lat="41.9826695" lon="2.845951200000002">
<ele>130.94603108263428</ele>
<time>2026-08-28T12:06:24.594Z</time>
</trkpt>
<trkpt lat="41.9826843" lon="2.8458941000000095">
<ele>131.46654727816443</ele>
<time>2026-08-28T12:06:27.999Z</time>
</trkpt>
<trkpt lat="41.9826983" lon="2.8458302999999887">
<ele>132.0304149211077</ele>
<time>2026-08-28T12:06:31.412Z</time>
</trkpt>
<trkpt lat="41.9827165" lon="2.845772899999986">
<ele>132.2472305972517</ele>
<time>2026-08-28T12:06:34.530Z</time>
</trkpt>
<trkpt lat="41.982734" lon="2.845714500000014">
<ele>132.5082494980067</ele>
<time>2026-08-28T12:06:37.999Z</time>
</trkpt>
<trkpt lat="41.9827535" lon="2.8456515000000024">
<ele>132.74617221181143</ele>
<time>2026-08-28T12:06:41.452Z</time>
</trkpt>
<trkpt lat="41.9827745" lon="2.8455922999999927">
<ele>132.37011801571842</ele>
<time>2026-08-28T12:06:45.009Z</time>
</trkpt>
<trkpt lat="41.9828019" lon="2.8455313999999987">
<ele>131.5209665680793</ele>
<time>2026-08-28T12:06:48.829Z</time>
</trkpt>
<trkpt lat="41.9828102" lon="2.84546610000001">
<ele>132.03766225570237</ele>
<time>2026-08-28T12:06:52.450Z</time>
</trkpt>
<trkpt lat="41.9828234" lon="2.8454030999999986">
<ele>132.27518838912303</ele>
<time>2026-08-28T12:06:56.021Z</time>
</trkpt>
<trkpt lat="41.9828524" lon="2.845356400000014">
<ele>131.41234619996732</ele>
<time>2026-08-28T12:06:58.998Z</time>
</trkpt>
<trkpt lat="41.9828804" lon="2.8453023000000144">
<ele>130.75701961519187</ele>
<time>2026-08-28T12:07:02.734Z</time>
</trkpt>
<trkpt lat="41.9829053" lon="2.8452455000000043">
<ele>130.37522063974572</ele>
<time>2026-08-28T12:07:06.393Z</time>
</trkpt>
<trkpt lat="41.98292" lon="2.845182499999993">
<ele>130.71230408719816</ele>
<time>2026-08-28T12:07:09.655Z</time>
</trkpt>
<trkpt lat="41.9829328" lon="2.8451241999999866">
<ele>131.1172666465619</ele>
<time>2026-08-28T12:07:12.836Z</time>
</trkpt>
<trkpt lat="41.9829517" lon="2.8450630000000103">
<ele>131.340410159539</ele>
<time>2026-08-28T12:07:16.593Z</time>
</trkpt>
<trkpt lat="41.9829621" lon="2.844999300000012">
<ele>132.06079435717135</ele>
<time>2026-08-28T12:07:20.310Z</time>
</trkpt>
<trkpt lat="41.9829858" lon="2.8449474999999893">
<ele>131.94946945250874</ele>
<time>2026-08-28T12:07:23.998Z</time>
</trkpt>
<trkpt lat="41.983008" lon="2.844894299999993">
<ele>131.94500987326313</ele>
<time>2026-08-28T12:07:27.250Z</time>
</trkpt>
<trkpt lat="41.9830307" lon="2.8448338999999976">
<ele>132.0672119036345</ele>
<time>2026-08-28T12:07:31.017Z</time>
</trkpt>
<trkpt lat="41.9830593" lon="2.8447755999999913">
<ele>131.43850499082842</ele>
<time>2026-08-28T12:07:34.855Z</time>
</trkpt>
<trkpt lat="41.9830864" lon="2.8447189000000037">
<ele>130.59800359236527</ele>
<time>2026-08-28T12:07:38.003Z</time>
</trkpt>
<trkpt lat="41.9831155" lon="2.844665099999986">
<ele>129.72780216843805</ele>
<time>2026-08-28T12:07:41.753Z</time>
</trkpt>
<trkpt lat="41.9831408" lon="2.844614500000006">
<ele>129.13311815698302</ele>
<time>2026-08-28T12:07:44.956Z</time>
</trkpt>
<trkpt lat="41.9831731" lon="2.844564300000002">
<ele>128.27726901017397</ele>
<time>2026-08-28T12:07:48.649Z</time>
</trkpt>
<trkpt lat="41.9831984" lon="2.8445078999999964">
<ele>128.0055698965312</ele>
<time>2026-08-28T12:07:52.416Z</time>
</trkpt>
<trkpt lat="41.9832249" lon="2.844456699999995">
<ele>127.39688076157094</ele>
<time>2026-08-28T12:07:56.269Z</time>
</trkpt>
<trkpt lat="41.9832496" lon="2.8444055999999875">
<ele>126.89437511487552</ele>
<time>2026-08-28T12:07:59.433Z</time>
</trkpt>
<trkpt lat="41.9832743" lon="2.844354399999986">
<ele>126.42166364736025</ele>
<time>2026-08-28T12:08:03.014Z</time>
</trkpt>
<trkpt lat="41.9833007" lon="2.844305200000008">
<ele>125.87065071781417</ele>
<time>2026-08-28T12:08:06.676Z</time>
</trkpt>
<trkpt lat="41.9833234" lon="2.844243199999994">
<ele>125.76793571051108</ele>
<time>2026-08-28T12:08:10.353Z</time>
</trkpt>
<trkpt lat="41.9833455" lon="2.8441852999999924">
<ele>125.68108864309995</ele>
<time>2026-08-28T12:08:14.776Z</time>
</trkpt>
<trkpt lat="41.9833636" lon="2.8441251000000136">
<ele>125.79440582024955</ele>
<time>2026-08-28T12:08:18.334Z</time>
</trkpt>
<trkpt lat="41.9833745" lon="2.84406580000001">
<ele>126.19107778404396</ele>
<time>2026-08-28T12:08:21.569Z</time>
</trkpt>
<trkpt lat="41.9833826" lon="2.844003700000002">
<ele>126.74337133898852</ele>
<time>2026-08-28T12:08:24.999Z</time>
</trkpt>
<trkpt lat="41.9833967" lon="2.8439454999999896">
<ele>126.9993037509808</ele>
<time>2026-08-28T12:08:28.475Z</time>
</trkpt>
<trkpt lat="41.9834123" lon="2.8438878999999986">
<ele>127.1329984923637</ele>
<time>2026-08-28T12:08:31.999Z</time>
</trkpt>
<trkpt lat="41.9834242" lon="2.8438256999999965">
<ele>127.50176990443175</ele>
<time>2026-08-28T12:08:35.895Z</time>
</trkpt>
<trkpt lat="41.9834296" lon="2.8437647000000084">
<ele>128.11797222451287</ele>
<time>2026-08-28T12:08:39.590Z</time>
</trkpt>
<trkpt lat="41.983438" lon="2.843704400000007">
<ele>128.63337245164365</ele>
<time>2026-08-28T12:08:43.369Z</time>
</trkpt>
<trkpt lat="41.9834513" lon="2.843645500000008">
<ele>128.83789277697343</ele>
<time>2026-08-28T12:08:48.733Z</time>
</trkpt>
<trkpt lat="41.9834633" lon="2.8435862999999983">
<ele>128.93383053781164</ele>
<time>2026-08-28T12:08:51.934Z</time>
</trkpt>
<trkpt lat="41.9834774" lon="2.843524599999995">
<ele>129.0107757811821</ele>
<time>2026-08-28T12:08:55.065Z</time>
</trkpt>
<trkpt lat="41.9835017" lon="2.843465000000009">
<ele>128.78953503147423</ele>
<time>2026-08-28T12:08:58.397Z</time>
</trkpt>
<trkpt lat="41.9835229" lon="2.843406799999997">
<ele>128.6981369967315</ele>
<time>2026-08-28T12:09:01.611Z</time>
</trkpt>
<trkpt lat="41.9835375" lon="2.8433493">
<ele>128.47808385807988</ele>
<time>2026-08-28T12:09:04.836Z</time>
</trkpt>
<trkpt lat="41.9835561" lon="2.8432856999999956">
<ele>128.1138849227642</ele>
<time>2026-08-28T12:09:09.614Z</time>
</trkpt>
<trkpt lat="41.9835622" lon="2.843224300000003">
<ele>128.11565816122678</ele>
<time>2026-08-28T12:09:13.211Z</time>
</trkpt>
<trkpt lat="41.9835671" lon="2.8431573000000014">
<ele>128.18270004301786</ele>
<time>2026-08-28T12:09:16.971Z</time>
</trkpt>
<trkpt lat="41.9835748" lon="2.8430945000000065">
<ele>128.02172373289335</ele>
<time>2026-08-28T12:09:19.998Z</time>
</trkpt>
<trkpt lat="41.9835855" lon="2.843032800000003">
<ele>127.47625871960054</ele>
<time>2026-08-28T12:09:24.030Z</time>
</trkpt>
<trkpt lat="41.9836" lon="2.842969900000014">
<ele>126.69901570525508</ele>
<time>2026-08-28T12:09:27.893Z</time>
</trkpt>
<trkpt lat="41.9836214" lon="2.842906699999986">
<ele>125.7306714347766</ele>
<time>2026-08-28T12:09:31.650Z</time>
</trkpt>
<trkpt lat="41.9836347" lon="2.842848800000013">
<ele>125.11931057460276</ele>
<time>2026-08-28T12:09:35.024Z</time>
</trkpt>
<trkpt lat="41.9836493" lon="2.8427891000000045">
<ele>124.21795446695928</ele>
<time>2026-08-28T12:09:38.389Z</time>
</trkpt>
<trkpt lat="41.9836657" lon="2.8427317000000016">
<ele>123.25823078545886</ele>
<time>2026-08-28T12:09:41.572Z</time>
</trkpt>
<trkpt lat="41.9836825" lon="2.84267109999999">
<ele>122.30328745802835</ele>
<time>2026-08-28T12:09:45.012Z</time>
</trkpt>
<trkpt lat="41.9836954" lon="2.842611699999992">
<ele>121.49379118129487</ele>
<time>2026-08-28T12:09:47.929Z</time>
</trkpt>
<trkpt lat="41.9837011" lon="2.842548700000009">
<ele>120.78026264649563</ele>
<time>2026-08-28T12:09:50.998Z</time>
</trkpt>
<trkpt lat="41.9837034" lon="2.8424869000000115">
<ele>119.84156051918639</ele>
<time>2026-08-28T12:09:53.997Z</time>
</trkpt>
<trkpt lat="41.9836995" lon="2.8424229999999966">
<ele>118.98680992922169</ele>
<time>2026-08-28T12:09:57.253Z</time>
</trkpt>
<trkpt lat="41.9837007" lon="2.842362400000013">
<ele>118.0885163355652</ele>
<time>2026-08-28T12:10:00.335Z</time>
</trkpt>
<trkpt lat="41.9837034" lon="2.8423018000000013">
<ele>117.17804548962974</ele>
<time>2026-08-28T12:10:03.491Z</time>
</trkpt>
<trkpt lat="41.9837051" lon="2.8422338000000025">
<ele>116.25249290149532</ele>
<time>2026-08-28T12:10:06.997Z</time>
</trkpt>
<trkpt lat="41.9837127" lon="2.8421735000000012">
<ele>115.4120335955401</ele>
<time>2026-08-28T12:10:09.998Z</time>
</trkpt>
<trkpt lat="41.9837153" lon="2.842109999999991">
<ele>114.58844165296553</ele>
<time>2026-08-28T12:10:12.969Z</time>
</trkpt>
<trkpt lat="41.9837194" lon="2.8420487999999864">
<ele>113.79342533577359</ele>
<time>2026-08-28T12:10:16.998Z</time>
</trkpt>
<trkpt lat="41.9837265" lon="2.8419812999999863">
<ele>112.97415549102506</ele>
<time>2026-08-28T12:10:20.853Z</time>
</trkpt>
<trkpt lat="41.9837329" lon="2.841912100000002">
<ele>112.27641150285952</ele>
<time>2026-08-28T12:10:24.533Z</time>
</trkpt>
<trkpt lat="41.9837352" lon="2.8418503000000044">
<ele>111.67321422265415</ele>
<time>2026-08-28T12:10:27.998Z</time>
</trkpt>
<trkpt lat="41.9837359" lon="2.841783499999991">
<ele>111.02750331685156</ele>
<time>2026-08-28T12:10:31.531Z</time>
</trkpt>
<trkpt lat="41.9837354" lon="2.841719299999994">
<ele>110.4213363938044</ele>
<time>2026-08-28T12:10:35.025Z</time>
</trkpt>
<trkpt lat="41.9837345" lon="2.8416542999999876">
<ele>109.96935301706917</ele>
<time>2026-08-28T12:10:38.391Z</time>
</trkpt>
<trkpt lat="41.983733" lon="2.8415898000000084">
<ele>109.51970356631635</ele>
<time>2026-08-28T12:10:41.570Z</time>
</trkpt>
<trkpt lat="41.9837336" lon="2.8415291999999965">
<ele>109.10067838144617</ele>
<time>2026-08-28T12:10:44.734Z</time>
</trkpt>
<trkpt lat="41.9837388" lon="2.8414684999999906">
<ele>108.68942682099393</ele>
<time>2026-08-28T12:10:48.099Z</time>
</trkpt>
<trkpt lat="41.9837458" lon="2.841406699999993">
<ele>108.13884578773822</ele>
<time>2026-08-28T12:10:51.610Z</time>
</trkpt>
<trkpt lat="41.9837596" lon="2.841346299999998">
<ele>107.55692306987821</ele>
<time>2026-08-28T12:10:55.574Z</time>
</trkpt>
<trkpt lat="41.9837786" lon="2.8412892000000056">
<ele>107.04764975390195</ele>
<time>2026-08-28T12:10:59.310Z</time>
</trkpt>
<trkpt lat="41.983798" lon="2.8412270999999976">
<ele>106.51788996185962</ele>
<time>2026-08-28T12:11:02.997Z</time>
</trkpt>
<trkpt lat="41.9838265" lon="2.8411676000000057">
<ele>106.08894323086254</ele>
<time>2026-08-28T12:11:06.009Z</time>
</trkpt>
<trkpt lat="41.9838566" lon="2.841115500000001">
<ele>105.74145524948455</ele>
<time>2026-08-28T12:11:10.068Z</time>
</trkpt>
<trkpt lat="41.9838831" lon="2.841064899999992">
<ele>105.44044463378913</ele>
<time>2026-08-28T12:11:13.853Z</time>
</trkpt>
<trkpt lat="41.983918" lon="2.8410188000000005">
<ele>105.34465765966128</ele>
<time>2026-08-28T12:11:17.533Z</time>
</trkpt>
<trkpt lat="41.9839577" lon="2.8409822000000133">
<ele>105.46948334342514</ele>
<time>2026-08-28T12:11:21.053Z</time>
</trkpt>
<trkpt lat="41.9839962" lon="2.840947199999988">
<ele>105.68535994178364</ele>
<time>2026-08-28T12:11:24.050Z</time>
</trkpt>
<trkpt lat="41.9840342" lon="2.8409010999999964">
<ele>105.93988532788835</ele>
<time>2026-08-28T12:11:27.850Z</time>
</trkpt>
<trkpt lat="41.9840686" lon="2.840857099999994">
<ele>106.13498179192304</ele>
<time>2026-08-28T12:11:31.273Z</time>
</trkpt>
<trkpt lat="41.984103" lon="2.840814800000004">
<ele>106.3779865777387</ele>
<time>2026-08-28T12:11:34.475Z</time>
</trkpt>
<trkpt lat="41.9841438" lon="2.840771799999999">
<ele>106.79814556600759</ele>
<time>2026-08-28T12:11:38.011Z</time>
</trkpt>
<trkpt lat="41.9841839" lon="2.8407357000000104">
<ele>106.58107616006288</ele>
<time>2026-08-28T12:11:41.689Z</time>
</trkpt>
<trkpt lat="41.9842256" lon="2.840711199999987">
<ele>106.3991371766941</ele>
<time>2026-08-28T12:11:44.998Z</time>
</trkpt>
<trkpt lat="41.9842691" lon="2.8406830000000127">
<ele>106.19244781146753</ele>
<time>2026-08-28T12:11:48.594Z</time>
</trkpt>
<trkpt lat="41.9843069" lon="2.8406472000000065">
<ele>105.95204117248491</ele>
<time>2026-08-28T12:11:52.014Z</time>
</trkpt>
<trkpt lat="41.9843473" lon="2.8406057999999916">
<ele>105.64601826829906</ele>
<time>2026-08-28T12:11:55.850Z</time>
</trkpt>
<trkpt lat="41.9843907" lon="2.840564999999998">
<ele>105.17804947742727</ele>
<time>2026-08-28T12:11:58.973Z</time>
</trkpt>
<trkpt lat="41.9844327" lon="2.8405256000000065">
<ele>104.76880322733636</ele>
<time>2026-08-28T12:12:03.050Z</time>
</trkpt>
<trkpt lat="41.9844724" lon="2.840493699999996">
<ele>104.59248889837141</ele>
<time>2026-08-28T12:12:05.997Z</time>
</trkpt>
<trkpt lat="41.9845143" lon="2.8404688999999905">
<ele>104.52235025529524</ele>
<time>2026-08-28T12:12:09.023Z</time>
</trkpt>
<trkpt lat="41.9845603" lon="2.8404423000000065">
<ele>104.4869387185542</ele>
<time>2026-08-28T12:12:12.374Z</time>
</trkpt>
<trkpt lat="41.9846076" lon="2.8404218000000014">
<ele>104.53688067858965</ele>
<time>2026-08-28T12:12:15.853Z</time>
</trkpt>
<trkpt lat="41.9846539" lon="2.840403699999996">
<ele>104.62678252318285</ele>
<time>2026-08-28T12:12:19.597Z</time>
</trkpt>
<trkpt lat="41.9846942" lon="2.8403728000000115">
<ele>104.64213140344376</ele>
<time>2026-08-28T12:12:23.002Z</time>
</trkpt>
<trkpt lat="41.9847321" lon="2.8403346000000056">
<ele>104.61881688445726</ele>
<time>2026-08-28T12:12:26.971Z</time>
</trkpt>
<trkpt lat="41.9847677" lon="2.840293900000006">
<ele>104.33267653358286</ele>
<time>2026-08-28T12:12:31.213Z</time>
</trkpt>
<trkpt lat="41.9848005" lon="2.8402498000000094">
<ele>104.06008536615039</ele>
<time>2026-08-28T12:12:35.063Z</time>
</trkpt>
<trkpt lat="41.9848392" lon="2.840207899999996">
<ele>103.93088557162702</ele>
<time>2026-08-28T12:12:38.992Z</time>
</trkpt>
<trkpt lat="41.984875" lon="2.84016299999999">
<ele>103.83282272008036</ele>
<time>2026-08-28T12:12:42.815Z</time>
</trkpt>
<trkpt lat="41.9849066" lon="2.8401179999999897">
<ele>103.77316744127268</ele>
<time>2026-08-28T12:12:46.333Z</time>
</trkpt>
<trkpt lat="41.9849431" lon="2.8400785999999982">
<ele>103.8817068337324</ele>
<time>2026-08-28T12:12:49.998Z</time>
</trkpt>
<trkpt lat="41.9849863" lon="2.8400436000000013">
<ele>104.06393811182718</ele>
<time>2026-08-28T12:12:53.999Z</time>
</trkpt>
<trkpt lat="41.9850303" lon="2.8400152000000105">
<ele>103.90448958801967</ele>
<time>2026-08-28T12:12:58.057Z</time>
</trkpt>
<trkpt lat="41.985068" lon="2.8399815999999873">
<ele>103.70213432772219</ele>
<time>2026-08-28T12:13:01.672Z</time>
</trkpt>
<trkpt lat="41.9851064" lon="2.839944800000012">
<ele>103.48953061865572</ele>
<time>2026-08-28T12:13:05.335Z</time>
</trkpt>
<trkpt lat="41.9851474" lon="2.8399100999999973">
<ele>103.31560017324786</ele>
<time>2026-08-28T12:13:09.810Z</time>
</trkpt>
<trkpt lat="41.9851921" lon="2.839882999999986">
<ele>103.22518725581816</ele>
<time>2026-08-28T12:13:13.889Z</time>
</trkpt>
<trkpt lat="41.9852334" lon="2.839841299999989">
<ele>103.03076600126575</ele>
<time>2026-08-28T12:13:17.634Z</time>
</trkpt>
<trkpt lat="41.9852703" lon="2.839797400000009">
<ele>102.7252513359892</ele>
<time>2026-08-28T12:13:20.693Z</time>
</trkpt>
<trkpt lat="41.9853012" lon="2.8397410999999977">
<ele>102.2237712246239</ele>
<time>2026-08-28T12:13:23.712Z</time>
</trkpt>
<trkpt lat="41.9853315" lon="2.839695799999987">
<ele>101.8707128079227</ele>
<time>2026-08-28T12:13:26.232Z</time>
</trkpt>
<trkpt lat="41.9853542" lon="2.839640000000003">
<ele>101.54192252680441</ele>
<time>2026-08-28T12:13:29.316Z</time>
</trkpt>
<trkpt lat="41.9853824" lon="2.839591399999989">
<ele>101.3124601956883</ele>
<time>2026-08-28T12:13:31.998Z</time>
</trkpt>
<trkpt lat="41.9854196" lon="2.8395511999999883">
<ele>101.19680597662743</ele>
<time>2026-08-28T12:13:34.998Z</time>
</trkpt>
<trkpt lat="41.9854634" lon="2.8395208000000025">
<ele>101.19621208758016</ele>
<time>2026-08-28T12:13:38.492Z</time>
</trkpt>
<trkpt lat="41.9855027" lon="2.8394805000000076">
<ele>101.12847290091852</ele>
<time>2026-08-28T12:13:41.955Z</time>
</trkpt>
<trkpt lat="41.9855366" lon="2.8394362999999885">
<ele>100.95480174331863</ele>
<time>2026-08-28T12:13:44.973Z</time>
</trkpt>
<trkpt lat="41.9855654" lon="2.8393806999999924">
<ele>100.51872532717182</ele>
<time>2026-08-28T12:13:48.997Z</time>
</trkpt>
<trkpt lat="41.9855869" lon="2.839311500000008">
<ele>100.13065433670769</ele>
<time>2026-08-28T12:13:51.791Z</time>
</trkpt>
<trkpt lat="41.9856232" lon="2.8392755000000136">
<ele>99.97057495981873</ele>
<time>2026-08-28T12:13:54.168Z</time>
</trkpt>
<trkpt lat="41.9856636" lon="2.839220399999988">
<ele>99.85129103010946</ele>
<time>2026-08-28T12:13:57.964Z</time>
</trkpt>
<trkpt lat="41.9857164" lon="2.839218299999999">
<ele>99.94334012061759</ele>
<time>2026-08-28T12:14:00.570Z</time>
</trkpt>
<trkpt lat="41.9857488" lon="2.8391664000000105">
<ele>99.85072696317854</ele>
<time>2026-08-28T12:14:03.785Z</time>
</trkpt>
<trkpt lat="41.9857817" lon="2.839122500000002">
<ele>99.98703540865152</ele>
<time>2026-08-28T12:14:06.998Z</time>
</trkpt>
<trkpt lat="41.9858175" lon="2.8390819999999906">
<ele>100.23565014140026</ele>
<time>2026-08-28T12:14:10.442Z</time>
</trkpt>
<trkpt lat="41.9858562" lon="2.839049799999998">
<ele>99.66797222312232</ele>
<time>2026-08-28T12:14:13.997Z</time>
</trkpt>
<trkpt lat="41.9858963" lon="2.8390159999999867">
<ele>99.06377671838817</ele>
<time>2026-08-28T12:14:17.533Z</time>
</trkpt>
<trkpt lat="41.9859331" lon="2.838979800000004">
<ele>98.49641797582387</ele>
<time>2026-08-28T12:14:20.843Z</time>
</trkpt>
<trkpt lat="41.985974" lon="2.8389429000000064">
<ele>97.84548006694015</ele>
<time>2026-08-28T12:14:24.046Z</time>
</trkpt>
<trkpt lat="41.9860124" lon="2.838908800000013">
<ele>96.97513905249315</ele>
<time>2026-08-28T12:14:27.227Z</time>
</trkpt>
<trkpt lat="41.9860536" lon="2.8388677000000087">
<ele>96.17418152408602</ele>
<time>2026-08-28T12:14:30.904Z</time>
</trkpt>
<trkpt lat="41.9860921" lon="2.8388252999999963">
<ele>95.57482137054427</ele>
<time>2026-08-28T12:14:34.485Z</time>
</trkpt>
<trkpt lat="41.9861276" lon="2.8387865999999917">
<ele>94.77023548610937</ele>
<time>2026-08-28T12:14:37.786Z</time>
</trkpt>
<trkpt lat="41.986168" lon="2.8387486999999965">
<ele>93.78941847450561</ele>
<time>2026-08-28T12:14:41.343Z</time>
</trkpt>
<trkpt lat="41.9862025" lon="2.838709399999999">
<ele>92.8379393739685</ele>
<time>2026-08-28T12:14:43.964Z</time>
</trkpt>
<trkpt lat="41.98624" lon="2.8386739000000034">
<ele>91.76709636503047</ele>
<time>2026-08-28T12:14:48.028Z</time>
</trkpt>
<trkpt lat="41.9862779" lon="2.8386316000000136">
<ele>91.13082587568435</ele>
<time>2026-08-28T12:14:51.844Z</time>
</trkpt>
<trkpt lat="41.9863149" lon="2.8385914000000128">
<ele>90.83445149788346</ele>
<time>2026-08-28T12:14:55.323Z</time>
</trkpt>
<trkpt lat="41.9863583" lon="2.8385577999999896">
<ele>90.55366327676218</ele>
<time>2026-08-28T12:14:59.565Z</time>
</trkpt>
<trkpt lat="41.9864015" lon="2.8385386999999866">
<ele>90.65548358611704</ele>
<time>2026-08-28T12:15:03.997Z</time>
</trkpt>
<trkpt lat="41.9864506" lon="2.8385273000000097">
<ele>90.79146944849442</ele>
<time>2026-08-28T12:15:08.542Z</time>
</trkpt>
<trkpt lat="41.9864973" lon="2.838527499999998">
<ele>90.75840719037848</ele>
<time>2026-08-28T12:15:12.666Z</time>
</trkpt>
<trkpt lat="41.9865431" lon="2.8385265999999945">
<ele>90.73918672725486</ele>
<time>2026-08-28T12:15:16.387Z</time>
</trkpt>
<trkpt lat="41.9865909" lon="2.83852619999999">
<ele>90.71148235797186</ele>
<time>2026-08-28T12:15:20.528Z</time>
</trkpt>
<trkpt lat="41.9866439" lon="2.838524199999995">
<ele>90.69460943181726</ele>
<time>2026-08-28T12:15:25.007Z</time>
</trkpt>
<trkpt lat="41.9866928" lon="2.838509899999991">
<ele>90.50415039320838</ele>
<time>2026-08-28T12:15:28.848Z</time>
</trkpt>
<trkpt lat="41.9867414" lon="2.838499600000006">
<ele>90.24272083793791</ele>
<time>2026-08-28T12:15:32.566Z</time>
</trkpt>
<trkpt lat="41.9867858" lon="2.8384775000000104">
<ele>90.10154769110576</ele>
<time>2026-08-28T12:15:36.002Z</time>
</trkpt>
<trkpt lat="41.9868271" lon="2.8384447999999907">
<ele>90.05176274107778</ele>
<time>2026-08-28T12:15:39.487Z</time>
</trkpt>
<trkpt lat="41.9868595" lon="2.8383982999999944">
<ele>90.15650964133273</ele>
<time>2026-08-28T12:15:42.997Z</time>
</trkpt>
<trkpt lat="41.986904" lon="2.838374700000003">
<ele>89.94158071501701</ele>
<time>2026-08-28T12:15:45.205Z</time>
</trkpt>
<trkpt lat="41.9869475" lon="2.8383556">
<ele>89.56507677215421</ele>
<time>2026-08-28T12:15:48.012Z</time>
</trkpt>
<trkpt lat="41.9869858" lon="2.8383195000000114">
<ele>89.28146951910588</ele>
<time>2026-08-28T12:15:51.148Z</time>
</trkpt>
<trkpt lat="41.9870286" lon="2.838284899999991">
<ele>89.00622454156975</ele>
<time>2026-08-28T12:15:53.998Z</time>
</trkpt>
<trkpt lat="41.9870702" lon="2.8382590999999877">
<ele>88.74305308457167</ele>
<time>2026-08-28T12:15:58.148Z</time>
</trkpt>
</trkseg></trk></gpx>
