<?xml version="1.0" encoding="UTF-8"?>
<gpx version="1.1" creator="Senda">
<bounds minlat="0.0" minlon="0.0" maxlat="0.0" maxlon="0.0" />
<trk><name>sarria-log 2026-08-02</name><trkseg>
<trkpt lat="41.9909068" lon="2.824844799999994">
<ele>73.0365446697331</ele>
<time>2026-08-02T05:10:56.872Z</time>
</trkpt>
<trkpt lat="41.9909493" lon="2.8248180999999875">
<ele>72.8798884646641</ele>
<time>2026-08-02T05:10:59.725Z</time>
</trkpt>
<trkpt lat="41.9909816" lon="2.8247691999999915">
<ele>72.86676259352281</ele>
<time>2026-08-02T05:11:04.422Z</time>
</trkpt>
<trkpt lat="41.9910189" lon="2.82472709999999">
<ele>72.63788923837333</ele>
<time>2026-08-02T05:11:10.745Z</time>
</trkpt>
<trkpt lat="41.9910492" lon="2.824676299999993">
<ele>72.22246253742111</ele>
<time>2026-08-02T05:11:14.819Z</time>
</trkpt>
<trkpt lat="41.9910771" lon="2.8246196999999995">
<ele>71.67544231945574</ele>
<time>2026-08-02T05:11:28.927Z</time>
</trkpt>
<trkpt lat="41.9911259" lon="2.824619299999995">
<ele>71.83051524021465</ele>
<time>2026-08-02T05:11:34.944Z</time>
</trkpt>
<trkpt lat="41.9911574" lon="2.8246648999999877">
<ele>72.41238774824642</ele>
<time>2026-08-02T05:11:41.539Z</time>
</trkpt>
<trkpt lat="41.9911923" lon="2.82470459999999">
<ele>72.8477574681409</ele>
<time>2026-08-02T05:11:44.404Z</time>
</trkpt>
<trkpt lat="41.9912284" lon="2.824748800000009">
<ele>73.13096327762986</ele>
<time>2026-08-02T05:11:47.502Z</time>
</trkpt>
<trkpt lat="41.9912717" lon="2.8247830999999906">
<ele>73.49526811874608</ele>
<time>2026-08-02T05:11:50.702Z</time>
</trkpt>
<trkpt lat="41.9913157" lon="2.824799299999995">
<ele>73.91924281121358</ele>
<time>2026-08-02T05:11:53.943Z</time>
</trkpt>
<trkpt lat="41.9913612" lon="2.82483160000001">
<ele>74.60102313972249</ele>
<time>2026-08-02T05:11:57.983Z</time>
</trkpt>
<trkpt lat="41.9914037" lon="2.8248517000000106">
<ele>74.66211612349211</ele>
<time>2026-08-02T05:12:01.962Z</time>
</trkpt>
<trkpt lat="41.9914497" lon="2.8248455000000092">
<ele>74.06372295305401</ele>
<time>2026-08-02T05:12:05.323Z</time>
</trkpt>
<trkpt lat="41.9915011" lon="2.824879399999986">
<ele>73.78569504935639</ele>
<time>2026-08-02T05:12:09.908Z</time>
</trkpt>
<trkpt lat="41.9915428" lon="2.8249113999999906">
<ele>73.56318658011939</ele>
<time>2026-08-02T05:12:13.933Z</time>
</trkpt>
<trkpt lat="41.9915853" lon="2.824936000000008">
<ele>73.23227477699312</ele>
<time>2026-08-02T05:12:20.927Z</time>
</trkpt>
<trkpt lat="41.9916284" lon="2.8249616999999887">
<ele>72.87211096465946</ele>
<time>2026-08-02T05:12:26.305Z</time>
</trkpt>
<trkpt lat="41.991671" lon="2.824986200000012">
<ele>72.5570319899824</ele>
<time>2026-08-02T05:12:30.404Z</time>
</trkpt>
<trkpt lat="41.9917128" lon="2.825019800000007">
<ele>72.3616944433784</ele>
<time>2026-08-02T05:12:34.501Z</time>
</trkpt>
<trkpt lat="41.9917603" lon="2.825049299999989">
<ele>71.91293363275395</ele>
<time>2026-08-02T05:12:37.909Z</time>
</trkpt>
<trkpt lat="41.9918043" lon="2.8250813999999878">
<ele>71.4854756645872</ele>
<time>2026-08-02T05:12:41.781Z</time>
</trkpt>
<trkpt lat="41.9918431" lon="2.8251156000000037">
<ele>71.22003944737705</ele>
<time>2026-08-02T05:12:44.205Z</time>
</trkpt>
<trkpt lat="41.9918868" lon="2.825146899999993">
<ele>71.02999289476527</ele>
<time>2026-08-02T05:12:46.899Z</time>
</trkpt>
<trkpt lat="41.9919274" lon="2.8251769000000024">
<ele>70.96345824557973</ele>
<time>2026-08-02T05:12:49.463Z</time>
</trkpt>
<trkpt lat="41.9919728" lon="2.825203799999997">
<ele>71.03802361850597</ele>
<time>2026-08-02T05:12:52.601Z</time>
</trkpt>
<trkpt lat="41.9920119" lon="2.8252339000000006">
<ele>71.13627919531267</ele>
<time>2026-08-02T05:12:55.363Z</time>
</trkpt>
<trkpt lat="41.9920549" lon="2.8252669000000026">
<ele>71.21957847253069</ele>
<time>2026-08-02T05:12:58.459Z</time>
</trkpt>
<trkpt lat="41.992097" lon="2.825299599999994">
<ele>71.27824565416589</ele>
<time>2026-08-02T05:13:01.979Z</time>
</trkpt>
<trkpt lat="41.9921428" lon="2.8253378">
<ele>71.26307498566975</ele>
<time>2026-08-02T05:13:05.645Z</time>
</trkpt>
<trkpt lat="41.9921848" lon="2.8253641999999957">
<ele>71.24531843737479</ele>
<time>2026-08-02T05:13:08.872Z</time>
</trkpt>
<trkpt lat="41.9922277" lon="2.825395399999991">
<ele>71.11214135830113</ele>
<time>2026-08-02T05:13:12.198Z</time>
</trkpt>
<trkpt lat="41.9922696" lon="2.8254210000000057">
<ele>70.73595307827107</ele>
<time>2026-08-02T05:13:16.343Z</time>
</trkpt>
<trkpt lat="41.9923122" lon="2.8254436">
<ele>70.38057131674093</ele>
<time>2026-08-02T05:13:23.122Z</time>
</trkpt>
<trkpt lat="41.9923548" lon="2.825472200000007">
<ele>70.09714170626674</ele>
<time>2026-08-02T05:13:27.579Z</time>
</trkpt>
<trkpt lat="41.9924" lon="2.825501900000006">
<ele>69.84493201202743</ele>
<time>2026-08-02T05:13:31.340Z</time>
</trkpt>
<trkpt lat="41.9924441" lon="2.8255292000000054">
<ele>69.63765542131992</ele>
<time>2026-08-02T05:13:34.845Z</time>
</trkpt>
<trkpt lat="41.9924928" lon="2.8255545000000097">
<ele>69.46249233371209</ele>
<time>2026-08-02T05:13:38.565Z</time>
</trkpt>
<trkpt lat="41.9925367" lon="2.8255775000000085">
<ele>69.85262425047436</ele>
<time>2026-08-02T05:13:42.062Z</time>
</trkpt>
<trkpt lat="41.9925748" lon="2.825609799999995">
<ele>70.26557205070854</ele>
<time>2026-08-02T05:13:45.463Z</time>
</trkpt>
<trkpt lat="41.9926218" lon="2.8256403999999975">
<ele>70.5564141070144</ele>
<time>2026-08-02T05:13:48.920Z</time>
</trkpt>
<trkpt lat="41.9926669" lon="2.8256653999999912">
<ele>70.7198052441702</ele>
<time>2026-08-02T05:13:52.481Z</time>
</trkpt>
<trkpt lat="41.9927179" lon="2.825698200000005">
<ele>70.79086427424403</ele>
<time>2026-08-02T05:13:56.203Z</time>
</trkpt>
<trkpt lat="41.9927615" lon="2.825722500000012">
<ele>70.7532262152541</ele>
<time>2026-08-02T05:13:59.917Z</time>
</trkpt>
<trkpt lat="41.9928083" lon="2.8257466999999963">
<ele>70.38508348969764</ele>
<time>2026-08-02T05:14:03.382Z</time>
</trkpt>
<trkpt lat="41.992859" lon="2.825746900000013">
<ele>70.01183787918812</ele>
<time>2026-08-02T05:14:06.503Z</time>
</trkpt>
<trkpt lat="41.9929112" lon="2.825745899999987">
<ele>69.62772500974873</ele>
<time>2026-08-02T05:14:10.559Z</time>
</trkpt>
<trkpt lat="41.9929569" lon="2.825761699999987">
<ele>69.30915144784298</ele>
<time>2026-08-02T05:14:14.064Z</time>
</trkpt>
<trkpt lat="41.9930055" lon="2.8257798999999864">
<ele>69.006319868202</ele>
<time>2026-08-02T05:14:17.802Z</time>
</trkpt>
<trkpt lat="41.9930525" lon="2.825794099999996">
<ele>68.77533441125102</ele>
<time>2026-08-02T05:14:21.241Z</time>
</trkpt>
<trkpt lat="41.9931032" lon="2.8258083999999997">
<ele>68.80881852145494</ele>
<time>2026-08-02T05:14:24.985Z</time>
</trkpt>
<trkpt lat="41.9931462" lon="2.8258299000000022">
<ele>68.927274471691</ele>
<time>2026-08-02T05:14:28.465Z</time>
</trkpt>
<trkpt lat="41.9931945" lon="2.8258346000000074">
<ele>68.98124825013873</ele>
<time>2026-08-02T05:14:32.162Z</time>
</trkpt>
<trkpt lat="41.993242" lon="2.825835100000006">
<ele>69.01101333613417</ele>
<time>2026-08-02T05:14:35.899Z</time>
</trkpt>
<trkpt lat="41.9932901" lon="2.8258352">
<ele>69.03841636831973</ele>
<time>2026-08-02T05:14:39.341Z</time>
</trkpt>
<trkpt lat="41.9933354" lon="2.825835500000011">
<ele>69.02767779542683</ele>
<time>2026-08-02T05:14:42.742Z</time>
</trkpt>
<trkpt lat="41.9933804" lon="2.8258294000000035">
<ele>68.82564792911458</ele>
<time>2026-08-02T05:14:45.959Z</time>
</trkpt>
<trkpt lat="41.9934261" lon="2.82582690000001">
<ele>68.66071308532055</ele>
<time>2026-08-02T05:14:48.824Z</time>
</trkpt>
<trkpt lat="41.9934727" lon="2.8258137999999917">
<ele>68.35883604011686</ele>
<time>2026-08-02T05:14:52.479Z</time>
</trkpt>
<trkpt lat="41.993522" lon="2.8258042999999873">
<ele>68.08493757861315</ele>
<time>2026-08-02T05:14:55.903Z</time>
</trkpt>
<trkpt lat="41.9935679" lon="2.8257905000000108">
<ele>67.75743887874617</ele>
<time>2026-08-02T05:14:58.944Z</time>
</trkpt>
<trkpt lat="41.993613" lon="2.825780100000003">
<ele>67.48846483681035</ele>
<time>2026-08-02T05:15:02.665Z</time>
</trkpt>
<trkpt lat="41.9936585" lon="2.8257707999999866">
<ele>67.2945743294096</ele>
<time>2026-08-02T05:15:06.084Z</time>
</trkpt>
<trkpt lat="41.9936985" lon="2.825741999999991">
<ele>66.84928420714421</ele>
<time>2026-08-02T05:15:09.899Z</time>
</trkpt>
<trkpt lat="41.9937494" lon="2.8257423999999958">
<ele>66.78070963759268</ele>
<time>2026-08-02T05:15:13.402Z</time>
</trkpt>
<trkpt lat="41.9937969" lon="2.8257408999999996">
<ele>66.69188808182659</ele>
<time>2026-08-02T05:15:16.899Z</time>
</trkpt>
<trkpt lat="41.9938462" lon="2.825731999999988">
<ele>66.50343703435261</ele>
<time>2026-08-02T05:15:20.504Z</time>
</trkpt>
<trkpt lat="41.9938944" lon="2.8257289000000014">
<ele>66.43936160463699</ele>
<time>2026-08-02T05:15:23.626Z</time>
</trkpt>
<trkpt lat="41.9939436" lon="2.825713900000011">
<ele>66.35420103879974</ele>
<time>2026-08-02T05:15:27.566Z</time>
</trkpt>
<trkpt lat="41.9939902" lon="2.825703599999997">
<ele>66.34564081414243</ele>
<time>2026-08-02T05:15:31.143Z</time>
</trkpt>
<trkpt lat="41.9940383" lon="2.825690199999997">
<ele>66.3330537802614</ele>
<time>2026-08-02T05:15:34.705Z</time>
</trkpt>
<trkpt lat="41.9940865" lon="2.8256847000000107">
<ele>66.41652610627358</ele>
<time>2026-08-02T05:15:37.866Z</time>
</trkpt>
<trkpt lat="41.9941324" lon="2.825669099999999">
<ele>66.43022621260701</ele>
<time>2026-08-02T05:15:41.324Z</time>
</trkpt>
<trkpt lat="41.9941822" lon="2.825659900000005">
<ele>66.55808869692403</ele>
<time>2026-08-02T05:15:44.902Z</time>
</trkpt>
<trkpt lat="41.9942273" lon="2.825669800000014">
<ele>66.83456441580815</ele>
<time>2026-08-02T05:15:48.905Z</time>
</trkpt>
<trkpt lat="41.994271" lon="2.825647300000014">
<ele>66.8698898203888</ele>
<time>2026-08-02T05:15:52.003Z</time>
</trkpt>
<trkpt lat="41.9943165" lon="2.8256283000000053">
<ele>66.93016632654508</ele>
<time>2026-08-02T05:15:55.725Z</time>
</trkpt>
<trkpt lat="41.9943668" lon="2.825618200000008">
<ele>67.07253588076732</ele>
<time>2026-08-02T05:15:59.799Z</time>
</trkpt>
<trkpt lat="41.9944177" lon="2.8256020999999976">
<ele>67.16404478777689</ele>
<time>2026-08-02T05:16:03.928Z</time>
</trkpt>
<trkpt lat="41.9944627" lon="2.8256119000000126">
<ele>67.39962368294646</ele>
<time>2026-08-02T05:16:07.345Z</time>
</trkpt>
<trkpt lat="41.99451" lon="2.825599799999992">
<ele>67.4484013398342</ele>
<time>2026-08-02T05:16:11.324Z</time>
</trkpt>
<trkpt lat="41.9945607" lon="2.8255833999999993">
<ele>67.41995406578393</ele>
<time>2026-08-02T05:16:14.973Z</time>
</trkpt>
<trkpt lat="41.9946056" lon="2.8255704999999978">
<ele>67.35205753943806</ele>
<time>2026-08-02T05:16:18.046Z</time>
</trkpt>
<trkpt lat="41.9946488" lon="2.82555339999999">
<ele>67.21357205376832</ele>
<time>2026-08-02T05:16:21.078Z</time>
</trkpt>
<trkpt lat="41.9946971" lon="2.825538999999992">
<ele>67.13903516185368</ele>
<time>2026-08-02T05:16:24.464Z</time>
</trkpt>
<trkpt lat="41.9947447" lon="2.8255221999999947">
<ele>67.18643401986242</ele>
<time>2026-08-02T05:16:27.922Z</time>
</trkpt>
<trkpt lat="41.9947858" lon="2.8254924000000017">
<ele>67.0379761740361</ele>
<time>2026-08-02T05:16:31.499Z</time>
</trkpt>
<trkpt lat="41.9948274" lon="2.8254671999999914">
<ele>66.94273817711267</ele>
<time>2026-08-02T05:16:35.204Z</time>
</trkpt>
<trkpt lat="41.9948725" lon="2.8254584000000023">
<ele>67.14332227187053</ele>
<time>2026-08-02T05:16:38.244Z</time>
</trkpt>
<trkpt lat="41.9949198" lon="2.8254584999999963">
<ele>67.51664268424408</ele>
<time>2026-08-02T05:16:40.924Z</time>
</trkpt>
<trkpt lat="41.9949669" lon="2.8254508999999928">
<ele>67.74051095200234</ele>
<time>2026-08-02T05:16:44.324Z</time>
</trkpt>
<trkpt lat="41.9950152" lon="2.825434300000012">
<ele>67.86362550471455</ele>
<time>2026-08-02T05:16:47.909Z</time>
</trkpt>
<trkpt lat="41.9950552" lon="2.8254011999999875">
<ele>67.64108700171796</ele>
<time>2026-08-02T05:16:51.742Z</time>
</trkpt>
<trkpt lat="41.995097" lon="2.8253732000000014">
<ele>67.51921589516907</ele>
<time>2026-08-02T05:16:55.405Z</time>
</trkpt>
<trkpt lat="41.9951365" lon="2.8253441999999893">
<ele>67.33307622714945</ele>
<time>2026-08-02T05:16:58.975Z</time>
</trkpt>
<trkpt lat="41.9951823" lon="2.825337100000013">
<ele>67.65409041801239</ele>
<time>2026-08-02T05:17:01.801Z</time>
</trkpt>
<trkpt lat="41.9952337" lon="2.8253228000000092">
<ele>67.87109513207243</ele>
<time>2026-08-02T05:17:05.499Z</time>
</trkpt>
<trkpt lat="41.9952768" lon="2.8253024999999923">
<ele>67.79629350033987</ele>
<time>2026-08-02T05:17:08.583Z</time>
</trkpt>
<trkpt lat="41.9953203" lon="2.8252825000000144">
<ele>67.28086462493694</ele>
<time>2026-08-02T05:17:11.900Z</time>
</trkpt>
<trkpt lat="41.9953653" lon="2.825268499999993">
<ele>66.901969837211</ele>
<time>2026-08-02T05:17:15.038Z</time>
</trkpt>
<trkpt lat="41.9954128" lon="2.825246099999987">
<ele>66.35539168794533</ele>
<time>2026-08-02T05:17:18.801Z</time>
</trkpt>
<trkpt lat="41.9954603" lon="2.825227500000011">
<ele>65.90202694522841</ele>
<time>2026-08-02T05:17:22.323Z</time>
</trkpt>
<trkpt lat="41.995503" lon="2.825205100000005">
<ele>65.39287833617686</ele>
<time>2026-08-02T05:17:25.966Z</time>
</trkpt>
<trkpt lat="41.9955453" lon="2.8251802999999995">
<ele>64.8517852875517</ele>
<time>2026-08-02T05:17:29.945Z</time>
</trkpt>
<trkpt lat="41.9955931" lon="2.825163900000007">
<ele>65.00988497610919</ele>
<time>2026-08-02T05:17:33.124Z</time>
</trkpt>
<trkpt lat="41.9956381" lon="2.8251472000000035">
<ele>65.21253625603369</ele>
<time>2026-08-02T05:17:36.544Z</time>
</trkpt>
<trkpt lat="41.9956791" lon="2.825116600000001">
<ele>65.1670895064307</ele>
<time>2026-08-02T05:17:39.970Z</time>
</trkpt>
<trkpt lat="41.9957237" lon="2.8250997000000098">
<ele>65.43810017722555</ele>
<time>2026-08-02T05:17:42.684Z</time>
</trkpt>
<trkpt lat="41.9957725" lon="2.825089200000008">
<ele>65.88978167438917</ele>
<time>2026-08-02T05:17:46.365Z</time>
</trkpt>
<trkpt lat="41.9958197" lon="2.825068299999998">
<ele>66.19969485279316</ele>
<time>2026-08-02T05:17:49.765Z</time>
</trkpt>
<trkpt lat="41.9958629" lon="2.825049799999988">
<ele>66.24614299637443</ele>
<time>2026-08-02T05:17:52.799Z</time>
</trkpt>
<trkpt lat="41.995913" lon="2.825030099999992">
<ele>66.19830480891433</ele>
<time>2026-08-02T05:17:56.522Z</time>
</trkpt>
<trkpt lat="41.9959556" lon="2.825009499999993">
<ele>66.07396152672756</ele>
<time>2026-08-02T05:17:59.905Z</time>
</trkpt>
<trkpt lat="41.9960073" lon="2.824986300000006">
<ele>65.91172935241403</ele>
<time>2026-08-02T05:18:03.725Z</time>
</trkpt>
<trkpt lat="41.9960486" lon="2.8249616999999887">
<ele>65.64364997327787</ele>
<time>2026-08-02T05:18:06.853Z</time>
</trkpt>
<trkpt lat="41.9960901" lon="2.824934799999994">
<ele>65.29746142392038</ele>
<time>2026-08-02T05:18:10.158Z</time>
</trkpt>
<trkpt lat="41.996133" lon="2.8249113999999906">
<ele>65.1437216563717</ele>
<time>2026-08-02T05:18:12.880Z</time>
</trkpt>
<trkpt lat="41.9961787" lon="2.824877799999996">
<ele>64.90396727751083</ele>
<time>2026-08-02T05:18:16.945Z</time>
</trkpt>
<trkpt lat="41.9962244" lon="2.8248528999999962">
<ele>64.82414679841649</ele>
<time>2026-08-02T05:18:20.362Z</time>
</trkpt>
<trkpt lat="41.9962696" lon="2.8248306000000127">
<ele>64.78575037007093</ele>
<time>2026-08-02T05:18:23.899Z</time>
</trkpt>
<trkpt lat="41.996315" lon="2.8248134000000107">
<ele>64.84322439488665</ele>
<time>2026-08-02T05:18:27.084Z</time>
</trkpt>
<trkpt lat="41.9963662" lon="2.8247902999999894">
<ele>64.83365370669186</ele>
<time>2026-08-02T05:18:30.485Z</time>
</trkpt>
<trkpt lat="41.9964103" lon="2.824761599999988">
<ele>64.70910551824235</ele>
<time>2026-08-02T05:18:34.541Z</time>
</trkpt>
<trkpt lat="41.9964527" lon="2.8247412999999995">
<ele>64.88258031218233</ele>
<time>2026-08-02T05:18:37.988Z</time>
</trkpt>
<trkpt lat="41.9964955" lon="2.824721799999992">
<ele>65.05843492239714</ele>
<time>2026-08-02T05:18:41.381Z</time>
</trkpt>
<trkpt lat="41.9965486" lon="2.8247049999999945">
<ele>65.29740186341087</ele>
<time>2026-08-02T05:18:45.922Z</time>
</trkpt>
<trkpt lat="41.9965986" lon="2.824708600000008">
<ele>65.78035839580201</ele>
<time>2026-08-02T05:18:49.602Z</time>
</trkpt>
<trkpt lat="41.9966438" lon="2.824683399999998">
<ele>65.7130569290387</ele>
<time>2026-08-02T05:18:53.665Z</time>
</trkpt>
<trkpt lat="41.996682" lon="2.8246512000000052">
<ele>65.51919372146355</ele>
<time>2026-08-02T05:18:56.720Z</time>
</trkpt>
<trkpt lat="41.9967278" lon="2.824618700000002">
<ele>65.51535964727704</ele>
<time>2026-08-02T05:19:00.801Z</time>
</trkpt>
<trkpt lat="41.9967734" lon="2.8246126999999888">
<ele>66.0068652588998</ele>
<time>2026-08-02T05:19:04.218Z</time>
</trkpt>
<trkpt lat="41.9968215" lon="2.8246104000000116">
<ele>66.60142290639617</ele>
<time>2026-08-02T05:19:08.003Z</time>
</trkpt>
<trkpt lat="41.9968665" lon="2.824591499999997">
<ele>66.81585184047282</ele>
<time>2026-08-02T05:19:11.444Z</time>
</trkpt>
<trkpt lat="41.9969153" lon="2.8245813000000055">
<ele>67.24703336124836</ele>
<time>2026-08-02T05:19:14.908Z</time>
</trkpt>
<trkpt lat="41.9969608" lon="2.8245728999999926">
<ele>67.63058288988438</ele>
<time>2026-08-02T05:19:18.947Z</time>
</trkpt>
<trkpt lat="41.9970037" lon="2.8245488000000023">
<ele>67.61272003588327</ele>
<time>2026-08-02T05:19:22.442Z</time>
</trkpt>
<trkpt lat="41.9970487" lon="2.8245177999999953">
<ele>67.47395482089959</ele>
<time>2026-08-02T05:19:25.562Z</time>
</trkpt>
<trkpt lat="41.9970928" lon="2.8244961999999987">
<ele>67.52087076517131</ele>
<time>2026-08-02T05:19:28.929Z</time>
</trkpt>
<trkpt lat="41.9971391" lon="2.824481100000014">
<ele>67.72813065107017</ele>
<time>2026-08-02T05:19:32.184Z</time>
</trkpt>
<trkpt lat="41.9971882" lon="2.824462699999998">
<ele>67.84940074665009</ele>
<time>2026-08-02T05:19:35.919Z</time>
</trkpt>
<trkpt lat="41.9972333" lon="2.8244550999999944">
<ele>68.02071505108135</ele>
<time>2026-08-02T05:19:39.080Z</time>
</trkpt>
<trkpt lat="41.9972785" lon="2.824436100000014">
<ele>67.70747594044785</ele>
<time>2026-08-02T05:19:42.625Z</time>
</trkpt>
<trkpt lat="41.9973244" lon="2.8244291999999973">
<ele>67.71587824797689</ele>
<time>2026-08-02T05:19:45.961Z</time>
</trkpt>
<trkpt lat="41.9973734" lon="2.8244180000000085">
<ele>67.66120772149651</ele>
<time>2026-08-02T05:19:49.427Z</time>
</trkpt>
<trkpt lat="41.9974192" lon="2.824412300000006">
<ele>67.73217388354435</ele>
<time>2026-08-02T05:19:52.482Z</time>
</trkpt>
<trkpt lat="41.9974649" lon="2.8244119999999953">
<ele>67.91877880577336</ele>
<time>2026-08-02T05:19:55.545Z</time>
</trkpt>
<trkpt lat="41.9975101" lon="2.8244128999999987">
<ele>68.10655347531873</ele>
<time>2026-08-02T05:19:58.626Z</time>
</trkpt>
<trkpt lat="41.9975569" lon="2.824410999999998">
<ele>68.20362060904037</ele>
<time>2026-08-02T05:20:01.939Z</time>
</trkpt>
<trkpt lat="41.9976108" lon="2.824410499999999">
<ele>68.34606958614754</ele>
<time>2026-08-02T05:20:05.844Z</time>
</trkpt>
<trkpt lat="41.9976567" lon="2.824406900000014">
<ele>68.4102387222522</ele>
<time>2026-08-02T05:20:09.302Z</time>
</trkpt>
<trkpt lat="41.9977034" lon="2.8244081999999935">
<ele>68.56500244012007</ele>
<time>2026-08-02T05:20:12.939Z</time>
</trkpt>
<trkpt lat="41.9977529" lon="2.8244128000000046">
<ele>68.78671133303185</ele>
<time>2026-08-02T05:20:16.942Z</time>
</trkpt>
<trkpt lat="41.9977997" lon="2.8244134999999915">
<ele>69.05463584142994</ele>
<time>2026-08-02T05:20:20.939Z</time>
</trkpt>
<trkpt lat="41.9978446" lon="2.8244087999999863">
<ele>69.32151357659184</ele>
<time>2026-08-02T05:20:24.446Z</time>
</trkpt>
<trkpt lat="41.9978933" lon="2.824405299999995">
<ele>69.64177501150111</ele>
<time>2026-08-02T05:20:27.917Z</time>
</trkpt>
<trkpt lat="41.9979404" lon="2.8244029999999896">
<ele>69.9720435746915</ele>
<time>2026-08-02T05:20:31.949Z</time>
</trkpt>
<trkpt lat="41.9979904" lon="2.824403100000012">
<ele>70.36582225929118</ele>
<time>2026-08-02T05:20:35.939Z</time>
</trkpt>
<trkpt lat="41.9980421" lon="2.8244089000000088">
<ele>70.86343261285306</ele>
<time>2026-08-02T05:20:39.939Z</time>
</trkpt>
<trkpt lat="41.9980916" lon="2.8244095999999956">
<ele>70.87463650676916</ele>
<time>2026-08-02T05:20:43.545Z</time>
</trkpt>
<trkpt lat="41.9981407" lon="2.8244114999999965">
<ele>70.79510452601157</ele>
<time>2026-08-02T05:20:47.283Z</time>
</trkpt>
<trkpt lat="41.9981872" lon="2.824414499999989">
<ele>70.73176581532982</ele>
<time>2026-08-02T05:20:50.740Z</time>
</trkpt>
<trkpt lat="41.9982387" lon="2.824413899999996">
<ele>70.60807351128865</ele>
<time>2026-08-02T05:20:54.501Z</time>
</trkpt>
<trkpt lat="41.9982909" lon="2.824412499999994">
<ele>70.47546371355807</ele>
<time>2026-08-02T05:20:58.583Z</time>
</trkpt>
<trkpt lat="41.9983382" lon="2.8244080000000054">
<ele>70.34749244428139</ele>
<time>2026-08-02T05:21:01.992Z</time>
</trkpt>
<trkpt lat="41.998384" lon="2.8244082999999875">
<ele>70.38883518594285</ele>
<time>2026-08-02T05:21:05.120Z</time>
</trkpt>
<trkpt lat="41.9984357" lon="2.824395100000004">
<ele>70.28368270228259</ele>
<time>2026-08-02T05:21:08.825Z</time>
</trkpt>
<trkpt lat="41.9984828" lon="2.824384100000003">
<ele>70.18553306256335</ele>
<time>2026-08-02T05:21:12.339Z</time>
</trkpt>
<trkpt lat="41.9985313" lon="2.8243750999999975">
<ele>70.10014925086436</ele>
<time>2026-08-02T05:21:15.419Z</time>
</trkpt>
<trkpt lat="41.9985764" lon="2.824364800000012">
<ele>69.98618959225803</ele>
<time>2026-08-02T05:21:18.939Z</time>
</trkpt>
<trkpt lat="41.9986227" lon="2.8243538000000115">
<ele>69.85101593680014</ele>
<time>2026-08-02T05:21:22.140Z</time>
</trkpt>
<trkpt lat="41.9986707" lon="2.824344599999989">
<ele>69.73103648369299</ele>
<time>2026-08-02T05:21:26.222Z</time>
</trkpt>
<trkpt lat="41.9987183" lon="2.8243388999999866">
<ele>69.65505756734449</ele>
<time>2026-08-02T05:21:29.939Z</time>
</trkpt>
<trkpt lat="41.9987674" lon="2.824342900000005">
<ele>69.71407639603424</ele>
<time>2026-08-02T05:21:33.306Z</time>
</trkpt>
<trkpt lat="41.9988133" lon="2.824342999999999">
<ele>69.71852229507563</ele>
<time>2026-08-02T05:21:36.948Z</time>
</trkpt>
<trkpt lat="41.9988644" lon="2.824345700000009">
<ele>69.76171585859153</ele>
<time>2026-08-02T05:21:40.485Z</time>
</trkpt>
<trkpt lat="41.9989136" lon="2.8243486000000075">
<ele>69.83837888325884</ele>
<time>2026-08-02T05:21:43.903Z</time>
</trkpt>
<trkpt lat="41.9989598" lon="2.824356899999998">
<ele>70.02672149904723</ele>
<time>2026-08-02T05:21:46.944Z</time>
</trkpt>
<trkpt lat="41.9990069" lon="2.8243665999999905">
<ele>70.25140466109603</ele>
<time>2026-08-02T05:21:50.625Z</time>
</trkpt>
<trkpt lat="41.9990549" lon="2.8243711000000076">
<ele>70.400841653573</ele>
<time>2026-08-02T05:21:53.979Z</time>
</trkpt>
<trkpt lat="41.9991035" lon="2.8243736999999953">
<ele>70.52330777935997</ele>
<time>2026-08-02T05:21:57.685Z</time>
</trkpt>
<trkpt lat="41.999156" lon="2.8243749000000093">
<ele>70.62941815208617</ele>
<time>2026-08-02T05:22:01.743Z</time>
</trkpt>
<trkpt lat="41.9992023" lon="2.8243777000000136">
<ele>70.67920659524981</ele>
<time>2026-08-02T05:22:05.161Z</time>
</trkpt>
<trkpt lat="41.9992496" lon="2.8243851000000006">
<ele>70.77702490306645</ele>
<time>2026-08-02T05:22:09.245Z</time>
</trkpt>
<trkpt lat="41.9992965" lon="2.8243890999999905">
<ele>70.80243580308881</ele>
<time>2026-08-02T05:22:12.862Z</time>
</trkpt>
<trkpt lat="41.9993454" lon="2.8243989000000056">
<ele>70.89299041420335</ele>
<time>2026-08-02T05:22:16.303Z</time>
</trkpt>
<trkpt lat="41.999396" lon="2.824405100000007">
<ele>70.90830858690508</ele>
<time>2026-08-02T05:22:19.960Z</time>
</trkpt>
<trkpt lat="41.999441" lon="2.8244115999999906">
<ele>70.91617455188165</ele>
<time>2026-08-02T05:22:23.024Z</time>
</trkpt>
<trkpt lat="41.9994904" lon="2.824411900000001">
<ele>70.95023074331085</ele>
<time>2026-08-02T05:22:26.441Z</time>
</trkpt>
<trkpt lat="41.9995406" lon="2.824410599999993">
<ele>70.97456232488977</ele>
<time>2026-08-02T05:22:29.946Z</time>
</trkpt>
<trkpt lat="41.9995871" lon="2.824402499999991">
<ele>70.92763762313993</ele>
<time>2026-08-02T05:22:32.971Z</time>
</trkpt>
<trkpt lat="41.9996367" lon="2.824395399999986">
<ele>70.89536318722968</ele>
<time>2026-08-02T05:22:36.939Z</time>
</trkpt>
<trkpt lat="41.9996828" lon="2.8243890999999905">
<ele>70.8701442423444</ele>
<time>2026-08-02T05:22:40.579Z</time>
</trkpt>
<trkpt lat="41.9997294" lon="2.8243798000000027">
<ele>70.78355548659643</ele>
<time>2026-08-02T05:22:44.264Z</time>
</trkpt>
<trkpt lat="41.9997788" lon="2.8243716000000063">
<ele>70.51857420555666</ele>
<time>2026-08-02T05:22:47.664Z</time>
</trkpt>
<trkpt lat="41.9998338" lon="2.824365400000005">
<ele>70.2486640731006</ele>
<time>2026-08-02T05:22:51.366Z</time>
</trkpt>
<trkpt lat="41.9998823" lon="2.824364199999991">
<ele>70.05282256753543</ele>
<time>2026-08-02T05:22:55.438Z</time>
</trkpt>
<trkpt lat="41.9999322" lon="2.8243610000000103">
<ele>69.82929606323955</ele>
<time>2026-08-02T05:22:57.879Z</time>
</trkpt>
<trkpt lat="41.9999823" lon="2.8243574999999908">
<ele>69.5999265701332</ele>
<time>2026-08-02T05:23:01.960Z</time>
</trkpt>
<trkpt lat="42.0000308" lon="2.8243533000000127">
<ele>70.01126759862395</ele>
<time>2026-08-02T05:23:04.641Z</time>
</trkpt>
<trkpt lat="42.0000766" lon="2.824344999999994">
<ele>69.91676452159673</ele>
<time>2026-08-02T05:23:08.026Z</time>
</trkpt>
<trkpt lat="42.0001291" lon="2.8243425999999943">
<ele>69.88943833064744</ele>
<time>2026-08-02T05:23:11.082Z</time>
</trkpt>
<trkpt lat="42.0001747" lon="2.8243415000000027">
<ele>69.87691382646301</ele>
<time>2026-08-02T05:23:14.779Z</time>
</trkpt>
<trkpt lat="42.0002284" lon="2.8243401999999946">
<ele>69.86211213969818</ele>
<time>2026-08-02T05:23:17.803Z</time>
</trkpt>
<trkpt lat="42.0002783" lon="2.824339000000009">
<ele>69.84870079965928</ele>
<time>2026-08-02T05:23:21.866Z</time>
</trkpt>
<trkpt lat="42.0003255" lon="2.8243387999999925">
<ele>69.9340790778559</ele>
<time>2026-08-02T05:23:25.241Z</time>
</trkpt>
<trkpt lat="42.000371" lon="2.824336499999987">
<ele>69.9970442712478</ele>
<time>2026-08-02T05:23:28.903Z</time>
</trkpt>
<trkpt lat="42.0004176" lon="2.8243334999999945">
<ele>70.06088325351683</ele>
<time>2026-08-02T05:23:31.920Z</time>
</trkpt>
<trkpt lat="42.0004683" lon="2.824332499999997">
<ele>70.1536552985089</ele>
<time>2026-08-02T05:23:35.304Z</time>
</trkpt>
<trkpt lat="42.0005177" lon="2.8243372999999963">
<ele>70.28176695425218</ele>
<time>2026-08-02T05:23:38.399Z</time>
</trkpt>
<trkpt lat="42.0005636" lon="2.8243386000000044">
<ele>70.33885656884347</ele>
<time>2026-08-02T05:23:41.662Z</time>
</trkpt>
<trkpt lat="42.0006141" lon="2.8243440999999905">
<ele>70.21522565277645</ele>
<time>2026-08-02T05:23:44.939Z</time>
</trkpt>
<trkpt lat="42.0006629" lon="2.824346100000014">
<ele>70.08120949335769</ele>
<time>2026-08-02T05:23:47.939Z</time>
</trkpt>
<trkpt lat="42.0007085" lon="2.8243420000000015">
<ele>69.91124209054318</ele>
<time>2026-08-02T05:23:51.442Z</time>
</trkpt>
<trkpt lat="42.0007557" lon="2.8243395000000078">
<ele>69.74377295541964</ele>
<time>2026-08-02T05:23:54.425Z</time>
</trkpt>
<trkpt lat="42.0008016" lon="2.82433420000001">
<ele>69.54916202739712</ele>
<time>2026-08-02T05:23:57.464Z</time>
</trkpt>
<trkpt lat="42.0008475" lon="2.82433180000001">
<ele>69.4419830509661</ele>
<time>2026-08-02T05:24:00.480Z</time>
</trkpt>
<trkpt lat="42.0008932" lon="2.8243328000000076">
<ele>69.53316194915789</ele>
<time>2026-08-02T05:24:03.143Z</time>
</trkpt>
<trkpt lat="42.0009406" lon="2.824333899999999">
<ele>69.6270288086893</ele>
<time>2026-08-02T05:24:06.502Z</time>
</trkpt>
<trkpt lat="42.0009886" lon="2.8243329999999958">
<ele>69.70409956230323</ele>
<time>2026-08-02T05:24:09.967Z</time>
</trkpt>
<trkpt lat="42.0010384" lon="2.8243401999999946">
<ele>69.84699504930579</ele>
<time>2026-08-02T05:24:13.240Z</time>
</trkpt>
<trkpt lat="42.0010871" lon="2.8243455999999867">
<ele>69.96626651805829</ele>
<time>2026-08-02T05:24:16.761Z</time>
</trkpt>
<trkpt lat="42.0011374" lon="2.8243452000000104">
<ele>70.06661811037816</ele>
<time>2026-08-02T05:24:20.440Z</time>
</trkpt>
<trkpt lat="42.0011835" lon="2.824344300000007">
<ele>70.17646944244328</ele>
<time>2026-08-02T05:24:23.464Z</time>
</trkpt>
<trkpt lat="42.0012312" lon="2.8243466000000126">
<ele>70.30946177485293</ele>
<time>2026-08-02T05:24:26.944Z</time>
</trkpt>
<trkpt lat="42.0012774" lon="2.824339699999996">
<ele>70.38688305865765</ele>
<time>2026-08-02T05:24:30.945Z</time>
</trkpt>
<trkpt lat="42.0013253" lon="2.824341299999986">
<ele>70.51680998513228</ele>
<time>2026-08-02T05:24:34.960Z</time>
</trkpt>
<trkpt lat="42.0013711" lon="2.824345700000009">
<ele>70.65385803061837</ele>
<time>2026-08-02T05:24:38.664Z</time>
</trkpt>
<trkpt lat="42.0014204" lon="2.8243488999999897">
<ele>70.70390105368647</ele>
<time>2026-08-02T05:24:42.023Z</time>
</trkpt>
<trkpt lat="42.0014725" lon="2.8243519000000106">
<ele>70.69477059237049</ele>
<time>2026-08-02T05:24:45.679Z</time>
</trkpt>
<trkpt lat="42.0015191" lon="2.824356899999998">
<ele>70.70170248778824</ele>
<time>2026-08-02T05:24:48.942Z</time>
</trkpt>
<trkpt lat="42.0015649" lon="2.824361699999997">
<ele>70.71127506660581</ele>
<time>2026-08-02T05:24:52.062Z</time>
</trkpt>
<trkpt lat="42.0016161" lon="2.8243670999999893">
<ele>70.72614206875632</ele>
<time>2026-08-02T05:24:55.741Z</time>
</trkpt>
<trkpt lat="42.0016641" lon="2.8243717000000004">
<ele>70.74076750005425</ele>
<time>2026-08-02T05:24:59.141Z</time>
</trkpt>
<trkpt lat="42.001715" lon="2.8243758000000128">
<ele>70.75937124215343</ele>
<time>2026-08-02T05:25:02.804Z</time>
</trkpt>
<trkpt lat="42.0017599" lon="2.8243803999999955">
<ele>70.78727156520416</ele>
<time>2026-08-02T05:25:06.054Z</time>
</trkpt>
<trkpt lat="42.0018079" lon="2.824383299999994">
<ele>70.80518426116355</ele>
<time>2026-08-02T05:25:09.222Z</time>
</trkpt>
<trkpt lat="42.0018534" lon="2.824384500000008">
<ele>70.8113626876432</ele>
<time>2026-08-02T05:25:12.262Z</time>
</trkpt>
<trkpt lat="42.0018994" lon="2.824382600000007">
<ele>70.79036894638247</ele>
<time>2026-08-02T05:25:15.301Z</time>
</trkpt>
<trkpt lat="42.0019454" lon="2.8243831000000057">
<ele>70.79058838387381</ele>
<time>2026-08-02T05:25:18.933Z</time>
</trkpt>
<trkpt lat="42.0019942" lon="2.824384100000003">
<ele>70.72782220099536</ele>
<time>2026-08-02T05:25:21.964Z</time>
</trkpt>
<trkpt lat="42.0020438" lon="2.8243884999999977">
<ele>70.68875452529598</ele>
<time>2026-08-02T05:25:25.323Z</time>
</trkpt>
<trkpt lat="42.0020956" lon="2.8243899">
<ele>70.61741252020823</ele>
<time>2026-08-02T05:25:28.978Z</time>
</trkpt>
<trkpt lat="42.0021437" lon="2.8243940000000123">
<ele>70.56976107890752</ele>
<time>2026-08-02T05:25:32.425Z</time>
</trkpt>
<trkpt lat="42.0021922" lon="2.824396500000006">
<ele>70.50605473214488</ele>
<time>2026-08-02T05:25:35.953Z</time>
</trkpt>
<trkpt lat="42.002239" lon="2.8243980999999962">
<ele>70.44206499800302</ele>
<time>2026-08-02T05:25:39.185Z</time>
</trkpt>
<trkpt lat="42.0022861" lon="2.824399900000003">
<ele>70.39181946293691</ele>
<time>2026-08-02T05:25:42.545Z</time>
</trkpt>
<trkpt lat="42.0023315" lon="2.824402499999991">
<ele>70.35105126865041</ele>
<time>2026-08-02T05:25:45.939Z</time>
</trkpt>
<trkpt lat="42.002378" lon="2.8244061999999985">
<ele>70.3193956169001</ele>
<time>2026-08-02T05:25:48.945Z</time>
</trkpt>
<trkpt lat="42.0024242" lon="2.8244100000000003">
<ele>70.29202937559563</ele>
<time>2026-08-02T05:25:52.266Z</time>
</trkpt>
<trkpt lat="42.0024721" lon="2.824411099999992">
<ele>70.24301660474626</ele>
<time>2026-08-02T05:25:56.004Z</time>
</trkpt>
<trkpt lat="42.0025211" lon="2.8244129999999927">
<ele>70.25496872107</ele>
<time>2026-08-02T05:25:59.325Z</time>
</trkpt>
<trkpt lat="42.0025695" lon="2.8244149999999877">
<ele>70.36405451135992</ele>
<time>2026-08-02T05:26:02.705Z</time>
</trkpt>
<trkpt lat="42.0026252" lon="2.824415600000009">
<ele>70.47480809294089</ele>
<time>2026-08-02T05:26:06.345Z</time>
</trkpt>
<trkpt lat="42.0026715" lon="2.8244141000000127">
<ele>70.54868525911952</ele>
<time>2026-08-02T05:26:09.762Z</time>
</trkpt>
<trkpt lat="42.0027251" lon="2.8243966">
<ele>70.48718860889616</ele>
<time>2026-08-02T05:26:13.459Z</time>
</trkpt>
<trkpt lat="42.0027692" lon="2.824377599999991">
<ele>70.38972152352041</ele>
<time>2026-08-02T05:26:17.866Z</time>
</trkpt>
<trkpt lat="42.0028153" lon="2.8243629000000112">
<ele>70.31450031596238</ele>
<time>2026-08-02T05:26:21.521Z</time>
</trkpt>
<trkpt lat="42.0028657" lon="2.8243520999999987">
<ele>70.30178432211275</ele>
<time>2026-08-02T05:26:25.465Z</time>
</trkpt>
<trkpt lat="42.0029094" lon="2.8243228000000045">
<ele>70.2064407803865</ele>
<time>2026-08-02T05:26:28.905Z</time>
</trkpt>
<trkpt lat="42.0029412" lon="2.824269799999996">
<ele>70.03996375462646</ele>
<time>2026-08-02T05:26:32.544Z</time>
</trkpt>
<trkpt lat="42.0029498" lon="2.824208099999993">
<ele>69.80670035595595</ele>
<time>2026-08-02T05:26:35.624Z</time>
</trkpt>
<trkpt lat="42.0029479" lon="2.8241417000000126">
<ele>69.8492381875473</ele>
<time>2026-08-02T05:26:39.664Z</time>
</trkpt>
<trkpt lat="42.0029448" lon="2.824079399999988">
<ele>69.92232151896977</ele>
<time>2026-08-02T05:26:43.703Z</time>
</trkpt>
<trkpt lat="42.0029211" lon="2.8240241000000026">
<ele>69.84050901537616</ele>
<time>2026-08-02T05:26:48.200Z</time>
</trkpt>
<trkpt lat="42.0029" lon="2.8239601999999877">
<ele>69.77689503282386</ele>
<time>2026-08-02T05:26:52.602Z</time>
</trkpt>
<trkpt lat="42.0028802" lon="2.8239025999999967">
<ele>69.68174464248165</ele>
<time>2026-08-02T05:26:56.803Z</time>
</trkpt>
<trkpt lat="42.0028641" lon="2.8238369999999975">
<ele>69.61291756250459</ele>
<time>2026-08-02T05:27:00.325Z</time>
</trkpt>
<trkpt lat="42.0028425" lon="2.8237755000000107">
<ele>69.5927070344513</ele>
<time>2026-08-02T05:27:04.319Z</time>
</trkpt>
<trkpt lat="42.0028181" lon="2.823722900000007">
<ele>69.63740229451479</ele>
<time>2026-08-02T05:27:07.224Z</time>
</trkpt>
<trkpt lat="42.0027975" lon="2.8236684000000025">
<ele>69.76715845500172</ele>
<time>2026-08-02T05:27:10.265Z</time>
</trkpt>
<trkpt lat="42.0027735" lon="2.8236076000000025">
<ele>69.84223191511968</ele>
<time>2026-08-02T05:27:13.946Z</time>
</trkpt>
<trkpt lat="42.0027483" lon="2.8235540999999955">
<ele>69.77970786064722</ele>
<time>2026-08-02T05:27:17.302Z</time>
</trkpt>
<trkpt lat="42.0027201" lon="2.823495699999995">
<ele>69.60231328388346</ele>
<time>2026-08-02T05:27:21.045Z</time>
</trkpt>
<trkpt lat="42.0026963" lon="2.8234429999999975">
<ele>69.34968088920198</ele>
<time>2026-08-02T05:27:24.084Z</time>
</trkpt>
<trkpt lat="42.0026715" lon="2.8233888000000036">
<ele>68.99641278000152</ele>
<time>2026-08-02T05:27:27.484Z</time>
</trkpt>
<trkpt lat="42.0026461" lon="2.823334299999999">
<ele>68.72408921956766</ele>
<time>2026-08-02T05:27:30.948Z</time>
</trkpt>
<trkpt lat="42.0026168" lon="2.8232814000000133">
<ele>68.53783649516086</ele>
<time>2026-08-02T05:27:34.219Z</time>
</trkpt>
<trkpt lat="42.0025901" lon="2.823223200000001">
<ele>68.36924864576665</ele>
<time>2026-08-02T05:27:37.298Z</time>
</trkpt>
<trkpt lat="42.0025652" lon="2.8231687999999906">
<ele>68.21190866937697</ele>
<time>2026-08-02T05:27:40.745Z</time>
</trkpt>
<trkpt lat="42.0025411" lon="2.82311279999999">
<ele>68.05991733207351</ele>
<time>2026-08-02T05:27:44.441Z</time>
</trkpt>
<trkpt lat="42.0025183" lon="2.823059900000004">
<ele>67.55078055137886</ele>
<time>2026-08-02T05:27:47.939Z</time>
</trkpt>
<trkpt lat="42.0024929" lon="2.823000400000012">
<ele>66.60344588586464</ele>
<time>2026-08-02T05:27:51.582Z</time>
</trkpt>
<trkpt lat="42.0024694" lon="2.8229450999999983">
<ele>65.72830525874983</ele>
<time>2026-08-02T05:27:55.004Z</time>
</trkpt>
<trkpt lat="42.0024441" lon="2.8228876000000014">
<ele>64.84700722134222</ele>
<time>2026-08-02T05:27:58.683Z</time>
</trkpt>
<trkpt lat="42.0024191" lon="2.8228340999999944">
<ele>64.05107554265956</ele>
<time>2026-08-02T05:28:02.082Z</time>
</trkpt>
<trkpt lat="42.002392" lon="2.8227765999999974">
<ele>63.53400441501085</ele>
<time>2026-08-02T05:28:05.786Z</time>
</trkpt>
<trkpt lat="42.0023664" lon="2.822724700000009">
<ele>63.357263330126315</ele>
<time>2026-08-02T05:28:09.161Z</time>
</trkpt>
<trkpt lat="42.0023388" lon="2.8226649000000066">
<ele>63.280599553540256</ele>
<time>2026-08-02T05:28:12.863Z</time>
</trkpt>
<trkpt lat="42.0023137" lon="2.8226095999999927">
<ele>63.32225023942658</ele>
<time>2026-08-02T05:28:16.278Z</time>
</trkpt>
<trkpt lat="42.0022876" lon="2.8225482">
<ele>63.48587952865945</ele>
<time>2026-08-02T05:28:19.965Z</time>
</trkpt>
<trkpt lat="42.0022678" lon="2.8224935000000073">
<ele>63.421817286400724</ele>
<time>2026-08-02T05:28:23.006Z</time>
</trkpt>
<trkpt lat="42.002246" lon="2.822437199999996">
<ele>63.22191629263524</ele>
<time>2026-08-02T05:28:26.446Z</time>
</trkpt>
<trkpt lat="42.0022197" lon="2.822381699999994">
<ele>62.984418644953756</ele>
<time>2026-08-02T05:28:29.939Z</time>
</trkpt>
<trkpt lat="42.0021942" lon="2.8223305999999866">
<ele>62.64862684834616</ele>
<time>2026-08-02T05:28:33.200Z</time>
</trkpt>
<trkpt lat="42.0021704" lon="2.8222782999999936">
<ele>62.329364654252984</ele>
<time>2026-08-02T05:28:36.622Z</time>
</trkpt>
<trkpt lat="42.0021429" lon="2.8222226999999975">
<ele>62.16377714347912</ele>
<time>2026-08-02T05:28:40.301Z</time>
</trkpt>
<trkpt lat="42.0021187" lon="2.8221677999999883">
<ele>62.13657493777921</ele>
<time>2026-08-02T05:28:43.723Z</time>
</trkpt>
<trkpt lat="42.0020925" lon="2.8221186000000102">
<ele>62.10762905981013</ele>
<time>2026-08-02T05:28:46.939Z</time>
</trkpt>
<trkpt lat="42.0020661" lon="2.8220666999999935">
<ele>62.07967640977832</ele>
<time>2026-08-02T05:28:50.400Z</time>
</trkpt>
<trkpt lat="42.0020411" lon="2.822013499999997">
<ele>62.05456169518422</ele>
<time>2026-08-02T05:28:53.744Z</time>
</trkpt>
<trkpt lat="42.0020149" lon="2.8219536999999946">
<ele>62.21273817955929</ele>
<time>2026-08-02T05:28:57.461Z</time>
</trkpt>
<trkpt lat="42.0019908" lon="2.8218981999999926">
<ele>62.750802900317886</ele>
<time>2026-08-02T05:29:00.844Z</time>
</trkpt>
<trkpt lat="42.0019633" lon="2.8218377000000032">
<ele>63.48007876871824</ele>
<time>2026-08-02T05:29:04.579Z</time>
</trkpt>
<trkpt lat="42.0019389" lon="2.8217852999999877">
<ele>64.13220132831565</ele>
<time>2026-08-02T05:29:07.970Z</time>
</trkpt>
<trkpt lat="42.0019102" lon="2.821727199999998">
<ele>64.5730724323909</ele>
<time>2026-08-02T05:29:11.744Z</time>
</trkpt>
<trkpt lat="42.0018858" lon="2.8216741999999897">
<ele>64.60465766615259</ele>
<time>2026-08-02T05:29:15.166Z</time>
</trkpt>
<trkpt lat="42.0018599" lon="2.8216165999999987">
<ele>64.26879016156781</ele>
<time>2026-08-02T05:29:18.884Z</time>
</trkpt>
<trkpt lat="42.0018385" lon="2.8215615000000014">
<ele>64.03268321858054</ele>
<time>2026-08-02T05:29:22.344Z</time>
</trkpt>
<trkpt lat="42.0018142" lon="2.821506499999998">
<ele>63.83907481337493</ele>
<time>2026-08-02T05:29:25.991Z</time>
</trkpt>
<trkpt lat="42.0017888" lon="2.821449699999988">
<ele>63.70411950144699</ele>
<time>2026-08-02T05:29:29.526Z</time>
</trkpt>
<trkpt lat="42.0017618" lon="2.8213976000000116">
<ele>63.42237026953402</ele>
<time>2026-08-02T05:29:32.939Z</time>
</trkpt>
<trkpt lat="42.0017341" lon="2.821345600000001">
<ele>62.85728172493751</ele>
<time>2026-08-02T05:29:36.300Z</time>
</trkpt>
<trkpt lat="42.0017056" lon="2.8212963999999943">
<ele>62.32921971184483</ele>
<time>2026-08-02T05:29:39.740Z</time>
</trkpt>
<trkpt lat="42.0016774" lon="2.8212396000000126">
<ele>61.74200160504464</ele>
<time>2026-08-02T05:29:43.444Z</time>
</trkpt>
<trkpt lat="42.0016527" lon="2.8211847000000034">
<ele>61.21461867234224</ele>
<time>2026-08-02T05:29:46.499Z</time>
</trkpt>
<trkpt lat="42.0016278" lon="2.821126899999996">
<ele>60.79982729071258</ele>
<time>2026-08-02T05:29:50.524Z</time>
</trkpt>
<trkpt lat="42.0016052" lon="2.8210722000000032">
<ele>60.69049980980406</ele>
<time>2026-08-02T05:29:53.923Z</time>
</trkpt>
<trkpt lat="42.0015799" lon="2.8210123000000067">
<ele>60.5778187183167</ele>
<time>2026-08-02T05:29:57.621Z</time>
</trkpt>
<trkpt lat="42.0015597" lon="2.820957700000008">
<ele>60.47778784943898</ele>
<time>2026-08-02T05:30:01.020Z</time>
</trkpt>
<trkpt lat="42.001533" lon="2.8209000999999887">
<ele>60.38470719738256</ele>
<time>2026-08-02T05:30:04.740Z</time>
</trkpt>
<trkpt lat="42.0015071" lon="2.820848699999999">
<ele>60.3366972113561</ele>
<time>2026-08-02T05:30:08.139Z</time>
</trkpt>
<trkpt lat="42.0014791" lon="2.8207926000000043">
<ele>60.36866157162393</ele>
<time>2026-08-02T05:30:11.800Z</time>
</trkpt>
<trkpt lat="42.0014543" lon="2.8207381">
<ele>60.40041734854104</ele>
<time>2026-08-02T05:30:15.200Z</time>
</trkpt>
<trkpt lat="42.0014253" lon="2.8206790000000126">
<ele>60.44288293878047</ele>
<time>2026-08-02T05:30:18.881Z</time>
</trkpt>
<trkpt lat="42.0014002" lon="2.820621799999998">
<ele>60.4836652944595</ele>
<time>2026-08-02T05:30:22.265Z</time>
</trkpt>
<trkpt lat="42.001373" lon="2.8205608000000097">
<ele>60.4949196955925</ele>
<time>2026-08-02T05:30:25.986Z</time>
</trkpt>
<trkpt lat="42.0013484" lon="2.8205063000000052">
<ele>60.48466004119917</ele>
<time>2026-08-02T05:30:29.346Z</time>
</trkpt>
<trkpt lat="42.0013261" lon="2.8204518000000007">
<ele>60.47638733333477</ele>
<time>2026-08-02T05:30:32.474Z</time>
</trkpt>
<trkpt lat="42.001303" lon="2.820392400000003">
<ele>60.46949176861039</ele>
<time>2026-08-02T05:30:35.947Z</time>
</trkpt>
<trkpt lat="42.0012795" lon="2.8203379999999925">
<ele>60.465671452268865</ele>
<time>2026-08-02T05:30:39.124Z</time>
</trkpt>
<trkpt lat="42.0012544" lon="2.820280800000006">
<ele>60.41491482192621</ele>
<time>2026-08-02T05:30:42.541Z</time>
</trkpt>
<trkpt lat="42.0012302" lon="2.8202231999999867">
<ele>60.33689029436521</ele>
<time>2026-08-02T05:30:45.939Z</time>
</trkpt>
<trkpt lat="42.0012055" lon="2.820170399999995">
<ele>60.31552210067343</ele>
<time>2026-08-02T05:30:49.245Z</time>
</trkpt>
<trkpt lat="42.0011768" lon="2.820112200000011">
<ele>60.35107301002381</ele>
<time>2026-08-02T05:30:52.725Z</time>
</trkpt>
<trkpt lat="42.0011483" lon="2.8200582000000054">
<ele>60.445807777946165</ele>
<time>2026-08-02T05:30:56.765Z</time>
</trkpt>
<trkpt lat="42.0011234" lon="2.8199994999999944">
<ele>60.55226478151994</ele>
<time>2026-08-02T05:31:00.405Z</time>
</trkpt>
<trkpt lat="42.0011005" lon="2.8199453999999946">
<ele>60.61399179921261</ele>
<time>2026-08-02T05:31:03.821Z</time>
</trkpt>
<trkpt lat="42.0010785" lon="2.819886800000006">
<ele>60.6605582997388</ele>
<time>2026-08-02T05:31:07.463Z</time>
</trkpt>
<trkpt lat="42.0010466" lon="2.819843200000008">
<ele>60.771795853098816</ele>
<time>2026-08-02T05:31:10.938Z</time>
</trkpt>
<trkpt lat="42.0010234" lon="2.8197853000000066">
<ele>60.902018187550695</ele>
<time>2026-08-02T05:31:14.562Z</time>
</trkpt>
<trkpt lat="42.0009988" lon="2.8197211000000095">
<ele>61.281758818118696</ele>
<time>2026-08-02T05:31:18.579Z</time>
</trkpt>
<trkpt lat="42.0009699" lon="2.8196617000000117">
<ele>61.979333366180285</ele>
<time>2026-08-02T05:31:22.621Z</time>
</trkpt>
<trkpt lat="42.000945" lon="2.8196086000000093">
<ele>62.68578909592372</ele>
<time>2026-08-02T05:31:26.039Z</time>
</trkpt>
<trkpt lat="42.0009209" lon="2.8195540000000108">
<ele>63.482591643398585</ele>
<time>2026-08-02T05:31:29.722Z</time>
</trkpt>
<trkpt lat="42.0008967" lon="2.8194991000000016">
<ele>64.36683616436945</ele>
<time>2026-08-02T05:31:33.099Z</time>
</trkpt>
<trkpt lat="42.000873" lon="2.8194416999999987">
<ele>64.93468876529579</ele>
<time>2026-08-02T05:31:36.782Z</time>
</trkpt>
<trkpt lat="42.0008501" lon="2.8193880000000036">
<ele>65.12409296184892</ele>
<time>2026-08-02T05:31:40.184Z</time>
</trkpt>
<trkpt lat="42.0008234" lon="2.8193285000000117">
<ele>65.04940524183381</ele>
<time>2026-08-02T05:31:43.930Z</time>
</trkpt>
<trkpt lat="42.0007966" lon="2.81927859999999">
<ele>64.59579828244333</ele>
<time>2026-08-02T05:31:47.284Z</time>
</trkpt>
<trkpt lat="42.0007663" lon="2.8192201999999895">
<ele>64.11280991890591</ele>
<time>2026-08-02T05:31:51.021Z</time>
</trkpt>
<trkpt lat="42.0007426" lon="2.819167499999992">
<ele>63.72250910915889</ele>
<time>2026-08-02T05:31:54.045Z</time>
</trkpt>
<trkpt lat="42.0007224" lon="2.8191104999999936">
<ele>63.39742486906996</ele>
<time>2026-08-02T05:31:57.445Z</time>
</trkpt>
<trkpt lat="42.0007016" lon="2.8190562999999997">
<ele>63.14840229934202</ele>
<time>2026-08-02T05:32:00.910Z</time>
</trkpt>
<trkpt lat="42.0006791" lon="2.8190030000000093">
<ele>62.966009256348975</ele>
<time>2026-08-02T05:32:04.143Z</time>
</trkpt>
<trkpt lat="42.0006481" lon="2.81895320000001">
<ele>62.82854363842805</ele>
<time>2026-08-02T05:32:07.922Z</time>
</trkpt>
<trkpt lat="42.000622" lon="2.8189015000000097">
<ele>62.87102560778733</ele>
<time>2026-08-02T05:32:11.164Z</time>
</trkpt>
<trkpt lat="42.0005966" lon="2.8188453999999865">
<ele>63.217736311622424</ele>
<time>2026-08-02T05:32:14.604Z</time>
</trkpt>
<trkpt lat="42.0005736" lon="2.8187910000000045">
<ele>63.660040446373934</ele>
<time>2026-08-02T05:32:17.908Z</time>
</trkpt>
<trkpt lat="42.0005545" lon="2.8187339000000122">
<ele>64.19076013940524</ele>
<time>2026-08-02T05:32:21.261Z</time>
</trkpt>
<trkpt lat="42.0005318" lon="2.818679599999996">
<ele>64.48642253801177</ele>
<time>2026-08-02T05:32:24.662Z</time>
</trkpt>
<trkpt lat="42.0005076" lon="2.818623699999989">
<ele>64.56989659881759</ele>
<time>2026-08-02T05:32:28.263Z</time>
</trkpt>
<trkpt lat="42.0004877" lon="2.8185657999999876">
<ele>64.29822616684545</ele>
<time>2026-08-02T05:32:31.744Z</time>
</trkpt>
<trkpt lat="42.0004668" lon="2.818501900000001">
<ele>64.0529208962292</ele>
<time>2026-08-02T05:32:35.425Z</time>
</trkpt>
<trkpt lat="42.0004514" lon="2.8184434000000067">
<ele>63.89198191077837</ele>
<time>2026-08-02T05:32:38.802Z</time>
</trkpt>
<trkpt lat="42.000422" lon="2.818378999999993">
<ele>63.69068844272611</ele>
<time>2026-08-02T05:32:42.563Z</time>
</trkpt>
<trkpt lat="42.0003962" lon="2.8183281999999963">
<ele>63.663804450156206</ele>
<time>2026-08-02T05:32:45.605Z</time>
</trkpt>
<trkpt lat="42.0003664" lon="2.8182794999999885">
<ele>63.77687965316818</ele>
<time>2026-08-02T05:32:48.647Z</time>
</trkpt>
<trkpt lat="42.0003348" lon="2.8182330999999863">
<ele>63.99197239104748</ele>
<time>2026-08-02T05:32:51.910Z</time>
</trkpt>
<trkpt lat="42.0003082" lon="2.8181837999999857">
<ele>64.33032486420606</ele>
<time>2026-08-02T05:32:55.119Z</time>
</trkpt>
<trkpt lat="42.0002805" lon="2.818125500000008">
<ele>64.8459538605605</ele>
<time>2026-08-02T05:32:58.745Z</time>
</trkpt>
<trkpt lat="42.0002591" lon="2.8180719000000067">
<ele>65.36087519145188</ele>
<time>2026-08-02T05:33:01.723Z</time>
</trkpt>
<trkpt lat="42.0002651" lon="2.8180115000000114">
<ele>66.41802640112611</ele>
<time>2026-08-02T05:33:05.925Z</time>
</trkpt>
<trkpt lat="42.0002823" lon="2.8179552">
<ele>67.36157604563414</ele>
<time>2026-08-02T05:33:12.945Z</time>
</trkpt>
<trkpt lat="42.0003279" lon="2.817932899999988">
<ele>67.25768292927471</ele>
<time>2026-08-02T05:33:18.243Z</time>
</trkpt>
<trkpt lat="42.0003732" lon="2.8179289999999924">
<ele>66.82672363085777</ele>
<time>2026-08-02T05:33:21.763Z</time>
</trkpt>
<trkpt lat="42.0004189" lon="2.817927400000002">
<ele>66.35022609028229</ele>
<time>2026-08-02T05:33:24.995Z</time>
</trkpt>
<trkpt lat="42.0004612" lon="2.8179065999999864">
<ele>66.1386204029977</ele>
<time>2026-08-02T05:33:28.123Z</time>
</trkpt>
<trkpt lat="42.0005056" lon="2.817862600000012">
<ele>66.09891989346411</ele>
<time>2026-08-02T05:33:31.915Z</time>
</trkpt>
<trkpt lat="42.0005375" lon="2.8178192999999965">
<ele>66.1135974435523</ele>
<time>2026-08-02T05:33:34.780Z</time>
</trkpt>
<trkpt lat="42.0005765" lon="2.8177742999999964">
<ele>66.84405553216254</ele>
<time>2026-08-02T05:33:37.803Z</time>
</trkpt>
<trkpt lat="42.000606" lon="2.8177267000000086">
<ele>68.14845028829714</ele>
<time>2026-08-02T05:33:41.180Z</time>
</trkpt>
<trkpt lat="42.0006431" lon="2.8176764000000105">
<ele>69.49603222141371</ele>
<time>2026-08-02T05:33:44.860Z</time>
</trkpt>
<trkpt lat="42.0006755" lon="2.817623700000013">
<ele>70.75254374483889</ele>
<time>2026-08-02T05:33:47.901Z</time>
</trkpt>
<trkpt lat="42.0007014" lon="2.817567700000012">
<ele>71.93731776426017</ele>
<time>2026-08-02T05:33:51.965Z</time>
</trkpt>
<trkpt lat="42.0007272" lon="2.8175173999999856">
<ele>72.84986002262605</ele>
<time>2026-08-02T05:33:55.101Z</time>
</trkpt>
<trkpt lat="42.0007513" lon="2.817461199999997">
<ele>73.15970246188989</ele>
<time>2026-08-02T05:33:58.541Z</time>
</trkpt>
<trkpt lat="42.0007696" lon="2.8174037">
<ele>73.46915068985155</ele>
<time>2026-08-02T05:34:01.966Z</time>
</trkpt>
<trkpt lat="42.000784" lon="2.817342999999994">
<ele>73.78800613398204</ele>
<time>2026-08-02T05:34:05.478Z</time>
</trkpt>
<trkpt lat="42.0008043" lon="2.8172884999999894">
<ele>74.14270634525772</ele>
<time>2026-08-02T05:34:08.918Z</time>
</trkpt>
<trkpt lat="42.000811" lon="2.8172255000000064">
<ele>74.382830698431</ele>
<time>2026-08-02T05:34:12.600Z</time>
</trkpt>
<trkpt lat="42.0008213" lon="2.8171622000000127">
<ele>74.51737896479644</ele>
<time>2026-08-02T05:34:16.603Z</time>
</trkpt>
<trkpt lat="42.0008386" lon="2.8170997">
<ele>74.68443185790854</ele>
<time>2026-08-02T05:34:20.603Z</time>
</trkpt>
<trkpt lat="42.0008639" lon="2.817048800000009">
<ele>74.74307836775506</ele>
<time>2026-08-02T05:34:23.916Z</time>
</trkpt>
<trkpt lat="42.0009009" lon="2.8170120999999995">
<ele>74.78430075305722</ele>
<time>2026-08-02T05:34:27.019Z</time>
</trkpt>
<trkpt lat="42.0009287" lon="2.8169619999999895">
<ele>74.8307425675369</ele>
<time>2026-08-02T05:34:30.325Z</time>
</trkpt>
<trkpt lat="42.0009774" lon="2.816925999999995">
<ele>74.88261995669689</ele>
<time>2026-08-02T05:34:33.358Z</time>
</trkpt>
<trkpt lat="42.0010205" lon="2.816891499999997">
<ele>74.87577954084367</ele>
<time>2026-08-02T05:34:36.399Z</time>
</trkpt>
<trkpt lat="42.0010553" lon="2.816839899999991">
<ele>74.8295076691664</ele>
<time>2026-08-02T05:34:40.440Z</time>
</trkpt>
<trkpt lat="42.0010774" lon="2.816780499999993">
<ele>74.75406067921362</ele>
<time>2026-08-02T05:34:43.840Z</time>
</trkpt>
<trkpt lat="42.001096" lon="2.8167238000000054">
<ele>74.64751883166542</ele>
<time>2026-08-02T05:34:46.865Z</time>
</trkpt>
<trkpt lat="42.0011174" lon="2.8166658000000098">
<ele>74.44660567289701</ele>
<time>2026-08-02T05:34:49.906Z</time>
</trkpt>
<trkpt lat="42.0011431" lon="2.8166023999999936">
<ele>74.1511943297749</ele>
<time>2026-08-02T05:34:53.498Z</time>
</trkpt>
<trkpt lat="42.0011673" lon="2.816545899999994">
<ele>73.88083865209242</ele>
<time>2026-08-02T05:34:56.916Z</time>
</trkpt>
<trkpt lat="42.0011995" lon="2.816501399999993">
<ele>73.6099104566058</ele>
<time>2026-08-02T05:34:59.909Z</time>
</trkpt>
<trkpt lat="42.0012349" lon="2.816459000000009">
<ele>73.32974476128607</ele>
<time>2026-08-02T05:35:02.934Z</time>
</trkpt>
<trkpt lat="42.0012825" lon="2.8164251000000036">
<ele>73.020136083859</ele>
<time>2026-08-02T05:35:06.624Z</time>
</trkpt>
<trkpt lat="42.0013291" lon="2.816404199999994">
<ele>72.73777657504044</ele>
<time>2026-08-02T05:35:10.000Z</time>
</trkpt>
<trkpt lat="42.0013822" lon="2.8163835999999947">
<ele>72.42764381172698</ele>
<time>2026-08-02T05:35:13.624Z</time>
</trkpt>
<trkpt lat="42.0014324" lon="2.816372300000012">
<ele>72.46210905920958</ele>
<time>2026-08-02T05:35:17.638Z</time>
</trkpt>
<trkpt lat="42.0014784" lon="2.8163634999999942">
<ele>72.54479171945435</ele>
<time>2026-08-02T05:35:21.045Z</time>
</trkpt>
<trkpt lat="42.001529" lon="2.8163523000000055">
<ele>72.61915133165458</ele>
<time>2026-08-02T05:35:24.685Z</time>
</trkpt>
<trkpt lat="42.0015744" lon="2.816340999999994">
<ele>72.6698841628366</ele>
<time>2026-08-02T05:35:27.923Z</time>
</trkpt>
<trkpt lat="42.0016186" lon="2.8163264000000083">
<ele>72.68837305318058</ele>
<time>2026-08-02T05:35:30.907Z</time>
</trkpt>
<trkpt lat="42.001666" lon="2.8163231000000053">
<ele>72.77515712372195</ele>
<time>2026-08-02T05:35:33.930Z</time>
</trkpt>
<trkpt lat="42.0017122" lon="2.8163160999999945">
<ele>73.03991669790186</ele>
<time>2026-08-02T05:35:37.065Z</time>
</trkpt>
<trkpt lat="42.0017568" lon="2.8163053000000104">
<ele>73.2983651749873</ele>
<time>2026-08-02T05:35:40.145Z</time>
</trkpt>
<trkpt lat="42.0018045" lon="2.81629430000001">
<ele>73.59452611703082</ele>
<time>2026-08-02T05:35:43.584Z</time>
</trkpt>
<trkpt lat="42.0018517" lon="2.8162824000000057">
<ele>73.90082034992899</ele>
<time>2026-08-02T05:35:46.600Z</time>
</trkpt>
<trkpt lat="42.0018986" lon="2.81626159999999">
<ele>74.19836924295028</ele>
<time>2026-08-02T05:35:50.623Z</time>
</trkpt>
<trkpt lat="42.0019475" lon="2.8162483000000123">
<ele>74.55705835158521</ele>
<time>2026-08-02T05:35:53.606Z</time>
</trkpt>
<trkpt lat="42.0019927" lon="2.816244399999988">
<ele>74.6551831505446</ele>
<time>2026-08-02T05:35:56.965Z</time>
</trkpt>
<trkpt lat="42.0020506" lon="2.816237000000001">
<ele>74.76864251847033</ele>
<time>2026-08-02T05:36:00.620Z</time>
</trkpt>
<trkpt lat="42.0021039" lon="2.816233100000005">
<ele>74.87593253239835</ele>
<time>2026-08-02T05:36:04.643Z</time>
</trkpt>
<trkpt lat="42.0021503" lon="2.816229700000008">
<ele>74.96600775968719</ele>
<time>2026-08-02T05:36:07.871Z</time>
</trkpt>
<trkpt lat="42.0021958" lon="2.8162169000000006">
<ele>75.00955013083826</ele>
<time>2026-08-02T05:36:11.065Z</time>
</trkpt>
<trkpt lat="42.0022408" lon="2.8162055999999893">
<ele>74.89622692828243</ele>
<time>2026-08-02T05:36:14.064Z</time>
</trkpt>
<trkpt lat="42.0022913" lon="2.8161883999999873">
<ele>74.40833676174368</ele>
<time>2026-08-02T05:36:17.704Z</time>
</trkpt>
<trkpt lat="42.002338" lon="2.8161792999999875">
<ele>73.98149361115298</ele>
<time>2026-08-02T05:36:20.959Z</time>
</trkpt>
<trkpt lat="42.0023905" lon="2.8161638999999923">
<ele>73.45891213086705</ele>
<time>2026-08-02T05:36:24.726Z</time>
</trkpt>
<trkpt lat="42.0024368" lon="2.816155100000003">
<ele>73.01727604915031</ele>
<time>2026-08-02T05:36:27.742Z</time>
</trkpt>
<trkpt lat="42.0024835" lon="2.8161480999999924">
<ele>72.57728783043439</ele>
<time>2026-08-02T05:36:31.102Z</time>
</trkpt>
<trkpt lat="42.0025319" lon="2.8161394999999914">
<ele>72.40372530303307</ele>
<time>2026-08-02T05:36:34.765Z</time>
</trkpt>
<trkpt lat="42.0025784" lon="2.816133100000002">
<ele>72.45877602676464</ele>
<time>2026-08-02T05:36:38.182Z</time>
</trkpt>
<trkpt lat="42.0026288" lon="2.816125900000003">
<ele>72.50607951578988</ele>
<time>2026-08-02T05:36:41.918Z</time>
</trkpt>
<trkpt lat="42.0026759" lon="2.816114199999987">
<ele>72.4710754558664</ele>
<time>2026-08-02T05:36:45.246Z</time>
</trkpt>
<trkpt lat="42.0027274" lon="2.8161037000000135">
<ele>72.40770004547248</ele>
<time>2026-08-02T05:36:48.919Z</time>
</trkpt>
<trkpt lat="42.0027764" lon="2.8161052000000097">
<ele>72.47226706318548</ele>
<time>2026-08-02T05:36:52.239Z</time>
</trkpt>
<trkpt lat="42.0028216" lon="2.8161030999999923">
<ele>72.28725890144695</ele>
<time>2026-08-02T05:36:55.383Z</time>
</trkpt>
<trkpt lat="42.0028704" lon="2.8161006999999927">
<ele>72.05928477715455</ele>
<time>2026-08-02T05:36:58.982Z</time>
</trkpt>
<trkpt lat="42.0029192" lon="2.816096200000004">
<ele>71.80391521653304</ele>
<time>2026-08-02T05:37:02.422Z</time>
</trkpt>
<trkpt lat="42.0029655" lon="2.816098799999992">
<ele>71.65731278975466</ele>
<time>2026-08-02T05:37:05.982Z</time>
</trkpt>
<trkpt lat="42.0030119" lon="2.816106100000013">
<ele>71.57054635161492</ele>
<time>2026-08-02T05:37:09.381Z</time>
</trkpt>
<trkpt lat="42.0030578" lon="2.8161090000000115">
<ele>71.42443602391828</ele>
<time>2026-08-02T05:37:12.381Z</time>
</trkpt>
<trkpt lat="42.003103" lon="2.8161063000000013">
<ele>71.16733715334644</ele>
<time>2026-08-02T05:37:15.459Z</time>
</trkpt>
<trkpt lat="42.0031556" lon="2.8161068">
<ele>70.91171666097874</ele>
<time>2026-08-02T05:37:18.930Z</time>
</trkpt>
<trkpt lat="42.003206" lon="2.8161096999999984">
<ele>70.68962071593998</ele>
<time>2026-08-02T05:37:22.466Z</time>
</trkpt>
<trkpt lat="42.0032526" lon="2.816117399999996">
<ele>70.52359288958785</ele>
<time>2026-08-02T05:37:25.401Z</time>
</trkpt>
<trkpt lat="42.0032962" lon="2.8161355999999955">
<ele>70.46806291585935</ele>
<time>2026-08-02T05:37:28.928Z</time>
</trkpt>
<trkpt lat="42.003341" lon="2.816152499999987">
<ele>70.56115072405608</ele>
<time>2026-08-02T05:37:32.104Z</time>
</trkpt>
<trkpt lat="42.0033893" lon="2.8161648999999898">
<ele>70.56651388091666</ele>
<time>2026-08-02T05:37:35.504Z</time>
</trkpt>
<trkpt lat="42.0034362" lon="2.8161699000000056">
<ele>70.40205299815243</ele>
<time>2026-08-02T05:37:38.600Z</time>
</trkpt>
<trkpt lat="42.003482" lon="2.816170999999997">
<ele>70.17210046802137</ele>
<time>2026-08-02T05:37:41.560Z</time>
</trkpt>
<trkpt lat="42.003531" lon="2.8161733999999967">
<ele>69.92790254481346</ele>
<time>2026-08-02T05:37:44.991Z</time>
</trkpt>
<trkpt lat="42.0035803" lon="2.8161758999999904">
<ele>69.66718287361132</ele>
<time>2026-08-02T05:37:48.486Z</time>
</trkpt>
<trkpt lat="42.0036247" lon="2.8161858999999936">
<ele>69.41137260149826</ele>
<time>2026-08-02T05:37:51.541Z</time>
</trkpt>
<trkpt lat="42.003671" lon="2.816205999999994">
<ele>69.06232119371802</ele>
<time>2026-08-02T05:37:54.971Z</time>
</trkpt>
<trkpt lat="42.0037149" lon="2.8162207000000024">
<ele>68.72381060451704</ele>
<time>2026-08-02T05:37:58.145Z</time>
</trkpt>
<trkpt lat="42.0037604" lon="2.816238300000009">
<ele>68.37827790170678</ele>
<time>2026-08-02T05:38:01.521Z</time>
</trkpt>
<trkpt lat="42.0038062" lon="2.816255500000011">
<ele>68.03026578578375</ele>
<time>2026-08-02T05:38:04.935Z</time>
</trkpt>
<trkpt lat="42.003854" lon="2.816275999999988">
<ele>67.67301559262653</ele>
<time>2026-08-02T05:38:08.582Z</time>
</trkpt>
<trkpt lat="42.0038975" lon="2.816293800000011">
<ele>67.43096675270694</ele>
<time>2026-08-02T05:38:11.988Z</time>
</trkpt>
<trkpt lat="42.0039454" lon="2.816309899999993">
<ele>68.34623556843867</ele>
<time>2026-08-02T05:38:15.601Z</time>
</trkpt>
<trkpt lat="42.003991" lon="2.816332200000005">
<ele>69.29686761324686</ele>
<time>2026-08-02T05:38:18.927Z</time>
</trkpt>
<trkpt lat="42.0040369" lon="2.816349900000006">
<ele>70.28674742655927</ele>
<time>2026-08-02T05:38:22.638Z</time>
</trkpt>
<trkpt lat="42.0040824" lon="2.8163610999999946">
<ele>71.26784254582068</ele>
<time>2026-08-02T05:38:25.982Z</time>
</trkpt>
<trkpt lat="42.0041263" lon="2.8163783999999907">
<ele>72.30408001256073</ele>
<time>2026-08-02T05:38:29.246Z</time>
</trkpt>
<trkpt lat="42.0041745" lon="2.816388200000006">
<ele>73.35246957946738</ele>
<time>2026-08-02T05:38:32.621Z</time>
</trkpt>
<trkpt lat="42.0042202" lon="2.816398399999997">
<ele>73.39941538477379</ele>
<time>2026-08-02T05:38:35.700Z</time>
</trkpt>
<trkpt lat="42.0042651" lon="2.816410200000007">
<ele>73.46357005266513</ele>
<time>2026-08-02T05:38:38.971Z</time>
</trkpt>
<trkpt lat="42.0043131" lon="2.8164218999999946">
<ele>73.38276482608251</ele>
<time>2026-08-02T05:38:42.300Z</time>
</trkpt>
<trkpt lat="42.0043591" lon="2.81643729999999">
<ele>73.34508173751549</ele>
<time>2026-08-02T05:38:45.661Z</time>
</trkpt>
<trkpt lat="42.0044056" lon="2.8164447999999993">
<ele>73.37414464959133</ele>
<time>2026-08-02T05:38:48.966Z</time>
</trkpt>
<trkpt lat="42.0044556" lon="2.816445499999986">
<ele>73.39776712799056</ele>
<time>2026-08-02T05:38:52.343Z</time>
</trkpt>
<trkpt lat="42.0045012" lon="2.816450500000002">
<ele>73.32224991051818</ele>
<time>2026-08-02T05:38:55.384Z</time>
</trkpt>
<trkpt lat="42.0045504" lon="2.8164530999999897">
<ele>73.21748853557442</ele>
<time>2026-08-02T05:38:58.784Z</time>
</trkpt>
<trkpt lat="42.0045993" lon="2.816454399999998">
<ele>73.10426518519854</ele>
<time>2026-08-02T05:39:01.824Z</time>
</trkpt>
<trkpt lat="42.0046473" lon="2.816453999999993">
<ele>72.99162322346906</ele>
<time>2026-08-02T05:39:04.906Z</time>
</trkpt>
<trkpt lat="42.004701" lon="2.8164567999999974">
<ele>72.85522645840675</ele>
<time>2026-08-02T05:39:08.545Z</time>
</trkpt>
<trkpt lat="42.0047466" lon="2.816462300000012">
<ele>72.69239510416041</ele>
<time>2026-08-02T05:39:11.562Z</time>
</trkpt>
<trkpt lat="42.0047952" lon="2.8164672000000053">
<ele>72.50167998756253</ele>
<time>2026-08-02T05:39:14.585Z</time>
</trkpt>
<trkpt lat="42.0048479" lon="2.8164746999999863">
<ele>72.33474631186284</ele>
<time>2026-08-02T05:39:18.623Z</time>
</trkpt>
<trkpt lat="42.0048964" lon="2.816483599999998">
<ele>72.23661142357868</ele>
<time>2026-08-02T05:39:21.894Z</time>
</trkpt>
<trkpt lat="42.0049422" lon="2.8164893999999947">
<ele>72.17105549795465</ele>
<time>2026-08-02T05:39:24.916Z</time>
</trkpt>
<trkpt lat="42.0049885" lon="2.816494299999988">
<ele>72.12751539836901</ele>
<time>2026-08-02T05:39:28.019Z</time>
</trkpt>
<trkpt lat="42.0050391" lon="2.816501399999993">
<ele>71.9064629528792</ele>
<time>2026-08-02T05:39:31.682Z</time>
</trkpt>
<trkpt lat="42.0050835" lon="2.8165116000000125">
<ele>71.65153522992917</ele>
<time>2026-08-02T05:39:35.105Z</time>
</trkpt>
<trkpt lat="42.0051341" lon="2.816532599999988">
<ele>71.47461250290294</ele>
<time>2026-08-02T05:39:38.720Z</time>
</trkpt>
<trkpt lat="42.0051844" lon="2.8165466000000094">
<ele>71.20863512185505</ele>
<time>2026-08-02T05:39:42.119Z</time>
</trkpt>
<trkpt lat="42.0052324" lon="2.816548299999994">
<ele>70.80946772856457</ele>
<time>2026-08-02T05:39:46.120Z</time>
</trkpt>
<trkpt lat="42.0052788" lon="2.816551000000004">
<ele>70.43592403741994</ele>
<time>2026-08-02T05:39:49.144Z</time>
</trkpt>
<trkpt lat="42.0053272" lon="2.8165520999999956">
<ele>70.54590974022551</ele>
<time>2026-08-02T05:39:52.783Z</time>
</trkpt>
<trkpt lat="42.0053729" lon="2.816556300000002">
<ele>70.76718678011638</ele>
<time>2026-08-02T05:39:55.872Z</time>
</trkpt>
<trkpt lat="42.0054211" lon="2.8165587000000016">
<ele>70.97827319332866</ele>
<time>2026-08-02T05:39:59.202Z</time>
</trkpt>
<trkpt lat="42.0054737" lon="2.8165604000000144">
<ele>71.19894720298775</ele>
<time>2026-08-02T05:40:02.786Z</time>
</trkpt>
<trkpt lat="42.0055209" lon="2.8165643000000102">
<ele>71.43631884555529</ele>
<time>2026-08-02T05:40:06.123Z</time>
</trkpt>
<trkpt lat="42.0055739" lon="2.816568399999994">
<ele>71.63104333948371</ele>
<time>2026-08-02T05:40:09.762Z</time>
</trkpt>
<trkpt lat="42.0056203" lon="2.8165729000000113">
<ele>71.55691871672416</ele>
<time>2026-08-02T05:40:12.898Z</time>
</trkpt>
<trkpt lat="42.005666" lon="2.816577599999988">
<ele>71.4823151910291</ele>
<time>2026-08-02T05:40:15.785Z</time>
</trkpt>
<trkpt lat="42.0057126" lon="2.816587300000009">
<ele>71.46991293296387</ele>
<time>2026-08-02T05:40:18.801Z</time>
</trkpt>
<trkpt lat="42.0057584" lon="2.8165884999999946">
<ele>71.33253175483634</ele>
<time>2026-08-02T05:40:21.802Z</time>
</trkpt>
<trkpt lat="42.0058069" lon="2.8165898000000027">
<ele>71.18579362826718</ele>
<time>2026-08-02T05:40:25.161Z</time>
</trkpt>
<trkpt lat="42.0058516" lon="2.816577300000006">
<ele>70.8333852629078</ele>
<time>2026-08-02T05:40:28.202Z</time>
</trkpt>
<trkpt lat="42.0058965" lon="2.816587599999991">
<ele>70.59593427179284</ele>
<time>2026-08-02T05:40:31.219Z</time>
</trkpt>
<trkpt lat="42.0059474" lon="2.816594600000002">
<ele>70.25423697505688</ele>
<time>2026-08-02T05:40:34.843Z</time>
</trkpt>
<trkpt lat="42.0059921" lon="2.8166023999999936">
<ele>69.95550996860244</ele>
<time>2026-08-02T05:40:37.884Z</time>
</trkpt>
<trkpt lat="42.006038" lon="2.816601899999995">
<ele>69.56460890182439</ele>
<time>2026-08-02T05:40:40.927Z</time>
</trkpt>
<trkpt lat="42.0060864" lon="2.816601200000008">
<ele>69.15238096987494</ele>
<time>2026-08-02T05:40:44.319Z</time>
</trkpt>
<trkpt lat="42.006138" lon="2.816601399999996">
<ele>68.84235579325602</ele>
<time>2026-08-02T05:40:48.018Z</time>
</trkpt>
<trkpt lat="42.0061853" lon="2.8166093000000103">
<ele>68.8041588236244</ele>
<time>2026-08-02T05:40:50.925Z</time>
</trkpt>
<trkpt lat="42.006232" lon="2.816619800000012">
<ele>68.7763105391996</ele>
<time>2026-08-02T05:40:54.526Z</time>
</trkpt>
<trkpt lat="42.0062799" lon="2.8166300000000035">
<ele>68.73849108524263</ele>
<time>2026-08-02T05:40:57.983Z</time>
</trkpt>
<trkpt lat="42.0063257" lon="2.816641400000009">
<ele>68.70446083005675</ele>
<time>2026-08-02T05:41:01.280Z</time>
</trkpt>
<trkpt lat="42.0063708" lon="2.8166457000000094">
<ele>68.63351041844668</ele>
<time>2026-08-02T05:41:04.704Z</time>
</trkpt>
<trkpt lat="42.0064189" lon="2.8166511999999955">
<ele>68.65248736416982</ele>
<time>2026-08-02T05:41:08.401Z</time>
</trkpt>
<trkpt lat="42.0064695" lon="2.8166584999999884">
<ele>68.8031976522301</ele>
<time>2026-08-02T05:41:12.505Z</time>
</trkpt>
<trkpt lat="42.0065155" lon="2.8166674">
<ele>68.94927635971106</ele>
<time>2026-08-02T05:41:15.904Z</time>
</trkpt>
<trkpt lat="42.0065651" lon="2.8166731999999968">
<ele>69.09018833712643</ele>
<time>2026-08-02T05:41:19.561Z</time>
</trkpt>
<trkpt lat="42.0066117" lon="2.816676000000001">
<ele>69.21117891325243</ele>
<time>2026-08-02T05:41:22.962Z</time>
</trkpt>
<trkpt lat="42.0066611" lon="2.8166841000000034">
<ele>69.36032395188104</ele>
<time>2026-08-02T05:41:26.643Z</time>
</trkpt>
<trkpt lat="42.0067088" lon="2.8166922000000056">
<ele>69.14600361305682</ele>
<time>2026-08-02T05:41:30.060Z</time>
</trkpt>
<trkpt lat="42.0067616" lon="2.816701800000004">
<ele>68.62889049127345</ele>
<time>2026-08-02T05:41:33.780Z</time>
</trkpt>
<trkpt lat="42.0068073" lon="2.816708900000009">
<ele>68.20468331232917</ele>
<time>2026-08-02T05:41:36.965Z</time>
</trkpt>
<trkpt lat="42.0068557" lon="2.8167153999999925">
<ele>67.77485268329822</ele>
<time>2026-08-02T05:41:40.223Z</time>
</trkpt>
<trkpt lat="42.0069016" lon="2.816719799999987">
<ele>67.39482152759464</ele>
<time>2026-08-02T05:41:43.263Z</time>
</trkpt>
<trkpt lat="42.0069487" lon="2.8167257000000063">
<ele>66.99104626639121</ele>
<time>2026-08-02T05:41:46.383Z</time>
</trkpt>
<trkpt lat="42.0069941" lon="2.816735399999999">
<ele>66.5285243648378</ele>
<time>2026-08-02T05:41:49.439Z</time>
</trkpt>
<trkpt lat="42.0070445" lon="2.8167449000000033">
<ele>66.0068969876771</ele>
<time>2026-08-02T05:41:52.872Z</time>
</trkpt>
<trkpt lat="42.0070894" lon="2.8167534000000103">
<ele>65.52275136887238</ele>
<time>2026-08-02T05:41:56.009Z</time>
</trkpt>
<trkpt lat="42.0071356" lon="2.816764599999999">
<ele>64.9649657176315</ele>
<time>2026-08-02T05:41:59.099Z</time>
</trkpt>
<trkpt lat="42.0071818" lon="2.8167756999999938">
<ele>64.38474824183012</ele>
<time>2026-08-02T05:42:02.164Z</time>
</trkpt>
<trkpt lat="42.0072263" lon="2.816785799999991">
<ele>63.814329867107844</ele>
<time>2026-08-02T05:42:05.207Z</time>
</trkpt>
<trkpt lat="42.0072763" lon="2.8167937999999992">
<ele>63.522259245484655</ele>
<time>2026-08-02T05:42:08.680Z</time>
</trkpt>
<trkpt lat="42.0073234" lon="2.8167984000000104">
<ele>63.32579170685602</ele>
<time>2026-08-02T05:42:11.922Z</time>
</trkpt>
<trkpt lat="42.007372" lon="2.8168065000000126">
<ele>63.02613019271504</ele>
<time>2026-08-02T05:42:15.322Z</time>
</trkpt>
<trkpt lat="42.0074208" lon="2.81681549999999">
<ele>62.67427187347557</ele>
<time>2026-08-02T05:42:18.763Z</time>
</trkpt>
<trkpt lat="42.0074665" lon="2.8168210000000045">
<ele>62.396297298680494</ele>
<time>2026-08-02T05:42:21.892Z</time>
</trkpt>
<trkpt lat="42.0075169" lon="2.8168269999999893">
<ele>62.078311919042314</ele>
<time>2026-08-02T05:42:25.285Z</time>
</trkpt>
<trkpt lat="42.0075639" lon="2.816832500000004">
<ele>61.82873255123612</ele>
<time>2026-08-02T05:42:28.684Z</time>
</trkpt>
<trkpt lat="42.0076127" lon="2.81683910000001">
<ele>61.552857977133726</ele>
<time>2026-08-02T05:42:32.379Z</time>
</trkpt>
<trkpt lat="42.0076613" lon="2.8168467000000135">
<ele>61.25961517334385</ele>
<time>2026-08-02T05:42:35.819Z</time>
</trkpt>
<trkpt lat="42.0077161" lon="2.816858400000001">
<ele>60.85987780946251</ele>
<time>2026-08-02T05:42:39.442Z</time>
</trkpt>
<trkpt lat="42.0077639" lon="2.8168713999999966">
<ele>60.455067575384795</ele>
<time>2026-08-02T05:42:43.465Z</time>
</trkpt>
<trkpt lat="42.0078097" lon="2.8168831000000125">
<ele>60.121694267491286</ele>
<time>2026-08-02T05:42:46.904Z</time>
</trkpt>
<trkpt lat="42.0078589" lon="2.8168924999999945">
<ele>59.873844601470715</ele>
<time>2026-08-02T05:42:50.521Z</time>
</trkpt>
<trkpt lat="42.0079062" lon="2.8169004000000086">
<ele>59.66663802845356</ele>
<time>2026-08-02T05:42:53.905Z</time>
</trkpt>
<trkpt lat="42.0079551" lon="2.816909399999986">
<ele>59.43477930608933</ele>
<time>2026-08-02T05:42:57.561Z</time>
</trkpt>
<trkpt lat="42.0080004" lon="2.8169168000000013">
<ele>59.245531272514704</ele>
<time>2026-08-02T05:43:00.946Z</time>
</trkpt>
<trkpt lat="42.0080532" lon="2.816918600000008">
<ele>59.1926448266892</ele>
<time>2026-08-02T05:43:04.625Z</time>
</trkpt>
<trkpt lat="42.0080997" lon="2.8169111999999927">
<ele>59.35179891876149</ele>
<time>2026-08-02T05:43:07.985Z</time>
</trkpt>
<trkpt lat="42.0081536" lon="2.8169149000000004">
<ele>59.238102908671685</ele>
<time>2026-08-02T05:43:11.619Z</time>
</trkpt>
<trkpt lat="42.0082016" lon="2.8169173">
<ele>59.16034003771844</ele>
<time>2026-08-02T05:43:14.620Z</time>
</trkpt>
<trkpt lat="42.0082493" lon="2.8169203999999866">
<ele>59.06905423250586</ele>
<time>2026-08-02T05:43:17.988Z</time>
</trkpt>
<trkpt lat="42.0082935" lon="2.8169388999999967">
<ele>58.642125826201855</ele>
<time>2026-08-02T05:43:21.085Z</time>
</trkpt>
<trkpt lat="42.0083423" lon="2.816947599999992">
<ele>58.44129654596237</ele>
<time>2026-08-02T05:43:24.766Z</time>
</trkpt>
<trkpt lat="42.0083901" lon="2.816952299999997">
<ele>59.046566160342344</ele>
<time>2026-08-02T05:43:27.782Z</time>
</trkpt>
<trkpt lat="42.0084428" lon="2.8169592000000137">
<ele>59.75047715415015</ele>
<time>2026-08-02T05:43:31.863Z</time>
</trkpt>
<trkpt lat="42.0084878" lon="2.816962799999999">
<ele>60.41128602488844</ele>
<time>2026-08-02T05:43:34.889Z</time>
</trkpt>
<trkpt lat="42.0085343" lon="2.816967500000004">
<ele>61.09467901789307</ele>
<time>2026-08-02T05:43:38.226Z</time>
</trkpt>
<trkpt lat="42.0085834" lon="2.816981999999996">
<ele>61.69263917537956</ele>
<time>2026-08-02T05:43:41.882Z</time>
</trkpt>
<trkpt lat="42.008631" lon="2.8169948999999974">
<ele>62.131509004992004</ele>
<time>2026-08-02T05:43:45.282Z</time>
</trkpt>
<trkpt lat="42.0086787" lon="2.817023699999993">
<ele>61.94740049242571</ele>
<time>2026-08-02T05:43:49.004Z</time>
</trkpt>
<trkpt lat="42.0087201" lon="2.8170609000000013">
<ele>61.75157347745871</ele>
<time>2026-08-02T05:43:52.404Z</time>
</trkpt>
<trkpt lat="42.0087544" lon="2.8171040000000005">
<ele>61.57758884661753</ele>
<time>2026-08-02T05:43:55.422Z</time>
</trkpt>
<trkpt lat="42.0087884" lon="2.817146400000013">
<ele>61.54722631528815</ele>
<time>2026-08-02T05:43:58.423Z</time>
</trkpt>
<trkpt lat="42.0088226" lon="2.8171859999999924">
<ele>61.676282537158535</ele>
<time>2026-08-02T05:44:01.425Z</time>
</trkpt>
<trkpt lat="42.0088609" lon="2.817229300000008">
<ele>61.9795701159855</ele>
<time>2026-08-02T05:44:04.906Z</time>
</trkpt>
<trkpt lat="42.0088968" lon="2.817273099999994">
<ele>62.00260971313429</ele>
<time>2026-08-02T05:44:08.124Z</time>
</trkpt>
<trkpt lat="42.0089345" lon="2.8173136999999997">
<ele>61.57773502392326</ele>
<time>2026-08-02T05:44:11.540Z</time>
</trkpt>
<trkpt lat="42.0089737" lon="2.8173507999999856">
<ele>61.2496764332288</ele>
<time>2026-08-02T05:44:14.995Z</time>
</trkpt>
<trkpt lat="42.0090155" lon="2.817380700000001">
<ele>61.11759218905055</ele>
<time>2026-08-02T05:44:18.283Z</time>
</trkpt>
<trkpt lat="42.0090587" lon="2.817408599999993">
<ele>61.078816118064914</ele>
<time>2026-08-02T05:44:21.660Z</time>
</trkpt>
<trkpt lat="42.0091027" lon="2.8174320999999907">
<ele>61.15851721808051</ele>
<time>2026-08-02T05:44:24.996Z</time>
</trkpt>
<trkpt lat="42.0091426" lon="2.817462799999987">
<ele>61.14131742487227</ele>
<time>2026-08-02T05:44:28.404Z</time>
</trkpt>
<trkpt lat="42.0091938" lon="2.8174702000000025">
<ele>61.598147701104956</ele>
<time>2026-08-02T05:44:32.563Z</time>
</trkpt>
<trkpt lat="42.0092394" lon="2.8174688999999944">
<ele>62.13537716916487</ele>
<time>2026-08-02T05:44:36.506Z</time>
</trkpt>
<trkpt lat="42.0092937" lon="2.8174409000000082">
<ele>62.97440194903534</ele>
<time>2026-08-02T05:44:40.938Z</time>
</trkpt>
<trkpt lat="42.0093455" lon="2.817425799999995">
<ele>63.5901825076</ele>
<time>2026-08-02T05:44:44.915Z</time>
</trkpt>
<trkpt lat="42.0093909" lon="2.8174281000000008">
<ele>64.01844609883132</ele>
<time>2026-08-02T05:44:48.084Z</time>
</trkpt>
<trkpt lat="42.0094403" lon="2.8174233999999956">
<ele>64.50592006865033</ele>
<time>2026-08-02T05:44:51.764Z</time>
</trkpt>
<trkpt lat="42.009492" lon="2.817403600000006">
<ele>64.87770381084566</ele>
<time>2026-08-02T05:44:55.861Z</time>
</trkpt>
<trkpt lat="42.0095408" lon="2.81739970000001">
<ele>65.15453868969924</ele>
<time>2026-08-02T05:44:59.918Z</time>
</trkpt>
<trkpt lat="42.009587" lon="2.817395099999999">
<ele>65.42279611768359</ele>
<time>2026-08-02T05:45:03.365Z</time>
</trkpt>
<trkpt lat="42.009632" lon="2.817375300000009">
<ele>65.7327440671118</ele>
<time>2026-08-02T05:45:07.379Z</time>
</trkpt>
<trkpt lat="42.0096789" lon="2.8173453999999936">
<ele>66.10918996531446</ele>
<time>2026-08-02T05:45:11.026Z</time>
</trkpt>
<trkpt lat="42.0097252" lon="2.81732980000001">
<ele>66.45762375032838</ele>
<time>2026-08-02T05:45:14.402Z</time>
</trkpt>
<trkpt lat="42.0097696" lon="2.817315900000011">
<ele>66.48269793062134</ele>
<time>2026-08-02T05:45:17.425Z</time>
</trkpt>
<trkpt lat="42.009816" lon="2.8172969000000023">
<ele>66.41572469925866</ele>
<time>2026-08-02T05:45:20.921Z</time>
</trkpt>
<trkpt lat="42.0098607" lon="2.8172811999999965">
<ele>66.33271920078877</ele>
<time>2026-08-02T05:45:23.986Z</time>
</trkpt>
<trkpt lat="42.0099094" lon="2.8172653000000025">
<ele>66.22921199377417</ele>
<time>2026-08-02T05:45:27.306Z</time>
</trkpt>
<trkpt lat="42.0099588" lon="2.8172508000000107">
<ele>66.11041959063252</ele>
<time>2026-08-02T05:45:30.825Z</time>
</trkpt>
<trkpt lat="42.0100002" lon="2.817221200000006">
<ele>65.93687051363364</ele>
<time>2026-08-02T05:45:33.921Z</time>
</trkpt>
<trkpt lat="42.0100439" lon="2.817189600000006">
<ele>65.91922055645796</ele>
<time>2026-08-02T05:45:37.920Z</time>
</trkpt>
<trkpt lat="42.0100954" lon="2.817195499999997">
<ele>66.05695985552168</ele>
<time>2026-08-02T05:45:41.624Z</time>
</trkpt>
<trkpt lat="42.0101404" lon="2.817207400000001">
<ele>66.15830013069169</ele>
<time>2026-08-02T05:45:44.705Z</time>
</trkpt>
<trkpt lat="42.0101873" lon="2.8172257999999886">
<ele>66.22448863975737</ele>
<time>2026-08-02T05:45:47.763Z</time>
</trkpt>
<trkpt lat="42.0102318" lon="2.8172400999999923">
<ele>66.26075481423433</ele>
<time>2026-08-02T05:45:50.844Z</time>
</trkpt>
<trkpt lat="42.0102771" lon="2.8172496999999908">
<ele>66.29278795089839</ele>
<time>2026-08-02T05:45:53.899Z</time>
</trkpt>
<trkpt lat="42.0103288" lon="2.8172587999999905">
<ele>66.23237640819319</ele>
<time>2026-08-02T05:45:57.979Z</time>
</trkpt>
<trkpt lat="42.0103757" lon="2.8172620999999936">
<ele>66.15938122611833</ele>
<time>2026-08-02T05:46:01.386Z</time>
</trkpt>
<trkpt lat="42.0104238" lon="2.817271000000005">
<ele>66.0826913716699</ele>
<time>2026-08-02T05:46:04.970Z</time>
</trkpt>
<trkpt lat="42.0104697" lon="2.8172773999999947">
<ele>66.0224734838833</ele>
<time>2026-08-02T05:46:07.482Z</time>
</trkpt>
<trkpt lat="42.0105171" lon="2.8172883000000013">
<ele>65.97028242623207</ele>
<time>2026-08-02T05:46:11.123Z</time>
</trkpt>
<trkpt lat="42.0105628" lon="2.817296199999987">
<ele>65.93225813128262</ele>
<time>2026-08-02T05:46:13.931Z</time>
</trkpt>
<trkpt lat="42.0106088" lon="2.8173076999999864">
<ele>66.05157157455086</ele>
<time>2026-08-02T05:46:17.458Z</time>
</trkpt>
<trkpt lat="42.0106557" lon="2.817318400000005">
<ele>66.19816705658727</ele>
<time>2026-08-02T05:46:20.979Z</time>
</trkpt>
<trkpt lat="42.0107027" lon="2.8173255000000097">
<ele>66.33972971986283</ele>
<time>2026-08-02T05:46:24.083Z</time>
</trkpt>
<trkpt lat="42.0107512" lon="2.8173392999999862">
<ele>66.48579908762406</ele>
<time>2026-08-02T05:46:27.482Z</time>
</trkpt>
<trkpt lat="42.0108011" lon="2.8173478999999872">
<ele>66.63023736180716</ele>
<time>2026-08-02T05:46:30.977Z</time>
</trkpt>
<trkpt lat="42.0108473" lon="2.817354899999998">
<ele>66.76132684832041</ele>
<time>2026-08-02T05:46:34.520Z</time>
</trkpt>
<trkpt lat="42.010896" lon="2.8173649999999952">
<ele>67.33238498656095</ele>
<time>2026-08-02T05:46:38.382Z</time>
</trkpt>
<trkpt lat="42.0109512" lon="2.817375300000009">
<ele>68.02112320642026</ele>
<time>2026-08-02T05:46:41.964Z</time>
</trkpt>
<trkpt lat="42.0110018" lon="2.817384099999998">
<ele>68.67806687528567</ele>
<time>2026-08-02T05:46:45.980Z</time>
</trkpt>
<trkpt lat="42.0110496" lon="2.8173922999999945">
<ele>69.32128241666193</ele>
<time>2026-08-02T05:46:49.363Z</time>
</trkpt>
<trkpt lat="42.0110948" lon="2.817394699999994">
<ele>69.91230412087934</ele>
<time>2026-08-02T05:46:52.466Z</time>
</trkpt>
<trkpt lat="42.0111397" lon="2.8174027000000024">
<ele>70.31427556197163</ele>
<time>2026-08-02T05:46:55.561Z</time>
</trkpt>
<trkpt lat="42.0111861" lon="2.8174080999999944">
<ele>70.11716223405008</ele>
<time>2026-08-02T05:46:59.225Z</time>
</trkpt>
<trkpt lat="42.0112325" lon="2.8174218999999994">
<ele>69.97622939363232</ele>
<time>2026-08-02T05:47:02.678Z</time>
</trkpt>
<trkpt lat="42.0112848" lon="2.817440199999993">
<ele>69.82418995848452</ele>
<time>2026-08-02T05:47:06.299Z</time>
</trkpt>
<trkpt lat="42.0113302" lon="2.817453900000004">
<ele>69.66639619667752</ele>
<time>2026-08-02T05:47:10.344Z</time>
</trkpt>
<trkpt lat="42.0113742" lon="2.817467700000009">
<ele>69.50758918565896</ele>
<time>2026-08-02T05:47:13.910Z</time>
</trkpt>
<trkpt lat="42.0114199" lon="2.8174945000000093">
<ele>69.45052157284219</ele>
<time>2026-08-02T05:47:17.439Z</time>
</trkpt>
<trkpt lat="42.0114616" lon="2.8175187999999878">
<ele>69.45977188790279</ele>
<time>2026-08-02T05:47:20.614Z</time>
</trkpt>
<trkpt lat="42.011513" lon="2.8175157999999954">
<ele>69.28883353117803</ele>
<time>2026-08-02T05:47:24.918Z</time>
</trkpt>
<trkpt lat="42.0115602" lon="2.8175230999999883">
<ele>69.17427541686139</ele>
<time>2026-08-02T05:47:29.407Z</time>
</trkpt>
<trkpt lat="42.0116073" lon="2.817519500000003">
<ele>69.01555096007773</ele>
<time>2026-08-02T05:47:33.119Z</time>
</trkpt>
<trkpt lat="42.0116544" lon="2.8175311999999906">
<ele>68.84461877442746</ele>
<time>2026-08-02T05:47:36.600Z</time>
</trkpt>
<trkpt lat="42.011699" lon="2.8175488999999914">
<ele>68.55332331231783</ele>
<time>2026-08-02T05:47:39.960Z</time>
</trkpt>
<trkpt lat="42.011747" lon="2.8175574999999924">
<ele>68.2801679851375</ele>
<time>2026-08-02T05:47:43.400Z</time>
</trkpt>
<trkpt lat="42.0118014" lon="2.8175529000000097">
<ele>68.05532190114455</ele>
<time>2026-08-02T05:47:46.928Z</time>
</trkpt>
<trkpt lat="42.0118443" lon="2.8175798999999984">
<ele>67.75059742489411</ele>
<time>2026-08-02T05:47:50.544Z</time>
</trkpt>
<trkpt lat="42.0118873" lon="2.8176125999999897">
<ele>67.46723687372959</ele>
<time>2026-08-02T05:47:53.985Z</time>
</trkpt>
<trkpt lat="42.0119347" lon="2.8176215000000013">
<ele>67.27631319689135</ele>
<time>2026-08-02T05:47:57.682Z</time>
</trkpt>
<trkpt lat="42.01198" lon="2.817606100000006">
<ele>67.22860229107889</ele>
<time>2026-08-02T05:47:59.923Z</time>
</trkpt>
<trkpt lat="42.0120275" lon="2.817608000000007">
<ele>67.25566927714073</ele>
<time>2026-08-02T05:48:02.764Z</time>
</trkpt>
<trkpt lat="42.0120738" lon="2.8176124000000016">
<ele>67.27369087920573</ele>
<time>2026-08-02T05:48:05.958Z</time>
</trkpt>
<trkpt lat="42.0121182" lon="2.8176234999999963">
<ele>67.26677025111775</ele>
<time>2026-08-02T05:48:09.280Z</time>
</trkpt>
<trkpt lat="42.0121652" lon="2.8176261000000125">
<ele>67.28308880590177</ele>
<time>2026-08-02T05:48:12.945Z</time>
</trkpt>
<trkpt lat="42.0122096" lon="2.817642500000005">
<ele>67.24409712899076</ele>
<time>2026-08-02T05:48:15.962Z</time>
</trkpt>
<trkpt lat="42.0122557" lon="2.817651100000006">
<ele>67.18711759874135</ele>
<time>2026-08-02T05:48:19.386Z</time>
</trkpt>
<trkpt lat="42.0123049" lon="2.8176631000000043">
<ele>67.03840984965753</ele>
<time>2026-08-02T05:48:22.321Z</time>
</trkpt>
<trkpt lat="42.0123506" lon="2.8176685999999904">
<ele>66.92387473872859</ele>
<time>2026-08-02T05:48:25.943Z</time>
</trkpt>
<trkpt lat="42.0123956" lon="2.8176764000000105">
<ele>66.80355999635816</ele>
<time>2026-08-02T05:48:28.894Z</time>
</trkpt>
<trkpt lat="42.0124394" lon="2.8176917000000117">
<ele>66.66075795232821</ele>
<time>2026-08-02T05:48:32.102Z</time>
</trkpt>
<trkpt lat="42.0124844" lon="2.817700500000001">
<ele>66.54103614732165</ele>
<time>2026-08-02T05:48:35.372Z</time>
</trkpt>
<trkpt lat="42.0125319" lon="2.817707200000001">
<ele>66.4567786224118</ele>
<time>2026-08-02T05:48:38.932Z</time>
</trkpt>
<trkpt lat="42.0125811" lon="2.8177154999999914">
<ele>66.44872384708088</ele>
<time>2026-08-02T05:48:42.283Z</time>
</trkpt>
<trkpt lat="42.0126292" lon="2.8177188999999885">
<ele>66.46116452295148</ele>
<time>2026-08-02T05:48:45.666Z</time>
</trkpt>
<trkpt lat="42.0126804" lon="2.8177236999999877">
<ele>66.47989921013361</ele>
<time>2026-08-02T05:48:49.320Z</time>
</trkpt>
<trkpt lat="42.0127225" lon="2.8177590999999893">
<ele>66.50659431977212</ele>
<time>2026-08-02T05:48:52.725Z</time>
</trkpt>
<trkpt lat="42.0127669" lon="2.8177771999999948">
<ele>66.57239716991074</ele>
<time>2026-08-02T05:48:55.917Z</time>
</trkpt>
<trkpt lat="42.0128066" lon="2.817816899999997">
<ele>66.7914502824627</ele>
<time>2026-08-02T05:48:59.459Z</time>
</trkpt>
<trkpt lat="42.0128469" lon="2.8178468000000123">
<ele>67.30475877803737</ele>
<time>2026-08-02T05:49:02.842Z</time>
</trkpt>
<trkpt lat="42.0128973" lon="2.817856400000011">
<ele>67.93121570453376</ele>
<time>2026-08-02T05:49:05.883Z</time>
</trkpt>
<trkpt lat="42.0129449" lon="2.817863100000011">
<ele>68.52392620595725</ele>
<time>2026-08-02T05:49:08.946Z</time>
</trkpt>
<trkpt lat="42.0129941" lon="2.8178854999999885">
<ele>69.16497971637625</ele>
<time>2026-08-02T05:49:12.546Z</time>
</trkpt>
<trkpt lat="42.0130393" lon="2.817896499999989">
<ele>69.74571295768772</ele>
<time>2026-08-02T05:49:15.586Z</time>
</trkpt>
<trkpt lat="42.0130843" lon="2.8179076000000123">
<ele>70.17855377976736</ele>
<time>2026-08-02T05:49:18.642Z</time>
</trkpt>
<trkpt lat="42.0131307" lon="2.817925500000001">
<ele>70.10925593671604</ele>
<time>2026-08-02T05:49:21.665Z</time>
</trkpt>
<trkpt lat="42.0131824" lon="2.8179489000000046">
<ele>69.97899901109675</ele>
<time>2026-08-02T05:49:24.680Z</time>
</trkpt>
<trkpt lat="42.013234" lon="2.8179649999999867">
<ele>69.80223308068453</ele>
<time>2026-08-02T05:49:28.743Z</time>
</trkpt>
<trkpt lat="42.0132794" lon="2.8179790000000082">
<ele>69.6118970483914</ele>
<time>2026-08-02T05:49:31.744Z</time>
</trkpt>
<trkpt lat="42.0133281" lon="2.8180083999999965">
<ele>69.30619682353552</ele>
<time>2026-08-02T05:49:35.744Z</time>
</trkpt>
<trkpt lat="42.0133722" lon="2.8180431000000112">
<ele>69.16046448744015</ele>
<time>2026-08-02T05:49:38.784Z</time>
</trkpt>
<trkpt lat="42.0134183" lon="2.818070000000006">
<ele>69.39560912849046</ele>
<time>2026-08-02T05:49:42.784Z</time>
</trkpt>
<trkpt lat="42.0134601" lon="2.818101200000001">
<ele>69.90527830391514</ele>
<time>2026-08-02T05:49:45.838Z</time>
</trkpt>
<trkpt lat="42.0135091" lon="2.818118599999991">
<ele>70.4918753662105</ele>
<time>2026-08-02T05:49:49.862Z</time>
</trkpt>
<trkpt lat="42.0135576" lon="2.81813249999999">
<ele>71.05560237484639</ele>
<time>2026-08-02T05:49:52.885Z</time>
</trkpt>
<trkpt lat="42.0136105" lon="2.8181365000000085">
<ele>71.55956865555642</ele>
<time>2026-08-02T05:49:56.884Z</time>
</trkpt>
<trkpt lat="42.0136571" lon="2.818139300000013">
<ele>71.51589322873302</ele>
<time>2026-08-02T05:49:59.858Z</time>
</trkpt>
<trkpt lat="42.0137042" lon="2.8181556000000114">
<ele>71.26447832208382</ele>
<time>2026-08-02T05:50:03.802Z</time>
</trkpt>
<trkpt lat="42.0137497" lon="2.8181840000000022">
<ele>71.13666350919573</ele>
<time>2026-08-02T05:50:06.871Z</time>
</trkpt>
<trkpt lat="42.0137971" lon="2.818205500000005">
<ele>70.8926601805336</ele>
<time>2026-08-02T05:50:10.779Z</time>
</trkpt>
<trkpt lat="42.0138435" lon="2.818220200000013">
<ele>70.57220734839505</ele>
<time>2026-08-02T05:50:14.123Z</time>
</trkpt>
<trkpt lat="42.0138913" lon="2.8182442000000094">
<ele>70.30382311681247</ele>
<time>2026-08-02T05:50:17.804Z</time>
</trkpt>
<trkpt lat="42.0139423" lon="2.8182673999999963">
<ele>69.98542638796782</ele>
<time>2026-08-02T05:50:20.806Z</time>
</trkpt>
<trkpt lat="42.0139911" lon="2.818288800000005">
<ele>69.58811510021276</ele>
<time>2026-08-02T05:50:24.800Z</time>
</trkpt>
<trkpt lat="42.0140375" lon="2.8183083000000124">
<ele>69.11106275039079</ele>
<time>2026-08-02T05:50:27.840Z</time>
</trkpt>
<trkpt lat="42.0140834" lon="2.8183335999999883">
<ele>68.54823406119486</ele>
<time>2026-08-02T05:50:31.882Z</time>
</trkpt>
<trkpt lat="42.0141248" lon="2.8183665999999903">
<ele>67.92665668472098</ele>
<time>2026-08-02T05:50:35.299Z</time>
</trkpt>
<trkpt lat="42.0141656" lon="2.818401499999993">
<ele>67.24403503934747</ele>
<time>2026-08-02T05:50:38.942Z</time>
</trkpt>
<trkpt lat="42.0142034" lon="2.8184367000000066">
<ele>66.8151144391852</ele>
<time>2026-08-02T05:50:42.381Z</time>
</trkpt>
<trkpt lat="42.014245" lon="2.8184650999999974">
<ele>66.71200663989819</ele>
<time>2026-08-02T05:50:45.982Z</time>
</trkpt>
<trkpt lat="42.0142899" lon="2.8184896999999864">
<ele>66.5991910150496</ele>
<time>2026-08-02T05:50:49.019Z</time>
</trkpt>
<trkpt lat="42.0143314" lon="2.8185202999999888">
<ele>66.44619583814318</ele>
<time>2026-08-02T05:50:52.159Z</time>
</trkpt>
<trkpt lat="42.0143838" lon="2.8185503999999924">
<ele>66.25893554697534</ele>
<time>2026-08-02T05:50:55.646Z</time>
</trkpt>
<trkpt lat="42.0144208" lon="2.818589000000003">
<ele>66.02703060001674</ele>
<time>2026-08-02T05:50:59.206Z</time>
</trkpt>
<trkpt lat="42.0144632" lon="2.8186298999999906">
<ele>65.74740386894752</ele>
<time>2026-08-02T05:51:02.261Z</time>
</trkpt>
<trkpt lat="42.0144983" lon="2.818669199999988">
<ele>66.2331504688827</ele>
<time>2026-08-02T05:51:05.699Z</time>
</trkpt>
<trkpt lat="42.0145383" lon="2.818700799999988">
<ele>66.68696521657378</ele>
<time>2026-08-02T05:51:09.242Z</time>
</trkpt>
<trkpt lat="42.0145825" lon="2.8187369000000047">
<ele>67.09892896003015</ele>
<time>2026-08-02T05:51:12.603Z</time>
</trkpt>
<trkpt lat="42.0146256" lon="2.818763700000005">
<ele>67.3284227760634</ele>
<time>2026-08-02T05:51:15.931Z</time>
</trkpt>
<trkpt lat="42.0146696" lon="2.8187825999999916">
<ele>67.42640236668797</ele>
<time>2026-08-02T05:51:19.100Z</time>
</trkpt>
<trkpt lat="42.0147173" lon="2.8188076000000137">
<ele>67.49009154408435</ele>
<time>2026-08-02T05:51:22.803Z</time>
</trkpt>
<trkpt lat="42.0147606" lon="2.8188241999999946">
<ele>67.42924148902891</ele>
<time>2026-08-02T05:51:25.844Z</time>
</trkpt>
<trkpt lat="42.0147991" lon="2.8188566999999978">
<ele>67.35176788281788</ele>
<time>2026-08-02T05:51:29.005Z</time>
</trkpt>
<trkpt lat="42.0148328" lon="2.81889799999999">
<ele>67.25406862586563</ele>
<time>2026-08-02T05:51:31.926Z</time>
</trkpt>
<trkpt lat="42.0148719" lon="2.8189351000000045">
<ele>67.3073596629323</ele>
<time>2026-08-02T05:51:35.325Z</time>
</trkpt>
<trkpt lat="42.0149077" lon="2.8189753999999994">
<ele>67.56649512851011</ele>
<time>2026-08-02T05:51:37.981Z</time>
</trkpt>
<trkpt lat="42.0149516" lon="2.819017500000001">
<ele>67.67625768700731</ele>
<time>2026-08-02T05:51:42.005Z</time>
</trkpt>
<trkpt lat="42.0149915" lon="2.819049100000001">
<ele>67.60712506718664</ele>
<time>2026-08-02T05:51:45.342Z</time>
</trkpt>
<trkpt lat="42.0150397" lon="2.819082299999991">
<ele>67.53480120918283</ele>
<time>2026-08-02T05:51:48.999Z</time>
</trkpt>
<trkpt lat="42.0150773" lon="2.819118099999997">
<ele>67.62729976484628</ele>
<time>2026-08-02T05:51:52.024Z</time>
</trkpt>
<trkpt lat="42.0151171" lon="2.819152900000006">
<ele>67.55039005041684</ele>
<time>2026-08-02T05:51:55.383Z</time>
</trkpt>
<trkpt lat="42.0151613" lon="2.8191837999999905">
<ele>67.27421271942386</ele>
<time>2026-08-02T05:51:58.943Z</time>
</trkpt>
<trkpt lat="42.0152042" lon="2.8192089000000067">
<ele>67.11986053214663</ele>
<time>2026-08-02T05:52:02.039Z</time>
</trkpt>
<trkpt lat="42.015252" lon="2.819227699999999">
<ele>67.00223384338203</ele>
<time>2026-08-02T05:52:05.446Z</time>
</trkpt>
<trkpt lat="42.0152964" lon="2.8192430999999942">
<ele>66.90160818128848</ele>
<time>2026-08-02T05:52:08.420Z</time>
</trkpt>
<trkpt lat="42.0153383" lon="2.8192735000000084">
<ele>67.41357735971998</ele>
<time>2026-08-02T05:52:11.938Z</time>
</trkpt>
<trkpt lat="42.0153728" lon="2.8193205000000034">
<ele>68.13347519090613</ele>
<time>2026-08-02T05:52:14.961Z</time>
</trkpt>
<trkpt lat="42.0154083" lon="2.8193676999999866">
<ele>68.74862283528299</ele>
<time>2026-08-02T05:52:18.024Z</time>
</trkpt>
<trkpt lat="42.0154364" lon="2.8194197999999915">
<ele>69.3577450405849</ele>
<time>2026-08-02T05:52:21.039Z</time>
</trkpt>
<trkpt lat="42.0154692" lon="2.819468900000004">
<ele>69.80409495008513</ele>
<time>2026-08-02T05:52:24.421Z</time>
</trkpt>
<trkpt lat="42.0154972" lon="2.819517100000013">
<ele>70.15169825429929</ele>
<time>2026-08-02T05:52:27.419Z</time>
</trkpt>
<trkpt lat="42.0155256" lon="2.8195752000000027">
<ele>70.74306352786222</ele>
<time>2026-08-02T05:52:30.961Z</time>
</trkpt>
<trkpt lat="42.0155505" lon="2.819637400000005">
<ele>71.54434956691148</ele>
<time>2026-08-02T05:52:34.304Z</time>
</trkpt>
<trkpt lat="42.0155818" lon="2.819687799999997">
<ele>72.25418715282308</ele>
<time>2026-08-02T05:52:37.944Z</time>
</trkpt>
<trkpt lat="42.0156007" lon="2.8197451000000058">
<ele>72.74150070342084</ele>
<time>2026-08-02T05:52:41.022Z</time>
</trkpt>
<trkpt lat="42.0156083" lon="2.8198069000000032">
<ele>72.24737067570948</ele>
<time>2026-08-02T05:52:43.935Z</time>
</trkpt>
<trkpt lat="42.0156187" lon="2.819870299999991">
<ele>71.62254309458463</ele>
<time>2026-08-02T05:52:46.621Z</time>
</trkpt>
<trkpt lat="42.015633" lon="2.819933600000013">
<ele>70.9717891041095</ele>
<time>2026-08-02T05:52:50.580Z</time>
</trkpt>
<trkpt lat="42.0156332" lon="2.8199987000000135">
<ele>70.53494295890117</ele>
<time>2026-08-02T05:52:53.442Z</time>
</trkpt>
<trkpt lat="42.0156359" lon="2.8200596000000075">
<ele>70.09129408906844</ele>
<time>2026-08-02T05:52:57.442Z</time>
</trkpt>
<trkpt lat="42.0156323" lon="2.8201219000000037">
<ele>69.7017552749079</ele>
<time>2026-08-02T05:53:00.920Z</time>
</trkpt>
<trkpt lat="42.0156427" lon="2.8201813000000016">
<ele>69.21188602370992</ele>
<time>2026-08-02T05:53:04.120Z</time>
</trkpt>
<trkpt lat="42.0156474" lon="2.8202455999999927">
<ele>68.7617333262504</ele>
<time>2026-08-02T05:53:07.904Z</time>
</trkpt>
<trkpt lat="42.0156427" lon="2.820313099999993">
<ele>68.34416982714556</ele>
<time>2026-08-02T05:53:12.122Z</time>
</trkpt>
<trkpt lat="42.0156272" lon="2.8203737000000046">
<ele>67.98628164976425</ele>
<time>2026-08-02T05:53:16.106Z</time>
</trkpt>
<trkpt lat="42.0156117" lon="2.820436000000001">
<ele>67.5750925852004</ele>
<time>2026-08-02T05:53:19.426Z</time>
</trkpt>
<trkpt lat="42.015595" lon="2.8205006000000026">
<ele>67.10377149938066</ele>
<time>2026-08-02T05:53:22.986Z</time>
</trkpt>
<trkpt lat="42.0155808" lon="2.8205613000000085">
<ele>66.62059563136353</ele>
<time>2026-08-02T05:53:26.402Z</time>
</trkpt>
<trkpt lat="42.015566" lon="2.8206216000000097">
<ele>66.58085092568464</ele>
<time>2026-08-02T05:53:29.386Z</time>
</trkpt>
<trkpt lat="42.0155498" lon="2.820680799999991">
<ele>66.73809278867185</ele>
<time>2026-08-02T05:53:32.978Z</time>
</trkpt>
<trkpt lat="42.0155352" lon="2.8207438000000025">
<ele>66.81150749227878</ele>
<time>2026-08-02T05:53:35.963Z</time>
</trkpt>
<trkpt lat="42.015522" lon="2.8208081999999877">
<ele>66.80940586062327</ele>
<time>2026-08-02T05:53:39.900Z</time>
</trkpt>
<trkpt lat="42.0155135" lon="2.8208713999999873">
<ele>66.7217413395455</ele>
<time>2026-08-02T05:53:42.881Z</time>
</trkpt>
<trkpt lat="42.0155066" lon="2.820938600000005">
<ele>66.47227485642051</ele>
<time>2026-08-02T05:53:46.304Z</time>
</trkpt>
<trkpt lat="42.0155016" lon="2.821005299999996">
<ele>66.22200596413393</ele>
<time>2026-08-02T05:53:49.224Z</time>
</trkpt>
<trkpt lat="42.0154888" lon="2.821064199999995">
<ele>66.00099336582998</ele>
<time>2026-08-02T05:53:52.822Z</time>
</trkpt>
<trkpt lat="42.0154783" lon="2.8211239000000035">
<ele>65.7733792234575</ele>
<time>2026-08-02T05:53:56.120Z</time>
</trkpt>
<trkpt lat="42.0154785" lon="2.821185100000008">
<ele>65.88266590894244</ele>
<time>2026-08-02T05:53:59.383Z</time>
</trkpt>
<trkpt lat="42.0154494" lon="2.821245900000008">
<ele>66.15835173840645</ele>
<time>2026-08-02T05:54:02.966Z</time>
</trkpt>
<trkpt lat="42.015423" lon="2.8212972000000036">
<ele>66.43140059590925</ele>
<time>2026-08-02T05:54:06.381Z</time>
</trkpt>
<trkpt lat="42.0153973" lon="2.8213475000000017">
<ele>66.73362316461905</ele>
<time>2026-08-02T05:54:08.925Z</time>
</trkpt>
<trkpt lat="42.0153726" lon="2.82139939999999">
<ele>67.07530987395486</ele>
<time>2026-08-02T05:54:12.283Z</time>
</trkpt>
<trkpt lat="42.0153413" lon="2.8214570000000094">
<ele>67.10492365383514</ele>
<time>2026-08-02T05:54:15.921Z</time>
</trkpt>
<trkpt lat="42.0153233" lon="2.8215140000000076">
<ele>66.86234413829337</ele>
<time>2026-08-02T05:54:18.919Z</time>
</trkpt>
<trkpt lat="42.0153141" lon="2.8215782000000047">
<ele>66.53604699763142</ele>
<time>2026-08-02T05:54:21.919Z</time>
</trkpt>
<trkpt lat="42.0153086" lon="2.821638500000006">
<ele>66.21112605482466</ele>
<time>2026-08-02T05:54:24.926Z</time>
</trkpt>
<trkpt lat="42.0153015" lon="2.8217052999999908">
<ele>65.87051882974471</ele>
<time>2026-08-02T05:54:28.244Z</time>
</trkpt>
<trkpt lat="42.0152885" lon="2.8217744000000096">
<ele>65.7632164276389</ele>
<time>2026-08-02T05:54:31.922Z</time>
</trkpt>
<trkpt lat="42.0152687" lon="2.82183169999999">
<ele>65.69522104999388</ele>
<time>2026-08-02T05:54:35.202Z</time>
</trkpt>
<trkpt lat="42.015262" lon="2.821891700000009">
<ele>65.6336699802747</ele>
<time>2026-08-02T05:54:38.185Z</time>
</trkpt>
<trkpt lat="42.0152505" lon="2.821959600000014">
<ele>65.58245866771487</ele>
<time>2026-08-02T05:54:41.722Z</time>
</trkpt>
<trkpt lat="42.0152377" lon="2.822019399999988">
<ele>65.6434607486542</ele>
<time>2026-08-02T05:54:45.010Z</time>
</trkpt>
<trkpt lat="42.0152248" lon="2.8220911999999885">
<ele>65.74225796779304</ele>
<time>2026-08-02T05:54:48.931Z</time>
</trkpt>
<trkpt lat="42.0152208" lon="2.822155600000002">
<ele>65.81366813856776</ele>
<time>2026-08-02T05:54:52.683Z</time>
</trkpt>
<trkpt lat="42.0152473" lon="2.8222155999999927">
<ele>65.84697729771018</ele>
<time>2026-08-02T05:54:55.682Z</time>
</trkpt>
<trkpt lat="42.0152604" lon="2.822277299999996">
<ele>65.85073764828368</ele>
<time>2026-08-02T05:54:59.121Z</time>
</trkpt>
<trkpt lat="42.0152861" lon="2.8223441000000093">
<ele>65.75739879633086</ele>
<time>2026-08-02T05:55:02.800Z</time>
</trkpt>
<trkpt lat="42.0153181" lon="2.822390200000001">
<ele>65.68118837236091</ele>
<time>2026-08-02T05:55:06.183Z</time>
</trkpt>
<trkpt lat="42.0153441" lon="2.822449699999993">
<ele>65.61939379134093</ele>
<time>2026-08-02T05:55:09.805Z</time>
</trkpt>
<trkpt lat="42.0153225" lon="2.8225075000000004">
<ele>65.57983508107645</ele>
<time>2026-08-02T05:55:12.221Z</time>
</trkpt>
<trkpt lat="42.0152972" lon="2.822568700000005">
<ele>65.55528122467534</ele>
<time>2026-08-02T05:55:14.866Z</time>
</trkpt>
<trkpt lat="42.0152807" lon="2.822626200000002">
<ele>65.55551062437365</ele>
<time>2026-08-02T05:55:17.882Z</time>
</trkpt>
<trkpt lat="42.0152699" lon="2.822685799999988">
<ele>65.54614088966548</ele>
<time>2026-08-02T05:55:20.912Z</time>
</trkpt>
<trkpt lat="42.0152409" lon="2.822736700000007">
<ele>65.50552388395027</ele>
<time>2026-08-02T05:55:24.878Z</time>
</trkpt>
<trkpt lat="42.0152206" lon="2.822793499999989">
<ele>65.45424675893301</ele>
<time>2026-08-02T05:55:28.246Z</time>
</trkpt>
<trkpt lat="42.0151996" lon="2.822850499999987">
<ele>65.30666745626291</ele>
<time>2026-08-02T05:55:31.244Z</time>
</trkpt>
<trkpt lat="42.0151712" lon="2.822911299999987">
<ele>65.0967773394157</ele>
<time>2026-08-02T05:55:34.883Z</time>
</trkpt>
<trkpt lat="42.0151536" lon="2.8229690999999946">
<ele>64.91021111948213</ele>
<time>2026-08-02T05:55:38.243Z</time>
</trkpt>
<trkpt lat="42.0151512" lon="2.8230384000000015">
<ele>64.724162204495</ele>
<time>2026-08-02T05:55:41.865Z</time>
</trkpt>
<trkpt lat="42.0151598" lon="2.8231116000000043">
<ele>64.60696615836767</ele>
<time>2026-08-02T05:55:44.904Z</time>
</trkpt>
<trkpt lat="42.0151642" lon="2.8231831999999883">
<ele>64.58470912926269</ele>
<time>2026-08-02T05:55:47.863Z</time>
</trkpt>
<trkpt lat="42.0151533" lon="2.823247000000009">
<ele>64.54220881870343</ele>
<time>2026-08-02T05:55:50.822Z</time>
</trkpt>
<trkpt lat="42.0151464" lon="2.823310300000003">
<ele>64.51353595566655</ele>
<time>2026-08-02T05:55:53.764Z</time>
</trkpt>
<trkpt lat="42.0151366" lon="2.823369299999996">
<ele>64.48874096278153</ele>
<time>2026-08-02T05:55:56.907Z</time>
</trkpt>
<trkpt lat="42.0151271" lon="2.8234289000000103">
<ele>64.42525374503614</ele>
<time>2026-08-02T05:55:59.946Z</time>
</trkpt>
<trkpt lat="42.0151126" lon="2.823487499999999">
<ele>64.37368872727596</ele>
<time>2026-08-02T05:56:02.890Z</time>
</trkpt>
<trkpt lat="42.015096" lon="2.8235454000000004">
<ele>64.33714330238872</ele>
<time>2026-08-02T05:56:06.042Z</time>
</trkpt>
<trkpt lat="42.0150725" lon="2.823612099999991">
<ele>64.31883130409733</ele>
<time>2026-08-02T05:56:09.562Z</time>
</trkpt>
<trkpt lat="42.0150485" lon="2.8236689000000013">
<ele>64.54042658065799</ele>
<time>2026-08-02T05:56:12.465Z</time>
</trkpt>
<trkpt lat="42.0150343" lon="2.8237324000000115">
<ele>65.07462345008217</ele>
<time>2026-08-02T05:56:16.423Z</time>
</trkpt>
<trkpt lat="42.015031" lon="2.8237971000000073">
<ele>65.60004920440812</ele>
<time>2026-08-02T05:56:19.911Z</time>
</trkpt>
<trkpt lat="42.015007" lon="2.823855000000009">
<ele>65.9797625079052</ele>
<time>2026-08-02T05:56:23.301Z</time>
</trkpt>
<trkpt lat="42.0149826" lon="2.823907300000002">
<ele>66.18124178345364</ele>
<time>2026-08-02T05:56:26.205Z</time>
</trkpt>
<trkpt lat="42.0149517" lon="2.823951700000009">
<ele>66.19062135085095</ele>
<time>2026-08-02T05:56:28.907Z</time>
</trkpt>
<trkpt lat="42.0149227" lon="2.8240030000000047">
<ele>66.2090733170526</ele>
<time>2026-08-02T05:56:32.201Z</time>
</trkpt>
<trkpt lat="42.0148993" lon="2.8240557000000024">
<ele>66.26052873956701</ele>
<time>2026-08-02T05:56:35.559Z</time>
</trkpt>
<trkpt lat="42.0148707" lon="2.8241108999999938">
<ele>66.24415703596098</ele>
<time>2026-08-02T05:56:38.997Z</time>
</trkpt>
<trkpt lat="42.0148419" lon="2.8241575000000125">
<ele>66.15376807710162</ele>
<time>2026-08-02T05:56:41.941Z</time>
</trkpt>
<trkpt lat="42.0148088" lon="2.8242012000000045">
<ele>65.96441474745122</ele>
<time>2026-08-02T05:56:44.909Z</time>
</trkpt>
<trkpt lat="42.0147819" lon="2.824252699999988">
<ele>65.32712473877376</ele>
<time>2026-08-02T05:56:47.935Z</time>
</trkpt>
<trkpt lat="42.0147601" lon="2.8243057999999905">
<ele>64.72072171703522</ele>
<time>2026-08-02T05:56:50.961Z</time>
</trkpt>
<trkpt lat="42.0147422" lon="2.824368600000014">
<ele>64.08089118133661</ele>
<time>2026-08-02T05:56:54.922Z</time>
</trkpt>
<trkpt lat="42.014704" lon="2.8244134999999915">
<ele>63.26887072716571</ele>
<time>2026-08-02T05:56:57.882Z</time>
</trkpt>
<trkpt lat="42.0146733" lon="2.824462000000011">
<ele>62.556585833961535</ele>
<time>2026-08-02T05:57:00.866Z</time>
</trkpt>
<trkpt lat="42.0146412" lon="2.824505799999997">
<ele>62.25629467512194</ele>
<time>2026-08-02T05:57:04.785Z</time>
</trkpt>
<trkpt lat="42.014611" lon="2.8245517000000007">
<ele>62.12306123365094</ele>
<time>2026-08-02T05:57:08.105Z</time>
</trkpt>
<trkpt lat="42.014587" lon="2.824603400000001">
<ele>62.00282090058886</ele>
<time>2026-08-02T05:57:11.793Z</time>
</trkpt>
<trkpt lat="42.0145493" lon="2.8246383999999978">
<ele>61.40865864433051</ele>
<time>2026-08-02T05:57:15.161Z</time>
</trkpt>
<trkpt lat="42.0145047" lon="2.8246717000000103">
<ele>60.52971968710731</ele>
<time>2026-08-02T05:57:21.826Z</time>
</trkpt>
<trkpt lat="42.0144674" lon="2.8247130000000027">
<ele>59.678201541278455</ele>
<time>2026-08-02T05:57:25.921Z</time>
</trkpt>
<trkpt lat="42.014486" lon="2.824769300000014">
<ele>60.161863169109296</ele>
<time>2026-08-02T05:57:27.786Z</time>
</trkpt>
<trkpt lat="42.0144933" lon="2.824838199999988">
<ele>60.36350203073391</ele>
<time>2026-08-02T05:57:29.786Z</time>
</trkpt>
<trkpt lat="42.0144662" lon="2.8248881000000097">
<ele>59.971413501482196</ele>
<time>2026-08-02T05:57:32.937Z</time>
</trkpt>
<trkpt lat="42.014437" lon="2.8249377999999865">
<ele>60.17496837617393</ele>
<time>2026-08-02T05:57:36.105Z</time>
</trkpt>
<trkpt lat="42.0144019" lon="2.824992299999991">
<ele>60.36001283998019</ele>
<time>2026-08-02T05:57:39.681Z</time>
</trkpt>
<trkpt lat="42.0143693" lon="2.825042300000007">
<ele>60.46341858480617</ele>
<time>2026-08-02T05:57:43.040Z</time>
</trkpt>
<trkpt lat="42.0143354" lon="2.8250950000000046">
<ele>60.62206134322755</ele>
<time>2026-08-02T05:57:46.638Z</time>
</trkpt>
<trkpt lat="42.0143045" lon="2.8251419999999996">
<ele>60.76877987258957</ele>
<time>2026-08-02T05:57:49.973Z</time>
</trkpt>
<trkpt lat="42.0142659" lon="2.825200599999988">
<ele>60.9578359640385</ele>
<time>2026-08-02T05:57:53.539Z</time>
</trkpt>
<trkpt lat="42.0142386" lon="2.8252545">
<ele>61.1268979098703</ele>
<time>2026-08-02T05:57:56.921Z</time>
</trkpt>
<trkpt lat="42.0142095" lon="2.8253025999999863">
<ele>61.28800380753028</ele>
<time>2026-08-02T05:57:59.864Z</time>
</trkpt>
<trkpt lat="42.0141809" lon="2.825349999999986">
<ele>60.65787474646595</ele>
<time>2026-08-02T05:58:02.918Z</time>
</trkpt>
<trkpt lat="42.0141472" lon="2.825402099999991">
<ele>59.243969528291785</ele>
<time>2026-08-02T05:58:06.461Z</time>
</trkpt>
<trkpt lat="42.0141143" lon="2.825448300000005">
<ele>58.08602718370225</ele>
<time>2026-08-02T05:58:09.420Z</time>
</trkpt>
<trkpt lat="42.0140832" lon="2.825495899999993">
<ele>57.08810957525701</ele>
<time>2026-08-02T05:58:12.955Z</time>
</trkpt>
<trkpt lat="42.014052" lon="2.8255431999999985">
<ele>56.23742085731728</ele>
<time>2026-08-02T05:58:16.019Z</time>
</trkpt>
<trkpt lat="42.0140193" lon="2.825594599999988">
<ele>55.52966241297607</ele>
<time>2026-08-02T05:58:19.265Z</time>
</trkpt>
<trkpt lat="42.0139905" lon="2.8256409999999903">
<ele>55.592802224863384</ele>
<time>2026-08-02T05:58:22.224Z</time>
</trkpt>
<trkpt lat="42.0139582" lon="2.825694900000002">
<ele>55.94058515052606</ele>
<time>2026-08-02T05:58:25.584Z</time>
</trkpt>
<trkpt lat="42.0139293" lon="2.82574249999999">
<ele>56.48506000168985</ele>
<time>2026-08-02T05:58:28.918Z</time>
</trkpt>
<trkpt lat="42.013901" lon="2.8257910000000095">
<ele>57.31601713789657</ele>
<time>2026-08-02T05:58:31.990Z</time>
</trkpt>
<trkpt lat="42.0138728" lon="2.8258382999999867">
<ele>58.371162980883426</ele>
<time>2026-08-02T05:58:35.020Z</time>
</trkpt>
<trkpt lat="42.0138418" lon="2.825889999999987">
<ele>59.47124855664689</ele>
<time>2026-08-02T05:58:38.381Z</time>
</trkpt>
<trkpt lat="42.0138113" lon="2.825942900000001">
<ele>60.39066557391278</ele>
<time>2026-08-02T05:58:41.924Z</time>
</trkpt>
<trkpt lat="42.0137798" lon="2.8259880999999893">
<ele>61.113984160963156</ele>
<time>2026-08-02T05:58:45.300Z</time>
</trkpt>
<trkpt lat="42.0137528" lon="2.8260402999999883">
<ele>61.725484006875334</ele>
<time>2026-08-02T05:58:48.804Z</time>
</trkpt>
<trkpt lat="42.0137173" lon="2.826080999999988">
<ele>62.191897120551864</ele>
<time>2026-08-02T05:58:52.204Z</time>
</trkpt>
<trkpt lat="42.0136833" lon="2.826125399999995">
<ele>62.53872912000401</ele>
<time>2026-08-02T05:58:55.763Z</time>
</trkpt>
<trkpt lat="42.0136494" lon="2.8261664999999994">
<ele>62.72670843475995</ele>
<time>2026-08-02T05:58:58.682Z</time>
</trkpt>
<trkpt lat="42.0135992" lon="2.82618149999999">
<ele>62.7687015061663</ele>
<time>2026-08-02T05:59:02.545Z</time>
</trkpt>
<trkpt lat="42.0135505" lon="2.826193499999988">
<ele>62.713703982441466</ele>
<time>2026-08-02T05:59:06.465Z</time>
</trkpt>
<trkpt lat="42.0134993" lon="2.826197900000011">
<ele>62.63813078359437</ele>
<time>2026-08-02T05:59:10.465Z</time>
</trkpt>
<trkpt lat="42.0134559" lon="2.826179400000001">
<ele>62.562405625615455</ele>
<time>2026-08-02T05:59:13.465Z</time>
</trkpt>
<trkpt lat="42.0134115" lon="2.826156499999996">
<ele>62.5000413474951</ele>
<time>2026-08-02T05:59:16.761Z</time>
</trkpt>
<trkpt lat="42.0133655" lon="2.826131299999986">
<ele>62.46297440980803</ele>
<time>2026-08-02T05:59:20.384Z</time>
</trkpt>
<trkpt lat="42.013323" lon="2.826107400000012">
<ele>62.71106406150089</ele>
<time>2026-08-02T05:59:23.703Z</time>
</trkpt>
<trkpt lat="42.0132778" lon="2.8260828999999887">
<ele>63.099339362051175</ele>
<time>2026-08-02T05:59:26.342Z</time>
</trkpt>
<trkpt lat="42.0132292" lon="2.826057600000013">
<ele>63.50556682878723</ele>
<time>2026-08-02T05:59:29.925Z</time>
</trkpt>
<trkpt lat="42.0131824" lon="2.8260382999999933">
<ele>63.88520741222608</ele>
<time>2026-08-02T05:59:33.301Z</time>
</trkpt>
<trkpt lat="42.0131382" lon="2.8260169000000133">
<ele>64.23683034289357</ele>
<time>2026-08-02T05:59:36.684Z</time>
</trkpt>
<trkpt lat="42.0130933" lon="2.82599350000001">
<ele>64.58542395107115</ele>
<time>2026-08-02T05:59:40.299Z</time>
</trkpt>
<trkpt lat="42.0130489" lon="2.825966099999988">
<ele>64.7791018137487</ele>
<time>2026-08-02T05:59:43.283Z</time>
</trkpt>
<trkpt lat="42.0130004" lon="2.8259438999999986">
<ele>64.87257830921173</ele>
<time>2026-08-02T05:59:47.378Z</time>
</trkpt>
<trkpt lat="42.0129567" lon="2.8259226000000126">
<ele>64.96193104470213</ele>
<time>2026-08-02T05:59:50.401Z</time>
</trkpt>
<trkpt lat="42.0129104" lon="2.8259023999999897">
<ele>65.06147622601564</ele>
<time>2026-08-02T05:59:53.761Z</time>
</trkpt>
<trkpt lat="42.0128679" lon="2.8258815000000084">
<ele>65.15814317363777</ele>
<time>2026-08-02T05:59:56.921Z</time>
</trkpt>
<trkpt lat="42.0128213" lon="2.8258856999999864">
<ele>65.256351329317</ele>
<time>2026-08-02T05:59:59.720Z</time>
</trkpt>
<trkpt lat="42.0127749" lon="2.825875200000013">
<ele>65.2340714612645</ele>
<time>2026-08-02T06:00:02.926Z</time>
</trkpt>
<trkpt lat="42.012724" lon="2.825863300000009">
<ele>65.04917823980618</ele>
<time>2026-08-02T06:00:06.381Z</time>
</trkpt>
<trkpt lat="42.0126745" lon="2.8258481000000018">
<ele>64.87546136222754</ele>
<time>2026-08-02T06:00:09.764Z</time>
</trkpt>
<trkpt lat="42.01263" lon="2.825832300000002">
<ele>64.72028524687526</ele>
<time>2026-08-02T06:00:12.939Z</time>
</trkpt>
<trkpt lat="42.0125842" lon="2.8258037999999885">
<ele>64.57343920828488</ele>
<time>2026-08-02T06:00:16.345Z</time>
</trkpt>
<trkpt lat="42.0125395" lon="2.8257753000000037">
<ele>64.42752488048299</ele>
<time>2026-08-02T06:00:19.760Z</time>
</trkpt>
<trkpt lat="42.0124905" lon="2.825772900000004">
<ele>64.36325635055204</ele>
<time>2026-08-02T06:00:23.223Z</time>
</trkpt>
<trkpt lat="42.0124458" lon="2.8257581999999957">
<ele>64.43532120527696</ele>
<time>2026-08-02T06:00:26.206Z</time>
</trkpt>
<trkpt lat="42.0123997" lon="2.825750999999997">
<ele>64.50841844846802</ele>
<time>2026-08-02T06:00:30.325Z</time>
</trkpt>
<trkpt lat="42.0123555" lon="2.825728099999992">
<ele>64.6528016628657</ele>
<time>2026-08-02T06:00:33.871Z</time>
</trkpt>
<trkpt lat="42.012308" lon="2.8256960999999876">
<ele>64.8829679360643</ele>
<time>2026-08-02T06:00:36.961Z</time>
</trkpt>
<trkpt lat="42.0122676" lon="2.825653499999987">
<ele>65.20533005479913</ele>
<time>2026-08-02T06:00:40.561Z</time>
</trkpt>
<trkpt lat="42.0122294" lon="2.8256192000000055">
<ele>65.47248344981612</ele>
<time>2026-08-02T06:00:43.943Z</time>
</trkpt>
<trkpt lat="42.0121897" lon="2.825588500000009">
<ele>65.57023693167872</ele>
<time>2026-08-02T06:00:46.871Z</time>
</trkpt>
<trkpt lat="42.0121528" lon="2.825550700000008">
<ele>65.62164855987237</ele>
<time>2026-08-02T06:00:50.739Z</time>
</trkpt>
<trkpt lat="42.0121144" lon="2.8255121999999915">
<ele>65.66469789204825</ele>
<time>2026-08-02T06:00:53.922Z</time>
</trkpt>
<trkpt lat="42.0120696" lon="2.825495399999994">
<ele>65.61659625607787</ele>
<time>2026-08-02T06:00:56.801Z</time>
</trkpt>
<trkpt lat="42.0120241" lon="2.8254784000000086">
<ele>65.5635385503909</ele>
<time>2026-08-02T06:00:59.912Z</time>
</trkpt>
<trkpt lat="42.0119807" lon="2.8254578000000095">
<ele>65.52197210105487</ele>
<time>2026-08-02T06:01:03.159Z</time>
</trkpt>
<trkpt lat="42.0119384" lon="2.8254348000000107">
<ele>65.5059407631118</ele>
<time>2026-08-02T06:01:06.181Z</time>
</trkpt>
<trkpt lat="42.0118882" lon="2.8254062999999974">
<ele>65.51151389840709</ele>
<time>2026-08-02T06:01:09.886Z</time>
</trkpt>
<trkpt lat="42.0118404" lon="2.8254025999999897">
<ele>65.44950910920616</ele>
<time>2026-08-02T06:01:12.901Z</time>
</trkpt>
<trkpt lat="42.0117944" lon="2.825391400000001">
<ele>65.41266421652072</ele>
<time>2026-08-02T06:01:16.246Z</time>
</trkpt>
<trkpt lat="42.0117525" lon="2.8253674999999987">
<ele>65.4205284591201</ele>
<time>2026-08-02T06:01:19.301Z</time>
</trkpt>
<trkpt lat="42.0116998" lon="2.8253621000000066">
<ele>65.35764490988348</ele>
<time>2026-08-02T06:01:22.942Z</time>
</trkpt>
<trkpt lat="42.0116529" lon="2.825370399999997">
<ele>65.3851196217559</ele>
<time>2026-08-02T06:01:25.981Z</time>
</trkpt>
<trkpt lat="42.0116052" lon="2.825367">
<ele>65.52323456244865</ele>
<time>2026-08-02T06:01:29.020Z</time>
</trkpt>
<trkpt lat="42.0115589" lon="2.8253569000000027">
<ele>65.69475578643738</ele>
<time>2026-08-02T06:01:32.019Z</time>
</trkpt>
<trkpt lat="42.0115135" lon="2.8253613999999914">
<ele>65.79693209576877</ele>
<time>2026-08-02T06:01:34.921Z</time>
</trkpt>
<trkpt lat="42.0114673" lon="2.8253632999999923">
<ele>65.91133275353342</ele>
<time>2026-08-02T06:01:37.950Z</time>
</trkpt>
<trkpt lat="42.011416" lon="2.825365000000005">
<ele>66.03819203565654</ele>
<time>2026-08-02T06:01:41.204Z</time>
</trkpt>
<trkpt lat="42.0113707" lon="2.8253612999999973">
<ele>65.73166772083889</ele>
<time>2026-08-02T06:01:44.242Z</time>
</trkpt>
<trkpt lat="42.0113219" lon="2.825360499999988">
<ele>65.21589278314951</ele>
<time>2026-08-02T06:01:47.280Z</time>
</trkpt>
<trkpt lat="42.0112755" lon="2.8253602000000058">
<ele>64.72203359568461</ele>
<time>2026-08-02T06:01:50.278Z</time>
</trkpt>
<trkpt lat="42.0112296" lon="2.8253613999999914">
<ele>64.22616311863136</ele>
<time>2026-08-02T06:01:53.644Z</time>
</trkpt>
<trkpt lat="42.011182" lon="2.8253592000000083">
<ele>63.72725136486739</ele>
<time>2026-08-02T06:01:56.913Z</time>
</trkpt>
<trkpt lat="42.0111316" lon="2.82535519999999">
<ele>63.20125272544587</ele>
<time>2026-08-02T06:02:00.346Z</time>
</trkpt>
<trkpt lat="42.0110834" lon="2.825353000000007">
<ele>63.072444579760926</ele>
<time>2026-08-02T06:02:03.704Z</time>
</trkpt>
<trkpt lat="42.0110333" lon="2.825342699999993">
<ele>62.99860040398148</ele>
<time>2026-08-02T06:02:07.366Z</time>
</trkpt>
<trkpt lat="42.0109845" lon="2.825336099999987">
<ele>62.90941416505054</ele>
<time>2026-08-02T06:02:10.766Z</time>
</trkpt>
<trkpt lat="42.0109389" lon="2.8253314000000103">
<ele>62.81756504356403</ele>
<time>2026-08-02T06:02:14.405Z</time>
</trkpt>
<trkpt lat="42.010892" lon="2.82531800000001">
<ele>62.71992489198686</ele>
<time>2026-08-02T06:02:17.804Z</time>
</trkpt>
<trkpt lat="42.0108446" lon="2.825315499999988">
<ele>62.6571143225238</ele>
<time>2026-08-02T06:02:20.853Z</time>
</trkpt>
<trkpt lat="42.010792" lon="2.8253138999999976">
<ele>63.19853875993879</ele>
<time>2026-08-02T06:02:24.526Z</time>
</trkpt>
<trkpt lat="42.0107422" lon="2.8253158999999926">
<ele>63.71926913165777</ele>
<time>2026-08-02T06:02:27.942Z</time>
</trkpt>
<trkpt lat="42.0106918" lon="2.8253017000000114">
<ele>64.29022989720497</ele>
<time>2026-08-02T06:02:31.525Z</time>
</trkpt>
<trkpt lat="42.010643" lon="2.8253018999999995">
<ele>64.78195995753592</ele>
<time>2026-08-02T06:02:34.901Z</time>
</trkpt>
<trkpt lat="42.0105937" lon="2.825281100000012">
<ele>65.36701532011908</ele>
<time>2026-08-02T06:02:38.538Z</time>
</trkpt>
<trkpt lat="42.0105488" lon="2.8252650000000017">
<ele>65.62565222041883</ele>
<time>2026-08-02T06:02:41.600Z</time>
</trkpt>
<trkpt lat="42.0105003" lon="2.8252477999999996">
<ele>65.5993619627389</ele>
<time>2026-08-02T06:02:44.959Z</time>
</trkpt>
<trkpt lat="42.0104543" lon="2.825212300000004">
<ele>65.58769369460953</ele>
<time>2026-08-02T06:02:48.581Z</time>
</trkpt>
<trkpt lat="42.0104166" lon="2.825169499999987">
<ele>65.5581055036093</ele>
<time>2026-08-02T06:02:51.915Z</time>
</trkpt>
<trkpt lat="42.0103689" lon="2.825152199999991">
<ele>65.42443239645722</ele>
<time>2026-08-02T06:02:55.944Z</time>
</trkpt>
<trkpt lat="42.0103227" lon="2.825141000000002">
<ele>65.27057888876084</ele>
<time>2026-08-02T06:02:59.581Z</time>
</trkpt>
<trkpt lat="42.010271" lon="2.8251504000000125">
<ele>65.2304343468616</ele>
<time>2026-08-02T06:03:03.546Z</time>
</trkpt>
<trkpt lat="42.0102175" lon="2.825149699999997">
<ele>65.38434323103166</ele>
<time>2026-08-02T06:03:07.543Z</time>
</trkpt>
<trkpt lat="42.0101705" lon="2.825138900000013">
<ele>65.52423155243633</ele>
<time>2026-08-02T06:03:10.925Z</time>
</trkpt>
<trkpt lat="42.0101173" lon="2.8251329">
<ele>65.68754571551976</ele>
<time>2026-08-02T06:03:14.634Z</time>
</trkpt>
<trkpt lat="42.0100697" lon="2.82512220000001">
<ele>65.84491408513784</ele>
<time>2026-08-02T06:03:17.841Z</time>
</trkpt>
<trkpt lat="42.010022" lon="2.825122399999998">
<ele>65.99310722865671</ele>
<time>2026-08-02T06:03:20.782Z</time>
</trkpt>
<trkpt lat="42.0099681" lon="2.825129000000004">
<ele>65.9837148486145</ele>
<time>2026-08-02T06:03:24.485Z</time>
</trkpt>
<trkpt lat="42.0099225" lon="2.82512220000001">
<ele>65.98285390875475</ele>
<time>2026-08-02T06:03:27.483Z</time>
</trkpt>
<trkpt lat="42.0098771" lon="2.825109999999995">
<ele>66.0143061557943</ele>
<time>2026-08-02T06:03:30.586Z</time>
</trkpt>
<trkpt lat="42.0098326" lon="2.8250878999999998">
<ele>66.11182437509902</ele>
<time>2026-08-02T06:03:33.864Z</time>
</trkpt>
<trkpt lat="42.0097871" lon="2.8250878000000057">
<ele>66.12091879042627</ele>
<time>2026-08-02T06:03:36.967Z</time>
</trkpt>
<trkpt lat="42.0097415" lon="2.825097800000009">
<ele>66.06631249349144</ele>
<time>2026-08-02T06:03:39.462Z</time>
</trkpt>
<trkpt lat="42.0096944" lon="2.8250936000000024">
<ele>66.06978972404251</ele>
<time>2026-08-02T06:03:42.461Z</time>
</trkpt>
<trkpt lat="42.0096454" lon="2.8251054000000124">
<ele>65.98329388291667</ele>
<time>2026-08-02T06:03:45.500Z</time>
</trkpt>
<trkpt lat="42.0096004" lon="2.825109999999995">
<ele>65.94673240182686</ele>
<time>2026-08-02T06:03:48.466Z</time>
</trkpt>
<trkpt lat="42.0095553" lon="2.8251003000000026">
<ele>65.96690273370305</ele>
<time>2026-08-02T06:03:51.544Z</time>
</trkpt>
<trkpt lat="42.0095099" lon="2.8251003999999966">
<ele>65.94562385453285</ele>
<time>2026-08-02T06:03:54.918Z</time>
</trkpt>
<trkpt lat="42.0094562" lon="2.825080700000001">
<ele>65.96025358565358</ele>
<time>2026-08-02T06:03:58.908Z</time>
</trkpt>
<trkpt lat="42.0094124" lon="2.825062900000006">
<ele>66.01153332170423</ele>
<time>2026-08-02T06:04:01.883Z</time>
</trkpt>
<trkpt lat="42.0093631" lon="2.8250439999999912">
<ele>66.03803970406362</ele>
<time>2026-08-02T06:04:05.425Z</time>
</trkpt>
<trkpt lat="42.0093232" lon="2.825015900000011">
<ele>66.02643889555505</ele>
<time>2026-08-02T06:04:08.321Z</time>
</trkpt>
<trkpt lat="42.0092801" lon="2.824986700000011">
<ele>65.97378767425155</ele>
<time>2026-08-02T06:04:11.343Z</time>
</trkpt>
<trkpt lat="42.0092307" lon="2.8249801000000048">
<ele>65.9219466937123</ele>
<time>2026-08-02T06:04:14.366Z</time>
</trkpt>
<trkpt lat="42.0091827" lon="2.8249721999999906">
<ele>65.8582167173244</ele>
<time>2026-08-02T06:04:17.804Z</time>
</trkpt>
<trkpt lat="42.0091337" lon="2.8249535999999864">
<ele>66.0192647609211</ele>
<time>2026-08-02T06:04:21.523Z</time>
</trkpt>
<trkpt lat="42.009088" lon="2.824944700000003">
<ele>66.21300131432353</ele>
<time>2026-08-02T06:04:24.580Z</time>
</trkpt>
<trkpt lat="42.0090376" lon="2.824947100000003">
<ele>66.45839380091877</ele>
<time>2026-08-02T06:04:27.921Z</time>
</trkpt>
<trkpt lat="42.0089914" lon="2.8249447999999973">
<ele>66.6726717304718</ele>
<time>2026-08-02T06:04:30.895Z</time>
</trkpt>
<trkpt lat="42.0089385" lon="2.8249338999999907">
<ele>66.90168504363864</ele>
<time>2026-08-02T06:04:34.645Z</time>
</trkpt>
<trkpt lat="42.0088894" lon="2.824934000000013">
<ele>67.081730365501</ele>
<time>2026-08-02T06:04:37.954Z</time>
</trkpt>
<trkpt lat="42.0088374" lon="2.824920600000013">
<ele>67.05023749605726</ele>
<time>2026-08-02T06:04:41.601Z</time>
</trkpt>
<trkpt lat="42.0087885" lon="2.8249182000000133">
<ele>67.038945876584</ele>
<time>2026-08-02T06:04:44.871Z</time>
</trkpt>
<trkpt lat="42.0087378" lon="2.8249145000000055">
<ele>67.01873465048573</ele>
<time>2026-08-02T06:04:48.685Z</time>
</trkpt>
<trkpt lat="42.0086908" lon="2.8249112000000025">
<ele>66.99602246270157</ele>
<time>2026-08-02T06:04:51.684Z</time>
</trkpt>
<trkpt lat="42.0086429" lon="2.8249040999999977">
<ele>66.94789359954832</ele>
<time>2026-08-02T06:04:54.906Z</time>
</trkpt>
<trkpt lat="42.0085967" lon="2.824901000000011">
<ele>66.98905115797955</ele>
<time>2026-08-02T06:04:58.082Z</time>
</trkpt>
<trkpt lat="42.0085482" lon="2.8248933000000136">
<ele>67.09287374798741</ele>
<time>2026-08-02T06:05:01.586Z</time>
</trkpt>
<trkpt lat="42.0085043" lon="2.8248796000000027">
<ele>67.22142040672118</ele>
<time>2026-08-02T06:05:04.920Z</time>
</trkpt>
<trkpt lat="42.0084512" lon="2.8248820999999964">
<ele>67.40213965986067</ele>
<time>2026-08-02T06:05:08.927Z</time>
</trkpt>
<trkpt lat="42.0084042" lon="2.824882699999989">
<ele>67.55946714912518</ele>
<time>2026-08-02T06:05:11.863Z</time>
</trkpt>
<trkpt lat="42.0083513" lon="2.8248819000000083">
<ele>67.74499266537642</ele>
<time>2026-08-02T06:05:15.486Z</time>
</trkpt>
<trkpt lat="42.008305" lon="2.824880400000012">
<ele>67.89531158512108</ele>
<time>2026-08-02T06:05:18.926Z</time>
</trkpt>
<trkpt lat="42.0082477" lon="2.8248767000000043">
<ele>68.09197904062808</ele>
<time>2026-08-02T06:05:22.918Z</time>
</trkpt>
<trkpt lat="42.0082026" lon="2.8248700999999983">
<ele>68.27610343061156</ele>
<time>2026-08-02T06:05:25.839Z</time>
</trkpt>
<trkpt lat="42.0081565" lon="2.8248714000000064">
<ele>68.39860616258593</ele>
<time>2026-08-02T06:05:28.761Z</time>
</trkpt>
<trkpt lat="42.0081082" lon="2.8248959999999954">
<ele>68.34298106322538</ele>
<time>2026-08-02T06:05:32.424Z</time>
</trkpt>
<trkpt lat="42.0080582" lon="2.824902199999997">
<ele>68.41297862496006</ele>
<time>2026-08-02T06:05:35.823Z</time>
</trkpt>
<trkpt lat="42.0080066" lon="2.8249000000000137">
<ele>68.41140568645581</ele>
<time>2026-08-02T06:05:39.423Z</time>
</trkpt>
<trkpt lat="42.0079612" lon="2.824901600000004">
<ele>68.38430307626304</ele>
<time>2026-08-02T06:05:42.935Z</time>
</trkpt>
<trkpt lat="42.0079155" lon="2.8249045000000024">
<ele>68.35064331234464</ele>
<time>2026-08-02T06:05:45.847Z</time>
</trkpt>
<trkpt lat="42.0078696" lon="2.8249040000000036">
<ele>68.33917473641498</ele>
<time>2026-08-02T06:05:48.943Z</time>
</trkpt>
<trkpt lat="42.007821" lon="2.8249059000000045">
<ele>68.3139537780809</ele>
<time>2026-08-02T06:05:52.745Z</time>
</trkpt>
<trkpt lat="42.0077699" lon="2.8249021000000027">
<ele>68.37850052979564</ele>
<time>2026-08-02T06:05:56.322Z</time>
</trkpt>
<trkpt lat="42.0077244" lon="2.8249045000000024">
<ele>68.50725731253418</ele>
<time>2026-08-02T06:05:59.258Z</time>
</trkpt>
<trkpt lat="42.0076737" lon="2.8249113999999906">
<ele>68.65080386446543</ele>
<time>2026-08-02T06:06:02.699Z</time>
</trkpt>
<trkpt lat="42.0076275" lon="2.8249147999999877">
<ele>68.79942971099109</ele>
<time>2026-08-02T06:06:05.603Z</time>
</trkpt>
<trkpt lat="42.0075813" lon="2.8249145000000055">
<ele>68.95340750823335</ele>
<time>2026-08-02T06:06:08.883Z</time>
</trkpt>
<trkpt lat="42.0075356" lon="2.824918999999994">
<ele>69.11521366965835</ele>
<time>2026-08-02T06:06:11.908Z</time>
</trkpt>
<trkpt lat="42.0074903" lon="2.824918999999994">
<ele>69.20932702282339</ele>
<time>2026-08-02T06:06:14.581Z</time>
</trkpt>
<trkpt lat="42.0074421" lon="2.824916099999996">
<ele>69.21737137516357</ele>
<time>2026-08-02T06:06:17.501Z</time>
</trkpt>
<trkpt lat="42.0073956" lon="2.824914000000007">
<ele>69.22620125393082</ele>
<time>2026-08-02T06:06:20.461Z</time>
</trkpt>
<trkpt lat="42.0073488" lon="2.824908399999998">
<ele>69.22152352454222</ele>
<time>2026-08-02T06:06:23.444Z</time>
</trkpt>
<trkpt lat="42.0072973" lon="2.8249085999999863">
<ele>69.23801575465407</ele>
<time>2026-08-02T06:06:26.963Z</time>
</trkpt>
<trkpt lat="42.0072509" lon="2.824904900000007">
<ele>69.23708138349588</ele>
<time>2026-08-02T06:06:29.961Z</time>
</trkpt>
<trkpt lat="42.0072031" lon="2.824888399999992">
<ele>69.0875659573302</ele>
<time>2026-08-02T06:06:33.199Z</time>
</trkpt>
<trkpt lat="42.0071588" lon="2.8248715999999945">
<ele>68.90810498714686</ele>
<time>2026-08-02T06:06:36.142Z</time>
</trkpt>
<trkpt lat="42.0071175" lon="2.8248455000000092">
<ele>68.74078715929836</ele>
<time>2026-08-02T06:06:38.940Z</time>
</trkpt>
<trkpt lat="42.0070773" lon="2.824814800000013">
<ele>68.60549042344456</ele>
<time>2026-08-02T06:06:41.922Z</time>
</trkpt>
<trkpt lat="42.0070372" lon="2.8247839">
<ele>68.51258885798771</ele>
<time>2026-08-02T06:06:44.946Z</time>
</trkpt>
<trkpt lat="42.0069915" lon="2.824788500000011">
<ele>68.46038594339203</ele>
<time>2026-08-02T06:06:48.064Z</time>
</trkpt>
<trkpt lat="42.0069497" lon="2.8248121000000026">
<ele>68.42011946975934</ele>
<time>2026-08-02T06:06:50.784Z</time>
</trkpt>
<trkpt lat="42.0069023" lon="2.824816800000008">
<ele>68.63039328584829</ele>
<time>2026-08-02T06:06:54.383Z</time>
</trkpt>
<trkpt lat="42.0068542" lon="2.8248140000000035">
<ele>68.84751385489734</ele>
<time>2026-08-02T06:06:57.934Z</time>
</trkpt>
<trkpt lat="42.0068228" lon="2.8247706999999878">
<ele>68.99925237539995</ele>
<time>2026-08-02T06:07:01.964Z</time>
</trkpt>
<trkpt lat="42.0067803" lon="2.824749099999991">
<ele>69.2521725944526</ele>
<time>2026-08-02T06:07:33.871Z</time>
</trkpt>
<trkpt lat="42.0067413" lon="2.8247902999999894">
<ele>69.35489410003726</ele>
<time>2026-08-02T06:10:07.762Z</time>
</trkpt>
<trkpt lat="42.0066989" lon="2.82474959999999">
<ele>69.58531827587282</ele>
<time>2026-08-02T06:10:08.922Z</time>
</trkpt>
<trkpt lat="42.006652" lon="2.8247365">
<ele>69.66327269994359</ele>
<time>2026-08-02T06:10:12.264Z</time>
</trkpt>
<trkpt lat="42.006607" lon="2.824744900000013">
<ele>69.43869495938463</ele>
<time>2026-08-02T06:10:15.360Z</time>
</trkpt>
<trkpt lat="42.0065591" lon="2.8247526000000107">
<ele>69.20937574122674</ele>
<time>2026-08-02T06:10:18.914Z</time>
</trkpt>
<trkpt lat="42.0065114" lon="2.8247672999999907">
<ele>68.99087142636868</ele>
<time>2026-08-02T06:10:22.402Z</time>
</trkpt>
<trkpt lat="42.0064628" lon="2.824768699999993">
<ele>68.79678011338547</ele>
<time>2026-08-02T06:10:25.923Z</time>
</trkpt>
<trkpt lat="42.0064153" lon="2.82476410000001">
<ele>68.61728351527246</ele>
<time>2026-08-02T06:10:29.045Z</time>
</trkpt>
<trkpt lat="42.0063689" lon="2.824762200000009">
<ele>68.84109125057036</ele>
<time>2026-08-02T06:10:32.365Z</time>
</trkpt>
<trkpt lat="42.006326" lon="2.8247824000000037">
<ele>69.20642135706666</ele>
<time>2026-08-02T06:10:37.521Z</time>
</trkpt>
<trkpt lat="42.0062797" lon="2.8247696999999903">
<ele>69.70400431565487</ele>
<time>2026-08-02T06:10:41.907Z</time>
</trkpt>
<trkpt lat="42.0062304" lon="2.8247762999999964">
<ele>70.16036732918711</ele>
<time>2026-08-02T06:10:45.925Z</time>
</trkpt>
<trkpt lat="42.0061856" lon="2.824766799999992">
<ele>70.64949010691366</ele>
<time>2026-08-02T06:10:49.223Z</time>
</trkpt>
<trkpt lat="42.0061427" lon="2.8247484999999983">
<ele>71.1503859685433</ele>
<time>2026-08-02T06:10:51.992Z</time>
</trkpt>
<trkpt lat="42.0060903" lon="2.824740300000002">
<ele>71.20818429825121</ele>
<time>2026-08-02T06:10:55.803Z</time>
</trkpt>
<trkpt lat="42.0060448" lon="2.8247375999999917">
<ele>70.92605405295258</ele>
<time>2026-08-02T06:10:58.823Z</time>
</trkpt>
<trkpt lat="42.005999" lon="2.8247345999999993">
<ele>70.64169546733187</ele>
<time>2026-08-02T06:11:01.784Z</time>
</trkpt>
<trkpt lat="42.0059517" lon="2.8247268000000076">
<ele>70.35146048962623</ele>
<time>2026-08-02T06:11:05.042Z</time>
</trkpt>
<trkpt lat="42.0059017" lon="2.824721699999998">
<ele>70.0401459579676</ele>
<time>2026-08-02T06:11:08.621Z</time>
</trkpt>
<trkpt lat="42.0058559" lon="2.824719200000004">
<ele>69.75241008609176</ele>
<time>2026-08-02T06:11:11.920Z</time>
</trkpt>
<trkpt lat="42.0058029" lon="2.8247216000000037">
<ele>69.75047618469682</ele>
<time>2026-08-02T06:11:15.482Z</time>
</trkpt>
<trkpt lat="42.0057557" lon="2.824716099999989">
<ele>69.86022705904597</ele>
<time>2026-08-02T06:11:18.459Z</time>
</trkpt>
<trkpt lat="42.0057088" lon="2.824714699999987">
<ele>69.96709253336819</ele>
<time>2026-08-02T06:11:21.443Z</time>
</trkpt>
<trkpt lat="42.0056607" lon="2.824711199999996">
<ele>70.07265915535295</ele>
<time>2026-08-02T06:11:24.444Z</time>
</trkpt>
<trkpt lat="42.005615" lon="2.824713800000012">
<ele>70.18005585891065</ele>
<time>2026-08-02T06:11:27.382Z</time>
</trkpt>
<trkpt lat="42.0055649" lon="2.824711199999996">
<ele>70.2882936089643</ele>
<time>2026-08-02T06:11:30.721Z</time>
</trkpt>
<trkpt lat="42.0055194" lon="2.8247073">
<ele>70.45631743485792</ele>
<time>2026-08-02T06:11:33.642Z</time>
</trkpt>
<trkpt lat="42.0054719" lon="2.8247006">
<ele>70.60963126635077</ele>
<time>2026-08-02T06:11:36.683Z</time>
</trkpt>
<trkpt lat="42.0054259" lon="2.824694099999988">
<ele>70.73922756556243</ele>
<time>2026-08-02T06:11:39.604Z</time>
</trkpt>
<trkpt lat="42.0053803" lon="2.8246895999999992">
<ele>70.86485466619447</ele>
<time>2026-08-02T06:11:42.605Z</time>
</trkpt>
<trkpt lat="42.0053318" lon="2.8246823000000063">
<ele>70.96075385423538</ele>
<time>2026-08-02T06:11:46.030Z</time>
</trkpt>
<trkpt lat="42.0052833" lon="2.824670700000013">
<ele>70.97527355674062</ele>
<time>2026-08-02T06:11:49.079Z</time>
</trkpt>
<trkpt lat="42.0052329" lon="2.824662200000006">
<ele>70.703810418778</ele>
<time>2026-08-02T06:11:52.424Z</time>
</trkpt>
<trkpt lat="42.0051863" lon="2.8246541999999977">
<ele>70.48820155822519</ele>
<time>2026-08-02T06:11:55.401Z</time>
</trkpt>
<trkpt lat="42.005137" lon="2.8246447999999873">
<ele>70.29509741201068</ele>
<time>2026-08-02T06:11:58.465Z</time>
</trkpt>
<trkpt lat="42.005091" lon="2.8246383000000037">
<ele>70.1584578832028</ele>
<time>2026-08-02T06:12:01.425Z</time>
</trkpt>
<trkpt lat="42.0050397" lon="2.8246289999999874">
<ele>70.04121201127921</ele>
<time>2026-08-02T06:12:05.023Z</time>
</trkpt>
<trkpt lat="42.0049924" lon="2.824623800000012">
<ele>69.94621380600347</ele>
<time>2026-08-02T06:12:08.382Z</time>
</trkpt>
<trkpt lat="42.0049416" lon="2.8246198999999876">
<ele>69.80708461543058</ele>
<time>2026-08-02T06:12:11.846Z</time>
</trkpt>
<trkpt lat="42.0048962" lon="2.824617499999988">
<ele>69.679345637746</ele>
<time>2026-08-02T06:12:14.804Z</time>
</trkpt>
<trkpt lat="42.0048505" lon="2.8246124000000066">
<ele>69.55444043491153</ele>
<time>2026-08-02T06:12:17.949Z</time>
</trkpt>
<trkpt lat="42.0048041" lon="2.824608000000012">
<ele>69.42452015568783</ele>
<time>2026-08-02T06:12:20.972Z</time>
</trkpt>
<trkpt lat="42.0047572" lon="2.8246042000000102">
<ele>69.29066832660394</ele>
<time>2026-08-02T06:12:24.060Z</time>
</trkpt>
<trkpt lat="42.0047057" lon="2.824610299999989">
<ele>69.23108221971954</ele>
<time>2026-08-02T06:12:27.660Z</time>
</trkpt>
<trkpt lat="42.0046571" lon="2.8246110999999985">
<ele>69.29967528502593</ele>
<time>2026-08-02T06:12:30.965Z</time>
</trkpt>
<trkpt lat="42.0046056" lon="2.8246056000000124">
<ele>69.3624550230608</ele>
<time>2026-08-02T06:12:34.534Z</time>
</trkpt>
<trkpt lat="42.0045603" lon="2.8246051000000136">
<ele>69.41905246541074</ele>
<time>2026-08-02T06:12:37.822Z</time>
</trkpt>
<trkpt lat="42.0045157" lon="2.8245901999999887">
<ele>69.41363791759314</ele>
<time>2026-08-02T06:12:41.318Z</time>
</trkpt>
<trkpt lat="42.0044679" lon="2.824583700000005">
<ele>69.42147542366178</ele>
<time>2026-08-02T06:12:44.599Z</time>
</trkpt>
<trkpt lat="42.0044196" lon="2.8245808000000068">
<ele>69.45706155365065</ele>
<time>2026-08-02T06:12:47.624Z</time>
</trkpt>
<trkpt lat="42.0043739" lon="2.8245813000000055">
<ele>69.5191095201089</ele>
<time>2026-08-02T06:12:50.226Z</time>
</trkpt>
<trkpt lat="42.0043231" lon="2.824579699999987">
<ele>69.57264767296869</ele>
<time>2026-08-02T06:12:53.914Z</time>
</trkpt>
<trkpt lat="42.0042773" lon="2.824572399999994">
<ele>69.57169302953673</ele>
<time>2026-08-02T06:12:56.498Z</time>
</trkpt>
<trkpt lat="42.0042298" lon="2.8245688000000087">
<ele>69.59601032186875</ele>
<time>2026-08-02T06:12:59.483Z</time>
</trkpt>
<trkpt lat="42.0041845" lon="2.8245668000000137">
<ele>69.6283524704468</ele>
<time>2026-08-02T06:13:02.444Z</time>
</trkpt>
<trkpt lat="42.0041354" lon="2.824568400000004">
<ele>69.57834043344104</ele>
<time>2026-08-02T06:13:05.981Z</time>
</trkpt>
<trkpt lat="42.0040874" lon="2.8245568000000105">
<ele>69.36859778377472</ele>
<time>2026-08-02T06:13:09.263Z</time>
</trkpt>
<trkpt lat="42.0040348" lon="2.8245397999999966">
<ele>69.10126284746725</ele>
<time>2026-08-02T06:13:12.912Z</time>
</trkpt>
<trkpt lat="42.0039883" lon="2.8245226999999886">
<ele>68.84843696573122</ele>
<time>2026-08-02T06:13:16.105Z</time>
</trkpt>
<trkpt lat="42.0039412" lon="2.8245250999999882">
<ele>68.77421016488913</ele>
<time>2026-08-02T06:13:19.002Z</time>
</trkpt>
<trkpt lat="42.0038967" lon="2.824538700000005">
<ele>68.80584201416556</ele>
<time>2026-08-02T06:13:21.643Z</time>
</trkpt>
<trkpt lat="42.0038471" lon="2.824546099999992">
<ele>69.14274391689703</ele>
<time>2026-08-02T06:13:24.885Z</time>
</trkpt>
<trkpt lat="42.0037938" lon="2.8245502999999985">
<ele>69.49129188607785</ele>
<time>2026-08-02T06:13:28.462Z</time>
</trkpt>
<trkpt lat="42.0037452" lon="2.8245448000000124">
<ele>69.72527071887876</ele>
<time>2026-08-02T06:13:31.462Z</time>
</trkpt>
<trkpt lat="42.0036965" lon="2.824541399999987">
<ele>69.97876853238358</ele>
<time>2026-08-02T06:13:34.784Z</time>
</trkpt>
<trkpt lat="42.0036487" lon="2.8245415000000094">
<ele>70.25843799517446</ele>
<time>2026-08-02T06:13:38.002Z</time>
</trkpt>
<trkpt lat="42.0036006" lon="2.8245329000000083">
<ele>70.44468732657488</ele>
<time>2026-08-02T06:13:41.298Z</time>
</trkpt>
<trkpt lat="42.0035523" lon="2.8245295000000112">
<ele>70.64279030245741</ele>
<time>2026-08-02T06:13:44.779Z</time>
</trkpt>
<trkpt lat="42.003507" lon="2.8245210999999983">
<ele>70.78421071419542</ele>
<time>2026-08-02T06:13:47.915Z</time>
</trkpt>
<trkpt lat="42.0034608" lon="2.8245166000000097">
<ele>70.96525246690503</ele>
<time>2026-08-02T06:13:51.098Z</time>
</trkpt>
<trkpt lat="42.0034129" lon="2.824512300000009">
<ele>71.15718759516876</ele>
<time>2026-08-02T06:13:54.403Z</time>
</trkpt>
<trkpt lat="42.0033646" lon="2.8245101999999918">
<ele>71.370362331334</ele>
<time>2026-08-02T06:13:57.324Z</time>
</trkpt>
<trkpt lat="42.0033176" lon="2.824511400000006">
<ele>71.47365344612975</ele>
<time>2026-08-02T06:14:00.324Z</time>
</trkpt>
<trkpt lat="42.0032724" lon="2.8245086999999955">
<ele>71.37548062857802</ele>
<time>2026-08-02T06:14:03.243Z</time>
</trkpt>
<trkpt lat="42.0032268" lon="2.8244999000000064">
<ele>71.22210961053275</ele>
<time>2026-08-02T06:14:06.140Z</time>
</trkpt>
<trkpt lat="42.0031823" lon="2.8244835000000137">
<ele>70.99878021866017</ele>
<time>2026-08-02T06:14:09.164Z</time>
</trkpt>
<trkpt lat="42.0031373" lon="2.8244550999999944">
<ele>70.81743816541362</ele>
<time>2026-08-02T06:14:12.660Z</time>
</trkpt>
<trkpt lat="42.0031012" lon="2.8244187999999895">
<ele>70.70395602091608</ele>
<time>2026-08-02T06:14:15.605Z</time>
</trkpt>
<trkpt lat="42.0030605" lon="2.8243836000000044">
<ele>70.6350751299156</ele>
<time>2026-08-02T06:14:19.036Z</time>
</trkpt>
<trkpt lat="42.0030403" lon="2.8243291">
<ele>70.53599785658062</ele>
<time>2026-08-02T06:14:21.803Z</time>
</trkpt>
<trkpt lat="42.0029981" lon="2.8242970000000014">
<ele>70.3485986643568</ele>
<time>2026-08-02T06:14:25.723Z</time>
</trkpt>
<trkpt lat="42.0029509" lon="2.8242978000000107">
<ele>70.19993948590384</ele>
<time>2026-08-02T06:14:29.345Z</time>
</trkpt>
<trkpt lat="42.0029034" lon="2.8243195999999955">
<ele>70.17339347490092</ele>
<time>2026-08-02T06:14:32.641Z</time>
</trkpt>
<trkpt lat="42.0028682" lon="2.824360399999989">
<ele>70.36225689842631</ele>
<time>2026-08-02T06:14:35.257Z</time>
</trkpt>
<trkpt lat="42.0028266" lon="2.8243871999999897">
<ele>70.52466967173689</ele>
<time>2026-08-02T06:14:38.144Z</time>
</trkpt>
<trkpt lat="42.0027874" lon="2.824424499999992">
<ele>70.85120542341025</ele>
<time>2026-08-02T06:14:41.024Z</time>
</trkpt>
<trkpt lat="42.0027552" lon="2.8244703999999956">
<ele>71.23458675683516</ele>
<time>2026-08-02T06:14:43.920Z</time>
</trkpt>
<trkpt lat="42.0027096" lon="2.8244813999999963">
<ele>71.27196815885898</ele>
<time>2026-08-02T06:14:46.904Z</time>
</trkpt>
<trkpt lat="42.0026634" lon="2.824478099999993">
<ele>71.11850378507137</ele>
<time>2026-08-02T06:14:49.799Z</time>
</trkpt>
<trkpt lat="42.0026189" lon="2.8244650000000036">
<ele>70.90895075329428</ele>
<time>2026-08-02T06:14:52.719Z</time>
</trkpt>
<trkpt lat="42.0025709" lon="2.82446250000001">
<ele>70.78983191596767</ele>
<time>2026-08-02T06:14:55.911Z</time>
</trkpt>
<trkpt lat="42.0025215" lon="2.824460899999991">
<ele>70.67641887546327</ele>
<time>2026-08-02T06:14:58.960Z</time>
</trkpt>
<trkpt lat="42.0024762" lon="2.824450200000001">
<ele>70.57001047587148</ele>
<time>2026-08-02T06:15:01.864Z</time>
</trkpt>
<trkpt lat="42.0024303" lon="2.8244411999999954">
<ele>70.53648584103738</ele>
<time>2026-08-02T06:15:04.800Z</time>
</trkpt>
<trkpt lat="42.0023829" lon="2.824436200000008">
<ele>70.54255378617262</ele>
<time>2026-08-02T06:15:07.911Z</time>
</trkpt>
<trkpt lat="42.0023362" lon="2.8244353000000046">
<ele>70.58180433512</ele>
<time>2026-08-02T06:15:10.968Z</time>
</trkpt>
<trkpt lat="42.0022855" lon="2.824427700000001">
<ele>70.58051393555144</ele>
<time>2026-08-02T06:15:14.185Z</time>
</trkpt>
<trkpt lat="42.0022361" lon="2.8244266000000096">
<ele>70.62577456617412</ele>
<time>2026-08-02T06:15:17.505Z</time>
</trkpt>
<trkpt lat="42.0021852" lon="2.8244128000000046">
<ele>70.62706283021583</ele>
<time>2026-08-02T06:15:21.026Z</time>
</trkpt>
<trkpt lat="42.0021393" lon="2.8244023000000027">
<ele>70.63727847862884</ele>
<time>2026-08-02T06:15:24.346Z</time>
</trkpt>
<trkpt lat="42.0020936" lon="2.824397199999993">
<ele>70.67765243684786</ele>
<time>2026-08-02T06:15:27.361Z</time>
</trkpt>
<trkpt lat="42.0020453" lon="2.8243766999999877">
<ele>70.58726691404709</ele>
<time>2026-08-02T06:15:30.840Z</time>
</trkpt>
<trkpt lat="42.0020004" lon="2.824368700000008">
<ele>70.58057242731081</ele>
<time>2026-08-02T06:15:33.744Z</time>
</trkpt>
<trkpt lat="42.0019532" lon="2.8243763000000115">
<ele>70.7164967599578</ele>
<time>2026-08-02T06:15:36.680Z</time>
</trkpt>
<trkpt lat="42.0019077" lon="2.824376099999995">
<ele>70.72979095850852</ele>
<time>2026-08-02T06:15:39.601Z</time>
</trkpt>
<trkpt lat="42.0018579" lon="2.8243679999999927">
<ele>70.6676004692548</ele>
<time>2026-08-02T06:15:42.906Z</time>
</trkpt>
<trkpt lat="42.0018114" lon="2.824365699999987">
<ele>70.66014794720773</ele>
<time>2026-08-02T06:15:45.860Z</time>
</trkpt>
<trkpt lat="42.0017647" lon="2.8243715000000122">
<ele>70.71769849448397</ele>
<time>2026-08-02T06:15:48.780Z</time>
</trkpt>
<trkpt lat="42.0017192" lon="2.8243769000000043">
<ele>70.76668885246083</ele>
<time>2026-08-02T06:15:51.700Z</time>
</trkpt>
<trkpt lat="42.0016722" lon="2.8243801000000133">
<ele>70.79587735307346</ele>
<time>2026-08-02T06:15:55.012Z</time>
</trkpt>
<trkpt lat="42.0016259" lon="2.8243797000000086">
<ele>70.804187382746</ele>
<time>2026-08-02T06:15:58.204Z</time>
</trkpt>
<trkpt lat="42.0015689" lon="2.824378800000005">
<ele>70.81281842760087</ele>
<time>2026-08-02T06:16:01.955Z</time>
</trkpt>
<trkpt lat="42.0015223" lon="2.8243769999999984">
<ele>70.81441422243238</ele>
<time>2026-08-02T06:16:05.044Z</time>
</trkpt>
<trkpt lat="42.0014733" lon="2.824375500000002">
<ele>70.81954713005962</ele>
<time>2026-08-02T06:16:08.421Z</time>
</trkpt>
<trkpt lat="42.0014225" lon="2.824374699999993">
<ele>70.82975893474766</ele>
<time>2026-08-02T06:16:11.989Z</time>
</trkpt>
<trkpt lat="42.0013744" lon="2.8243750999999975">
<ele>70.80298294425464</ele>
<time>2026-08-02T06:16:15.245Z</time>
</trkpt>
<trkpt lat="42.001323" lon="2.824369399999995">
<ele>70.6557365844939</ele>
<time>2026-08-02T06:16:18.805Z</time>
</trkpt>
<trkpt lat="42.0012736" lon="2.824366800000007">
<ele>70.52617942139631</ele>
<time>2026-08-02T06:16:22.659Z</time>
</trkpt>
<trkpt lat="42.0012252" lon="2.8243610000000103">
<ele>70.37852526399837</ele>
<time>2026-08-02T06:16:26.498Z</time>
</trkpt>
<trkpt lat="42.0011757" lon="2.8243507999999906">
<ele>70.19707557495286</ele>
<time>2026-08-02T06:16:29.859Z</time>
</trkpt>
<trkpt lat="42.001131" lon="2.8243613999999866">
<ele>70.15579156538388</ele>
<time>2026-08-02T06:16:33.003Z</time>
</trkpt>
<trkpt lat="42.0010826" lon="2.8243573999999967">
<ele>70.04179614226162</ele>
<time>2026-08-02T06:16:35.739Z</time>
</trkpt>
<trkpt lat="42.0010369" lon="2.824348200000003">
<ele>69.9053618860611</ele>
<time>2026-08-02T06:16:38.659Z</time>
</trkpt>
<trkpt lat="42.0009896" lon="2.8243449">
<ele>69.80378472652652</ele>
<time>2026-08-02T06:16:41.955Z</time>
</trkpt>
<trkpt lat="42.0009389" lon="2.8243553000000077">
<ele>69.81428117490417</ele>
<time>2026-08-02T06:16:45.644Z</time>
</trkpt>
<trkpt lat="42.0008873" lon="2.824350299999992">
<ele>69.69005559485589</ele>
<time>2026-08-02T06:16:49.022Z</time>
</trkpt>
<trkpt lat="42.000838" lon="2.8243395000000078">
<ele>69.50359705808064</ele>
<time>2026-08-02T06:16:52.285Z</time>
</trkpt>
<trkpt lat="42.0007886" lon="2.824339100000003">
<ele>69.63724004452024</ele>
<time>2026-08-02T06:16:55.204Z</time>
</trkpt>
<trkpt lat="42.0007399" lon="2.8243453999999986">
<ele>69.84372036845677</ele>
<time>2026-08-02T06:16:57.948Z</time>
</trkpt>
<trkpt lat="42.0006909" lon="2.8243353999999954">
<ele>69.91456348160663</ele>
<time>2026-08-02T06:17:00.924Z</time>
</trkpt>
<trkpt lat="42.0006414" lon="2.824328400000013">
<ele>70.02495659069409</ele>
<time>2026-08-02T06:17:04.500Z</time>
</trkpt>
<trkpt lat="42.0005933" lon="2.824333899999999">
<ele>70.21752767370984</ele>
<time>2026-08-02T06:17:07.461Z</time>
</trkpt>
<trkpt lat="42.0005435" lon="2.8243387999999925">
<ele>70.3389257153063</ele>
<time>2026-08-02T06:17:10.405Z</time>
</trkpt>
<trkpt lat="42.0004938" lon="2.8243405000000052">
<ele>70.25799236249244</ele>
<time>2026-08-02T06:17:13.725Z</time>
</trkpt>
<trkpt lat="42.0004479" lon="2.8243228000000045">
<ele>70.03841920884743</ele>
<time>2026-08-02T06:17:17.022Z</time>
</trkpt>
<trkpt lat="42.0004028" lon="2.824336399999993">
<ele>70.05682752659003</ele>
<time>2026-08-02T06:17:19.566Z</time>
</trkpt>
<trkpt lat="42.0003552" lon="2.8243419000000074">
<ele>70.01932481690777</ele>
<time>2026-08-02T06:17:22.582Z</time>
</trkpt>
<trkpt lat="42.000303" lon="2.824346100000014">
<ele>69.97145906436856</ele>
<time>2026-08-02T06:17:26.046Z</time>
</trkpt>
<trkpt lat="42.0002576" lon="2.82434760000001">
<ele>69.94636789512131</ele>
<time>2026-08-02T06:17:28.942Z</time>
</trkpt>
<trkpt lat="42.0002118" lon="2.8243520999999987">
<ele>69.99760450315183</ele>
<time>2026-08-02T06:17:31.821Z</time>
</trkpt>
<trkpt lat="42.0001657" lon="2.824352800000014">
<ele>70.00557464218059</ele>
<time>2026-08-02T06:17:34.743Z</time>
</trkpt>
<trkpt lat="42.0001196" lon="2.824349600000005">
<ele>69.9691397209149</ele>
<time>2026-08-02T06:17:37.702Z</time>
</trkpt>
<trkpt lat="42.0000706" lon="2.824354800000009">
<ele>70.02834646796913</ele>
<time>2026-08-02T06:17:40.663Z</time>
</trkpt>
<trkpt lat="42.0000243" lon="2.824355099999991">
<ele>70.03176224183717</ele>
<time>2026-08-02T06:17:43.601Z</time>
</trkpt>
<trkpt lat="41.9999734" lon="2.8243573000000026">
<ele>69.63169218610966</ele>
<time>2026-08-02T06:17:46.962Z</time>
</trkpt>
<trkpt lat="41.9999224" lon="2.824353500000001">
<ele>69.78537514809315</ele>
<time>2026-08-02T06:17:50.442Z</time>
</trkpt>
<trkpt lat="41.9998725" lon="2.824350900000013">
<ele>69.94957720261912</ele>
<time>2026-08-02T06:17:53.818Z</time>
</trkpt>
<trkpt lat="41.9998222" lon="2.824351000000007">
<ele>70.14448288844166</ele>
<time>2026-08-02T06:17:57.339Z</time>
</trkpt>
<trkpt lat="41.9997755" lon="2.8243447000000117">
<ele>70.26131800886851</ele>
<time>2026-08-02T06:18:00.660Z</time>
</trkpt>
<trkpt lat="41.9997284" lon="2.824339100000003">
<ele>70.38975660864654</ele>
<time>2026-08-02T06:18:03.917Z</time>
</trkpt>
<trkpt lat="41.9996828" lon="2.8243381000000056">
<ele>70.36808874971388</ele>
<time>2026-08-02T06:18:06.942Z</time>
</trkpt>
<trkpt lat="41.9996352" lon="2.824339199999997">
<ele>70.33314851456088</ele>
<time>2026-08-02T06:18:10.126Z</time>
</trkpt>
<trkpt lat="41.9995859" lon="2.8243420000000015">
<ele>70.31409710481219</ele>
<time>2026-08-02T06:18:13.400Z</time>
</trkpt>
<trkpt lat="41.9995319" lon="2.824344300000007">
<ele>70.28626372645802</ele>
<time>2026-08-02T06:18:16.905Z</time>
</trkpt>
<trkpt lat="41.9994849" lon="2.824349799999993">
<ele>70.29907357429276</ele>
<time>2026-08-02T06:18:19.929Z</time>
</trkpt>
<trkpt lat="41.9994374" lon="2.824356300000005">
<ele>70.32830553317368</ele>
<time>2026-08-02T06:18:22.986Z</time>
</trkpt>
<trkpt lat="41.9993921" lon="2.824360399999989">
<ele>70.37153557219018</ele>
<time>2026-08-02T06:18:25.913Z</time>
</trkpt>
<trkpt lat="41.9993467" lon="2.8243693000000007">
<ele>70.49113411862427</ele>
<time>2026-08-02T06:18:28.944Z</time>
</trkpt>
<trkpt lat="41.9992903" lon="2.8243783000000064">
<ele>70.64298428100312</ele>
<time>2026-08-02T06:18:32.920Z</time>
</trkpt>
<trkpt lat="41.9992439" lon="2.8243831999999998">
<ele>70.74955141691946</ele>
<time>2026-08-02T06:18:35.825Z</time>
</trkpt>
<trkpt lat="41.9991925" lon="2.8243903000000046">
<ele>70.9145005843335</ele>
<time>2026-08-02T06:18:39.283Z</time>
</trkpt>
<trkpt lat="41.9991468" lon="2.824398400000007">
<ele>71.05690903827764</ele>
<time>2026-08-02T06:18:42.204Z</time>
</trkpt>
<trkpt lat="41.9990988" lon="2.8243994000000043">
<ele>70.98076460547097</ele>
<time>2026-08-02T06:18:45.125Z</time>
</trkpt>
<trkpt lat="41.9990494" lon="2.8244055000000117">
<ele>70.98880073292558</ele>
<time>2026-08-02T06:18:48.439Z</time>
</trkpt>
<trkpt lat="41.998998" lon="2.8244168999999886">
<ele>71.07110642753747</ele>
<time>2026-08-02T06:18:52.000Z</time>
</trkpt>
<trkpt lat="41.9989485" lon="2.8244201999999916">
<ele>71.01216647236778</ele>
<time>2026-08-02T06:18:55.304Z</time>
</trkpt>
<trkpt lat="41.9988946" lon="2.82441639999999">
<ele>70.83154016785205</ele>
<time>2026-08-02T06:18:58.914Z</time>
</trkpt>
<trkpt lat="41.9988458" lon="2.824408500000004">
<ele>70.68018675726259</ele>
<time>2026-08-02T06:19:01.819Z</time>
</trkpt>
<trkpt lat="41.9987958" lon="2.824403700000005">
<ele>70.58999830908027</ele>
<time>2026-08-02T06:19:04.915Z</time>
</trkpt>
<trkpt lat="41.9987504" lon="2.8244101999999884">
<ele>70.66378698607815</ele>
<time>2026-08-02T06:19:07.980Z</time>
</trkpt>
<trkpt lat="41.9987054" lon="2.8244133999999974">
<ele>70.68872757686067</ele>
<time>2026-08-02T06:19:11.005Z</time>
</trkpt>
<trkpt lat="41.9986616" lon="2.8243993000000103">
<ele>70.47663186463541</ele>
<time>2026-08-02T06:19:13.918Z</time>
</trkpt>
<trkpt lat="41.9986155" lon="2.824393399999991">
<ele>70.38040942436568</ele>
<time>2026-08-02T06:19:17.023Z</time>
</trkpt>
<trkpt lat="41.998566" lon="2.8244094000000075">
<ele>70.5552486101175</ele>
<time>2026-08-02T06:19:20.920Z</time>
</trkpt>
<trkpt lat="41.9985185" lon="2.824411800000007">
<ele>70.54426884573854</ele>
<time>2026-08-02T06:19:24.001Z</time>
</trkpt>
<trkpt lat="41.9984652" lon="2.8244042999999976">
<ele>70.41037249329706</ele>
<time>2026-08-02T06:19:27.504Z</time>
</trkpt>
<trkpt lat="41.998418" lon="2.824384000000009">
<ele>70.14930613384064</ele>
<time>2026-08-02T06:19:30.824Z</time>
</trkpt>
<trkpt lat="41.9983669" lon="2.8243884000000037">
<ele>70.16745472481942</ele>
<time>2026-08-02T06:19:34.384Z</time>
</trkpt>
<trkpt lat="41.9983184" lon="2.8243870000000015">
<ele>70.15343313485815</ele>
<time>2026-08-02T06:19:37.744Z</time>
</trkpt>
<trkpt lat="41.9982683" lon="2.824391300000002">
<ele>70.28641022950221</ele>
<time>2026-08-02T06:19:41.305Z</time>
</trkpt>
<trkpt lat="41.9982184" lon="2.8243957999999907">
<ele>70.4305278662721</ele>
<time>2026-08-02T06:19:44.912Z</time>
</trkpt>
<trkpt lat="41.9981704" lon="2.8244100999999944">
<ele>70.7110847415761</ele>
<time>2026-08-02T06:19:48.281Z</time>
</trkpt>
<trkpt lat="41.9981262" lon="2.8244219999999984">
<ele>70.97683190999153</ele>
<time>2026-08-02T06:19:51.625Z</time>
</trkpt>
<trkpt lat="41.9980808" lon="2.8244272000000024">
<ele>71.16588197458661</ele>
<time>2026-08-02T06:19:54.920Z</time>
</trkpt>
<trkpt lat="41.9980306" lon="2.8244272000000024">
<ele>71.06614213640701</ele>
<time>2026-08-02T06:19:58.225Z</time>
</trkpt>
<trkpt lat="41.9979876" lon="2.824448700000005">
<ele>71.08727609201023</ele>
<time>2026-08-02T06:20:01.543Z</time>
</trkpt>
<trkpt lat="41.9979414" lon="2.824450100000007">
<ele>70.7642124772564</ele>
<time>2026-08-02T06:20:04.920Z</time>
</trkpt>
<trkpt lat="41.9978992" lon="2.824478099999993">
<ele>70.92347532840549</ele>
<time>2026-08-02T06:20:07.946Z</time>
</trkpt>
<trkpt lat="41.9978541" lon="2.8244915999999876">
<ele>70.82319750722938</ele>
<time>2026-08-02T06:20:10.971Z</time>
</trkpt>
<trkpt lat="41.9978073" lon="2.824491800000004">
<ele>70.4987600671072</ele>
<time>2026-08-02T06:20:14.101Z</time>
</trkpt>
<trkpt lat="41.9977609" lon="2.8245138000000054">
<ele>70.64182229080541</ele>
<time>2026-08-02T06:20:17.942Z</time>
</trkpt>
<trkpt lat="41.9977183" lon="2.824536099999989">
<ele>70.95546828195262</ele>
<time>2026-08-02T06:20:21.023Z</time>
</trkpt>
<trkpt lat="41.9976878" lon="2.8244803000000047">
<ele>69.81990067856532</ele>
<time>2026-08-02T06:20:23.000Z</time>
</trkpt>
<trkpt lat="41.9976553" lon="2.8244353000000046">
<ele>68.9178609361256</ele>
<time>2026-08-02T06:20:24.400Z</time>
</trkpt>
<trkpt lat="41.9976069" lon="2.8244306999999935">
<ele>68.69977855407845</ele>
<time>2026-08-02T06:20:27.303Z</time>
</trkpt>
<trkpt lat="41.9975545" lon="2.8244247000000087">
<ele>68.44479951537299</ele>
<time>2026-08-02T06:20:30.942Z</time>
</trkpt>
<trkpt lat="41.9975047" lon="2.824429500000008">
<ele>68.39247823172037</ele>
<time>2026-08-02T06:20:34.342Z</time>
</trkpt>
<trkpt lat="41.9974597" lon="2.824436800000001">
<ele>68.37069525544656</ele>
<time>2026-08-02T06:20:37.871Z</time>
</trkpt>
<trkpt lat="41.9974108" lon="2.824451500000009">
<ele>68.49585015489366</ele>
<time>2026-08-02T06:20:40.879Z</time>
</trkpt>
<trkpt lat="41.9973614" lon="2.8244545000000016">
<ele>68.40356879930367</ele>
<time>2026-08-02T06:20:43.984Z</time>
</trkpt>
<trkpt lat="41.9973155" lon="2.8244684000000007">
<ele>68.57892402968154</ele>
<time>2026-08-02T06:20:47.440Z</time>
</trkpt>
<trkpt lat="41.9972661" lon="2.824487799999986">
<ele>68.8810961948817</ele>
<time>2026-08-02T06:20:50.985Z</time>
</trkpt>
<trkpt lat="41.9972216" lon="2.8245100999999977">
<ele>69.23814388970595</ele>
<time>2026-08-02T06:20:54.306Z</time>
</trkpt>
<trkpt lat="41.9971784" lon="2.824528200000003">
<ele>69.15745272502089</ele>
<time>2026-08-02T06:20:57.324Z</time>
</trkpt>
<trkpt lat="41.9971348" lon="2.824545999999998">
<ele>69.03682320648439</ele>
<time>2026-08-02T06:21:00.404Z</time>
</trkpt>
<trkpt lat="41.9970912" lon="2.8245642999999916">
<ele>68.92628657784375</ele>
<time>2026-08-02T06:21:03.340Z</time>
</trkpt>
<trkpt lat="41.9970417" lon="2.8245852000000014">
<ele>68.80292783283423</ele>
<time>2026-08-02T06:21:06.964Z</time>
</trkpt>
<trkpt lat="41.9969978" lon="2.8246073999999908">
<ele>68.76964352264137</ele>
<time>2026-08-02T06:21:09.965Z</time>
</trkpt>
<trkpt lat="41.9969546" lon="2.8246254999999962">
<ele>68.65826580314197</ele>
<time>2026-08-02T06:21:12.887Z</time>
</trkpt>
<trkpt lat="41.9969093" lon="2.824645000000004">
<ele>68.48318891108725</ele>
<time>2026-08-02T06:21:15.783Z</time>
</trkpt>
<trkpt lat="41.9968637" lon="2.8246586999999863">
<ele>68.14309251934718</ele>
<time>2026-08-02T06:21:19.225Z</time>
</trkpt>
<trkpt lat="41.9968207" lon="2.8246830999999872">
<ele>68.04325162166491</ele>
<time>2026-08-02T06:21:23.164Z</time>
</trkpt>
<trkpt lat="41.9967817" lon="2.82471799999999">
<ele>68.19061610997204</ele>
<time>2026-08-02T06:21:26.950Z</time>
</trkpt>
<trkpt lat="41.9967388" lon="2.824737099999993">
<ele>67.95568385677377</ele>
<time>2026-08-02T06:21:31.023Z</time>
</trkpt>
<trkpt lat="41.9966935" lon="2.8247499999999945">
<ele>67.55603429571437</ele>
<time>2026-08-02T06:21:33.959Z</time>
</trkpt>
<trkpt lat="41.996648" lon="2.8247552999999925">
<ele>67.05911795031598</ele>
<time>2026-08-02T06:21:37.305Z</time>
</trkpt>
<trkpt lat="41.9965954" lon="2.8247676999999953">
<ele>66.8163767416594</ele>
<time>2026-08-02T06:21:40.914Z</time>
</trkpt>
<trkpt lat="41.9965507" lon="2.8247763999999904">
<ele>66.54606256420746</ele>
<time>2026-08-02T06:21:44.325Z</time>
</trkpt>
<trkpt lat="41.9965067" lon="2.824791800000014">
<ele>66.41392236742975</ele>
<time>2026-08-02T06:21:46.878Z</time>
</trkpt>
<trkpt lat="41.9964577" lon="2.824797600000011">
<ele>65.97854530228592</ele>
<time>2026-08-02T06:21:50.224Z</time>
</trkpt>
<trkpt lat="41.9964134" lon="2.8248086000000114">
<ele>65.68664109883373</ele>
<time>2026-08-02T06:21:53.201Z</time>
</trkpt>
<trkpt lat="41.996364" lon="2.8248225000000105">
<ele>65.43406023101318</ele>
<time>2026-08-02T06:21:56.842Z</time>
</trkpt>
<trkpt lat="41.9963239" lon="2.824851599999988">
<ele>65.6504866115909</ele>
<time>2026-08-02T06:21:59.940Z</time>
</trkpt>
<trkpt lat="41.9962796" lon="2.8248829000000057">
<ele>65.86877617550431</ele>
<time>2026-08-02T06:22:03.222Z</time>
</trkpt>
<trkpt lat="41.9962384" lon="2.8249126000000047">
<ele>66.07876628228317</ele>
<time>2026-08-02T06:22:06.302Z</time>
</trkpt>
<trkpt lat="41.9961917" lon="2.8249338999999907">
<ele>66.0776821904128</ele>
<time>2026-08-02T06:22:09.863Z</time>
</trkpt>
<trkpt lat="41.9961495" lon="2.824955999999986">
<ele>66.12757445141023</ele>
<time>2026-08-02T06:22:12.913Z</time>
</trkpt>
<trkpt lat="41.9961004" lon="2.8249685000000113">
<ele>65.95994987448807</ele>
<time>2026-08-02T06:22:16.860Z</time>
</trkpt>
<trkpt lat="41.9960568" lon="2.825005500000003">
<ele>66.45814207697364</ele>
<time>2026-08-02T06:22:19.862Z</time>
</trkpt>
<trkpt lat="41.9960116" lon="2.8250323000000037">
<ele>66.71623317541759</ele>
<time>2026-08-02T06:22:23.246Z</time>
</trkpt>
<trkpt lat="41.9959707" lon="2.8250611999999933">
<ele>67.05771794714069</ele>
<time>2026-08-02T06:22:26.141Z</time>
</trkpt>
<trkpt lat="41.9959185" lon="2.825085999999999">
<ele>67.16927899880339</ele>
<time>2026-08-02T06:22:29.741Z</time>
</trkpt>
<trkpt lat="41.9958774" lon="2.8251122000000066">
<ele>67.29175504470568</ele>
<time>2026-08-02T06:22:32.686Z</time>
</trkpt>
<trkpt lat="41.9958329" lon="2.825147500000014">
<ele>67.42854356372067</ele>
<time>2026-08-02T06:22:35.661Z</time>
</trkpt>
<trkpt lat="41.9957824" lon="2.8251718999999866">
<ele>67.2195761498358</ele>
<time>2026-08-02T06:22:39.622Z</time>
</trkpt>
<trkpt lat="41.9957403" lon="2.825199700000013">
<ele>67.19128369956455</ele>
<time>2026-08-02T06:22:42.918Z</time>
</trkpt>
<trkpt lat="41.9956995" lon="2.8252271000000064">
<ele>67.21928585094058</ele>
<time>2026-08-02T06:22:45.918Z</time>
</trkpt>
<trkpt lat="41.9956559" lon="2.825243300000011">
<ele>67.07622854144209</ele>
<time>2026-08-02T06:22:48.542Z</time>
</trkpt>
<trkpt lat="41.9956107" lon="2.825251900000012">
<ele>66.81038575597668</ele>
<time>2026-08-02T06:22:51.526Z</time>
</trkpt>
<trkpt lat="41.9955648" lon="2.8252630000000067">
<ele>66.60302159933241</ele>
<time>2026-08-02T06:22:54.543Z</time>
</trkpt>
<trkpt lat="41.9955205" lon="2.8252789999999948">
<ele>66.83223544264018</ele>
<time>2026-08-02T06:22:57.519Z</time>
</trkpt>
<trkpt lat="41.995479" lon="2.8253031000000135">
<ele>67.3942513826932</ele>
<time>2026-08-02T06:22:59.976Z</time>
</trkpt>
<trkpt lat="41.9954327" lon="2.825320099999999">
<ele>67.8263276116731</ele>
<time>2026-08-02T06:23:03.440Z</time>
</trkpt>
<trkpt lat="41.9953834" lon="2.8253430999999978">
<ele>68.39444269025982</ele>
<time>2026-08-02T06:23:06.960Z</time>
</trkpt>
<trkpt lat="41.9953401" lon="2.825359700000007">
<ele>68.85320356832334</ele>
<time>2026-08-02T06:23:09.984Z</time>
</trkpt>
<trkpt lat="41.9952962" lon="2.825377000000003">
<ele>69.35519016246435</ele>
<time>2026-08-02T06:23:13.008Z</time>
</trkpt>
<trkpt lat="41.9952508" lon="2.82539460000001">
<ele>69.60445614552036</ele>
<time>2026-08-02T06:23:16.305Z</time>
</trkpt>
<trkpt lat="41.9952087" lon="2.8254161000000124">
<ele>69.61297287535729</ele>
<time>2026-08-02T06:23:19.625Z</time>
</trkpt>
<trkpt lat="41.9951645" lon="2.8254287999999974">
<ele>69.39806341811531</ele>
<time>2026-08-02T06:23:22.602Z</time>
</trkpt>
<trkpt lat="41.9951178" lon="2.8254435000000058">
<ele>69.18708437298372</ele>
<time>2026-08-02T06:23:25.994Z</time>
</trkpt>
<trkpt lat="41.9950733" lon="2.825466199999994">
<ele>69.15109064717494</ele>
<time>2026-08-02T06:23:29.138Z</time>
</trkpt>
<trkpt lat="41.9950352" lon="2.825505200000009">
<ele>69.49619374903116</ele>
<time>2026-08-02T06:23:32.483Z</time>
</trkpt>
<trkpt lat="41.9949886" lon="2.825514300000009">
<ele>69.14489258715332</ele>
<time>2026-08-02T06:23:35.930Z</time>
</trkpt>
<trkpt lat="41.9949402" lon="2.8255133000000114">
<ele>68.71164860937618</ele>
<time>2026-08-02T06:23:38.954Z</time>
</trkpt>
<trkpt lat="41.9948904" lon="2.8255260999999905">
<ele>68.51955858049864</ele>
<time>2026-08-02T06:23:42.363Z</time>
</trkpt>
<trkpt lat="41.9948433" lon="2.8255446999999947">
<ele>68.43768129553199</ele>
<time>2026-08-02T06:23:45.379Z</time>
</trkpt>
<trkpt lat="41.9947919" lon="2.8255628">
<ele>68.28563039525571</ele>
<time>2026-08-02T06:23:48.924Z</time>
</trkpt>
<trkpt lat="41.9947453" lon="2.825577299999992">
<ele>68.0960651911575</ele>
<time>2026-08-02T06:23:51.940Z</time>
</trkpt>
<trkpt lat="41.9947011" lon="2.8255921999999885">
<ele>67.9938797538379</ele>
<time>2026-08-02T06:23:54.940Z</time>
</trkpt>
<trkpt lat="41.9946587" lon="2.8256251999999904">
<ele>68.02430725237708</ele>
<time>2026-08-02T06:23:57.940Z</time>
</trkpt>
<trkpt lat="41.9946122" lon="2.8256437999999946">
<ele>68.00541445295178</ele>
<time>2026-08-02T06:24:01.324Z</time>
</trkpt>
<trkpt lat="41.9945686" lon="2.8256660000000124">
<ele>68.04034226242548</ele>
<time>2026-08-02T06:24:04.284Z</time>
</trkpt>
<trkpt lat="41.9945231" lon="2.8256590000000017">
<ele>67.89792414905475</ele>
<time>2026-08-02T06:24:07.204Z</time>
</trkpt>
<trkpt lat="41.9944826" lon="2.82562870000001">
<ele>67.58256155465308</ele>
<time>2026-08-02T06:24:10.163Z</time>
</trkpt>
<trkpt lat="41.9944324" lon="2.825611600000002">
<ele>67.30442472994858</ele>
<time>2026-08-02T06:24:13.722Z</time>
</trkpt>
<trkpt lat="41.9943804" lon="2.8256207000000018">
<ele>67.15153702191645</ele>
<time>2026-08-02T06:24:16.921Z</time>
</trkpt>
<trkpt lat="41.9943332" lon="2.8256325000000118">
<ele>67.03596638981901</ele>
<time>2026-08-02T06:24:19.959Z</time>
</trkpt>
<trkpt lat="41.9942851" lon="2.8256537999999978">
<ele>66.98167794185517</ele>
<time>2026-08-02T06:24:22.981Z</time>
</trkpt>
<trkpt lat="41.9942418" lon="2.82568040000001">
<ele>66.97802728707396</ele>
<time>2026-08-02T06:24:25.918Z</time>
</trkpt>
<trkpt lat="41.9941949" lon="2.825700100000006">
<ele>66.89763510349701</ele>
<time>2026-08-02T06:24:28.540Z</time>
</trkpt>
<trkpt lat="41.9941481" lon="2.825714000000005">
<ele>66.79724684423864</ele>
<time>2026-08-02T06:24:31.962Z</time>
</trkpt>
<trkpt lat="41.9940968" lon="2.8257150999999965">
<ele>66.69544023216166</ele>
<time>2026-08-02T06:24:35.479Z</time>
</trkpt>
<trkpt lat="41.9940483" lon="2.825717300000008">
<ele>66.61232524043311</ele>
<time>2026-08-02T06:24:38.444Z</time>
</trkpt>
<trkpt lat="41.9940024" lon="2.8257370000000037">
<ele>66.72030566595244</ele>
<time>2026-08-02T06:24:41.426Z</time>
</trkpt>
<trkpt lat="41.9939544" lon="2.8257595000000038">
<ele>66.89842718634885</ele>
<time>2026-08-02T06:24:44.439Z</time>
</trkpt>
<trkpt lat="41.9939089" lon="2.8257600999999966">
<ele>66.85414668076811</ele>
<time>2026-08-02T06:24:47.565Z</time>
</trkpt>
<trkpt lat="41.9938619" lon="2.8257647000000077">
<ele>66.90982613310693</ele>
<time>2026-08-02T06:24:50.803Z</time>
</trkpt>
<trkpt lat="41.9938112" lon="2.8257791000000054">
<ele>67.17534951832755</ele>
<time>2026-08-02T06:24:54.425Z</time>
</trkpt>
<trkpt lat="41.9937628" lon="2.8258042999999873">
<ele>67.58308867371916</ele>
<time>2026-08-02T06:24:57.383Z</time>
</trkpt>
<trkpt lat="41.9937135" lon="2.8258208999999965">
<ele>67.88133062886644</ele>
<time>2026-08-02T06:25:01.340Z</time>
</trkpt>
<trkpt lat="41.9936713" lon="2.8258443">
<ele>68.26209811369675</ele>
<time>2026-08-02T06:25:03.937Z</time>
</trkpt>
<trkpt lat="41.9936257" lon="2.8258500999999967">
<ele>68.41411068943239</ele>
<time>2026-08-02T06:25:07.384Z</time>
</trkpt>
<trkpt lat="41.9935753" lon="2.8258491999999933">
<ele>68.5151322011492</ele>
<time>2026-08-02T06:25:10.702Z</time>
</trkpt>
<trkpt lat="41.9935282" lon="2.8258501999999908">
<ele>68.65932266074819</ele>
<time>2026-08-02T06:25:13.701Z</time>
</trkpt>
<trkpt lat="41.9934813" lon="2.825852300000008">
<ele>68.81601674827458</ele>
<time>2026-08-02T06:25:16.964Z</time>
</trkpt>
<trkpt lat="41.9934323" lon="2.8258611999999914">
<ele>69.05961570442136</ele>
<time>2026-08-02T06:25:20.265Z</time>
</trkpt>
<trkpt lat="41.9933857" lon="2.825868100000008">
<ele>69.26631893769378</ele>
<time>2026-08-02T06:25:23.624Z</time>
</trkpt>
<trkpt lat="41.993339" lon="2.8258729000000073">
<ele>69.4263588875733</ele>
<time>2026-08-02T06:25:26.583Z</time>
</trkpt>
<trkpt lat="41.9932904" lon="2.825875200000013">
<ele>69.43193569385376</ele>
<time>2026-08-02T06:25:29.949Z</time>
</trkpt>
<trkpt lat="41.9932428" lon="2.825872199999992">
<ele>69.33772921073664</ele>
<time>2026-08-02T06:25:33.125Z</time>
</trkpt>
<trkpt lat="41.9931977" lon="2.825868100000008">
<ele>69.23534141601223</ele>
<time>2026-08-02T06:25:36.085Z</time>
</trkpt>
<trkpt lat="41.9931528" lon="2.825863400000003">
<ele>69.13750682789896</ele>
<time>2026-08-02T06:25:39.062Z</time>
</trkpt>
<trkpt lat="41.9931039" lon="2.825851">
<ele>69.01070512185925</ele>
<time>2026-08-02T06:25:42.421Z</time>
</trkpt>
<trkpt lat="41.993055" lon="2.825842399999999">
<ele>68.93247989215917</ele>
<time>2026-08-02T06:25:45.886Z</time>
</trkpt>
<trkpt lat="41.9930079" lon="2.825840400000004">
<ele>69.12511833763858</ele>
<time>2026-08-02T06:25:49.086Z</time>
</trkpt>
<trkpt lat="41.9929635" lon="2.825829800000008">
<ele>69.35157099744244</ele>
<time>2026-08-02T06:25:52.086Z</time>
</trkpt>
<trkpt lat="41.9929215" lon="2.825807999999995">
<ele>69.57867651074568</ele>
<time>2026-08-02T06:25:55.062Z</time>
</trkpt>
<trkpt lat="41.9928768" lon="2.8257892999999967">
<ele>69.8599382630417</ele>
<time>2026-08-02T06:25:58.062Z</time>
</trkpt>
<trkpt lat="41.992828" lon="2.825772900000004">
<ele>70.20059097513531</ele>
<time>2026-08-02T06:26:01.446Z</time>
</trkpt>
<trkpt lat="41.9927796" lon="2.825748500000003">
<ele>70.59174496073717</ele>
<time>2026-08-02T06:26:04.982Z</time>
</trkpt>
<trkpt lat="41.9927368" lon="2.8257288000000074">
<ele>70.75493809765558</ele>
<time>2026-08-02T06:26:08.221Z</time>
</trkpt>
<trkpt lat="41.9926953" lon="2.825700299999994">
<ele>70.77917163770213</ele>
<time>2026-08-02T06:26:11.405Z</time>
</trkpt>
<trkpt lat="41.9926426" lon="2.825665100000009">
<ele>70.67374496027556</ele>
<time>2026-08-02T06:26:14.999Z</time>
</trkpt>
<trkpt lat="41.9926007" lon="2.8256345000000067">
<ele>70.47184603640218</ele>
<time>2026-08-02T06:26:18.942Z</time>
</trkpt>
<trkpt lat="41.99256" lon="2.825603099999995">
<ele>70.16646640383327</ele>
<time>2026-08-02T06:26:22.262Z</time>
</trkpt>
<trkpt lat="41.9925175" lon="2.8255729999999915">
<ele>69.72543313311562</ele>
<time>2026-08-02T06:26:25.903Z</time>
</trkpt>
<trkpt lat="41.9924725" lon="2.8255552999999907">
<ele>69.59729363857674</ele>
<time>2026-08-02T06:26:29.223Z</time>
</trkpt>
<trkpt lat="41.9924305" lon="2.8255240000000015">
<ele>69.71947320451987</ele>
<time>2026-08-02T06:26:33.239Z</time>
</trkpt>
<trkpt lat="41.9923816" lon="2.825498500000009">
<ele>69.99480987025822</ele>
<time>2026-08-02T06:26:36.845Z</time>
</trkpt>
<trkpt lat="41.9923383" lon="2.825478000000004">
<ele>70.29087275360513</ele>
<time>2026-08-02T06:26:39.981Z</time>
</trkpt>
<trkpt lat="41.9922935" lon="2.8254507999999987">
<ele>70.60766420823175</ele>
<time>2026-08-02T06:26:42.916Z</time>
</trkpt>
<trkpt lat="41.9922536" lon="2.825422500000002">
<ele>70.91560033996237</ele>
<time>2026-08-02T06:26:46.084Z</time>
</trkpt>
<trkpt lat="41.9922099" lon="2.825401999999997">
<ele>71.31712168262523</ele>
<time>2026-08-02T06:26:49.026Z</time>
</trkpt>
<trkpt lat="41.9921663" lon="2.825372299999998">
<ele>71.2849145541177</ele>
<time>2026-08-02T06:26:52.583Z</time>
</trkpt>
<trkpt lat="41.9921191" lon="2.825342699999993">
<ele>71.3114147631045</ele>
<time>2026-08-02T06:26:55.565Z</time>
</trkpt>
<trkpt lat="41.9920801" lon="2.82531130000001">
<ele>71.3678525636067</ele>
<time>2026-08-02T06:26:58.923Z</time>
</trkpt>
<trkpt lat="41.9920327" lon="2.825287099999997">
<ele>71.36079868090363</ele>
<time>2026-08-02T06:27:02.003Z</time>
</trkpt>
<trkpt lat="41.9919891" lon="2.8252569999999935">
<ele>71.2950383705535</ele>
<time>2026-08-02T06:27:05.442Z</time>
</trkpt>
<trkpt lat="41.9919468" lon="2.825232900000003">
<ele>71.23755417609203</ele>
<time>2026-08-02T06:27:08.400Z</time>
</trkpt>
<trkpt lat="41.9919049" lon="2.8252041000000077">
<ele>71.1862988212427</ele>
<time>2026-08-02T06:27:11.951Z</time>
</trkpt>
<trkpt lat="41.9918596" lon="2.8251764000000037">
<ele>71.26175701983067</ele>
<time>2026-08-02T06:27:14.806Z</time>
</trkpt>
<trkpt lat="41.9918192" lon="2.8251490000000103">
<ele>71.41736641131592</ele>
<time>2026-08-02T06:27:18.365Z</time>
</trkpt>
<trkpt lat="41.9917777" lon="2.8251209999999958">
<ele>71.67578507566596</ele>
<time>2026-08-02T06:27:21.342Z</time>
</trkpt>
<trkpt lat="41.9917335" lon="2.8250903999999935">
<ele>72.06263108843704</ele>
<time>2026-08-02T06:27:24.741Z</time>
</trkpt>
<trkpt lat="41.9916924" lon="2.825059799999991">
<ele>72.53606256945254</ele>
<time>2026-08-02T06:27:27.661Z</time>
</trkpt>
<trkpt lat="41.9916493" lon="2.8250257999999917">
<ele>73.05970943767782</ele>
<time>2026-08-02T06:27:31.284Z</time>
</trkpt>
<trkpt lat="41.9916075" lon="2.824993599999999">
<ele>73.3978636470414</ele>
<time>2026-08-02T06:27:33.963Z</time>
</trkpt>
<trkpt lat="41.991566" lon="2.8249621999999874">
<ele>73.7006572691123</ele>
<time>2026-08-02T06:27:37.625Z</time>
</trkpt>
<trkpt lat="41.9915192" lon="2.8249351000000047">
<ele>74.07326179939918</ele>
<time>2026-08-02T06:27:40.626Z</time>
</trkpt>
<trkpt lat="41.9914771" lon="2.8249044000000083">
<ele>74.31659916453634</ele>
<time>2026-08-02T06:27:44.280Z</time>
</trkpt>
<trkpt lat="41.9914355" lon="2.824871800000011">
<ele>74.49784147472549</ele>
<time>2026-08-02T06:27:47.704Z</time>
</trkpt>
<trkpt lat="41.9913965" lon="2.824835699999994">
<ele>74.5729771631516</ele>
<time>2026-08-02T06:27:51.800Z</time>
</trkpt>
<trkpt lat="41.9913573" lon="2.824783800000006">
<ele>74.08646695533437</ele>
<time>2026-08-02T06:27:55.922Z</time>
</trkpt>
<trkpt lat="41.9913104" lon="2.8247915999999975">
<ele>73.8217400701863</ele>
<time>2026-08-02T06:28:01.003Z</time>
</trkpt>
<trkpt lat="41.9912618" lon="2.824780099999998">
<ele>73.41393199139488</ele>
<time>2026-08-02T06:28:03.685Z</time>
</trkpt>
<trkpt lat="41.9912219" lon="2.824741799999998">
<ele>73.0933893208472</ele>
<time>2026-08-02T06:28:06.326Z</time>
</trkpt>
<trkpt lat="41.9911732" lon="2.8247235999999987">
<ele>72.74225121685845</ele>
<time>2026-08-02T06:28:09.911Z</time>
</trkpt>
<trkpt lat="41.9911275" lon="2.8247194999999863">
<ele>72.39080247269067</ele>
<time>2026-08-02T06:28:13.464Z</time>
</trkpt>
<trkpt lat="41.9910779" lon="2.8247308999999916">
<ele>72.36030545534014</ele>
<time>2026-08-02T06:28:16.200Z</time>
</trkpt>
</trkseg></trk></gpx>
