<?xml version="1.0" encoding="UTF-8"?>
<gpx version="1.1" creator="TrackioApp" xmlns="http://topografix.com">
  <trk>
    <name>angels-2026-08-01_part1</name>
    <trkseg>
      <trkpt lat="41.9908181" lon="2.824844799999994">
        <ele>73.48686074167732</ele>
        <time>2026-08-01T03:29:53.145Z</time>
      </trkpt>
      <trkpt lat="41.9908471" lon="2.8248940999999945">
        <ele>73.29945627620181</ele>
        <time>2026-08-01T03:29:57.280Z</time>
      </trkpt>
      <trkpt lat="41.9908792" lon="2.8249410999999895">
        <ele>73.03899321409236</ele>
        <time>2026-08-01T03:30:01.171Z</time>
      </trkpt>
      <trkpt lat="41.9909107" lon="2.8249872000000096">
        <ele>72.74145322940464</ele>
        <time>2026-08-01T03:30:06.248Z</time>
      </trkpt>
      <trkpt lat="41.990942" lon="2.8250329999999906">
        <ele>72.40464345912815</ele>
        <time>2026-08-01T03:30:11.365Z</time>
      </trkpt>
      <trkpt lat="41.9909491" lon="2.825102500000014">
        <ele>72.74964708350876</ele>
        <time>2026-08-01T03:30:20.744Z</time>
      </trkpt>
      <trkpt lat="41.9909649" lon="2.8251638000000128">
        <ele>73.03406357557594</ele>
        <time>2026-08-01T03:30:23.386Z</time>
      </trkpt>
      <trkpt lat="41.9909882" lon="2.825220999999999">
        <ele>73.30178722814361</ele>
        <time>2026-08-01T03:30:26.626Z</time>
      </trkpt>
      <trkpt lat="41.9909943" lon="2.8252812000000063">
        <ele>73.69522602115926</ele>
        <time>2026-08-01T03:30:29.644Z</time>
      </trkpt>
      <trkpt lat="41.9909892" lon="2.825343199999992">
        <ele>73.82371929237219</ele>
        <time>2026-08-01T03:30:33.891Z</time>
      </trkpt>
      <trkpt lat="41.9909661" lon="2.8253977999999904">
        <ele>73.71931861624078</ele>
        <time>2026-08-01T03:30:37.070Z</time>
      </trkpt>
      <trkpt lat="41.9909438" lon="2.825457499999999">
        <ele>73.63940920434223</ele>
        <time>2026-08-01T03:30:41.188Z</time>
      </trkpt>
      <trkpt lat="41.9909719" lon="2.8255047000000104">
        <ele>73.3671864211061</ele>
        <time>2026-08-01T03:31:11.826Z</time>
      </trkpt>
      <trkpt lat="41.9910048" lon="2.8255483000000083">
        <ele>73.03554858323962</ele>
        <time>2026-08-01T03:31:34.279Z</time>
      </trkpt>
      <trkpt lat="41.9910341" lon="2.8255982000000017">
        <ele>72.7284194882815</ele>
        <time>2026-08-01T03:31:45.279Z</time>
      </trkpt>
      <trkpt lat="41.991059" lon="2.8256495999999913">
        <ele>72.86007542540631</ele>
        <time>2026-08-01T03:31:48.371Z</time>
      </trkpt>
      <trkpt lat="41.9911047" lon="2.825676499999986">
        <ele>72.71743444081088</ele>
        <time>2026-08-01T03:31:51.910Z</time>
      </trkpt>
      <trkpt lat="41.9911512" lon="2.8257006999999987">
        <ele>73.0030345424982</ele>
        <time>2026-08-01T03:31:55.049Z</time>
      </trkpt>
      <trkpt lat="41.9911879" lon="2.825737199999992">
        <ele>73.34792013074583</ele>
        <time>2026-08-01T03:31:58.324Z</time>
      </trkpt>
      <trkpt lat="41.9912238" lon="2.825778000000014">
        <ele>73.74137488912481</ele>
        <time>2026-08-01T03:32:01.407Z</time>
      </trkpt>
      <trkpt lat="41.9912478" lon="2.8258308999999997">
        <ele>74.18792287692999</ele>
        <time>2026-08-01T03:32:04.314Z</time>
      </trkpt>
      <trkpt lat="41.9912347" lon="2.825894500000004">
        <ele>74.79657439589795</ele>
        <time>2026-08-01T03:32:12.010Z</time>
      </trkpt>
      <trkpt lat="41.9911924" lon="2.8259247999999957">
        <ele>75.05383031582646</ele>
        <time>2026-08-01T03:32:16.129Z</time>
      </trkpt>
      <trkpt lat="41.9911473" lon="2.825948799999992">
        <ele>75.15453472917119</ele>
        <time>2026-08-01T03:32:24.365Z</time>
      </trkpt>
      <trkpt lat="41.9911013" lon="2.8259472999999957">
        <ele>74.84458272922859</ele>
        <time>2026-08-01T03:32:28.676Z</time>
      </trkpt>
      <trkpt lat="41.9910562" lon="2.8259319000000005">
        <ele>75.01667983151873</ele>
        <time>2026-08-01T03:32:31.549Z</time>
      </trkpt>
      <trkpt lat="41.9910078" lon="2.825936100000007">
        <ele>75.53470066754703</ele>
        <time>2026-08-01T03:32:35.380Z</time>
      </trkpt>
      <trkpt lat="41.9909628" lon="2.8259424999999965">
        <ele>76.03611701962052</ele>
        <time>2026-08-01T03:32:38.365Z</time>
      </trkpt>
      <trkpt lat="41.9909136" lon="2.8259496000000013">
        <ele>76.57024041116189</ele>
        <time>2026-08-01T03:32:41.869Z</time>
      </trkpt>
      <trkpt lat="41.9908693" lon="2.8259664999999927">
        <ele>77.13347334911153</ele>
        <time>2026-08-01T03:32:45.389Z</time>
      </trkpt>
      <trkpt lat="41.9908154" lon="2.825974400000007">
        <ele>77.53340363773705</ele>
        <time>2026-08-01T03:32:49.188Z</time>
      </trkpt>
      <trkpt lat="41.9907706" lon="2.8259966999999904">
        <ele>76.89159484546597</ele>
        <time>2026-08-01T03:32:53.690Z</time>
      </trkpt>
      <trkpt lat="41.9907264" lon="2.8260151000000064">
        <ele>76.21805087547298</ele>
        <time>2026-08-01T03:32:57.281Z</time>
      </trkpt>
      <trkpt lat="41.9906795" lon="2.8260290999999995">
        <ele>75.45199116997321</ele>
        <time>2026-08-01T03:33:01.926Z</time>
      </trkpt>
      <trkpt lat="41.9906352" lon="2.82604520000001">
        <ele>74.739173500482</ele>
        <time>2026-08-01T03:33:06.365Z</time>
      </trkpt>
      <trkpt lat="41.990587" lon="2.8260581000000116">
        <ele>73.92273632522058</ele>
        <time>2026-08-01T03:33:09.868Z</time>
      </trkpt>
      <trkpt lat="41.9905349" lon="2.826057300000002">
        <ele>73.05671668346909</ele>
        <time>2026-08-01T03:33:14.027Z</time>
      </trkpt>
      <trkpt lat="41.9904882" lon="2.826056399999999">
        <ele>72.89004089761058</ele>
        <time>2026-08-01T03:33:17.148Z</time>
      </trkpt>
      <trkpt lat="41.9904389" lon="2.826045499999992">
        <ele>72.65850816307906</ele>
        <time>2026-08-01T03:33:20.725Z</time>
      </trkpt>
      <trkpt lat="41.9903893" lon="2.826039900000012">
        <ele>72.45915004406149</ele>
        <time>2026-08-01T03:33:24.325Z</time>
      </trkpt>
      <trkpt lat="41.990345" lon="2.82605430000001">
        <ele>72.38458189267705</ele>
        <time>2026-08-01T03:33:27.589Z</time>
      </trkpt>
      <trkpt lat="41.990299" lon="2.826064599999995">
        <ele>72.2780779023593</ele>
        <time>2026-08-01T03:33:30.687Z</time>
      </trkpt>
      <trkpt lat="41.9902607" lon="2.826029500000004">
        <ele>71.99530465002715</ele>
        <time>2026-08-01T03:33:35.285Z</time>
      </trkpt>
      <trkpt lat="41.9902223" lon="2.825988200000012">
        <ele>71.92523896237344</ele>
        <time>2026-08-01T03:33:38.391Z</time>
      </trkpt>
      <trkpt lat="41.9901924" lon="2.825941699999987">
        <ele>71.8398407468469</ele>
        <time>2026-08-01T03:33:41.425Z</time>
      </trkpt>
      <trkpt lat="41.9901426" lon="2.825911700000006">
        <ele>71.93486641242646</ele>
        <time>2026-08-01T03:33:45.065Z</time>
      </trkpt>
      <trkpt lat="41.9900992" lon="2.8258875999999873">
        <ele>72.05332161243032</ele>
        <time>2026-08-01T03:33:48.129Z</time>
      </trkpt>
      <trkpt lat="41.9900576" lon="2.8258567000000028">
        <ele>72.12771678381348</ele>
        <time>2026-08-01T03:33:51.186Z</time>
      </trkpt>
      <trkpt lat="41.990016" lon="2.825826599999999">
        <ele>72.15060661984712</ele>
        <time>2026-08-01T03:33:54.250Z</time>
      </trkpt>
      <trkpt lat="41.9899773" lon="2.8257916999999964">
        <ele>72.20503332849108</ele>
        <time>2026-08-01T03:33:57.289Z</time>
      </trkpt>
      <trkpt lat="41.9899406" lon="2.8257560000000126">
        <ele>72.47883228813058</ele>
        <time>2026-08-01T03:34:00.306Z</time>
      </trkpt>
      <trkpt lat="41.989905" lon="2.8257130000000075">
        <ele>72.68849712140259</ele>
        <time>2026-08-01T03:34:03.348Z</time>
      </trkpt>
      <trkpt lat="41.9898691" lon="2.8256714999999986">
        <ele>72.9053956891149</ele>
        <time>2026-08-01T03:34:06.391Z</time>
      </trkpt>
      <trkpt lat="41.9898362" lon="2.825626900000003">
        <ele>73.05813774963835</ele>
        <time>2026-08-01T03:34:09.385Z</time>
      </trkpt>
      <trkpt lat="41.9897982" lon="2.8255895000000066">
        <ele>73.31450075154144</ele>
        <time>2026-08-01T03:34:12.379Z</time>
      </trkpt>
      <trkpt lat="41.9897584" lon="2.8255519999999876">
        <ele>73.44215062673368</ele>
        <time>2026-08-01T03:34:15.527Z</time>
      </trkpt>
      <trkpt lat="41.9897189" lon="2.825517700000006">
        <ele>73.40904812335425</ele>
        <time>2026-08-01T03:34:18.587Z</time>
      </trkpt>
      <trkpt lat="41.9896805" lon="2.825483300000002">
        <ele>72.96058858011193</ele>
        <time>2026-08-01T03:34:21.630Z</time>
      </trkpt>
      <trkpt lat="41.989641" lon="2.825450399999994">
        <ele>72.44152217027504</ele>
        <time>2026-08-01T03:34:24.648Z</time>
      </trkpt>
      <trkpt lat="41.9895997" lon="2.825412599999993">
        <ele>71.89200702004896</ele>
        <time>2026-08-01T03:34:28.106Z</time>
      </trkpt>
      <trkpt lat="41.9895616" lon="2.8253760000000057">
        <ele>71.39941744456695</ele>
        <time>2026-08-01T03:34:31.149Z</time>
      </trkpt>
      <trkpt lat="41.98952" lon="2.8253382999999985">
        <ele>70.9268748544637</ele>
        <time>2026-08-01T03:34:34.807Z</time>
      </trkpt>
      <trkpt lat="41.9894827" lon="2.8253019999999935">
        <ele>70.6091105412564</ele>
        <time>2026-08-01T03:34:38.366Z</time>
      </trkpt>
      <trkpt lat="41.989443" lon="2.8252616000000046">
        <ele>70.53758410452211</ele>
        <time>2026-08-01T03:34:41.907Z</time>
      </trkpt>
      <trkpt lat="41.9894052" lon="2.8252192999999863">
        <ele>70.53969612606778</ele>
        <time>2026-08-01T03:34:45.405Z</time>
      </trkpt>
      <trkpt lat="41.9893633" lon="2.8251789999999914">
        <ele>70.57400318407491</ele>
        <time>2026-08-01T03:34:49.029Z</time>
      </trkpt>
      <trkpt lat="41.9893235" lon="2.825146399999994">
        <ele>70.60000079050378</ele>
        <time>2026-08-01T03:34:52.128Z</time>
      </trkpt>
      <trkpt lat="41.9892787" lon="2.82512779999999">
        <ele>70.65202785940684</ele>
        <time>2026-08-01T03:34:55.586Z</time>
      </trkpt>
      <trkpt lat="41.9892346" lon="2.8251108999999985">
        <ele>70.69746245273599</ele>
        <time>2026-08-01T03:34:59.267Z</time>
      </trkpt>
      <trkpt lat="41.989185" lon="2.8251043999999865">
        <ele>70.77306543800596</ele>
        <time>2026-08-01T03:35:04.386Z</time>
      </trkpt>
      <trkpt lat="41.9891404" lon="2.825127100000003">
        <ele>71.16135460671019</ele>
        <time>2026-08-01T03:35:07.485Z</time>
      </trkpt>
      <trkpt lat="41.9891014" lon="2.8251578999999936">
        <ele>72.17216628422361</ele>
        <time>2026-08-01T03:35:10.543Z</time>
      </trkpt>
      <trkpt lat="41.9890696" lon="2.8252027999999996">
        <ele>73.09190064513517</ele>
        <time>2026-08-01T03:35:13.379Z</time>
      </trkpt>
      <trkpt lat="41.9890462" lon="2.8252549999999985">
        <ele>73.86717527029934</ele>
        <time>2026-08-01T03:35:16.366Z</time>
      </trkpt>
      <trkpt lat="41.9890147" lon="2.8253072999999915">
        <ele>74.87277083891522</ele>
        <time>2026-08-01T03:35:19.743Z</time>
      </trkpt>
      <trkpt lat="41.9889831" lon="2.8253515000000107">
        <ele>75.61377996678155</ele>
        <time>2026-08-01T03:35:22.228Z</time>
      </trkpt>
      <trkpt lat="41.9889409" lon="2.825387699999993">
        <ele>76.46187313445846</ele>
        <time>2026-08-01T03:35:27.028Z</time>
      </trkpt>
      <trkpt lat="41.988913" lon="2.825444800000014">
        <ele>76.7774050486324</ele>
        <time>2026-08-01T03:35:29.279Z</time>
      </trkpt>
      <trkpt lat="41.9888834" lon="2.825492099999991">
        <ele>77.04401466179547</ele>
        <time>2026-08-01T03:35:33.281Z</time>
      </trkpt>
      <trkpt lat="41.9888428" lon="2.825528399999996">
        <ele>77.39618535540988</ele>
        <time>2026-08-01T03:35:37.105Z</time>
      </trkpt>
      <trkpt lat="41.9887635" lon="2.825499199999996">
        <ele>78.65629889230118</ele>
        <time>2026-08-01T03:35:40.330Z</time>
      </trkpt>
      <trkpt lat="41.9887148" lon="2.8255082000000016">
        <ele>79.2793550467649</ele>
        <time>2026-08-01T03:35:44.170Z</time>
      </trkpt>
      <trkpt lat="41.9886695" lon="2.8255030999999917">
        <ele>79.91707173663148</ele>
        <time>2026-08-01T03:35:49.280Z</time>
      </trkpt>
      <trkpt lat="41.9886219" lon="2.8254975000000115">
        <ele>80.57889989262384</ele>
        <time>2026-08-01T03:35:53.250Z</time>
      </trkpt>
      <trkpt lat="41.9885763" lon="2.8254599999999925">
        <ele>80.88374606284583</ele>
        <time>2026-08-01T03:35:54.989Z</time>
      </trkpt>
      <trkpt lat="41.9885372" lon="2.825426499999992">
        <ele>80.6111928246494</ele>
        <time>2026-08-01T03:35:57.504Z</time>
      </trkpt>
      <trkpt lat="41.9884905" lon="2.8253985999999998">
        <ele>80.1805387024437</ele>
        <time>2026-08-01T03:36:00.305Z</time>
      </trkpt>
      <trkpt lat="41.9884517" lon="2.8253607000000045">
        <ele>79.69751098783645</ele>
        <time>2026-08-01T03:36:03.531Z</time>
      </trkpt>
      <trkpt lat="41.9884049" lon="2.82531689999999">
        <ele>78.97764877245909</ele>
        <time>2026-08-01T03:36:06.165Z</time>
      </trkpt>
      <trkpt lat="41.9883737" lon="2.825269800000001">
        <ele>78.68829814138822</ele>
        <time>2026-08-01T03:36:09.385Z</time>
      </trkpt>
      <trkpt lat="41.9883253" lon="2.825245200000012">
        <ele>78.31337185582774</ele>
        <time>2026-08-01T03:36:12.346Z</time>
      </trkpt>
      <trkpt lat="41.9882786" lon="2.8252588000000003">
        <ele>79.12272581286659</ele>
        <time>2026-08-01T03:36:15.603Z</time>
      </trkpt>
      <trkpt lat="41.9882301" lon="2.8252583000000016">
        <ele>80.32873245548973</ele>
        <time>2026-08-01T03:36:18.987Z</time>
      </trkpt>
      <trkpt lat="41.9881812" lon="2.825248899999991">
        <ele>81.54418523753525</ele>
        <time>2026-08-01T03:36:22.307Z</time>
      </trkpt>
      <trkpt lat="41.9881362" lon="2.8252391000000046">
        <ele>82.62984791752923</ele>
        <time>2026-08-01T03:36:25.366Z</time>
      </trkpt>
      <trkpt lat="41.988091" lon="2.825231699999989">
        <ele>83.69444030444912</ele>
        <time>2026-08-01T03:36:29.279Z</time>
      </trkpt>
      <trkpt lat="41.9880459" lon="2.825224899999995">
        <ele>84.73411679609461</ele>
        <time>2026-08-01T03:36:33.294Z</time>
      </trkpt>
      <trkpt lat="41.9879976" lon="2.825217000000009">
        <ele>86.61489938402562</ele>
        <time>2026-08-01T03:36:36.767Z</time>
      </trkpt>
      <trkpt lat="41.9879513" lon="2.825209000000001">
        <ele>88.50877080088775</ele>
        <time>2026-08-01T03:36:40.365Z</time>
      </trkpt>
      <trkpt lat="41.9879009" lon="2.8252004">
        <ele>90.53150105628623</ele>
        <time>2026-08-01T03:36:43.907Z</time>
      </trkpt>
      <trkpt lat="41.9878528" lon="2.8251966999999922">
        <ele>92.48719888257116</ele>
        <time>2026-08-01T03:36:47.204Z</time>
      </trkpt>
      <trkpt lat="41.9878019" lon="2.825196900000009">
        <ele>94.60650566217818</ele>
        <time>2026-08-01T03:36:50.907Z</time>
      </trkpt>
      <trkpt lat="41.9877539" lon="2.8252004">
        <ele>96.4016331669405</ele>
        <time>2026-08-01T03:36:54.788Z</time>
      </trkpt>
      <trkpt lat="41.987709" lon="2.8251906000000133">
        <ele>96.36274319492169</ele>
        <time>2026-08-01T03:37:00.048Z</time>
      </trkpt>
      <trkpt lat="41.9876649" lon="2.8251755000000003">
        <ele>96.24980742764832</ele>
        <time>2026-08-01T03:37:07.825Z</time>
      </trkpt>
      <trkpt lat="41.987634" lon="2.8251314000000036">
        <ele>95.64688942978616</ele>
        <time>2026-08-01T03:37:13.247Z</time>
      </trkpt>
      <trkpt lat="41.9876073" lon="2.825076899999999">
        <ele>94.91322822691383</ele>
        <time>2026-08-01T03:37:16.144Z</time>
      </trkpt>
      <trkpt lat="41.9875762" lon="2.8250217000000077">
        <ele>94.20806264421603</ele>
        <time>2026-08-01T03:37:18.907Z</time>
      </trkpt>
      <trkpt lat="41.9875404" lon="2.8249807999999916">
        <ele>93.57209473041121</ele>
        <time>2026-08-01T03:37:22.627Z</time>
      </trkpt>
      <trkpt lat="41.9874924" lon="2.824981600000001">
        <ele>93.74975334648913</ele>
        <time>2026-08-01T03:37:25.365Z</time>
      </trkpt>
      <trkpt lat="41.987445" lon="2.8249917999999923">
        <ele>93.98215376874677</ele>
        <time>2026-08-01T03:37:28.105Z</time>
      </trkpt>
      <trkpt lat="41.9873986" lon="2.8250333999999953">
        <ele>94.69788428337831</ele>
        <time>2026-08-01T03:37:30.244Z</time>
      </trkpt>
      <trkpt lat="41.98736" lon="2.8250698999999884">
        <ele>94.7909045507629</ele>
        <time>2026-08-01T03:37:32.543Z</time>
      </trkpt>
      <trkpt lat="41.9873245" lon="2.8251094000000023">
        <ele>94.7391433411848</ele>
        <time>2026-08-01T03:37:35.370Z</time>
      </trkpt>
      <trkpt lat="41.9873" lon="2.825164199999989">
        <ele>94.67162691445911</ele>
        <time>2026-08-01T03:37:38.245Z</time>
      </trkpt>
      <trkpt lat="41.9872671" lon="2.825205799999992">
        <ele>94.31809151545586</ele>
        <time>2026-08-01T03:37:41.207Z</time>
      </trkpt>
      <trkpt lat="41.9872322" lon="2.825245300000006">
        <ele>93.77383918961928</ele>
        <time>2026-08-01T03:37:45.225Z</time>
      </trkpt>
      <trkpt lat="41.9872103" lon="2.825300300000009">
        <ele>93.26007669631204</ele>
        <time>2026-08-01T03:37:48.300Z</time>
      </trkpt>
      <trkpt lat="41.9872061" lon="2.825372200000004">
        <ele>92.70948496967364</ele>
        <time>2026-08-01T03:37:52.150Z</time>
      </trkpt>
      <trkpt lat="41.9872074" lon="2.8254528999999877">
        <ele>92.15164154137135</ele>
        <time>2026-08-01T03:37:54.986Z</time>
      </trkpt>
      <trkpt lat="41.987204" lon="2.8255186000000094">
        <ele>91.62753185095335</ele>
        <time>2026-08-01T03:37:58.365Z</time>
      </trkpt>
      <trkpt lat="41.9871974" lon="2.825580599999995">
        <ele>91.39388422750689</ele>
        <time>2026-08-01T03:38:01.280Z</time>
      </trkpt>
      <trkpt lat="41.9871602" lon="2.825614999999999">
        <ele>93.3080510652359</ele>
        <time>2026-08-01T03:38:06.191Z</time>
      </trkpt>
      <trkpt lat="41.9871207" lon="2.825663200000008">
        <ele>95.96288042770993</ele>
        <time>2026-08-01T03:38:10.807Z</time>
      </trkpt>
      <trkpt lat="41.9870936" lon="2.825719200000009">
        <ele>98.28584080377397</ele>
        <time>2026-08-01T03:38:12.548Z</time>
      </trkpt>
      <trkpt lat="41.9870719" lon="2.825774800000005">
        <ele>100.30121182328115</ele>
        <time>2026-08-01T03:38:14.847Z</time>
      </trkpt>
      <trkpt lat="41.9870322" lon="2.8258107000000052">
        <ele>102.05732288433724</ele>
        <time>2026-08-01T03:38:18.903Z</time>
      </trkpt>
      <trkpt lat="41.9869793" lon="2.825781500000005">
        <ele>102.53815213291944</ele>
        <time>2026-08-01T03:38:20.628Z</time>
      </trkpt>
      <trkpt lat="41.9869393" lon="2.825737099999998">
        <ele>102.60670372671925</ele>
        <time>2026-08-01T03:38:24.191Z</time>
      </trkpt>
      <trkpt lat="41.9869107" lon="2.8257872000000077">
        <ele>103.74226020630356</ele>
        <time>2026-08-01T03:38:32.365Z</time>
      </trkpt>
      <trkpt lat="41.9868748" lon="2.825823799999995">
        <ele>104.26507607093782</ele>
        <time>2026-08-01T03:38:38.370Z</time>
      </trkpt>
      <trkpt lat="41.9868483" lon="2.825873900000005">
        <ele>105.1111384148227</ele>
        <time>2026-08-01T03:38:43.366Z</time>
      </trkpt>
      <trkpt lat="41.986851" lon="2.8259385000000066">
        <ele>105.7799649803362</ele>
        <time>2026-08-01T03:38:47.608Z</time>
      </trkpt>
      <trkpt lat="41.9868499" lon="2.8260040000000117">
        <ele>106.45120266294838</ele>
        <time>2026-08-01T03:38:51.543Z</time>
      </trkpt>
      <trkpt lat="41.9868468" lon="2.8260659000000032">
        <ele>107.0920202970332</ele>
        <time>2026-08-01T03:38:55.365Z</time>
      </trkpt>
      <trkpt lat="41.9868421" lon="2.826127000000014">
        <ele>107.73808251559498</ele>
        <time>2026-08-01T03:38:59.606Z</time>
      </trkpt>
      <trkpt lat="41.9868069" lon="2.826172200000002">
        <ele>108.30798865380955</ele>
        <time>2026-08-01T03:39:03.726Z</time>
      </trkpt>
      <trkpt lat="41.9867789" lon="2.826219699999996">
        <ele>108.82380361729557</ele>
        <time>2026-08-01T03:39:08.324Z</time>
      </trkpt>
      <trkpt lat="41.9867724" lon="2.8262828999999954">
        <ele>109.4021249034025</ele>
        <time>2026-08-01T03:39:12.306Z</time>
      </trkpt>
      <trkpt lat="41.9867527" lon="2.826342799999992">
        <ele>109.95020070875701</ele>
        <time>2026-08-01T03:39:18.310Z</time>
      </trkpt>
      <trkpt lat="41.9867189" lon="2.8263847000000055">
        <ele>110.31775831870526</ele>
        <time>2026-08-01T03:39:23.324Z</time>
      </trkpt>
      <trkpt lat="41.986701" lon="2.826442500000013">
        <ele>110.6638764394736</ele>
        <time>2026-08-01T03:39:29.249Z</time>
      </trkpt>
      <trkpt lat="41.9867253" lon="2.8264979999999866">
        <ele>110.77042077211925</ele>
        <time>2026-08-01T03:39:33.871Z</time>
      </trkpt>
      <trkpt lat="41.9867195" lon="2.8265606999999875">
        <ele>110.8558585376717</ele>
        <time>2026-08-01T03:39:39.283Z</time>
      </trkpt>
      <trkpt lat="41.9867373" lon="2.8266161999999895">
        <ele>111.00745234573708</ele>
        <time>2026-08-01T03:39:43.603Z</time>
      </trkpt>
      <trkpt lat="41.9867636" lon="2.8266710999999987">
        <ele>111.23356000754045</ele>
        <time>2026-08-01T03:39:48.872Z</time>
      </trkpt>
      <trkpt lat="41.9867824" lon="2.826729599999993">
        <ele>111.65417198606275</ele>
        <time>2026-08-01T03:39:53.686Z</time>
      </trkpt>
      <trkpt lat="41.9868173" lon="2.8267736999999897">
        <ele>112.23856783534328</ele>
        <time>2026-08-01T03:39:59.125Z</time>
      </trkpt>
      <trkpt lat="41.986861" lon="2.8268017000000043">
        <ele>112.69454346091682</ele>
        <time>2026-08-01T03:40:02.768Z</time>
      </trkpt>
      <trkpt lat="41.9868974" lon="2.826844099999988">
        <ele>113.22182898177321</ele>
        <time>2026-08-01T03:40:07.279Z</time>
      </trkpt>
      <trkpt lat="41.9869135" lon="2.8269037999999966">
        <ele>113.79092463450418</ele>
        <time>2026-08-01T03:40:11.279Z</time>
      </trkpt>
      <trkpt lat="41.986908" lon="2.8269776999999863">
        <ele>114.3945257517911</ele>
        <time>2026-08-01T03:40:14.296Z</time>
      </trkpt>
      <trkpt lat="41.9869058" lon="2.8270393999999897">
        <ele>114.23534526251741</ele>
        <time>2026-08-01T03:40:17.316Z</time>
      </trkpt>
      <trkpt lat="41.9869116" lon="2.827100999999999">
        <ele>114.043147584506</ele>
        <time>2026-08-01T03:40:20.088Z</time>
      </trkpt>
      <trkpt lat="41.9869171" lon="2.8271643999999867">
        <ele>113.8357414084103</ele>
        <time>2026-08-01T03:40:24.346Z</time>
      </trkpt>
      <trkpt lat="41.9869209" lon="2.8272267000000113">
        <ele>113.62346269752692</ele>
        <time>2026-08-01T03:40:28.279Z</time>
      </trkpt>
      <trkpt lat="41.9869329" lon="2.827284999999989">
        <ele>113.92882685342667</ele>
        <time>2026-08-01T03:40:32.365Z</time>
      </trkpt>
      <trkpt lat="41.9869568" lon="2.827342299999998">
        <ele>114.97202254884314</ele>
        <time>2026-08-01T03:40:36.806Z</time>
      </trkpt>
      <trkpt lat="41.9869823" lon="2.8273982000000046">
        <ele>116.03239651470956</ele>
        <time>2026-08-01T03:40:42.280Z</time>
      </trkpt>
      <trkpt lat="41.9870306" lon="2.827395899999999">
        <ele>116.34679069438279</ele>
        <time>2026-08-01T03:40:46.709Z</time>
      </trkpt>
      <trkpt lat="41.9870688" lon="2.8273599999999988">
        <ele>116.02201361039513</ele>
        <time>2026-08-01T03:40:49.296Z</time>
      </trkpt>
      <trkpt lat="41.9871092" lon="2.8273327999999935">
        <ele>115.8333646810162</ele>
        <time>2026-08-01T03:40:52.730Z</time>
      </trkpt>
      <trkpt lat="41.9871569" lon="2.8273408000000018">
        <ele>116.29084512698572</ele>
        <time>2026-08-01T03:40:56.844Z</time>
      </trkpt>
      <trkpt lat="41.9872018" lon="2.8273557999999923">
        <ele>116.86393493931195</ele>
        <time>2026-08-01T03:41:00.351Z</time>
      </trkpt>
      <trkpt lat="41.9872527" lon="2.827350999999993">
        <ele>116.43184426504546</ele>
        <time>2026-08-01T03:41:04.048Z</time>
      </trkpt>
      <trkpt lat="41.9872943" lon="2.827383800000007">
        <ele>116.56816017995254</ele>
        <time>2026-08-01T03:41:07.985Z</time>
      </trkpt>
      <trkpt lat="41.9873356" lon="2.8274241000000018">
        <ele>116.65990997865156</ele>
        <time>2026-08-01T03:41:12.051Z</time>
      </trkpt>
      <trkpt lat="41.9873692" lon="2.8274767999999995">
        <ele>116.81182431472796</ele>
        <time>2026-08-01T03:41:16.124Z</time>
      </trkpt>
      <trkpt lat="41.9873936" lon="2.827527900000007">
        <ele>116.92482762738861</ele>
        <time>2026-08-01T03:41:21.203Z</time>
      </trkpt>
      <trkpt lat="41.987382" lon="2.827586700000012">
        <ele>117.54655920768286</ele>
        <time>2026-08-01T03:41:26.366Z</time>
      </trkpt>
      <trkpt lat="41.987395" lon="2.8276515000000018">
        <ele>117.69194139692266</ele>
        <time>2026-08-01T03:41:29.791Z</time>
      </trkpt>
      <trkpt lat="41.9873321" lon="2.8276571000000104">
        <ele>119.21740240778884</ele>
        <time>2026-08-01T03:41:30.750Z</time>
      </trkpt>
      <trkpt lat="41.9872694" lon="2.8276566000000116">
        <ele>120.69678698341643</ele>
        <time>2026-08-01T03:41:31.748Z</time>
      </trkpt>
      <trkpt lat="41.9872278" lon="2.8276845000000037">
        <ele>122.12472319575151</ele>
        <time>2026-08-01T03:41:33.825Z</time>
      </trkpt>
      <trkpt lat="41.9871975" lon="2.8277305000000013">
        <ele>123.44543059820688</ele>
        <time>2026-08-01T03:41:36.389Z</time>
      </trkpt>
      <trkpt lat="41.9871729" lon="2.8277874000000054">
        <ele>124.20091285870649</ele>
        <time>2026-08-01T03:41:39.609Z</time>
      </trkpt>
      <trkpt lat="41.9871476" lon="2.827845400000001">
        <ele>124.30500659198086</ele>
        <time>2026-08-01T03:41:42.891Z</time>
      </trkpt>
      <trkpt lat="41.9871276" lon="2.8279110000000003">
        <ele>123.8592649953298</ele>
        <time>2026-08-01T03:41:46.190Z</time>
      </trkpt>
      <trkpt lat="41.9871136" lon="2.827972399999993">
        <ele>123.5763053196773</ele>
        <time>2026-08-01T03:41:50.366Z</time>
      </trkpt>
      <trkpt lat="41.9871185" lon="2.828038300000003">
        <ele>123.31666016367554</ele>
        <time>2026-08-01T03:41:51.964Z</time>
      </trkpt>
      <trkpt lat="41.98712" lon="2.8281074999999873">
        <ele>123.05172134803401</ele>
        <time>2026-08-01T03:41:54.050Z</time>
      </trkpt>
      <trkpt lat="41.9871161" lon="2.8281756000000087">
        <ele>122.90186085813932</ele>
        <time>2026-08-01T03:41:55.784Z</time>
      </trkpt>
      <trkpt lat="41.9871097" lon="2.8282466">
        <ele>122.73797204140979</ele>
        <time>2026-08-01T03:41:57.988Z</time>
      </trkpt>
      <trkpt lat="41.987113" lon="2.8283083999999974">
        <ele>122.56798566686145</ele>
        <time>2026-08-01T03:42:00.527Z</time>
      </trkpt>
      <trkpt lat="41.9871174" lon="2.8283688999999868">
        <ele>122.41154236398548</ele>
        <time>2026-08-01T03:42:03.388Z</time>
      </trkpt>
      <trkpt lat="41.9871207" lon="2.8284341000000097">
        <ele>122.35059100238571</ele>
        <time>2026-08-01T03:42:06.624Z</time>
      </trkpt>
      <trkpt lat="41.9871147" lon="2.8284968000000106">
        <ele>122.32909037857758</ele>
        <time>2026-08-01T03:42:09.925Z</time>
      </trkpt>
      <trkpt lat="41.9871128" lon="2.828558500000014">
        <ele>122.30939953073245</ele>
        <time>2026-08-01T03:42:13.163Z</time>
      </trkpt>
      <trkpt lat="41.987108" lon="2.8286198000000127">
        <ele>122.33372639181874</ele>
        <time>2026-08-01T03:42:16.368Z</time>
      </trkpt>
      <trkpt lat="41.9870992" lon="2.828686299999987">
        <ele>122.32200425399704</ele>
        <time>2026-08-01T03:42:20.026Z</time>
      </trkpt>
      <trkpt lat="41.9845188" lon="2.832748900000013">
        <ele>174.91208358333049</ele>
        <time>2026-08-01T03:48:54.644Z</time>
      </trkpt>
      <trkpt lat="41.9844859" lon="2.8327998000000036">
        <ele>175.22606951666268</ele>
        <time>2026-08-01T03:48:57.487Z</time>
      </trkpt>
      <trkpt lat="41.9844578" lon="2.832855099999989">
        <ele>175.20795751384844</ele>
        <time>2026-08-01T03:49:00.689Z</time>
      </trkpt>
      <trkpt lat="41.9844387" lon="2.832910400000003">
        <ele>174.89339396684534</ele>
        <time>2026-08-01T03:49:03.365Z</time>
      </trkpt>
      <trkpt lat="41.9844005" lon="2.8329635999999994">
        <ele>174.5539924117424</ele>
        <time>2026-08-01T03:49:06.991Z</time>
      </trkpt>
      <trkpt lat="41.9843723" lon="2.833014800000001">
        <ele>174.17570533189695</ele>
        <time>2026-08-01T03:49:10.090Z</time>
      </trkpt>
      <trkpt lat="41.9843425" lon="2.8330606000000103">
        <ele>173.93796250037775</ele>
        <time>2026-08-01T03:49:13.204Z</time>
      </trkpt>
      <trkpt lat="41.9843037" lon="2.8331105999999977">
        <ele>173.65664905563708</ele>
        <time>2026-08-01T03:49:17.364Z</time>
      </trkpt>
      <trkpt lat="41.9842725" lon="2.8331593000000055">
        <ele>172.81901488634637</ele>
        <time>2026-08-01T03:49:21.365Z</time>
      </trkpt>
      <trkpt lat="41.9842292" lon="2.8331862">
        <ele>172.59336604702128</ele>
        <time>2026-08-01T03:49:25.365Z</time>
      </trkpt>
      <trkpt lat="41.9841836" lon="2.833212000000003">
        <ele>172.52928224231144</ele>
        <time>2026-08-01T03:49:29.365Z</time>
      </trkpt>
      <trkpt lat="41.984137" lon="2.8332196000000067">
        <ele>172.73945830610728</ele>
        <time>2026-08-01T03:49:33.185Z</time>
      </trkpt>
      <trkpt lat="41.9840883" lon="2.833225900000002">
        <ele>172.65549334727288</ele>
        <time>2026-08-01T03:49:36.788Z</time>
      </trkpt>
      <trkpt lat="41.9840427" lon="2.8332326000000023">
        <ele>172.5979998007713</ele>
        <time>2026-08-01T03:49:40.030Z</time>
      </trkpt>
      <trkpt lat="41.9839959" lon="2.8332466999999895">
        <ele>172.53707360558562</ele>
        <time>2026-08-01T03:49:43.306Z</time>
      </trkpt>
      <trkpt lat="41.98395" lon="2.833268299999986">
        <ele>172.5207147933789</ele>
        <time>2026-08-01T03:49:46.987Z</time>
      </trkpt>
      <trkpt lat="41.9839052" lon="2.8332864999999856">
        <ele>172.59615266503565</ele>
        <time>2026-08-01T03:49:50.396Z</time>
      </trkpt>
      <trkpt lat="41.9838606" lon="2.8333000000000084">
        <ele>172.72970093827885</ele>
        <time>2026-08-01T03:49:53.510Z</time>
      </trkpt>
      <trkpt lat="41.9838121" lon="2.8333159000000023">
        <ele>172.84926600222366</ele>
        <time>2026-08-01T03:49:57.270Z</time>
      </trkpt>
      <trkpt lat="41.9837694" lon="2.8333350999999993">
        <ele>172.99022520614966</ele>
        <time>2026-08-01T03:50:00.375Z</time>
      </trkpt>
      <trkpt lat="41.9837259" lon="2.833351300000004">
        <ele>173.14635193028565</ele>
        <time>2026-08-01T03:50:03.376Z</time>
      </trkpt>
      <trkpt lat="41.9836788" lon="2.8333676999999966">
        <ele>173.33414387152527</ele>
        <time>2026-08-01T03:50:06.569Z</time>
      </trkpt>
      <trkpt lat="41.9836342" lon="2.833385899999996">
        <ele>173.48558074339536</ele>
        <time>2026-08-01T03:50:09.667Z</time>
      </trkpt>
      <trkpt lat="41.9835905" lon="2.8334041999999897">
        <ele>173.5896075991626</ele>
        <time>2026-08-01T03:50:12.749Z</time>
      </trkpt>
      <trkpt lat="41.9835449" lon="2.8334216000000083">
        <ele>173.97713438202922</ele>
        <time>2026-08-01T03:50:15.887Z</time>
      </trkpt>
      <trkpt lat="41.9834935" lon="2.833452599999987">
        <ele>174.47149128010776</ele>
        <time>2026-08-01T03:50:19.366Z</time>
      </trkpt>
      <trkpt lat="41.9834509" lon="2.833485599999989">
        <ele>174.94471710072472</ele>
        <time>2026-08-01T03:50:22.387Z</time>
      </trkpt>
      <trkpt lat="41.9834069" lon="2.833512600000006">
        <ele>175.484431404599</ele>
        <time>2026-08-01T03:50:25.396Z</time>
      </trkpt>
      <trkpt lat="41.9833677" lon="2.833551">
        <ele>176.05501554164326</ele>
        <time>2026-08-01T03:50:28.207Z</time>
      </trkpt>
      <trkpt lat="41.9833381" lon="2.833600600000011">
        <ele>176.6086769317382</ele>
        <time>2026-08-01T03:50:32.408Z</time>
      </trkpt>
      <trkpt lat="41.9833129" lon="2.8336564999999894">
        <ele>177.19168151970533</ele>
        <time>2026-08-01T03:50:36.704Z</time>
      </trkpt>
      <trkpt lat="41.9832932" lon="2.8337132999999994">
        <ele>176.7322034355662</ele>
        <time>2026-08-01T03:50:41.365Z</time>
      </trkpt>
      <trkpt lat="41.9832692" lon="2.8337667000000124">
        <ele>176.43131284665802</ele>
        <time>2026-08-01T03:50:46.278Z</time>
      </trkpt>
      <trkpt lat="41.9832379" lon="2.8338106999999866">
        <ele>176.45443362561736</ele>
        <time>2026-08-01T03:50:51.365Z</time>
      </trkpt>
      <trkpt lat="41.9831981" lon="2.833840500000008">
        <ele>176.86943731414027</ele>
        <time>2026-08-01T03:50:55.169Z</time>
      </trkpt>
      <trkpt lat="41.9831567" lon="2.83386440000001">
        <ele>177.4498350986133</ele>
        <time>2026-08-01T03:50:58.366Z</time>
      </trkpt>
      <trkpt lat="41.9831199" lon="2.833906799999994">
        <ele>177.90544827038147</ele>
        <time>2026-08-01T03:51:01.549Z</time>
      </trkpt>
      <trkpt lat="41.9830851" lon="2.833955500000002">
        <ele>178.25761921004457</ele>
        <time>2026-08-01T03:51:05.006Z</time>
      </trkpt>
      <trkpt lat="41.9830499" lon="2.834005600000012">
        <ele>178.54718936868437</ele>
        <time>2026-08-01T03:51:08.408Z</time>
      </trkpt>
      <trkpt lat="41.9830172" lon="2.8340518999999915">
        <ele>178.76156945837062</ele>
        <time>2026-08-01T03:51:11.211Z</time>
      </trkpt>
      <trkpt lat="41.9829803" lon="2.834097700000001">
        <ele>178.8815376679181</ele>
        <time>2026-08-01T03:51:15.171Z</time>
      </trkpt>
      <trkpt lat="41.9829542" lon="2.834155399999986">
        <ele>178.86000692658428</ele>
        <time>2026-08-01T03:51:18.963Z</time>
      </trkpt>
      <trkpt lat="41.9829424" lon="2.8342196000000115">
        <ele>178.5448831753215</ele>
        <time>2026-08-01T03:51:22.709Z</time>
      </trkpt>
      <trkpt lat="41.982919" lon="2.8342725999999914">
        <ele>177.7563318312049</ele>
        <time>2026-08-01T03:51:27.127Z</time>
      </trkpt>
      <trkpt lat="41.9828995" lon="2.8343353999999863">
        <ele>176.71729821748988</ele>
        <time>2026-08-01T03:51:31.368Z</time>
      </trkpt>
      <trkpt lat="41.9828765" lon="2.8343937999999866">
        <ele>175.90066193104872</ele>
        <time>2026-08-01T03:51:35.050Z</time>
      </trkpt>
      <trkpt lat="41.9828576" lon="2.834450199999992">
        <ele>175.08739910594352</ele>
        <time>2026-08-01T03:51:39.650Z</time>
      </trkpt>
      <trkpt lat="41.9828331" lon="2.8345026000000075">
        <ele>174.43421309864945</ele>
        <time>2026-08-01T03:51:44.361Z</time>
      </trkpt>
      <trkpt lat="41.9828173" lon="2.8345616000000007">
        <ele>172.91732873408247</ele>
        <time>2026-08-01T03:51:49.367Z</time>
      </trkpt>
      <trkpt lat="41.9827979" lon="2.834621999999996">
        <ele>171.32204431576983</ele>
        <time>2026-08-01T03:51:54.327Z</time>
      </trkpt>
      <trkpt lat="41.9827671" lon="2.834671500000013">
        <ele>170.14417252085187</ele>
        <time>2026-08-01T03:51:58.925Z</time>
      </trkpt>
      <trkpt lat="41.9827408" lon="2.834724200000011">
        <ele>168.58558905203515</ele>
        <time>2026-08-01T03:52:03.646Z</time>
      </trkpt>
      <trkpt lat="41.9827096" lon="2.834774100000004">
        <ele>167.07046823513798</ele>
        <time>2026-08-01T03:52:08.111Z</time>
      </trkpt>
      <trkpt lat="41.9826696" lon="2.8348119000000054">
        <ele>166.34992522588536</ele>
        <time>2026-08-01T03:52:13.168Z</time>
      </trkpt>
      <trkpt lat="41.9826487" lon="2.834871300000003">
        <ele>164.8893865256709</ele>
        <time>2026-08-01T03:52:17.345Z</time>
      </trkpt>
      <trkpt lat="41.9826117" lon="2.834908000000013">
        <ele>164.04495634306937</ele>
        <time>2026-08-01T03:52:22.281Z</time>
      </trkpt>
      <trkpt lat="41.982579" lon="2.834955100000002">
        <ele>162.83195385174483</ele>
        <time>2026-08-01T03:52:26.664Z</time>
      </trkpt>
      <trkpt lat="41.9825418" lon="2.8349910000000023">
        <ele>161.88004984414727</ele>
        <time>2026-08-01T03:52:31.128Z</time>
      </trkpt>
      <trkpt lat="41.9825042" lon="2.8350279">
        <ele>160.83661760766665</ele>
        <time>2026-08-01T03:52:35.767Z</time>
      </trkpt>
      <trkpt lat="41.9824583" lon="2.835034900000011">
        <ele>160.83977841885167</ele>
        <time>2026-08-01T03:52:40.206Z</time>
      </trkpt>
      <trkpt lat="41.9824261" lon="2.8350837000000126">
        <ele>160.12448378808716</ele>
        <time>2026-08-01T03:52:45.164Z</time>
      </trkpt>
      <trkpt lat="41.9823771" lon="2.8350839000000008">
        <ele>160.6254216676503</ele>
        <time>2026-08-01T03:52:51.367Z</time>
      </trkpt>
      <trkpt lat="41.9823373" lon="2.835123500000009">
        <ele>160.17992267665193</ele>
        <time>2026-08-01T03:52:59.230Z</time>
      </trkpt>
      <trkpt lat="41.9823015" lon="2.8351608000000112">
        <ele>159.65940869799357</ele>
        <time>2026-08-01T03:53:04.770Z</time>
      </trkpt>
      <trkpt lat="41.9822594" lon="2.8351903999999877">
        <ele>159.2854958232111</ele>
        <time>2026-08-01T03:53:09.508Z</time>
      </trkpt>
      <trkpt lat="41.9822182" lon="2.8352204999999913">
        <ele>158.8178284681879</ele>
        <time>2026-08-01T03:53:13.468Z</time>
      </trkpt>
      <trkpt lat="41.9821771" lon="2.8352543999999966">
        <ele>158.28416372599193</ele>
        <time>2026-08-01T03:53:17.127Z</time>
      </trkpt>
      <trkpt lat="41.9821349" lon="2.835279700000001">
        <ele>158.19169583074796</ele>
        <time>2026-08-01T03:53:21.024Z</time>
      </trkpt>
      <trkpt lat="41.9820844" lon="2.8352926999999966">
        <ele>158.59032617378583</ele>
        <time>2026-08-01T03:53:25.329Z</time>
      </trkpt>
      <trkpt lat="41.9820366" lon="2.835306199999991">
        <ele>159.04004431954252</ele>
        <time>2026-08-01T03:53:28.987Z</time>
      </trkpt>
      <trkpt lat="41.9819912" lon="2.8353205999999886">
        <ele>159.53843451562045</ele>
        <time>2026-08-01T03:53:32.367Z</time>
      </trkpt>
      <trkpt lat="41.9819449" lon="2.8353290999999956">
        <ele>160.16164097547156</ele>
        <time>2026-08-01T03:53:35.490Z</time>
      </trkpt>
      <trkpt lat="41.9818939" lon="2.8353409999999997">
        <ele>160.37940845479278</ele>
        <time>2026-08-01T03:53:39.285Z</time>
      </trkpt>
      <trkpt lat="41.9818494" lon="2.8353533000000084">
        <ele>160.25945568744572</ele>
        <time>2026-08-01T03:53:42.365Z</time>
      </trkpt>
      <trkpt lat="41.9818031" lon="2.8353679999999883">
        <ele>160.15935841512453</ele>
        <time>2026-08-01T03:53:46.365Z</time>
      </trkpt>
      <trkpt lat="41.9817563" lon="2.8353829000000133">
        <ele>160.12043492066073</ele>
        <time>2026-08-01T03:53:49.867Z</time>
      </trkpt>
      <trkpt lat="41.9817087" lon="2.8353945000000067">
        <ele>160.1828984228949</ele>
        <time>2026-08-01T03:53:53.588Z</time>
      </trkpt>
      <trkpt lat="41.9816618" lon="2.835409999999996">
        <ele>160.25959709055283</ele>
        <time>2026-08-01T03:53:57.365Z</time>
      </trkpt>
      <trkpt lat="41.9816138" lon="2.8354195000000004">
        <ele>160.33072757413674</ele>
        <time>2026-08-01T03:54:01.389Z</time>
      </trkpt>
      <trkpt lat="41.9815666" lon="2.8354242999999997">
        <ele>160.35459834035427</ele>
        <time>2026-08-01T03:54:05.150Z</time>
      </trkpt>
      <trkpt lat="41.9815171" lon="2.8354401999999936">
        <ele>160.28260676156773</ele>
        <time>2026-08-01T03:54:09.278Z</time>
      </trkpt>
      <trkpt lat="41.9814715" lon="2.835451699999993">
        <ele>160.23164806213128</ele>
        <time>2026-08-01T03:54:12.768Z</time>
      </trkpt>
      <trkpt lat="41.9814259" lon="2.8354768000000092">
        <ele>160.04385812897468</ele>
        <time>2026-08-01T03:54:16.424Z</time>
      </trkpt>
      <trkpt lat="41.9813746" lon="2.835495900000012">
        <ele>159.89729165300744</ele>
        <time>2026-08-01T03:54:20.391Z</time>
      </trkpt>
      <trkpt lat="41.9813281" lon="2.8355234999999936">
        <ele>159.5738429649309</ele>
        <time>2026-08-01T03:54:24.047Z</time>
      </trkpt>
      <trkpt lat="41.9812806" lon="2.8355311999999913">
        <ele>159.4068521589754</ele>
        <time>2026-08-01T03:54:27.365Z</time>
      </trkpt>
      <trkpt lat="41.9812353" lon="2.8355462000000102">
        <ele>159.1363152364106</ele>
        <time>2026-08-01T03:54:30.928Z</time>
      </trkpt>
      <trkpt lat="41.9811863" lon="2.8355697000000077">
        <ele>158.71163215256652</ele>
        <time>2026-08-01T03:54:35.048Z</time>
      </trkpt>
      <trkpt lat="41.9811396" lon="2.835588999999999">
        <ele>158.30680661166602</ele>
        <time>2026-08-01T03:54:38.825Z</time>
      </trkpt>
      <trkpt lat="41.9810935" lon="2.835600499999998">
        <ele>157.9878571356838</ele>
        <time>2026-08-01T03:54:42.411Z</time>
      </trkpt>
      <trkpt lat="41.9810432" lon="2.8356113000000107">
        <ele>157.71456928350756</ele>
        <time>2026-08-01T03:54:46.010Z</time>
      </trkpt>
      <trkpt lat="41.9809983" lon="2.8356178999999884">
        <ele>157.52059110788875</ele>
        <time>2026-08-01T03:54:49.365Z</time>
      </trkpt>
      <trkpt lat="41.9809459" lon="2.835624899999999">
        <ele>157.290409133045</ele>
        <time>2026-08-01T03:54:53.365Z</time>
      </trkpt>
      <trkpt lat="41.9809006" lon="2.835626200000007">
        <ele>157.13259238783363</ele>
        <time>2026-08-01T03:54:56.707Z</time>
      </trkpt>
      <trkpt lat="41.9808506" lon="2.835631500000005">
        <ele>156.9133486684979</ele>
        <time>2026-08-01T03:55:00.324Z</time>
      </trkpt>
      <trkpt lat="41.980805" lon="2.8356343000000095">
        <ele>156.72123774323885</ele>
        <time>2026-08-01T03:55:03.365Z</time>
      </trkpt>
      <trkpt lat="41.9807572" lon="2.835628700000001">
        <ele>156.3608899882652</ele>
        <time>2026-08-01T03:55:06.909Z</time>
      </trkpt>
      <trkpt lat="41.9807081" lon="2.835624700000011">
        <ele>155.97759860325627</ele>
        <time>2026-08-01T03:55:10.365Z</time>
      </trkpt>
      <trkpt lat="41.9806602" lon="2.8356205000000045">
        <ele>155.61540737713824</ele>
        <time>2026-08-01T03:55:13.926Z</time>
      </trkpt>
      <trkpt lat="41.9806137" lon="2.8356173999999896">
        <ele>155.25611720332654</ele>
        <time>2026-08-01T03:55:17.630Z</time>
      </trkpt>
      <trkpt lat="41.9805671" lon="2.8356137000000103">
        <ele>154.9114483935349</ele>
        <time>2026-08-01T03:55:21.190Z</time>
      </trkpt>
      <trkpt lat="41.9805212" lon="2.835611400000005">
        <ele>154.56971765347043</ele>
        <time>2026-08-01T03:55:25.285Z</time>
      </trkpt>
      <trkpt lat="41.9804678" lon="2.8356047000000046">
        <ele>154.3345533044287</ele>
        <time>2026-08-01T03:55:29.365Z</time>
      </trkpt>
      <trkpt lat="41.9804211" lon="2.8356066999999996">
        <ele>153.99240808352815</ele>
        <time>2026-08-01T03:55:32.366Z</time>
      </trkpt>
      <trkpt lat="41.9803745" lon="2.835602899999998">
        <ele>153.7618042311979</ele>
        <time>2026-08-01T03:55:35.587Z</time>
      </trkpt>
      <trkpt lat="41.980325" lon="2.8355915999999866">
        <ele>153.70913269824683</ele>
        <time>2026-08-01T03:55:38.685Z</time>
      </trkpt>
      <trkpt lat="41.9802783" lon="2.8355861999999945">
        <ele>153.5689036091476</ele>
        <time>2026-08-01T03:55:42.365Z</time>
      </trkpt>
      <trkpt lat="41.9802328" lon="2.8355826000000093">
        <ele>153.70398676030723</ele>
        <time>2026-08-01T03:55:45.673Z</time>
      </trkpt>
      <trkpt lat="41.9801853" lon="2.835577999999998">
        <ele>154.35050871042435</ele>
        <time>2026-08-01T03:55:49.066Z</time>
      </trkpt>
      <trkpt lat="41.9801399" lon="2.8355783000000088">
        <ele>154.8472651063689</ele>
        <time>2026-08-01T03:55:52.148Z</time>
      </trkpt>
      <trkpt lat="41.9800884" lon="2.835575199999994">
        <ele>155.47738089995602</ele>
        <time>2026-08-01T03:55:55.909Z</time>
      </trkpt>
      <trkpt lat="41.9800421" lon="2.83557669999999">
        <ele>155.9592163334986</ele>
        <time>2026-08-01T03:55:59.407Z</time>
      </trkpt>
      <trkpt lat="41.9799909" lon="2.835581100000013">
        <ele>156.46171240161397</ele>
        <time>2026-08-01T03:56:03.366Z</time>
      </trkpt>
      <trkpt lat="41.9799464" lon="2.835591800000003">
        <ele>156.69624077723887</ele>
        <time>2026-08-01T03:56:06.727Z</time>
      </trkpt>
      <trkpt lat="41.9799009" lon="2.8356034999999906">
        <ele>156.83469343571747</ele>
        <time>2026-08-01T03:56:10.487Z</time>
      </trkpt>
      <trkpt lat="41.9798596" lon="2.835631400000011">
        <ele>156.92798584984308</ele>
        <time>2026-08-01T03:56:14.110Z</time>
      </trkpt>
      <trkpt lat="41.9798141" lon="2.8356635000000097">
        <ele>157.0796295690863</ele>
        <time>2026-08-01T03:56:17.847Z</time>
      </trkpt>
      <trkpt lat="41.9797742" lon="2.8356919999999946">
        <ele>157.25151920058906</ele>
        <time>2026-08-01T03:56:20.968Z</time>
      </trkpt>
      <trkpt lat="41.9797349" lon="2.835724099999993">
        <ele>157.4435512970696</ele>
        <time>2026-08-01T03:56:24.365Z</time>
      </trkpt>
      <trkpt lat="41.9796962" lon="2.835763600000007">
        <ele>157.65054216810503</ele>
        <time>2026-08-01T03:56:27.611Z</time>
      </trkpt>
      <trkpt lat="41.9796567" lon="2.8357964999999865">
        <ele>157.81131388963655</ele>
        <time>2026-08-01T03:56:30.829Z</time>
      </trkpt>
      <trkpt lat="41.9796157" lon="2.835826200000014">
        <ele>157.9629155604732</ele>
        <time>2026-08-01T03:56:34.365Z</time>
      </trkpt>
      <trkpt lat="41.9795698" lon="2.8358516000000122">
        <ele>158.1374124936136</ele>
        <time>2026-08-01T03:56:37.868Z</time>
      </trkpt>
      <trkpt lat="41.9795285" lon="2.8358834">
        <ele>158.2349532694236</ele>
        <time>2026-08-01T03:56:41.366Z</time>
      </trkpt>
      <trkpt lat="41.9794867" lon="2.8359081000000117">
        <ele>158.39187792679687</ele>
        <time>2026-08-01T03:56:44.270Z</time>
      </trkpt>
      <trkpt lat="41.9794434" lon="2.8359293000000036">
        <ele>158.5843398025586</ele>
        <time>2026-08-01T03:56:48.365Z</time>
      </trkpt>
      <trkpt lat="41.9794" lon="2.835949499999998">
        <ele>158.66344210502044</ele>
        <time>2026-08-01T03:56:51.806Z</time>
      </trkpt>
      <trkpt lat="41.9793537" lon="2.8359574000000123">
        <ele>158.5364169395289</ele>
        <time>2026-08-01T03:56:55.366Z</time>
      </trkpt>
      <trkpt lat="41.9793025" lon="2.835969900000009">
        <ele>158.37151135985368</ele>
        <time>2026-08-01T03:56:59.391Z</time>
      </trkpt>
      <trkpt lat="41.9792579" lon="2.835989699999999">
        <ele>158.1768691789521</ele>
        <time>2026-08-01T03:57:03.087Z</time>
      </trkpt>
      <trkpt lat="41.9792113" lon="2.8360158000000126">
        <ele>157.92459401614667</ele>
        <time>2026-08-01T03:57:07.365Z</time>
      </trkpt>
      <trkpt lat="41.979168" lon="2.836045100000007">
        <ele>157.63695511368127</ele>
        <time>2026-08-01T03:57:11.365Z</time>
      </trkpt>
      <trkpt lat="41.9791233" lon="2.83606979999999">
        <ele>157.20067536386313</ele>
        <time>2026-08-01T03:57:15.365Z</time>
      </trkpt>
      <trkpt lat="41.9790813" lon="2.8361003999999923">
        <ele>156.38401121176273</ele>
        <time>2026-08-01T03:57:18.629Z</time>
      </trkpt>
      <trkpt lat="41.9790466" lon="2.836142200000012">
        <ele>155.45910520927134</ele>
        <time>2026-08-01T03:57:22.125Z</time>
      </trkpt>
      <trkpt lat="41.979018" lon="2.8361931999999968">
        <ele>154.57181284070634</ele>
        <time>2026-08-01T03:57:25.749Z</time>
      </trkpt>
      <trkpt lat="41.978987" lon="2.8362405999999964">
        <ele>153.66456543195716</ele>
        <time>2026-08-01T03:57:29.629Z</time>
      </trkpt>
      <trkpt lat="41.978962" lon="2.8362914999999873">
        <ele>152.7728065011572</ele>
        <time>2026-08-01T03:57:32.806Z</time>
      </trkpt>
      <trkpt lat="41.9789522" lon="2.8363522999999873">
        <ele>152.07325430528093</ele>
        <time>2026-08-01T03:57:36.511Z</time>
      </trkpt>
      <trkpt lat="41.9789445" lon="2.8364152999999988">
        <ele>151.37326449628483</ele>
        <time>2026-08-01T03:57:39.785Z</time>
      </trkpt>
      <trkpt lat="41.9789326" lon="2.836477599999995">
        <ele>150.562750242733</ele>
        <time>2026-08-01T03:57:43.806Z</time>
      </trkpt>
      <trkpt lat="41.9789209" lon="2.8365359999999953">
        <ele>149.78114533704408</ele>
        <time>2026-08-01T03:57:47.311Z</time>
      </trkpt>
      <trkpt lat="41.9789207" lon="2.8365995999999996">
        <ele>149.25500471074977</ele>
        <time>2026-08-01T03:57:50.909Z</time>
      </trkpt>
      <trkpt lat="41.9789265" lon="2.8366671999999937">
        <ele>148.86536437785728</ele>
        <time>2026-08-01T03:57:54.828Z</time>
      </trkpt>
      <trkpt lat="41.978946" lon="2.8367231999999944">
        <ele>148.99101638591813</ele>
        <time>2026-08-01T03:57:58.149Z</time>
      </trkpt>
      <trkpt lat="41.9789655" lon="2.8367787999999905">
        <ele>149.25544670476495</ele>
        <time>2026-08-01T03:58:01.430Z</time>
      </trkpt>
      <trkpt lat="41.9789939" lon="2.8368313">
        <ele>149.7439861019901</ele>
        <time>2026-08-01T03:58:04.767Z</time>
      </trkpt>
      <trkpt lat="41.9790239" lon="2.8368810999999994">
        <ele>150.2441328155437</ele>
        <time>2026-08-01T03:58:08.366Z</time>
      </trkpt>
      <trkpt lat="41.9790463" lon="2.836945700000001">
        <ele>150.40505668713394</ele>
        <time>2026-08-01T03:58:12.332Z</time>
      </trkpt>
      <trkpt lat="41.9790794" lon="2.836997999999994">
        <ele>150.87709202159147</ele>
        <time>2026-08-01T03:58:15.965Z</time>
      </trkpt>
      <trkpt lat="41.9791014" lon="2.83705470000001">
        <ele>151.26255983110562</ele>
        <time>2026-08-01T03:58:19.365Z</time>
      </trkpt>
      <trkpt lat="41.9791217" lon="2.8371164000000135">
        <ele>151.5895836969863</ele>
        <time>2026-08-01T03:58:22.967Z</time>
      </trkpt>
      <trkpt lat="41.979133" lon="2.837176499999998">
        <ele>151.69956494588342</ele>
        <time>2026-08-01T03:58:26.366Z</time>
      </trkpt>
      <trkpt lat="41.979143" lon="2.8372367999999994">
        <ele>151.832657319244</ele>
        <time>2026-08-01T03:58:29.809Z</time>
      </trkpt>
      <trkpt lat="41.9791424" lon="2.8373009000000025">
        <ele>152.07945925730226</ele>
        <time>2026-08-01T03:58:33.366Z</time>
      </trkpt>
      <trkpt lat="41.9791355" lon="2.8373717000000056">
        <ele>152.79779803742187</ele>
        <time>2026-08-01T03:58:36.848Z</time>
      </trkpt>
      <trkpt lat="41.979123" lon="2.837430899999987">
        <ele>153.2192005589577</ele>
        <time>2026-08-01T03:58:40.487Z</time>
      </trkpt>
      <trkpt lat="41.9791075" lon="2.8374973999999895">
        <ele>153.5845924044196</ele>
        <time>2026-08-01T03:58:44.365Z</time>
      </trkpt>
      <trkpt lat="41.9790931" lon="2.8375589000000048">
        <ele>153.7873472995822</ele>
        <time>2026-08-01T03:58:47.949Z</time>
      </trkpt>
      <trkpt lat="41.9790796" lon="2.837617800000004">
        <ele>153.45574492324522</ele>
        <time>2026-08-01T03:58:51.205Z</time>
      </trkpt>
      <trkpt lat="41.9790675" lon="2.8376796000000013">
        <ele>153.2220167237718</ele>
        <time>2026-08-01T03:58:54.366Z</time>
      </trkpt>
      <trkpt lat="41.9790635" lon="2.8377471000000014">
        <ele>153.27524222609713</ele>
        <time>2026-08-01T03:58:58.246Z</time>
      </trkpt>
      <trkpt lat="41.9790417" lon="2.8378007999999966">
        <ele>152.84309619015744</ele>
        <time>2026-08-01T03:59:01.528Z</time>
      </trkpt>
      <trkpt lat="41.9790175" lon="2.8378575000000126">
        <ele>152.03736956790064</ele>
        <time>2026-08-01T03:59:05.225Z</time>
      </trkpt>
      <trkpt lat="41.9789922" lon="2.83791149999999">
        <ele>150.90834950971737</ele>
        <time>2026-08-01T03:59:09.088Z</time>
      </trkpt>
      <trkpt lat="41.9789675" lon="2.837966800000004">
        <ele>149.89517802488606</ele>
        <time>2026-08-01T03:59:13.280Z</time>
      </trkpt>
      <trkpt lat="41.9789358" lon="2.8380107000000123">
        <ele>148.96010142052575</ele>
        <time>2026-08-01T03:59:18.088Z</time>
      </trkpt>
      <trkpt lat="41.9788992" lon="2.8380507999999907">
        <ele>148.086987759799</ele>
        <time>2026-08-01T03:59:23.190Z</time>
      </trkpt>
      <trkpt lat="41.9788554" lon="2.8380801000000133">
        <ele>147.22903308993747</ele>
        <time>2026-08-01T03:59:28.308Z</time>
      </trkpt>
      <trkpt lat="41.9788087" lon="2.838084400000014">
        <ele>145.99153696302238</ele>
        <time>2026-08-01T03:59:34.426Z</time>
      </trkpt>
      <trkpt lat="41.9787626" lon="2.83809149999999">
        <ele>144.784146264287</ele>
        <time>2026-08-01T03:59:40.765Z</time>
      </trkpt>
      <trkpt lat="41.9787169" lon="2.8380821000000083">
        <ele>143.58838553864402</ele>
        <time>2026-08-01T03:59:47.823Z</time>
      </trkpt>
      <trkpt lat="41.978671" lon="2.838075800000013">
        <ele>142.36426984071687</ele>
        <time>2026-08-01T03:59:54.165Z</time>
      </trkpt>
      <trkpt lat="41.9786261" lon="2.838095199999998">
        <ele>141.2711169779378</ele>
        <time>2026-08-01T04:00:00.366Z</time>
      </trkpt>
      <trkpt lat="41.9785803" lon="2.8381192999999882">
        <ele>140.21276780346008</ele>
        <time>2026-08-01T04:00:06.765Z</time>
      </trkpt>
      <trkpt lat="41.978535" lon="2.838143300000013">
        <ele>138.58964450830533</ele>
        <time>2026-08-01T04:00:10.327Z</time>
      </trkpt>
      <trkpt lat="41.9785043" lon="2.8381880999999964">
        <ele>137.84039445601434</ele>
        <time>2026-08-01T04:00:15.430Z</time>
      </trkpt>
      <trkpt lat="41.9785082" lon="2.8382521999999994">
        <ele>138.56517375724837</ele>
        <time>2026-08-01T04:00:16.588Z</time>
      </trkpt>
      <trkpt lat="41.9784964" lon="2.83831330000001">
        <ele>138.80774122519108</ele>
        <time>2026-08-01T04:00:19.950Z</time>
      </trkpt>
      <trkpt lat="41.9785156" lon="2.8383713999999998">
        <ele>139.8283678081414</ele>
        <time>2026-08-01T04:00:23.106Z</time>
      </trkpt>
      <trkpt lat="41.9785555" lon="2.8384015999999974">
        <ele>140.69738543512244</ele>
        <time>2026-08-01T04:00:26.548Z</time>
      </trkpt>
      <trkpt lat="41.9785969" lon="2.8384267000000136">
        <ele>141.0627684607887</ele>
        <time>2026-08-01T04:00:30.366Z</time>
      </trkpt>
      <trkpt lat="41.9786423" lon="2.838447599999995">
        <ele>141.04666261102057</ele>
        <time>2026-08-01T04:00:33.344Z</time>
      </trkpt>
      <trkpt lat="41.9786878" lon="2.838459400000005">
        <ele>141.112159036216</ele>
        <time>2026-08-01T04:00:36.828Z</time>
      </trkpt>
      <trkpt lat="41.9787344" lon="2.83845629999999">
        <ele>141.3608558391786</ele>
        <time>2026-08-01T04:00:45.346Z</time>
      </trkpt>
      <trkpt lat="41.9787756" lon="2.838482099999993">
        <ele>141.18877351316632</ele>
        <time>2026-08-01T04:00:49.279Z</time>
      </trkpt>
      <trkpt lat="41.9788198" lon="2.838504599999993">
        <ele>141.04031940776426</ele>
        <time>2026-08-01T04:00:52.787Z</time>
      </trkpt>
      <trkpt lat="41.9788684" lon="2.8385139000000095">
        <ele>141.0644198233951</ele>
        <time>2026-08-01T04:00:56.365Z</time>
      </trkpt>
      <trkpt lat="41.9789139" lon="2.838501799999989">
        <ele>141.37114527120642</ele>
        <time>2026-08-01T04:00:59.264Z</time>
      </trkpt>
      <trkpt lat="41.9789587" lon="2.838491299999987">
        <ele>141.6860807434682</ele>
        <time>2026-08-01T04:01:02.365Z</time>
      </trkpt>
      <trkpt lat="41.9790068" lon="2.838488600000005">
        <ele>141.88528754973305</ele>
        <time>2026-08-01T04:01:05.708Z</time>
      </trkpt>
      <trkpt lat="41.9790555" lon="2.8384929000000056">
        <ele>141.93841788761029</ele>
        <time>2026-08-01T04:01:09.365Z</time>
      </trkpt>
      <trkpt lat="41.9791023" lon="2.838501699999995">
        <ele>141.86177870944775</ele>
        <time>2026-08-01T04:01:12.585Z</time>
      </trkpt>
      <trkpt lat="41.9791515" lon="2.8385046999999872">
        <ele>141.80748921113883</ele>
        <time>2026-08-01T04:01:16.305Z</time>
      </trkpt>
      <trkpt lat="41.9791983" lon="2.8385120000000086">
        <ele>141.37776646164468</ele>
        <time>2026-08-01T04:01:20.223Z</time>
      </trkpt>
      <trkpt lat="41.9792459" lon="2.8385241000000008">
        <ele>140.80025900620635</ele>
        <time>2026-08-01T04:01:24.365Z</time>
      </trkpt>
      <trkpt lat="41.9792922" lon="2.838535699999994">
        <ele>140.22406165466626</ele>
        <time>2026-08-01T04:01:28.366Z</time>
      </trkpt>
      <trkpt lat="41.9793443" lon="2.8385367999999858">
        <ele>139.9016479027211</ele>
        <time>2026-08-01T04:01:32.989Z</time>
      </trkpt>
      <trkpt lat="41.9793907" lon="2.8385318999999924">
        <ele>139.7889222589565</ele>
        <time>2026-08-01T04:01:36.587Z</time>
      </trkpt>
      <trkpt lat="41.9794401" lon="2.8385251999999923">
        <ele>139.9433038621741</ele>
        <time>2026-08-01T04:01:40.381Z</time>
      </trkpt>
      <trkpt lat="41.9794839" lon="2.838506999999993">
        <ele>140.6304527044096</ele>
        <time>2026-08-01T04:01:43.712Z</time>
      </trkpt>
      <trkpt lat="41.9795271" lon="2.838483200000013">
        <ele>141.43723943588233</ele>
        <time>2026-08-01T04:01:47.401Z</time>
      </trkpt>
      <trkpt lat="41.9795748" lon="2.8384572999999875">
        <ele>142.26529049279515</ele>
        <time>2026-08-01T04:01:51.386Z</time>
      </trkpt>
      <trkpt lat="41.9796211" lon="2.8384346999999934">
        <ele>142.95131570213763</ele>
        <time>2026-08-01T04:01:55.046Z</time>
      </trkpt>
      <trkpt lat="41.9796718" lon="2.8384202999999957">
        <ele>143.3935451085953</ele>
        <time>2026-08-01T04:01:59.046Z</time>
      </trkpt>
      <trkpt lat="41.9797179" lon="2.8384135000000015">
        <ele>143.59592721367792</ele>
        <time>2026-08-01T04:02:02.848Z</time>
      </trkpt>
      <trkpt lat="41.9797664" lon="2.838410600000003">
        <ele>143.6691906817042</ele>
        <time>2026-08-01T04:02:06.848Z</time>
      </trkpt>
      <trkpt lat="41.979814" lon="2.838441700000004">
        <ele>143.11620035761715</ele>
        <time>2026-08-01T04:02:11.288Z</time>
      </trkpt>
      <trkpt lat="41.979846" lon="2.8384876000000077">
        <ele>142.4238496625022</ele>
        <time>2026-08-01T04:02:16.870Z</time>
      </trkpt>
      <trkpt lat="41.9798571" lon="2.838553999999988">
        <ele>141.42550676234117</ele>
        <time>2026-08-01T04:02:23.026Z</time>
      </trkpt>
      <trkpt lat="41.9798541" lon="2.8386166999999887">
        <ele>140.40639343559198</ele>
        <time>2026-08-01T04:02:27.424Z</time>
      </trkpt>
      <trkpt lat="41.9798434" lon="2.838683599999996">
        <ele>139.35779427353333</ele>
        <time>2026-08-01T04:02:31.983Z</time>
      </trkpt>
      <trkpt lat="41.979833" lon="2.8387447000000066">
        <ele>138.76864902194478</ele>
        <time>2026-08-01T04:02:35.704Z</time>
      </trkpt>
      <trkpt lat="41.979809" lon="2.838813299999998">
        <ele>137.97054854400997</ele>
        <time>2026-08-01T04:02:40.263Z</time>
      </trkpt>
      <trkpt lat="41.9797779" lon="2.8388658000000078">
        <ele>137.23007928907487</ele>
        <time>2026-08-01T04:02:45.148Z</time>
      </trkpt>
      <trkpt lat="41.9797357" lon="2.838903799999997">
        <ele>136.4879251838373</ele>
        <time>2026-08-01T04:02:50.063Z</time>
      </trkpt>
      <trkpt lat="41.9797019" lon="2.838952500000005">
        <ele>135.9011019984755</ele>
        <time>2026-08-01T04:02:55.268Z</time>
      </trkpt>
      <trkpt lat="41.9796708" lon="2.8389986999999905">
        <ele>135.4930615088883</ele>
        <time>2026-08-01T04:02:59.827Z</time>
      </trkpt>
      <trkpt lat="41.979637" lon="2.839049200000005">
        <ele>134.9100479523725</ele>
        <time>2026-08-01T04:03:04.331Z</time>
      </trkpt>
      <trkpt lat="41.9796201" lon="2.839112199999988">
        <ele>134.76217480595918</ele>
        <time>2026-08-01T04:03:08.786Z</time>
      </trkpt>
      <trkpt lat="41.9796024" lon="2.839174500000013">
        <ele>134.57036880447035</ele>
        <time>2026-08-01T04:03:13.266Z</time>
      </trkpt>
      <trkpt lat="41.9795729" lon="2.839226400000001">
        <ele>134.0030351317183</ele>
        <time>2026-08-01T04:03:17.064Z</time>
      </trkpt>
      <trkpt lat="41.9795476" lon="2.839284399999997">
        <ele>133.52176539448126</ele>
        <time>2026-08-01T04:03:21.406Z</time>
      </trkpt>
      <trkpt lat="41.9795261" lon="2.839340600000014">
        <ele>133.220757170595</ele>
        <time>2026-08-01T04:03:25.429Z</time>
      </trkpt>
      <trkpt lat="41.9795127" lon="2.839398700000004">
        <ele>133.1726361948952</ele>
        <time>2026-08-01T04:03:29.110Z</time>
      </trkpt>
      <trkpt lat="41.9794938" lon="2.8394646000000137">
        <ele>133.12215906466156</ele>
        <time>2026-08-01T04:03:33.150Z</time>
      </trkpt>
      <trkpt lat="41.9794816" lon="2.839525000000009">
        <ele>133.35746856355664</ele>
        <time>2026-08-01T04:03:36.909Z</time>
      </trkpt>
      <trkpt lat="41.9794656" lon="2.8395869000000005">
        <ele>133.7812294756613</ele>
        <time>2026-08-01T04:03:41.366Z</time>
      </trkpt>
      <trkpt lat="41.9794646" lon="2.8396477999999945">
        <ele>134.42369640730618</ele>
        <time>2026-08-01T04:03:44.929Z</time>
      </trkpt>
      <trkpt lat="41.979445" lon="2.839708900000005">
        <ele>134.90903516736708</ele>
        <time>2026-08-01T04:03:49.366Z</time>
      </trkpt>
      <trkpt lat="41.9794263" lon="2.8397659000000033">
        <ele>135.4321435656774</ele>
        <time>2026-08-01T04:03:53.285Z</time>
      </trkpt>
      <trkpt lat="41.9794015" lon="2.839819900000009">
        <ele>135.7990640748495</ele>
        <time>2026-08-01T04:03:58.185Z</time>
      </trkpt>
      <trkpt lat="41.9793709" lon="2.83986680000001">
        <ele>135.7963002761232</ele>
        <time>2026-08-01T04:04:02.365Z</time>
      </trkpt>
      <trkpt lat="41.9793422" lon="2.839917899999989">
        <ele>135.8463727432701</ele>
        <time>2026-08-01T04:04:06.228Z</time>
      </trkpt>
      <trkpt lat="41.9793146" lon="2.8399742999999944">
        <ele>135.94385199601288</ele>
        <time>2026-08-01T04:04:10.299Z</time>
      </trkpt>
      <trkpt lat="41.9792933" lon="2.840028100000012">
        <ele>136.11166229033086</ele>
        <time>2026-08-01T04:04:14.365Z</time>
      </trkpt>
      <trkpt lat="41.979279" lon="2.840091199999989">
        <ele>136.3057261750748</ele>
        <time>2026-08-01T04:04:18.785Z</time>
      </trkpt>
      <trkpt lat="41.9792622" lon="2.840149999999994">
        <ele>136.23250286103942</ele>
        <time>2026-08-01T04:04:22.984Z</time>
      </trkpt>
      <trkpt lat="41.9792483" lon="2.840212400000013">
        <ele>136.23908893720787</ele>
        <time>2026-08-01T04:04:27.166Z</time>
      </trkpt>
      <trkpt lat="41.9792298" lon="2.8402772000000027">
        <ele>136.13444657031658</ele>
        <time>2026-08-01T04:04:31.946Z</time>
      </trkpt>
      <trkpt lat="41.9792202" lon="2.8403439999999875">
        <ele>136.18174851678708</ele>
        <time>2026-08-01T04:04:36.365Z</time>
      </trkpt>
      <trkpt lat="41.9792142" lon="2.840409099999988">
        <ele>135.93012195441702</ele>
        <time>2026-08-01T04:04:39.970Z</time>
      </trkpt>
      <trkpt lat="41.9792117" lon="2.8404760999999894">
        <ele>135.76358307960555</ele>
        <time>2026-08-01T04:04:44.366Z</time>
      </trkpt>
      <trkpt lat="41.9792062" lon="2.840535999999986">
        <ele>135.53164614665593</ele>
        <time>2026-08-01T04:04:48.089Z</time>
      </trkpt>
      <trkpt lat="41.9792008" lon="2.840611300000006">
        <ele>135.27785330618116</ele>
        <time>2026-08-01T04:04:52.365Z</time>
      </trkpt>
      <trkpt lat="41.9791983" lon="2.8406723999999883">
        <ele>134.9049025935984</ele>
        <time>2026-08-01T04:04:56.365Z</time>
      </trkpt>
      <trkpt lat="41.9792104" lon="2.8407386000000088">
        <ele>134.82877203836978</ele>
        <time>2026-08-01T04:05:00.087Z</time>
      </trkpt>
      <trkpt lat="41.9792254" lon="2.8408124000000043">
        <ele>134.7164607950889</ele>
        <time>2026-08-01T04:05:04.388Z</time>
      </trkpt>
      <trkpt lat="41.9792393" lon="2.8408732999999984">
        <ele>134.6004164496172</ele>
        <time>2026-08-01T04:05:09.106Z</time>
      </trkpt>
      <trkpt lat="41.979265" lon="2.8409341999999924">
        <ele>134.36234546339972</ele>
        <time>2026-08-01T04:05:13.026Z</time>
      </trkpt>
      <trkpt lat="41.9793004" lon="2.8409798000000137">
        <ele>134.30441426146538</ele>
        <time>2026-08-01T04:05:16.307Z</time>
      </trkpt>
      <trkpt lat="41.9793252" lon="2.841034900000011">
        <ele>133.88881473325182</ele>
        <time>2026-08-01T04:05:20.847Z</time>
      </trkpt>
      <trkpt lat="41.9793386" lon="2.8410929000000067">
        <ele>133.22593234765614</ele>
        <time>2026-08-01T04:05:25.204Z</time>
      </trkpt>
      <trkpt lat="41.9793363" lon="2.8411542000000054">
        <ele>132.30485967865914</ele>
        <time>2026-08-01T04:05:30.526Z</time>
      </trkpt>
      <trkpt lat="41.9793173" lon="2.8412103">
        <ele>131.52099037950558</ele>
        <time>2026-08-01T04:05:36.381Z</time>
      </trkpt>
      <trkpt lat="41.9792732" lon="2.841234799999995">
        <ele>130.80833728479786</ele>
        <time>2026-08-01T04:05:41.746Z</time>
      </trkpt>
      <trkpt lat="41.9792273" lon="2.841257799999994">
        <ele>130.07432807871993</ele>
        <time>2026-08-01T04:05:47.268Z</time>
      </trkpt>
      <trkpt lat="41.9791824" lon="2.841267899999991">
        <ele>129.46431297127847</ele>
        <time>2026-08-01T04:05:51.689Z</time>
      </trkpt>
      <trkpt lat="41.9791383" lon="2.8412912999999946">
        <ele>128.7217152945574</ele>
        <time>2026-08-01T04:05:56.365Z</time>
      </trkpt>
      <trkpt lat="41.9791011" lon="2.841325899999987">
        <ele>127.98218991165979</ele>
        <time>2026-08-01T04:06:01.366Z</time>
      </trkpt>
      <trkpt lat="41.9790715" lon="2.8413777000000096">
        <ele>127.15149438111432</ele>
        <time>2026-08-01T04:06:07.006Z</time>
      </trkpt>
      <trkpt lat="41.9790629" lon="2.8414391000000023">
        <ele>126.4431749452891</ele>
        <time>2026-08-01T04:06:13.649Z</time>
      </trkpt>
      <trkpt lat="41.9790653" lon="2.841502300000002">
        <ele>125.9204286855868</ele>
        <time>2026-08-01T04:06:20.807Z</time>
      </trkpt>
      <trkpt lat="41.9790525" lon="2.8415653000000134">
        <ele>125.26465538282281</ele>
        <time>2026-08-01T04:06:26.288Z</time>
      </trkpt>
      <trkpt lat="41.9790387" lon="2.841623499999997">
        <ele>124.64910003800334</ele>
        <time>2026-08-01T04:06:30.590Z</time>
      </trkpt>
      <trkpt lat="41.9790171" lon="2.841680999999994">
        <ele>123.97965759356909</ele>
        <time>2026-08-01T04:06:34.971Z</time>
      </trkpt>
      <trkpt lat="41.9790041" lon="2.841739899999993">
        <ele>123.44167525396098</ele>
        <time>2026-08-01T04:06:39.366Z</time>
      </trkpt>
      <trkpt lat="41.9790159" lon="2.841806399999996">
        <ele>123.24038202573294</ele>
        <time>2026-08-01T04:06:43.166Z</time>
      </trkpt>
      <trkpt lat="41.9790142" lon="2.841872599999988">
        <ele>122.92546033567234</ele>
        <time>2026-08-01T04:06:47.986Z</time>
      </trkpt>
      <trkpt lat="41.9790327" lon="2.841929599999986">
        <ele>122.81588358818743</ele>
        <time>2026-08-01T04:06:52.669Z</time>
      </trkpt>
      <trkpt lat="41.9790622" lon="2.8419840999999906">
        <ele>122.79966398157589</ele>
        <time>2026-08-01T04:06:57.270Z</time>
      </trkpt>
      <trkpt lat="41.9790911" lon="2.842037900000008">
        <ele>122.91936626006787</ele>
        <time>2026-08-01T04:07:01.348Z</time>
      </trkpt>
      <trkpt lat="41.9791148" lon="2.842089499999986">
        <ele>123.0833859833102</ele>
        <time>2026-08-01T04:07:05.108Z</time>
      </trkpt>
      <trkpt lat="41.9791438" lon="2.8421398000000124">
        <ele>123.28565802145039</ele>
        <time>2026-08-01T04:07:09.365Z</time>
      </trkpt>
      <trkpt lat="41.9791824" lon="2.8421711999999957">
        <ele>123.48233023371789</ele>
        <time>2026-08-01T04:07:12.771Z</time>
      </trkpt>
      <trkpt lat="41.9792217" lon="2.8422042999999917">
        <ele>123.6601115066552</ele>
        <time>2026-08-01T04:07:16.131Z</time>
      </trkpt>
      <trkpt lat="41.9792563" lon="2.842245300000002">
        <ele>123.78143302072561</ele>
        <time>2026-08-01T04:07:19.811Z</time>
      </trkpt>
      <trkpt lat="41.9792932" lon="2.8422889">
        <ele>123.91456282172345</ele>
        <time>2026-08-01T04:07:23.365Z</time>
      </trkpt>
      <trkpt lat="41.9793322" lon="2.8423256000000094">
        <ele>124.16867846980368</ele>
        <time>2026-08-01T04:07:26.904Z</time>
      </trkpt>
      <trkpt lat="41.979376" lon="2.8423488999999904">
        <ele>124.41937671430999</ele>
        <time>2026-08-01T04:07:30.330Z</time>
      </trkpt>
      <trkpt lat="41.9794177" lon="2.842372399999988">
        <ele>124.66791239296391</ele>
        <time>2026-08-01T04:07:33.585Z</time>
      </trkpt>
      <trkpt lat="41.9794622" lon="2.842399400000005">
        <ele>125.05687511386718</ele>
        <time>2026-08-01T04:07:37.369Z</time>
      </trkpt>
      <trkpt lat="41.9795078" lon="2.8424261000000115">
        <ele>125.45901177425185</ele>
        <time>2026-08-01T04:07:41.407Z</time>
      </trkpt>
      <trkpt lat="41.9795482" lon="2.8424559000000045">
        <ele>125.83537359173971</ele>
        <time>2026-08-01T04:07:44.366Z</time>
      </trkpt>
      <trkpt lat="41.979588" lon="2.84249650000001">
        <ele>126.24072166036397</ele>
        <time>2026-08-01T04:07:48.269Z</time>
      </trkpt>
      <trkpt lat="41.9796276" lon="2.842530199999999">
        <ele>126.63367734316839</ele>
        <time>2026-08-01T04:07:52.069Z</time>
      </trkpt>
      <trkpt lat="41.9796671" lon="2.8425718000000018">
        <ele>127.13958145639013</ele>
        <time>2026-08-01T04:07:56.289Z</time>
      </trkpt>
      <trkpt lat="41.9796886" lon="2.8426259999999957">
        <ele>127.81716907147995</ele>
        <time>2026-08-01T04:08:00.064Z</time>
      </trkpt>
      <trkpt lat="41.9797066" lon="2.8426881999999978">
        <ele>128.45764588354797</ele>
        <time>2026-08-01T04:08:03.924Z</time>
      </trkpt>
      <trkpt lat="41.9797041" lon="2.84275439999999">
        <ele>129.09011585705971</ele>
        <time>2026-08-01T04:08:07.850Z</time>
      </trkpt>
      <trkpt lat="41.9796942" lon="2.842813299999989">
        <ele>129.62085157990649</ele>
        <time>2026-08-01T04:08:12.449Z</time>
      </trkpt>
      <trkpt lat="41.9796814" lon="2.842872800000009">
        <ele>130.5504276319525</ele>
        <time>2026-08-01T04:08:17.006Z</time>
      </trkpt>
      <trkpt lat="41.9796573" lon="2.8429264000000103">
        <ele>131.59100758919092</ele>
        <time>2026-08-01T04:08:23.365Z</time>
      </trkpt>
      <trkpt lat="41.979651" lon="2.8429868999999997">
        <ele>132.9060983886086</ele>
        <time>2026-08-01T04:08:35.186Z</time>
      </trkpt>
      <trkpt lat="41.979672" lon="2.843042099999991">
        <ele>134.26024294061605</ele>
        <time>2026-08-01T04:08:38.789Z</time>
      </trkpt>
      <trkpt lat="41.9797002" lon="2.8430911000000094">
        <ele>135.4875849641249</ele>
        <time>2026-08-01T04:08:42.931Z</time>
      </trkpt>
      <trkpt lat="41.9797414" lon="2.843130000000002">
        <ele>136.4353067971753</ele>
        <time>2026-08-01T04:08:47.185Z</time>
      </trkpt>
      <trkpt lat="41.9797832" lon="2.843162299999989">
        <ele>137.19319658111363</ele>
        <time>2026-08-01T04:08:51.365Z</time>
      </trkpt>
      <trkpt lat="41.9798124" lon="2.843213899999995">
        <ele>138.2876477488817</ele>
        <time>2026-08-01T04:08:56.150Z</time>
      </trkpt>
      <trkpt lat="41.9798252" lon="2.8432736000000034">
        <ele>139.49339699512896</ele>
        <time>2026-08-01T04:09:01.372Z</time>
      </trkpt>
      <trkpt lat="41.9798088" lon="2.8433365999999864">
        <ele>140.7194586574093</ele>
        <time>2026-08-01T04:09:07.365Z</time>
      </trkpt>
      <trkpt lat="41.9797706" lon="2.8433716000000118">
        <ele>141.38069936926232</ele>
        <time>2026-08-01T04:09:12.366Z</time>
      </trkpt>
      <trkpt lat="41.9797267" lon="2.8433906999999863">
        <ele>141.73191905323253</ele>
        <time>2026-08-01T04:09:16.365Z</time>
      </trkpt>
      <trkpt lat="41.9796755" lon="2.843401">
        <ele>141.8016046285353</ele>
        <time>2026-08-01T04:09:20.026Z</time>
      </trkpt>
      <trkpt lat="41.9796304" lon="2.843408100000005">
        <ele>141.8079903479884</ele>
        <time>2026-08-01T04:09:24.066Z</time>
      </trkpt>
      <trkpt lat="41.9795847" lon="2.843422199999992">
        <ele>141.88409769582665</ele>
        <time>2026-08-01T04:09:28.146Z</time>
      </trkpt>
      <trkpt lat="41.9795403" lon="2.8434461999999883">
        <ele>142.07048865510038</ele>
        <time>2026-08-01T04:09:32.087Z</time>
      </trkpt>
      <trkpt lat="41.9794972" lon="2.843470400000001">
        <ele>142.28481015044036</ele>
        <time>2026-08-01T04:09:35.647Z</time>
      </trkpt>
      <trkpt lat="41.9794524" lon="2.8434919999999977">
        <ele>142.49656304727552</ele>
        <time>2026-08-01T04:09:39.664Z</time>
      </trkpt>
      <trkpt lat="41.9794112" lon="2.8435178000000008">
        <ele>142.7891687343485</ele>
        <time>2026-08-01T04:09:43.568Z</time>
      </trkpt>
      <trkpt lat="41.9793716" lon="2.843557000000004">
        <ele>143.38957194758186</ele>
        <time>2026-08-01T04:09:47.366Z</time>
      </trkpt>
      <trkpt lat="41.9793358" lon="2.8435935999999913">
        <ele>144.04039103001247</ele>
        <time>2026-08-01T04:09:50.925Z</time>
      </trkpt>
      <trkpt lat="41.9793023" lon="2.843634199999997">
        <ele>144.82572627644552</ele>
        <time>2026-08-01T04:09:54.565Z</time>
      </trkpt>
      <trkpt lat="41.9792673" lon="2.843673499999994">
        <ele>145.6856845744459</ele>
        <time>2026-08-01T04:09:58.365Z</time>
      </trkpt>
      <trkpt lat="41.9792342" lon="2.843716999999998">
        <ele>146.40213036588074</ele>
        <time>2026-08-01T04:10:02.047Z</time>
      </trkpt>
      <trkpt lat="41.979195" lon="2.8437504000000047">
        <ele>147.0881696300228</ele>
        <time>2026-08-01T04:10:05.968Z</time>
      </trkpt>
      <trkpt lat="41.9791494" lon="2.8437715999999966">
        <ele>147.7188103816623</ele>
        <time>2026-08-01T04:10:10.831Z</time>
      </trkpt>
      <trkpt lat="41.9791012" lon="2.8437773999999933">
        <ele>147.7596476349551</ele>
        <time>2026-08-01T04:10:15.245Z</time>
      </trkpt>
      <trkpt lat="41.9790544" lon="2.8437754999999925">
        <ele>147.57212914388154</ele>
        <time>2026-08-01T04:10:19.204Z</time>
      </trkpt>
      <trkpt lat="41.9790084" lon="2.843773800000008">
        <ele>147.38687311255788</ele>
        <time>2026-08-01T04:10:23.145Z</time>
      </trkpt>
      <trkpt lat="41.9789568" lon="2.843769100000003">
        <ele>147.13538961634288</ele>
        <time>2026-08-01T04:10:26.810Z</time>
      </trkpt>
      <trkpt lat="41.978906" lon="2.843773199999987">
        <ele>147.01297992002426</ele>
        <time>2026-08-01T04:10:30.705Z</time>
      </trkpt>
      <trkpt lat="41.9788572" lon="2.843777999999986">
        <ele>146.89360766900737</ele>
        <time>2026-08-01T04:10:33.948Z</time>
      </trkpt>
      <trkpt lat="41.9788133" lon="2.8437977000000103">
        <ele>146.6424574825491</ele>
        <time>2026-08-01T04:10:37.604Z</time>
      </trkpt>
      <trkpt lat="41.9787689" lon="2.8438103000000012">
        <ele>146.28990070841493</ele>
        <time>2026-08-01T04:10:41.268Z</time>
      </trkpt>
      <trkpt lat="41.9787221" lon="2.8438275000000033">
        <ele>146.0139236028551</ele>
        <time>2026-08-01T04:10:44.532Z</time>
      </trkpt>
      <trkpt lat="41.9786673" lon="2.8438513000000114">
        <ele>145.80057822804443</ele>
        <time>2026-08-01T04:10:46.630Z</time>
      </trkpt>
      <trkpt lat="41.9786183" lon="2.843880100000007">
        <ele>145.80553038134838</ele>
        <time>2026-08-01T04:10:48.728Z</time>
      </trkpt>
      <trkpt lat="41.9785694" lon="2.843904600000002">
        <ele>145.78360822940286</ele>
        <time>2026-08-01T04:10:51.946Z</time>
      </trkpt>
      <trkpt lat="41.9785207" lon="2.843918699999989">
        <ele>145.59889444375247</ele>
        <time>2026-08-01T04:10:55.027Z</time>
      </trkpt>
      <trkpt lat="41.9784755" lon="2.8439333000000033">
        <ele>145.46101410812005</ele>
        <time>2026-08-01T04:10:58.571Z</time>
      </trkpt>
      <trkpt lat="41.9784249" lon="2.843944899999997">
        <ele>145.20632788130834</ele>
        <time>2026-08-01T04:11:02.366Z</time>
      </trkpt>
      <trkpt lat="41.9783798" lon="2.8439698999999905">
        <ele>145.3663958323439</ele>
        <time>2026-08-01T04:11:05.810Z</time>
      </trkpt>
      <trkpt lat="41.9783327" lon="2.8439769999999953">
        <ele>145.09297949154833</ele>
        <time>2026-08-01T04:11:08.931Z</time>
      </trkpt>
      <trkpt lat="41.9782879" lon="2.843984799999987">
        <ele>144.79029924842635</ele>
        <time>2026-08-01T04:11:12.084Z</time>
      </trkpt>
      <trkpt lat="41.9782412" lon="2.844003399999991">
        <ele>144.57595296953832</ele>
        <time>2026-08-01T04:11:15.788Z</time>
      </trkpt>
      <trkpt lat="41.9782001" lon="2.8440490000000125">
        <ele>145.0814968313379</ele>
        <time>2026-08-01T04:11:24.344Z</time>
      </trkpt>
      <trkpt lat="41.9781652" lon="2.844091899999995">
        <ele>145.5662841776323</ele>
        <time>2026-08-01T04:11:30.170Z</time>
      </trkpt>
      <trkpt lat="41.978194" lon="2.844140799999991">
        <ele>147.22664911325165</ele>
        <time>2026-08-01T04:11:38.950Z</time>
      </trkpt>
      <trkpt lat="41.9782185" lon="2.8441971999999964">
        <ele>149.03942479531995</ele>
        <time>2026-08-01T04:11:44.788Z</time>
      </trkpt>
      <trkpt lat="41.9782729" lon="2.8441238000000055">
        <ele>148.12965262512284</ele>
        <time>2026-08-01T04:11:45.985Z</time>
      </trkpt>
      <trkpt lat="41.9783161" lon="2.844095799999991">
        <ele>148.00955954890736</ele>
        <time>2026-08-01T04:11:48.405Z</time>
      </trkpt>
      <trkpt lat="41.9783641" lon="2.8440908999999976">
        <ele>148.27079010245896</ele>
        <time>2026-08-01T04:11:52.410Z</time>
      </trkpt>
      <trkpt lat="41.9784095" lon="2.844086699999991">
        <ele>148.53427512904878</ele>
        <time>2026-08-01T04:11:56.365Z</time>
      </trkpt>
      <trkpt lat="41.9784549" lon="2.8440827999999954">
        <ele>148.8099898756554</ele>
        <time>2026-08-01T04:12:00.367Z</time>
      </trkpt>
      <trkpt lat="41.9785016" lon="2.8440836000000047">
        <ele>149.2112978105162</ele>
        <time>2026-08-01T04:12:04.365Z</time>
      </trkpt>
      <trkpt lat="41.9785472" lon="2.844085199999995">
        <ele>149.62091905657996</ele>
        <time>2026-08-01T04:12:08.365Z</time>
      </trkpt>
      <trkpt lat="41.9785947" lon="2.844088699999986">
        <ele>150.01642234306578</ele>
        <time>2026-08-01T04:12:12.786Z</time>
      </trkpt>
      <trkpt lat="41.9786393" lon="2.844098400000007">
        <ele>150.33214704238517</ele>
        <time>2026-08-01T04:12:17.047Z</time>
      </trkpt>
      <trkpt lat="41.978687" lon="2.8441206999999906">
        <ele>150.8196994171815</ele>
        <time>2026-08-01T04:12:22.426Z</time>
      </trkpt>
      <trkpt lat="41.9787297" lon="2.84414910000001">
        <ele>151.28349695370807</ele>
        <time>2026-08-01T04:12:27.365Z</time>
      </trkpt>
      <trkpt lat="41.9787644" lon="2.8441937000000053">
        <ele>151.83966128789044</ele>
        <time>2026-08-01T04:12:32.365Z</time>
      </trkpt>
      <trkpt lat="41.9787808" lon="2.844250399999993">
        <ele>152.23196721782907</ele>
        <time>2026-08-01T04:12:36.864Z</time>
      </trkpt>
      <trkpt lat="41.9788008" lon="2.844312300000013">
        <ele>152.24818204096712</ele>
        <time>2026-08-01T04:12:41.287Z</time>
      </trkpt>
      <trkpt lat="41.9788174" lon="2.8443702000000144">
        <ele>152.30382217099893</ele>
        <time>2026-08-01T04:12:44.951Z</time>
      </trkpt>
      <trkpt lat="41.9788298" lon="2.844436800000011">
        <ele>152.4135984695167</ele>
        <time>2026-08-01T04:12:48.846Z</time>
      </trkpt>
      <trkpt lat="41.9788428" lon="2.8445000000000107">
        <ele>152.54194407003533</ele>
        <time>2026-08-01T04:12:52.367Z</time>
      </trkpt>
      <trkpt lat="41.9788578" lon="2.8445668999999896">
        <ele>153.4834044802342</ele>
        <time>2026-08-01T04:12:56.168Z</time>
      </trkpt>
      <trkpt lat="41.9788781" lon="2.844625199999996">
        <ele>154.34373544595886</ele>
        <time>2026-08-01T04:12:59.688Z</time>
      </trkpt>
      <trkpt lat="41.9788935" lon="2.8446897000000035">
        <ele>155.26084027382205</ele>
        <time>2026-08-01T04:13:03.326Z</time>
      </trkpt>
      <trkpt lat="41.9788966" lon="2.844753499999996">
        <ele>156.18305769398913</ele>
        <time>2026-08-01T04:13:06.845Z</time>
      </trkpt>
      <trkpt lat="41.9788986" lon="2.844818299999986">
        <ele>157.06200565768623</ele>
        <time>2026-08-01T04:13:10.372Z</time>
      </trkpt>
      <trkpt lat="41.9788926" lon="2.844883100000004">
        <ele>157.94669785779075</ele>
        <time>2026-08-01T04:13:13.907Z</time>
      </trkpt>
      <trkpt lat="41.9788835" lon="2.8449468000000024">
        <ele>158.8720897851038</ele>
        <time>2026-08-01T04:13:17.586Z</time>
      </trkpt>
      <trkpt lat="41.9788624" lon="2.8450031000000138">
        <ele>159.87396015825726</ele>
        <time>2026-08-01T04:13:21.376Z</time>
      </trkpt>
      <trkpt lat="41.9788329" lon="2.845052199999998">
        <ele>160.59601867078916</ele>
        <time>2026-08-01T04:13:24.930Z</time>
      </trkpt>
      <trkpt lat="41.978798" lon="2.8450909000000024">
        <ele>161.02751168049485</ele>
        <time>2026-08-01T04:13:28.609Z</time>
      </trkpt>
      <trkpt lat="41.9787574" lon="2.845117700000003">
        <ele>161.31171100704074</ele>
        <time>2026-08-01T04:13:32.365Z</time>
      </trkpt>
      <trkpt lat="41.9787123" lon="2.8451340999999957">
        <ele>161.5058351380672</ele>
        <time>2026-08-01T04:13:36.285Z</time>
      </trkpt>
      <trkpt lat="41.9786637" lon="2.8451425000000086">
        <ele>161.62598897514894</ele>
        <time>2026-08-01T04:13:40.268Z</time>
      </trkpt>
      <trkpt lat="41.9786168" lon="2.8451480999999887">
        <ele>161.71962507795993</ele>
        <time>2026-08-01T04:13:44.365Z</time>
      </trkpt>
      <trkpt lat="41.9785716" lon="2.845144000000005">
        <ele>161.5473927163048</ele>
        <time>2026-08-01T04:13:48.543Z</time>
      </trkpt>
      <trkpt lat="41.9785261" lon="2.8451523999999893">
        <ele>160.96009582481847</ele>
        <time>2026-08-01T04:13:53.277Z</time>
      </trkpt>
      <trkpt lat="41.9784781" lon="2.8451674000000082">
        <ele>160.41955588421015</ele>
        <time>2026-08-01T04:13:58.247Z</time>
      </trkpt>
      <trkpt lat="41.9784383" lon="2.8452001999999936">
        <ele>160.22963612215776</ele>
        <time>2026-08-01T04:14:02.870Z</time>
      </trkpt>
      <trkpt lat="41.9783973" lon="2.845241499999986">
        <ele>160.14130579655597</ele>
        <time>2026-08-01T04:14:06.910Z</time>
      </trkpt>
      <trkpt lat="41.9783708" lon="2.8452933000000087">
        <ele>160.41248766234168</ele>
        <time>2026-08-01T04:14:10.846Z</time>
      </trkpt>
      <trkpt lat="41.978352" lon="2.845348699999988">
        <ele>160.81500020162986</ele>
        <time>2026-08-01T04:14:14.268Z</time>
      </trkpt>
      <trkpt lat="41.9783382" lon="2.845407399999999">
        <ele>161.08936693904815</ele>
        <time>2026-08-01T04:14:17.867Z</time>
      </trkpt>
      <trkpt lat="41.9783274" lon="2.8454689000000144">
        <ele>161.4143760499353</ele>
        <time>2026-08-01T04:14:21.704Z</time>
      </trkpt>
      <trkpt lat="41.9783136" lon="2.845532399999996">
        <ele>161.6905280409298</ele>
        <time>2026-08-01T04:14:25.885Z</time>
      </trkpt>
      <trkpt lat="41.9783003" lon="2.845591000000013">
        <ele>161.94607710150797</ele>
        <time>2026-08-01T04:14:29.906Z</time>
      </trkpt>
      <trkpt lat="41.978288" lon="2.845653700000014">
        <ele>162.65264221807243</ele>
        <time>2026-08-01T04:14:34.366Z</time>
      </trkpt>
      <trkpt lat="41.9782711" lon="2.8457156999999995">
        <ele>163.60032303866777</ele>
        <time>2026-08-01T04:14:39.064Z</time>
      </trkpt>
      <trkpt lat="41.9782535" lon="2.8457718999999884">
        <ele>164.50746183954325</ele>
        <time>2026-08-01T04:14:43.206Z</time>
      </trkpt>
      <trkpt lat="41.9782424" lon="2.845832300000012">
        <ele>165.5437659356571</ele>
        <time>2026-08-01T04:14:46.967Z</time>
      </trkpt>
      <trkpt lat="41.978234" lon="2.8458956000000057">
        <ele>166.66439080662454</ele>
        <time>2026-08-01T04:14:51.724Z</time>
      </trkpt>
      <trkpt lat="41.9782294" lon="2.8459564000000057">
        <ele>167.4914128334609</ele>
        <time>2026-08-01T04:14:55.866Z</time>
      </trkpt>
      <trkpt lat="41.9782282" lon="2.846018700000002">
        <ele>168.32573089478953</ele>
        <time>2026-08-01T04:15:00.365Z</time>
      </trkpt>
      <trkpt lat="41.9782284" lon="2.846081099999992">
        <ele>169.15807556289636</ele>
        <time>2026-08-01T04:15:04.767Z</time>
      </trkpt>
      <trkpt lat="41.978235" lon="2.846145000000007">
        <ele>169.99058041858717</ele>
        <time>2026-08-01T04:15:08.807Z</time>
      </trkpt>
      <trkpt lat="41.9782428" lon="2.84620799999999">
        <ele>170.6910645463841</ele>
        <time>2026-08-01T04:15:12.991Z</time>
      </trkpt>
      <trkpt lat="41.9782496" lon="2.8462724999999978">
        <ele>171.3054686700047</ele>
        <time>2026-08-01T04:15:17.269Z</time>
      </trkpt>
      <trkpt lat="41.9782597" lon="2.8463336000000083">
        <ele>171.8773179164016</ele>
        <time>2026-08-01T04:15:21.189Z</time>
      </trkpt>
      <trkpt lat="41.978269" lon="2.8463945999999964">
        <ele>172.4519649679717</ele>
        <time>2026-08-01T04:15:24.750Z</time>
      </trkpt>
      <trkpt lat="41.9782764" lon="2.8464593999999863">
        <ele>173.09393032073427</ele>
        <time>2026-08-01T04:15:29.310Z</time>
      </trkpt>
      <trkpt lat="41.9782794" lon="2.8465210999999897">
        <ele>173.9344730638476</ele>
        <time>2026-08-01T04:15:33.391Z</time>
      </trkpt>
      <trkpt lat="41.9782836" lon="2.846584500000006">
        <ele>174.80230352941595</ele>
        <time>2026-08-01T04:15:37.365Z</time>
      </trkpt>
      <trkpt lat="41.9782826" lon="2.846647399999995">
        <ele>175.67166250275196</ele>
        <time>2026-08-01T04:15:41.366Z</time>
      </trkpt>
      <trkpt lat="41.9782805" lon="2.846709400000009">
        <ele>176.52615752120235</ele>
        <time>2026-08-01T04:15:45.277Z</time>
      </trkpt>
      <trkpt lat="41.9782691" lon="2.846768499999996">
        <ele>177.2054346741775</ele>
        <time>2026-08-01T04:15:48.909Z</time>
      </trkpt>
      <trkpt lat="41.9782603" lon="2.8468308999999863">
        <ele>177.84906512647294</ele>
        <time>2026-08-01T04:15:52.606Z</time>
      </trkpt>
      <trkpt lat="41.9782504" lon="2.8468916999999863">
        <ele>178.4777036662565</ele>
        <time>2026-08-01T04:15:55.984Z</time>
      </trkpt>
      <trkpt lat="41.9782258" lon="2.846950800000002">
        <ele>179.08418758448374</ele>
        <time>2026-08-01T04:16:01.103Z</time>
      </trkpt>
      <trkpt lat="41.9782042" lon="2.847008399999993">
        <ele>179.6822281143722</ele>
        <time>2026-08-01T04:16:05.277Z</time>
      </trkpt>
      <trkpt lat="41.9781776" lon="2.8470623000000046">
        <ele>180.25451499172308</ele>
        <time>2026-08-01T04:16:08.730Z</time>
      </trkpt>
      <trkpt lat="41.9781496" lon="2.8471097000000043">
        <ele>180.8253226911994</ele>
        <time>2026-08-01T04:16:12.365Z</time>
      </trkpt>
      <trkpt lat="41.9781167" lon="2.847157100000004">
        <ele>181.4774959476494</ele>
        <time>2026-08-01T04:16:16.365Z</time>
      </trkpt>
      <trkpt lat="41.9780846" lon="2.8472050000000024">
        <ele>182.20937490855556</ele>
        <time>2026-08-01T04:16:20.386Z</time>
      </trkpt>
      <trkpt lat="41.9780509" lon="2.847259699999995">
        <ele>183.12050822636095</ele>
        <time>2026-08-01T04:16:24.846Z</time>
      </trkpt>
      <trkpt lat="41.9780188" lon="2.8473027999999942">
        <ele>183.93302131661127</ele>
        <time>2026-08-01T04:16:28.949Z</time>
      </trkpt>
      <trkpt lat="41.977984" lon="2.8473446000000138">
        <ele>184.75643030693985</ele>
        <time>2026-08-01T04:16:32.311Z</time>
      </trkpt>
      <trkpt lat="41.9779495" lon="2.847389600000014">
        <ele>185.63493018038778</ele>
        <time>2026-08-01T04:16:36.630Z</time>
      </trkpt>
      <trkpt lat="41.977915" lon="2.8474338999999986">
        <ele>186.51440354326832</ele>
        <time>2026-08-01T04:16:40.806Z</time>
      </trkpt>
      <trkpt lat="41.9778801" lon="2.847478599999988">
        <ele>187.41365412071366</ele>
        <time>2026-08-01T04:16:45.948Z</time>
      </trkpt>
      <trkpt lat="41.9778537" lon="2.847528600000004">
        <ele>188.3424708838681</ele>
        <time>2026-08-01T04:16:51.226Z</time>
      </trkpt>
      <trkpt lat="41.9778354" lon="2.847588099999996">
        <ele>189.36560619253038</ele>
        <time>2026-08-01T04:16:56.408Z</time>
      </trkpt>
      <trkpt lat="41.9778129" lon="2.8476512999999954">
        <ele>190.47605242563378</ele>
        <time>2026-08-01T04:17:01.286Z</time>
      </trkpt>
      <trkpt lat="41.9777775" lon="2.847691700000013">
        <ele>191.32832497852812</ele>
        <time>2026-08-01T04:17:06.565Z</time>
      </trkpt>
      <trkpt lat="41.977742" lon="2.847728899999993">
        <ele>192.03448756836207</ele>
        <time>2026-08-01T04:17:11.365Z</time>
      </trkpt>
      <trkpt lat="41.9777011" lon="2.8477608999999973">
        <ele>191.98835591947153</ele>
        <time>2026-08-01T04:17:16.430Z</time>
      </trkpt>
      <trkpt lat="41.9776647" lon="2.847796499999987">
        <ele>191.99683869264854</ele>
        <time>2026-08-01T04:17:21.365Z</time>
      </trkpt>
      <trkpt lat="41.9776278" lon="2.847836000000001">
        <ele>191.99466706801846</ele>
        <time>2026-08-01T04:17:26.047Z</time>
      </trkpt>
      <trkpt lat="41.9775913" lon="2.847881699999988">
        <ele>191.87666306155637</ele>
        <time>2026-08-01T04:17:30.909Z</time>
      </trkpt>
      <trkpt lat="41.9775654" lon="2.8479316000000097">
        <ele>191.887953966797</ele>
        <time>2026-08-01T04:17:35.370Z</time>
      </trkpt>
      <trkpt lat="41.9775551" lon="2.8479915000000062">
        <ele>192.1960765123594</ele>
        <time>2026-08-01T04:17:39.825Z</time>
      </trkpt>
      <trkpt lat="41.9775501" lon="2.8480591000000004">
        <ele>192.63814587956585</ele>
        <time>2026-08-01T04:17:44.869Z</time>
      </trkpt>
      <trkpt lat="41.9775532" lon="2.848121700000007">
        <ele>193.17226339211922</ele>
        <time>2026-08-01T04:17:49.010Z</time>
      </trkpt>
      <trkpt lat="41.9775521" lon="2.848185199999989">
        <ele>193.92504838195723</ele>
        <time>2026-08-01T04:17:53.127Z</time>
      </trkpt>
      <trkpt lat="41.9775574" lon="2.8482463999999936">
        <ele>194.74180616287668</ele>
        <time>2026-08-01T04:17:57.231Z</time>
      </trkpt>
      <trkpt lat="41.9775606" lon="2.8483104999999966">
        <ele>195.55034569533453</ele>
        <time>2026-08-01T04:18:01.086Z</time>
      </trkpt>
      <trkpt lat="41.9775629" lon="2.848373500000008">
        <ele>196.32536557926355</ele>
        <time>2026-08-01T04:18:05.085Z</time>
      </trkpt>
      <trkpt lat="41.9775577" lon="2.848436899999996">
        <ele>197.06898276570652</ele>
        <time>2026-08-01T04:18:09.366Z</time>
      </trkpt>
      <trkpt lat="41.9775539" lon="2.8484987999999873">
        <ele>197.84659494839744</ele>
        <time>2026-08-01T04:18:13.366Z</time>
      </trkpt>
      <trkpt lat="41.9775471" lon="2.848560600000013">
        <ele>198.63214344501446</ele>
        <time>2026-08-01T04:18:17.365Z</time>
      </trkpt>
      <trkpt lat="41.9775452" lon="2.848629499999987">
        <ele>199.5465064363346</ele>
        <time>2026-08-01T04:18:22.146Z</time>
      </trkpt>
      <trkpt lat="41.9775473" lon="2.848690000000005">
        <ele>200.32675880619806</ele>
        <time>2026-08-01T04:18:25.928Z</time>
      </trkpt>
      <trkpt lat="41.9775541" lon="2.8487553999999875">
        <ele>201.0350310392159</ele>
        <time>2026-08-01T04:18:30.204Z</time>
      </trkpt>
      <trkpt lat="41.9775618" lon="2.8488213999999914">
        <ele>201.71909621110268</ele>
        <time>2026-08-01T04:18:34.185Z</time>
      </trkpt>
      <trkpt lat="41.9775598" lon="2.848884400000003">
        <ele>202.41530156915647</ele>
        <time>2026-08-01T04:18:37.927Z</time>
      </trkpt>
      <trkpt lat="41.9775569" lon="2.848954099999986">
        <ele>203.20054098668683</ele>
        <time>2026-08-01T04:18:41.869Z</time>
      </trkpt>
      <trkpt lat="41.9775613" lon="2.849018199999989">
        <ele>204.08098091958638</ele>
        <time>2026-08-01T04:18:45.627Z</time>
      </trkpt>
      <trkpt lat="41.9775628" lon="2.8490810000000124">
        <ele>204.97733386786066</ele>
        <time>2026-08-01T04:18:49.365Z</time>
      </trkpt>
      <trkpt lat="41.9775605" lon="2.8491453000000035">
        <ele>205.94075660661906</ele>
        <time>2026-08-01T04:18:53.366Z</time>
      </trkpt>
      <trkpt lat="41.977559" lon="2.8492066999999963">
        <ele>206.85572558794024</ele>
        <time>2026-08-01T04:18:56.909Z</time>
      </trkpt>
      <trkpt lat="41.9775403" lon="2.8492650000000026">
        <ele>207.99437557696234</ele>
        <time>2026-08-01T04:19:00.947Z</time>
      </trkpt>
      <trkpt lat="41.977517" lon="2.8493196999999952">
        <ele>209.2348744989358</ele>
        <time>2026-08-01T04:19:05.278Z</time>
      </trkpt>
      <trkpt lat="41.977492" lon="2.849374299999994">
        <ele>210.5980009891732</ele>
        <time>2026-08-01T04:19:09.090Z</time>
      </trkpt>
      <trkpt lat="41.9774737" lon="2.849434300000013">
        <ele>212.01280386538386</ele>
        <time>2026-08-01T04:19:13.663Z</time>
      </trkpt>
      <trkpt lat="41.9774586" lon="2.849491499999999">
        <ele>213.41426752715276</ele>
        <time>2026-08-01T04:19:17.408Z</time>
      </trkpt>
      <trkpt lat="41.977445" lon="2.849552700000004">
        <ele>214.64150834846726</ele>
        <time>2026-08-01T04:19:21.175Z</time>
      </trkpt>
      <trkpt lat="41.9774305" lon="2.8496167000000128">
        <ele>215.8074617989935</ele>
        <time>2026-08-01T04:19:25.085Z</time>
      </trkpt>
      <trkpt lat="41.9774216" lon="2.849681299999986">
        <ele>216.83940476093835</ele>
        <time>2026-08-01T04:19:29.029Z</time>
      </trkpt>
      <trkpt lat="41.9774072" lon="2.8497436000000107">
        <ele>218.0230447467059</ele>
        <time>2026-08-01T04:19:33.085Z</time>
      </trkpt>
      <trkpt lat="41.9773942" lon="2.849807300000009">
        <ele>219.19078911323206</ele>
        <time>2026-08-01T04:19:37.308Z</time>
      </trkpt>
      <trkpt lat="41.9773886" lon="2.8498677999999984">
        <ele>220.06763861627581</ele>
        <time>2026-08-01T04:19:41.011Z</time>
      </trkpt>
      <trkpt lat="41.977387" lon="2.849929599999996">
        <ele>220.83758761076737</ele>
        <time>2026-08-01T04:19:44.267Z</time>
      </trkpt>
      <trkpt lat="41.9773927" lon="2.8499903000000018">
        <ele>221.36453713125505</ele>
        <time>2026-08-01T04:19:48.026Z</time>
      </trkpt>
      <trkpt lat="41.9773902" lon="2.8500615000000096">
        <ele>222.272380403123</ele>
        <time>2026-08-01T04:19:52.365Z</time>
      </trkpt>
      <trkpt lat="41.9773988" lon="2.850121400000006">
        <ele>222.4060544411579</ele>
        <time>2026-08-01T04:19:56.008Z</time>
      </trkpt>
      <trkpt lat="41.9770437" lon="2.850909900000005">
        <ele>225.97092620140194</ele>
        <time>2026-08-01T04:21:58.866Z</time>
      </trkpt>
      <trkpt lat="41.9768078" lon="2.8514312000000075">
        <ele>224.82676339495728</ele>
        <time>2026-08-01T04:22:00.296Z</time>
      </trkpt>
      <trkpt lat="41.9767831" lon="2.8514955999999927">
        <ele>225.39220396661244</ele>
        <time>2026-08-01T04:22:01.302Z</time>
      </trkpt>
      <trkpt lat="41.9767389" lon="2.851507099999992">
        <ele>225.32120768145606</ele>
        <time>2026-08-01T04:22:04.365Z</time>
      </trkpt>
      <trkpt lat="41.9766948" lon="2.85152149999999">
        <ele>225.2507141794208</ele>
        <time>2026-08-01T04:22:08.465Z</time>
      </trkpt>
      <trkpt lat="41.9766657" lon="2.8515786000000105">
        <ele>225.65524973881736</ele>
        <time>2026-08-01T04:22:11.732Z</time>
      </trkpt>
      <trkpt lat="41.9766674" lon="2.8516396999999927">
        <ele>226.27757340027003</ele>
        <time>2026-08-01T04:22:12.809Z</time>
      </trkpt>
      <trkpt lat="41.9766413" lon="2.851689599999986">
        <ele>226.49426170402108</ele>
        <time>2026-08-01T04:22:15.491Z</time>
      </trkpt>
      <trkpt lat="41.9766048" lon="2.851737500000013">
        <ele>226.29470695812998</ele>
        <time>2026-08-01T04:22:19.165Z</time>
      </trkpt>
      <trkpt lat="41.9765718" lon="2.8517889000000025">
        <ele>226.39361480758078</ele>
        <time>2026-08-01T04:22:23.044Z</time>
      </trkpt>
      <trkpt lat="41.9765432" lon="2.8518396999999993">
        <ele>226.56889333918883</ele>
        <time>2026-08-01T04:22:26.724Z</time>
      </trkpt>
      <trkpt lat="41.9765126" lon="2.8518867999999884">
        <ele>226.65275793897</ele>
        <time>2026-08-01T04:22:30.277Z</time>
      </trkpt>
      <trkpt lat="41.9764766" lon="2.8519311000000016">
        <ele>226.59367980753225</ele>
        <time>2026-08-01T04:22:34.069Z</time>
      </trkpt>
      <trkpt lat="41.976438" lon="2.8519674000000066">
        <ele>226.37175469565827</ele>
        <time>2026-08-01T04:22:37.963Z</time>
      </trkpt>
      <trkpt lat="41.9764036" lon="2.852010199999995">
        <ele>226.31791097660968</ele>
        <time>2026-08-01T04:22:42.028Z</time>
      </trkpt>
      <trkpt lat="41.9763736" lon="2.8520586999999864">
        <ele>226.02767247421733</ele>
        <time>2026-08-01T04:22:45.986Z</time>
      </trkpt>
      <trkpt lat="41.9763437" lon="2.8521076000000107">
        <ele>225.321352240705</ele>
        <time>2026-08-01T04:22:50.066Z</time>
      </trkpt>
      <trkpt lat="41.9763227" lon="2.8521650000000136">
        <ele>224.6163279106656</ele>
        <time>2026-08-01T04:22:53.850Z</time>
      </trkpt>
      <trkpt lat="41.9763074" lon="2.8522303999999963">
        <ele>224.2021148632031</ele>
        <time>2026-08-01T04:22:57.947Z</time>
      </trkpt>
      <trkpt lat="41.9762951" lon="2.8522964">
        <ele>223.93054781665964</ele>
        <time>2026-08-01T04:23:02.386Z</time>
      </trkpt>
      <trkpt lat="41.9762912" lon="2.8523601999999926">
        <ele>224.16549585613424</ele>
        <time>2026-08-01T04:23:06.689Z</time>
      </trkpt>
      <trkpt lat="41.9762998" lon="2.852424600000006">
        <ele>224.95214661646142</ele>
        <time>2026-08-01T04:23:10.768Z</time>
      </trkpt>
      <trkpt lat="41.9763116" lon="2.8524879">
        <ele>225.86334453890714</ele>
        <time>2026-08-01T04:23:14.365Z</time>
      </trkpt>
      <trkpt lat="41.9763226" lon="2.8525463999999943">
        <ele>226.70139170732674</ele>
        <time>2026-08-01T04:23:18.529Z</time>
      </trkpt>
      <trkpt lat="41.9763361" lon="2.852605000000011">
        <ele>227.35158673825313</ele>
        <time>2026-08-01T04:23:22.366Z</time>
      </trkpt>
      <trkpt lat="41.9763502" lon="2.8526655000000005">
        <ele>227.7196538030342</ele>
        <time>2026-08-01T04:23:27.048Z</time>
      </trkpt>
      <trkpt lat="41.9763668" lon="2.8527277000000026">
        <ele>228.0042045751655</ele>
        <time>2026-08-01T04:23:32.228Z</time>
      </trkpt>
      <trkpt lat="41.9763725" lon="2.8527890999999954">
        <ele>227.96075362168884</ele>
        <time>2026-08-01T04:23:36.424Z</time>
      </trkpt>
      <trkpt lat="41.9763833" lon="2.8528498999999954">
        <ele>228.10168930692325</ele>
        <time>2026-08-01T04:23:41.246Z</time>
      </trkpt>
      <trkpt lat="41.9763963" lon="2.8529087000000004">
        <ele>228.73923279619765</ele>
        <time>2026-08-01T04:23:45.399Z</time>
      </trkpt>
      <trkpt lat="41.9764141" lon="2.852968599999997">
        <ele>229.56323100167046</ele>
        <time>2026-08-01T04:23:49.725Z</time>
      </trkpt>
      <trkpt lat="41.97643" lon="2.8530349000000115">
        <ele>230.37454461092216</ele>
        <time>2026-08-01T04:23:53.788Z</time>
      </trkpt>
      <trkpt lat="41.9764509" lon="2.8530891999999994">
        <ele>231.32325545959762</ele>
        <time>2026-08-01T04:23:57.909Z</time>
      </trkpt>
      <trkpt lat="41.9764664" lon="2.853146400000014">
        <ele>232.2397763040259</ele>
        <time>2026-08-01T04:24:01.308Z</time>
      </trkpt>
      <trkpt lat="41.9764854" lon="2.853204599999998">
        <ele>233.55027593646955</ele>
        <time>2026-08-01T04:24:05.748Z</time>
      </trkpt>
      <trkpt lat="41.9764957" lon="2.8532714000000112">
        <ele>234.64410451331466</ele>
        <time>2026-08-01T04:24:10.145Z</time>
      </trkpt>
      <trkpt lat="41.9764972" lon="2.8533365000000117">
        <ele>235.4222919503764</ele>
        <time>2026-08-01T04:24:14.450Z</time>
      </trkpt>
      <trkpt lat="41.9764893" lon="2.8533960999999977">
        <ele>235.84625787156267</ele>
        <time>2026-08-01T04:24:18.369Z</time>
      </trkpt>
      <trkpt lat="41.9764759" lon="2.8534549999999967">
        <ele>236.21516723932962</ele>
        <time>2026-08-01T04:24:22.487Z</time>
      </trkpt>
      <trkpt lat="41.9764584" lon="2.8535128000000043">
        <ele>236.5794792048903</ele>
        <time>2026-08-01T04:24:26.749Z</time>
      </trkpt>
      <trkpt lat="41.9764417" lon="2.8535723999999902">
        <ele>237.108583512239</ele>
        <time>2026-08-01T04:24:31.030Z</time>
      </trkpt>
      <trkpt lat="41.9764262" lon="2.8536338000000114">
        <ele>237.80628823934546</ele>
        <time>2026-08-01T04:24:35.287Z</time>
      </trkpt>
      <trkpt lat="41.9764097" lon="2.853690599999993">
        <ele>238.54699269150723</ele>
        <time>2026-08-01T04:24:39.069Z</time>
      </trkpt>
      <trkpt lat="41.9763889" lon="2.8537517999999977">
        <ele>239.7157624332707</ele>
        <time>2026-08-01T04:24:42.844Z</time>
      </trkpt>
      <trkpt lat="41.9763682" lon="2.853806200000008">
        <ele>240.84985944353147</ele>
        <time>2026-08-01T04:24:46.365Z</time>
      </trkpt>
      <trkpt lat="41.9763505" lon="2.853863799999999">
        <ele>242.24682377820378</ele>
        <time>2026-08-01T04:24:50.064Z</time>
      </trkpt>
      <trkpt lat="41.9763289" lon="2.853927199999987">
        <ele>243.96800977032188</ele>
        <time>2026-08-01T04:24:54.165Z</time>
      </trkpt>
      <trkpt lat="41.9763163" lon="2.853993800000012">
        <ele>245.78596660100072</ele>
        <time>2026-08-01T04:24:58.051Z</time>
      </trkpt>
      <trkpt lat="41.976305" lon="2.8540544999999895">
        <ele>247.48532757408435</ele>
        <time>2026-08-01T04:25:02.551Z</time>
      </trkpt>
      <trkpt lat="41.9762926" lon="2.85411289999999">
        <ele>249.14778282426883</ele>
        <time>2026-08-01T04:25:06.629Z</time>
      </trkpt>
      <trkpt lat="41.9762755" lon="2.85417240000001">
        <ele>250.895155287187</ele>
        <time>2026-08-01T04:25:11.186Z</time>
      </trkpt>
      <trkpt lat="41.9762524" lon="2.854228400000011">
        <ele>252.62270025045078</ele>
        <time>2026-08-01T04:25:16.285Z</time>
      </trkpt>
      <trkpt lat="41.9762281" lon="2.85427949999999">
        <ele>254.31522884018588</ele>
        <time>2026-08-01T04:25:21.277Z</time>
      </trkpt>
      <trkpt lat="41.9762023" lon="2.854333099999991">
        <ele>256.14549242366684</ele>
        <time>2026-08-01T04:25:26.787Z</time>
      </trkpt>
      <trkpt lat="41.9761706" lon="2.8543827999999962">
        <ele>257.94816888557835</ele>
        <time>2026-08-01T04:25:32.063Z</time>
      </trkpt>
      <trkpt lat="41.9761329" lon="2.8544205999999974">
        <ele>259.48505214315185</ele>
        <time>2026-08-01T04:25:37.888Z</time>
      </trkpt>
      <trkpt lat="41.9761026" lon="2.8544726000000082">
        <ele>261.41197948534733</ele>
        <time>2026-08-01T04:25:43.931Z</time>
      </trkpt>
      <trkpt lat="41.9760961" lon="2.8545367000000113">
        <ele>263.4856889826356</ele>
        <time>2026-08-01T04:25:50.309Z</time>
      </trkpt>
      <trkpt lat="41.9761056" lon="2.8546005000000036">
        <ele>265.41125923602203</ele>
        <time>2026-08-01T04:25:55.427Z</time>
      </trkpt>
      <trkpt lat="41.9761378" lon="2.8546428999999875">
        <ele>266.40982363423564</ele>
        <time>2026-08-01T04:26:00.170Z</time>
      </trkpt>
      <trkpt lat="41.9761817" lon="2.854681499999998">
        <ele>267.1730561990298</ele>
        <time>2026-08-01T04:26:05.286Z</time>
      </trkpt>
      <trkpt lat="41.9762238" lon="2.854707600000012">
        <ele>267.56607844296724</ele>
        <time>2026-08-01T04:26:09.406Z</time>
      </trkpt>
      <trkpt lat="41.9762599" lon="2.8547445000000096">
        <ele>268.3857794643547</ele>
        <time>2026-08-01T04:26:12.728Z</time>
      </trkpt>
      <trkpt lat="41.976291" lon="2.854798499999987">
        <ele>269.8291515635535</ele>
        <time>2026-08-01T04:26:17.246Z</time>
      </trkpt>
      <trkpt lat="41.9763189" lon="2.8548556000000076">
        <ele>270.77697767305415</ele>
        <time>2026-08-01T04:26:21.365Z</time>
      </trkpt>
      <trkpt lat="41.9763452" lon="2.8549065999999925">
        <ele>271.6159477336903</ele>
        <time>2026-08-01T04:26:24.828Z</time>
      </trkpt>
      <trkpt lat="41.9763654" lon="2.854961000000003">
        <ele>272.39602284239646</ele>
        <time>2026-08-01T04:26:28.365Z</time>
      </trkpt>
      <trkpt lat="41.9763843" lon="2.8550183000000118">
        <ele>272.99077759227765</ele>
        <time>2026-08-01T04:26:31.948Z</time>
      </trkpt>
      <trkpt lat="41.9764022" lon="2.855078700000007">
        <ele>273.5809389973594</ele>
        <time>2026-08-01T04:26:35.929Z</time>
      </trkpt>
      <trkpt lat="41.9764123" lon="2.8551378999999883">
        <ele>273.7919922718099</ele>
        <time>2026-08-01T04:26:39.607Z</time>
      </trkpt>
      <trkpt lat="41.9764181" lon="2.8551995999999917">
        <ele>274.1746879107361</ele>
        <time>2026-08-01T04:26:43.277Z</time>
      </trkpt>
      <trkpt lat="41.9764202" lon="2.8552621000000045">
        <ele>274.6956165829574</ele>
        <time>2026-08-01T04:26:46.923Z</time>
      </trkpt>
      <trkpt lat="41.9764121" lon="2.855332500000003">
        <ele>275.667247931697</ele>
        <time>2026-08-01T04:26:51.367Z</time>
      </trkpt>
      <trkpt lat="41.976401" lon="2.8553976000000034">
        <ele>276.6697711678199</ele>
        <time>2026-08-01T04:26:55.830Z</time>
      </trkpt>
      <trkpt lat="41.9763907" lon="2.855462799999998">
        <ele>277.6271361736087</ele>
        <time>2026-08-01T04:27:00.324Z</time>
      </trkpt>
      <trkpt lat="41.9763853" lon="2.8555243000000132">
        <ele>278.3706478948443</ele>
        <time>2026-08-01T04:27:04.708Z</time>
      </trkpt>
      <trkpt lat="41.9763824" lon="2.8555886999999984">
        <ele>279.0470941533127</ele>
        <time>2026-08-01T04:27:09.289Z</time>
      </trkpt>
      <trkpt lat="41.9763773" lon="2.855648699999989">
        <ele>279.749838871277</ele>
        <time>2026-08-01T04:27:13.105Z</time>
      </trkpt>
      <trkpt lat="41.9763792" lon="2.855714599999999">
        <ele>280.19121922400905</ele>
        <time>2026-08-01T04:27:17.070Z</time>
      </trkpt>
      <trkpt lat="41.9763919" lon="2.855780600000003">
        <ele>280.27762181676354</ele>
        <time>2026-08-01T04:27:20.869Z</time>
      </trkpt>
      <trkpt lat="41.976405" lon="2.8558472999999935">
        <ele>280.40126869016717</ele>
        <time>2026-08-01T04:27:24.907Z</time>
      </trkpt>
      <trkpt lat="41.9764199" lon="2.855908400000004">
        <ele>280.4672922116119</ele>
        <time>2026-08-01T04:27:28.626Z</time>
      </trkpt>
      <trkpt lat="41.9764274" lon="2.8559703999999897">
        <ele>280.1567509278559</ele>
        <time>2026-08-01T04:27:33.105Z</time>
      </trkpt>
      <trkpt lat="41.9764306" lon="2.856031800000011">
        <ele>279.9589020195119</ele>
        <time>2026-08-01T04:27:37.090Z</time>
      </trkpt>
      <trkpt lat="41.9764285" lon="2.856098199999991">
        <ele>279.8975484976524</ele>
        <time>2026-08-01T04:27:41.315Z</time>
      </trkpt>
      <trkpt lat="41.9764209" lon="2.8561578999999995">
        <ele>279.97343686356436</ele>
        <time>2026-08-01T04:27:44.884Z</time>
      </trkpt>
      <trkpt lat="41.9764026" lon="2.8562167000000045">
        <ele>280.09142901968545</ele>
        <time>2026-08-01T04:27:48.605Z</time>
      </trkpt>
      <trkpt lat="41.9763746" lon="2.8562656999999945">
        <ele>280.34710635672354</ele>
        <time>2026-08-01T04:27:52.590Z</time>
      </trkpt>
      <trkpt lat="41.9763408" lon="2.856318299999998">
        <ele>280.5064045704225</ele>
        <time>2026-08-01T04:27:56.983Z</time>
      </trkpt>
      <trkpt lat="41.9763077" lon="2.8563667999999893">
        <ele>280.5038224009118</ele>
        <time>2026-08-01T04:28:01.368Z</time>
      </trkpt>
      <trkpt lat="41.9762701" lon="2.856405599999988">
        <ele>280.7603719222424</ele>
        <time>2026-08-01T04:28:05.705Z</time>
      </trkpt>
      <trkpt lat="41.9762386" lon="2.8564508000000046">
        <ele>281.06770201816283</ele>
        <time>2026-08-01T04:28:10.011Z</time>
      </trkpt>
      <trkpt lat="41.9762066" lon="2.856500699999998">
        <ele>281.57323309631835</ele>
        <time>2026-08-01T04:28:14.365Z</time>
      </trkpt>
      <trkpt lat="41.9761763" lon="2.8565539999999885">
        <ele>282.2073724688413</ele>
        <time>2026-08-01T04:28:19.305Z</time>
      </trkpt>
      <trkpt lat="41.9761509" lon="2.856608399999999">
        <ele>282.8679853497531</ele>
        <time>2026-08-01T04:28:23.185Z</time>
      </trkpt>
      <trkpt lat="41.9761344" lon="2.8566664999999887">
        <ele>283.4435725564963</ele>
        <time>2026-08-01T04:28:26.667Z</time>
      </trkpt>
      <trkpt lat="41.976117" lon="2.856744600000013">
        <ele>284.2088284862051</ele>
        <time>2026-08-01T04:28:30.985Z</time>
      </trkpt>
      <trkpt lat="41.9761017" lon="2.8568071999999916">
        <ele>284.72309110223165</ele>
        <time>2026-08-01T04:28:34.163Z</time>
      </trkpt>
      <trkpt lat="41.9760916" lon="2.856887900000004">
        <ele>285.1201695927279</ele>
        <time>2026-08-01T04:28:35.569Z</time>
      </trkpt>
      <trkpt lat="41.976086" lon="2.856958200000008">
        <ele>285.37800017632145</ele>
        <time>2026-08-01T04:28:36.624Z</time>
      </trkpt>
      <trkpt lat="41.9760687" lon="2.8570171000000073">
        <ele>285.7606946242601</ele>
        <time>2026-08-01T04:28:39.227Z</time>
      </trkpt>
      <trkpt lat="41.9760534" lon="2.8570789000000048">
        <ele>285.5097433744328</ele>
        <time>2026-08-01T04:28:41.949Z</time>
      </trkpt>
      <trkpt lat="41.9760319" lon="2.857135999999997">
        <ele>285.2755122709763</ele>
        <time>2026-08-01T04:28:45.085Z</time>
      </trkpt>
      <trkpt lat="41.9760079" lon="2.857194700000008">
        <ele>285.0334121119309</ele>
        <time>2026-08-01T04:28:48.971Z</time>
      </trkpt>
      <trkpt lat="41.9759892" lon="2.857256199999995">
        <ele>284.7114790186682</ele>
        <time>2026-08-01T04:28:53.226Z</time>
      </trkpt>
      <trkpt lat="41.9759736" lon="2.857314500000001">
        <ele>284.3066626252101</ele>
        <time>2026-08-01T04:28:56.434Z</time>
      </trkpt>
      <trkpt lat="41.9759574" lon="2.857377000000014">
        <ele>283.59396732362575</ele>
        <time>2026-08-01T04:28:59.644Z</time>
      </trkpt>
      <trkpt lat="41.9759484" lon="2.857439599999992">
        <ele>282.82933378648806</ele>
        <time>2026-08-01T04:29:02.788Z</time>
      </trkpt>
      <trkpt lat="41.9759171" lon="2.857493000000005">
        <ele>282.3590710245516</ele>
        <time>2026-08-01T04:29:12.585Z</time>
      </trkpt>
      <trkpt lat="41.9759015" lon="2.8575520999999924">
        <ele>281.6982394730782</ele>
        <time>2026-08-01T04:29:16.365Z</time>
      </trkpt>
      <trkpt lat="41.9758866" lon="2.8576193000000103">
        <ele>280.947324940527</ele>
        <time>2026-08-01T04:29:19.869Z</time>
      </trkpt>
      <trkpt lat="41.9758708" lon="2.8576831999999968">
        <ele>280.2675611206394</ele>
        <time>2026-08-01T04:29:23.385Z</time>
      </trkpt>
      <trkpt lat="41.9758521" lon="2.8577477999999985">
        <ele>279.61423630522927</ele>
        <time>2026-08-01T04:29:27.091Z</time>
      </trkpt>
      <trkpt lat="41.9758283" lon="2.8578005999999903">
        <ele>279.16510429433663</ele>
        <time>2026-08-01T04:29:30.365Z</time>
      </trkpt>
      <trkpt lat="41.9757998" lon="2.8578531">
        <ele>278.7753953708016</ele>
        <time>2026-08-01T04:29:33.710Z</time>
      </trkpt>
      <trkpt lat="41.9757725" lon="2.857911300000012">
        <ele>276.9460452232891</ele>
        <time>2026-08-01T04:29:37.367Z</time>
      </trkpt>
      <trkpt lat="41.9757493" lon="2.8579693000000077">
        <ele>275.3049519130603</ele>
        <time>2026-08-01T04:29:40.887Z</time>
      </trkpt>
      <trkpt lat="41.9757286" lon="2.8580254999999966">
        <ele>273.8116119896865</ele>
        <time>2026-08-01T04:29:44.365Z</time>
      </trkpt>
      <trkpt lat="41.9757088" lon="2.8580815999999913">
        <ele>272.37964689518685</ele>
        <time>2026-08-01T04:29:47.691Z</time>
      </trkpt>
      <trkpt lat="41.9756938" lon="2.8581432999999947">
        <ele>271.0992716940256</ele>
        <time>2026-08-01T04:29:51.366Z</time>
      </trkpt>
      <trkpt lat="41.9756779" lon="2.8582044000000053">
        <ele>269.95735316091555</ele>
        <time>2026-08-01T04:29:54.325Z</time>
      </trkpt>
      <trkpt lat="41.9756635" lon="2.8582673999999884">
        <ele>268.883200998398</ele>
        <time>2026-08-01T04:29:58.326Z</time>
      </trkpt>
      <trkpt lat="41.9756492" lon="2.8583261999999934">
        <ele>267.87991367733486</ele>
        <time>2026-08-01T04:30:01.927Z</time>
      </trkpt>
      <trkpt lat="41.9756346" lon="2.8583835999999962">
        <ele>266.90746612740037</ele>
        <time>2026-08-01T04:30:05.377Z</time>
      </trkpt>
      <trkpt lat="41.9756171" lon="2.858450199999993">
        <ele>265.9182869890895</ele>
        <time>2026-08-01T04:30:09.210Z</time>
      </trkpt>
      <trkpt lat="41.9756017" lon="2.858507199999991">
        <ele>265.16314121543064</ele>
        <time>2026-08-01T04:30:12.645Z</time>
      </trkpt>
      <trkpt lat="41.9755849" lon="2.8585726999999963">
        <ele>264.33493491418983</ele>
        <time>2026-08-01T04:30:16.430Z</time>
      </trkpt>
      <trkpt lat="41.975564" lon="2.858634099999989">
        <ele>263.41143994747137</ele>
        <time>2026-08-01T04:30:19.865Z</time>
      </trkpt>
      <trkpt lat="41.975552" lon="2.858692999999988">
        <ele>262.7880915815137</ele>
        <time>2026-08-01T04:30:22.987Z</time>
      </trkpt>
      <trkpt lat="41.975543" lon="2.8587544000000094">
        <ele>263.1236126460241</ele>
        <time>2026-08-01T04:30:26.125Z</time>
      </trkpt>
      <trkpt lat="41.9755342" lon="2.8588147000000106">
        <ele>263.48963972651063</ele>
        <time>2026-08-01T04:30:29.167Z</time>
      </trkpt>
      <trkpt lat="41.9755264" lon="2.8588761000000034">
        <ele>263.92652207387596</ele>
        <time>2026-08-01T04:30:32.250Z</time>
      </trkpt>
      <trkpt lat="41.97552" lon="2.858937900000001">
        <ele>264.45623607045934</ele>
        <time>2026-08-01T04:30:35.348Z</time>
      </trkpt>
      <trkpt lat="41.9755128" lon="2.858998799999995">
        <ele>265.5104154531748</ele>
        <time>2026-08-01T04:30:38.367Z</time>
      </trkpt>
      <trkpt lat="41.975512" lon="2.8590599999999995">
        <ele>267.10654116022727</ele>
        <time>2026-08-01T04:30:41.728Z</time>
      </trkpt>
      <trkpt lat="41.9755176" lon="2.859123799999992">
        <ele>268.78764341096223</ele>
        <time>2026-08-01T04:30:45.296Z</time>
      </trkpt>
      <trkpt lat="41.9755291" lon="2.859185999999994">
        <ele>270.49374958838774</ele>
        <time>2026-08-01T04:30:48.871Z</time>
      </trkpt>
      <trkpt lat="41.9755402" lon="2.8592462999999952">
        <ele>272.11954156268365</ele>
        <time>2026-08-01T04:30:52.365Z</time>
      </trkpt>
      <trkpt lat="41.9755566" lon="2.8593051999999943">
        <ele>273.3571355279077</ele>
        <time>2026-08-01T04:30:55.807Z</time>
      </trkpt>
      <trkpt lat="41.9755778" lon="2.85936319999999">
        <ele>274.51499910009505</ele>
        <time>2026-08-01T04:30:59.064Z</time>
      </trkpt>
      <trkpt lat="41.9756001" lon="2.8594175000000064">
        <ele>275.5292408677564</ele>
        <time>2026-08-01T04:31:02.365Z</time>
      </trkpt>
      <trkpt lat="41.9756244" lon="2.8594779000000017">
        <ele>276.56409005957164</ele>
        <time>2026-08-01T04:31:06.146Z</time>
      </trkpt>
      <trkpt lat="41.9756374" lon="2.8595404000000144">
        <ele>277.32949904891416</ele>
        <time>2026-08-01T04:31:10.328Z</time>
      </trkpt>
      <trkpt lat="41.9756374" lon="2.8596027000000106">
        <ele>277.2303731613961</ele>
        <time>2026-08-01T04:31:14.366Z</time>
      </trkpt>
      <trkpt lat="41.9756247" lon="2.8596623999999906">
        <ele>277.2224639565511</ele>
        <time>2026-08-01T04:31:18.511Z</time>
      </trkpt>
      <trkpt lat="41.9756032" lon="2.8597211000000016">
        <ele>277.34631053605546</ele>
        <time>2026-08-01T04:31:22.365Z</time>
      </trkpt>
      <trkpt lat="41.9755787" lon="2.859776199999999">
        <ele>277.58914800987753</ele>
        <time>2026-08-01T04:31:26.367Z</time>
      </trkpt>
      <trkpt lat="41.9755388" lon="2.8598203999999896">
        <ele>277.81873264786446</ele>
        <time>2026-08-01T04:31:31.365Z</time>
      </trkpt>
      <trkpt lat="41.9755001" lon="2.859866100000005">
        <ele>277.47734192486166</ele>
        <time>2026-08-01T04:31:35.926Z</time>
      </trkpt>
      <trkpt lat="41.9754655" lon="2.8599049000000036">
        <ele>277.2122966990328</ele>
        <time>2026-08-01T04:31:40.387Z</time>
      </trkpt>
      <trkpt lat="41.9754237" lon="2.8599297000000092">
        <ele>277.2833038310417</ele>
        <time>2026-08-01T04:31:44.730Z</time>
      </trkpt>
      <trkpt lat="41.9753795" lon="2.859950099999992">
        <ele>277.47714547034633</ele>
        <time>2026-08-01T04:31:48.306Z</time>
      </trkpt>
      <trkpt lat="41.9753376" lon="2.8599777000000017">
        <ele>277.5693462045687</ele>
        <time>2026-08-01T04:31:52.689Z</time>
      </trkpt>
      <trkpt lat="41.9752968" lon="2.860005599999994">
        <ele>277.6781483010997</ele>
        <time>2026-08-01T04:31:56.944Z</time>
      </trkpt>
      <trkpt lat="41.9752523" lon="2.86002400000001">
        <ele>277.9890909467052</ele>
        <time>2026-08-01T04:32:01.063Z</time>
      </trkpt>
      <trkpt lat="41.975208" lon="2.8600489000000096">
        <ele>278.3902721209634</ele>
        <time>2026-08-01T04:32:04.825Z</time>
      </trkpt>
      <trkpt lat="41.9751663" lon="2.860084400000005">
        <ele>278.7491502383463</ele>
        <time>2026-08-01T04:32:08.330Z</time>
      </trkpt>
      <trkpt lat="41.9751209" lon="2.8601221000000123">
        <ele>279.12516918283177</ele>
        <time>2026-08-01T04:32:12.147Z</time>
      </trkpt>
      <trkpt lat="41.9750785" lon="2.860152999999997">
        <ele>279.5735811913465</ele>
        <time>2026-08-01T04:32:15.707Z</time>
      </trkpt>
      <trkpt lat="41.9750363" lon="2.8601810000000114">
        <ele>280.0899194373468</ele>
        <time>2026-08-01T04:32:19.366Z</time>
      </trkpt>
      <trkpt lat="41.9749976" lon="2.8602159000000142">
        <ele>280.5013679829693</ele>
        <time>2026-08-01T04:32:22.668Z</time>
      </trkpt>
      <trkpt lat="41.9749598" lon="2.8602544000000023">
        <ele>280.73750995970875</ele>
        <time>2026-08-01T04:32:25.829Z</time>
      </trkpt>
      <trkpt lat="41.9749274" lon="2.8602969000000087">
        <ele>280.0373098999228</ele>
        <time>2026-08-01T04:32:28.968Z</time>
      </trkpt>
      <trkpt lat="41.9748893" lon="2.860340199999996">
        <ele>279.2960477909729</ele>
        <time>2026-08-01T04:32:32.106Z</time>
      </trkpt>
      <trkpt lat="41.9748535" lon="2.8603793000000053">
        <ele>278.6339158960249</ele>
        <time>2026-08-01T04:32:35.666Z</time>
      </trkpt>
      <trkpt lat="41.9748143" lon="2.860426100000012">
        <ele>277.88888447668245</ele>
        <time>2026-08-01T04:32:38.866Z</time>
      </trkpt>
      <trkpt lat="41.9747855" lon="2.8604733999999894">
        <ele>277.23529158606294</ele>
        <time>2026-08-01T04:32:42.370Z</time>
      </trkpt>
      <trkpt lat="41.9747557" lon="2.8605187">
        <ele>276.5984828417491</ele>
        <time>2026-08-01T04:32:45.277Z</time>
      </trkpt>
      <trkpt lat="41.9747258" lon="2.860569499999997">
        <ele>275.921307335623</ele>
        <time>2026-08-01T04:32:48.268Z</time>
      </trkpt>
      <trkpt lat="41.974698" lon="2.8606222999999886">
        <ele>275.252044104946</ele>
        <time>2026-08-01T04:32:51.310Z</time>
      </trkpt>
      <trkpt lat="41.9746767" lon="2.8606827000000123">
        <ele>274.5450101689639</ele>
        <time>2026-08-01T04:32:54.170Z</time>
      </trkpt>
      <trkpt lat="41.9746628" lon="2.860742700000003">
        <ele>273.92713963773315</ele>
        <time>2026-08-01T04:32:57.206Z</time>
      </trkpt>
      <trkpt lat="41.9746518" lon="2.860806999999994">
        <ele>273.46750087380946</ele>
        <time>2026-08-01T04:33:00.278Z</time>
      </trkpt>
      <trkpt lat="41.9746427" lon="2.8608681000000047">
        <ele>273.10754036438124</ele>
        <time>2026-08-01T04:33:03.365Z</time>
      </trkpt>
      <trkpt lat="41.9746312" lon="2.860933100000011">
        <ele>272.76235627172656</ele>
        <time>2026-08-01T04:33:06.804Z</time>
      </trkpt>
      <trkpt lat="41.9746174" lon="2.860991200000001">
        <ele>272.64773943633304</ele>
        <time>2026-08-01T04:33:10.072Z</time>
      </trkpt>
      <trkpt lat="41.9746004" lon="2.861051300000014">
        <ele>272.4763090255432</ele>
        <time>2026-08-01T04:33:13.328Z</time>
      </trkpt>
      <trkpt lat="41.9745855" lon="2.861112200000008">
        <ele>272.4649089119204</ele>
        <time>2026-08-01T04:33:16.506Z</time>
      </trkpt>
      <trkpt lat="41.9745627" lon="2.8611754000000076">
        <ele>272.2513654257277</ele>
        <time>2026-08-01T04:33:20.266Z</time>
      </trkpt>
      <trkpt lat="41.9745386" lon="2.8612392">
        <ele>272.3055567246009</ele>
        <time>2026-08-01T04:33:24.226Z</time>
      </trkpt>
      <trkpt lat="41.9745179" lon="2.861294799999996">
        <ele>272.563162264217</ele>
        <time>2026-08-01T04:33:27.945Z</time>
      </trkpt>
      <trkpt lat="41.9744984" lon="2.8613512000000014">
        <ele>272.980162499688</ele>
        <time>2026-08-01T04:33:31.586Z</time>
      </trkpt>
      <trkpt lat="41.9744784" lon="2.8614120000000014">
        <ele>273.5742628979597</ele>
        <time>2026-08-01T04:33:35.146Z</time>
      </trkpt>
      <trkpt lat="41.9744605" lon="2.861478699999992">
        <ele>274.4127020657589</ele>
        <time>2026-08-01T04:33:38.971Z</time>
      </trkpt>
      <trkpt lat="41.9744471" lon="2.861537999999996">
        <ele>274.8586884456505</ele>
        <time>2026-08-01T04:33:42.379Z</time>
      </trkpt>
      <trkpt lat="41.974435" lon="2.861600399999986">
        <ele>275.49065013370557</ele>
        <time>2026-08-01T04:33:45.629Z</time>
      </trkpt>
      <trkpt lat="41.9744235" lon="2.861666200000002">
        <ele>276.2974661008516</ele>
        <time>2026-08-01T04:33:49.350Z</time>
      </trkpt>
      <trkpt lat="41.9744124" lon="2.8617261999999926">
        <ele>277.1379638277517</ele>
        <time>2026-08-01T04:33:52.823Z</time>
      </trkpt>
      <trkpt lat="41.9743933" lon="2.861782099999999">
        <ele>277.3177883876978</ele>
        <time>2026-08-01T04:33:56.365Z</time>
      </trkpt>
      <trkpt lat="41.9743733" lon="2.861841400000003">
        <ele>276.8501205735632</ele>
        <time>2026-08-01T04:33:59.986Z</time>
      </trkpt>
      <trkpt lat="41.9743459" lon="2.861890299999999">
        <ele>276.51513351393373</ele>
        <time>2026-08-01T04:34:03.627Z</time>
      </trkpt>
      <trkpt lat="41.9743168" lon="2.861941999999999">
        <ele>276.1767145802433</ele>
        <time>2026-08-01T04:34:07.366Z</time>
      </trkpt>
      <trkpt lat="41.9742826" lon="2.861990999999989">
        <ele>275.89904333133677</ele>
        <time>2026-08-01T04:34:11.265Z</time>
      </trkpt>
      <trkpt lat="41.9742434" lon="2.862031900000005">
        <ele>275.72761060250633</ele>
        <time>2026-08-01T04:34:15.288Z</time>
      </trkpt>
      <trkpt lat="41.9741989" lon="2.862064299999986">
        <ele>275.6463598951005</ele>
        <time>2026-08-01T04:34:19.087Z</time>
      </trkpt>
      <trkpt lat="41.9741638" lon="2.862102499999992">
        <ele>275.5033182948404</ele>
        <time>2026-08-01T04:34:22.391Z</time>
      </trkpt>
      <trkpt lat="41.9741302" lon="2.8621443000000113">
        <ele>275.33489828464235</ele>
        <time>2026-08-01T04:34:25.806Z</time>
      </trkpt>
      <trkpt lat="41.9740975" lon="2.8621908000000076">
        <ele>273.8153805871606</ele>
        <time>2026-08-01T04:34:29.365Z</time>
      </trkpt>
      <trkpt lat="41.9740434" lon="2.86283499999999">
        <ele>268.4685997413965</ele>
        <time>2026-08-01T04:35:46.507Z</time>
      </trkpt>
      <trkpt lat="41.9739842" lon="2.8635120000000143">
        <ele>270.80968269111975</ele>
        <time>2026-08-01T04:35:47.608Z</time>
      </trkpt>
      <trkpt lat="41.9739789" lon="2.863617199999993">
        <ele>272.0440441860887</ele>
        <time>2026-08-01T04:35:48.630Z</time>
      </trkpt>
      <trkpt lat="41.9739903" lon="2.8636932">
        <ele>273.15960275998253</ele>
        <time>2026-08-01T04:35:52.046Z</time>
      </trkpt>
      <trkpt lat="41.9740184" lon="2.8637543000000107">
        <ele>274.1636428841732</ele>
        <time>2026-08-01T04:35:54.210Z</time>
      </trkpt>
      <trkpt lat="41.9740278" lon="2.863828500000011">
        <ele>275.0039875595168</ele>
        <time>2026-08-01T04:35:55.749Z</time>
      </trkpt>
      <trkpt lat="41.9740299" lon="2.8638904000000025">
        <ele>275.6348702032437</ele>
        <time>2026-08-01T04:35:58.008Z</time>
      </trkpt>
      <trkpt lat="41.97402" lon="2.863957699999986">
        <ele>276.3041856800186</ele>
        <time>2026-08-01T04:36:01.210Z</time>
      </trkpt>
      <trkpt lat="41.9740016" lon="2.8640244999999993">
        <ele>276.84418974225485</ele>
        <time>2026-08-01T04:36:05.088Z</time>
      </trkpt>
      <trkpt lat="41.9739889" lon="2.8640862000000027">
        <ele>277.34774165081745</ele>
        <time>2026-08-01T04:36:08.664Z</time>
      </trkpt>
      <trkpt lat="41.9739645" lon="2.8641451000000018">
        <ele>278.03099100051867</ele>
        <time>2026-08-01T04:36:12.366Z</time>
      </trkpt>
      <trkpt lat="41.973936" lon="2.8641992000000016">
        <ele>278.8765987228233</ele>
        <time>2026-08-01T04:36:15.949Z</time>
      </trkpt>
      <trkpt lat="41.9739106" lon="2.8642533999999955">
        <ele>279.8437924261044</ele>
        <time>2026-08-01T04:36:19.366Z</time>
      </trkpt>
      <trkpt lat="41.9738871" lon="2.864311799999996">
        <ele>280.6607592768015</ele>
        <time>2026-08-01T04:36:22.965Z</time>
      </trkpt>
      <trkpt lat="41.9738598" lon="2.86436470000001">
        <ele>281.61289732268966</ele>
        <time>2026-08-01T04:36:30.329Z</time>
      </trkpt>
      <trkpt lat="41.9738307" lon="2.8644180999999946">
        <ele>282.3343300393276</ele>
        <time>2026-08-01T04:36:35.366Z</time>
      </trkpt>
      <trkpt lat="41.9738011" lon="2.864476499999995">
        <ele>283.15483704563235</ele>
        <time>2026-08-01T04:36:39.107Z</time>
      </trkpt>
      <trkpt lat="41.9737795" lon="2.864535499999988">
        <ele>284.090888469352</ele>
        <time>2026-08-01T04:36:43.368Z</time>
      </trkpt>
      <trkpt lat="41.9737632" lon="2.864592700000003">
        <ele>285.20306358960073</ele>
        <time>2026-08-01T04:36:47.070Z</time>
      </trkpt>
      <trkpt lat="41.9737536" lon="2.86465960000001">
        <ele>286.441073858526</ele>
        <time>2026-08-01T04:36:51.365Z</time>
      </trkpt>
      <trkpt lat="41.9737509" lon="2.8647254999999916">
        <ele>287.5838368588906</ele>
        <time>2026-08-01T04:36:55.050Z</time>
      </trkpt>
      <trkpt lat="41.9737603" lon="2.864793700000007">
        <ele>288.5289787395348</ele>
        <time>2026-08-01T04:36:58.904Z</time>
      </trkpt>
      <trkpt lat="41.9737741" lon="2.864854400000013">
        <ele>289.2020124192984</ele>
        <time>2026-08-01T04:37:02.365Z</time>
      </trkpt>
      <trkpt lat="41.9737926" lon="2.8649106000000018">
        <ele>289.66648165185353</ele>
        <time>2026-08-01T04:37:05.830Z</time>
      </trkpt>
      <trkpt lat="41.9738128" lon="2.8649679000000106">
        <ele>290.07766914726346</ele>
        <time>2026-08-01T04:37:09.366Z</time>
      </trkpt>
      <trkpt lat="41.9738346" lon="2.865026699999987">
        <ele>290.4387725576836</ele>
        <time>2026-08-01T04:37:12.946Z</time>
      </trkpt>
      <trkpt lat="41.9738484" lon="2.8650857000000087">
        <ele>290.96749793049725</ele>
        <time>2026-08-01T04:37:16.609Z</time>
      </trkpt>
      <trkpt lat="41.9738583" lon="2.8651476000000002">
        <ele>291.0657871295877</ele>
        <time>2026-08-01T04:37:20.365Z</time>
      </trkpt>
      <trkpt lat="41.9738664" lon="2.8652118999999914">
        <ele>291.13863626065745</ele>
        <time>2026-08-01T04:37:24.108Z</time>
      </trkpt>
      <trkpt lat="41.973866" lon="2.865275700000012">
        <ele>291.53612280244295</ele>
        <time>2026-08-01T04:37:27.906Z</time>
      </trkpt>
      <trkpt lat="41.973863" lon="2.8653376999999978">
        <ele>292.03189710600327</ele>
        <time>2026-08-01T04:37:31.704Z</time>
      </trkpt>
      <trkpt lat="41.9738527" lon="2.8653984999999977">
        <ele>292.5137508255914</ele>
        <time>2026-08-01T04:37:35.367Z</time>
      </trkpt>
      <trkpt lat="41.9738409" lon="2.8654650000000004">
        <ele>292.6027230138524</ele>
        <time>2026-08-01T04:37:39.364Z</time>
      </trkpt>
      <trkpt lat="41.9738222" lon="2.865528000000012">
        <ele>293.01563144961153</ele>
        <time>2026-08-01T04:37:43.225Z</time>
      </trkpt>
      <trkpt lat="41.9738042" lon="2.865589099999994">
        <ele>293.5020186748995</ele>
        <time>2026-08-01T04:37:46.991Z</time>
      </trkpt>
      <trkpt lat="41.9737829" lon="2.865644400000008">
        <ele>294.2233278062223</ele>
        <time>2026-08-01T04:37:50.764Z</time>
      </trkpt>
      <trkpt lat="41.9737614" lon="2.8657030999999904">
        <ele>295.0886474187193</ele>
        <time>2026-08-01T04:37:55.024Z</time>
      </trkpt>
      <trkpt lat="41.9737391" lon="2.865770800000007">
        <ele>296.0048398267257</ele>
        <time>2026-08-01T04:37:59.428Z</time>
      </trkpt>
      <trkpt lat="41.9737241" lon="2.865835500000003">
        <ele>296.631754913699</ele>
        <time>2026-08-01T04:38:04.344Z</time>
      </trkpt>
      <trkpt lat="41.9737157" lon="2.8658987000000025">
        <ele>296.9902648177612</ele>
        <time>2026-08-01T04:38:08.365Z</time>
      </trkpt>
      <trkpt lat="41.9737089" lon="2.865961700000014">
        <ele>296.99139966346996</ele>
        <time>2026-08-01T04:38:12.365Z</time>
      </trkpt>
      <trkpt lat="41.9737048" lon="2.866023399999989">
        <ele>296.67246229863576</ele>
        <time>2026-08-01T04:38:16.249Z</time>
      </trkpt>
      <trkpt lat="41.973694" lon="2.8660844000000054">
        <ele>296.61795589880177</ele>
        <time>2026-08-01T04:38:20.366Z</time>
      </trkpt>
      <trkpt lat="41.97367" lon="2.8661399000000074">
        <ele>297.1018120854727</ele>
        <time>2026-08-01T04:38:24.588Z</time>
      </trkpt>
      <trkpt lat="41.9736446" lon="2.8661936000000026">
        <ele>297.611466649809</ele>
        <time>2026-08-01T04:38:28.188Z</time>
      </trkpt>
      <trkpt lat="41.9736081" lon="2.8662423000000103">
        <ele>298.4149511601081</ele>
        <time>2026-08-01T04:38:33.170Z</time>
      </trkpt>
      <trkpt lat="41.9735754" lon="2.866284900000011">
        <ele>299.0765438372749</ele>
        <time>2026-08-01T04:38:37.166Z</time>
      </trkpt>
      <trkpt lat="41.9735343" lon="2.8663125999999863">
        <ele>299.5815686275026</ele>
        <time>2026-08-01T04:38:41.045Z</time>
      </trkpt>
      <trkpt lat="41.9734931" lon="2.8663430000000005">
        <ele>300.08495730189856</ele>
        <time>2026-08-01T04:38:44.788Z</time>
      </trkpt>
      <trkpt lat="41.9734627" lon="2.8663894000000028">
        <ele>300.22373546281165</ele>
        <time>2026-08-01T04:38:48.589Z</time>
      </trkpt>
      <trkpt lat="41.9734349" lon="2.8664422999999886">
        <ele>300.2886726762484</ele>
        <time>2026-08-01T04:38:52.189Z</time>
      </trkpt>
      <trkpt lat="41.9734059" lon="2.8664995999999974">
        <ele>300.69888245909317</ele>
        <time>2026-08-01T04:38:56.005Z</time>
      </trkpt>
      <trkpt lat="41.9733841" lon="2.866552899999988">
        <ele>301.63242667058375</ele>
        <time>2026-08-01T04:38:59.588Z</time>
      </trkpt>
      <trkpt lat="41.9733701" lon="2.8666192000000024">
        <ele>302.5326999410691</ele>
        <time>2026-08-01T04:39:03.388Z</time>
      </trkpt>
      <trkpt lat="41.9733601" lon="2.866679199999993">
        <ele>303.3236835476393</ele>
        <time>2026-08-01T04:39:06.563Z</time>
      </trkpt>
      <trkpt lat="41.9733602" lon="2.8667397000000108">
        <ele>303.8233908778972</ele>
        <time>2026-08-01T04:39:09.709Z</time>
      </trkpt>
      <trkpt lat="41.9733666" lon="2.8668030999999985">
        <ele>304.3616066465185</ele>
        <time>2026-08-01T04:39:13.166Z</time>
      </trkpt>
      <trkpt lat="41.9733808" lon="2.8668797999999924">
        <ele>304.9161711973593</ele>
        <time>2026-08-01T04:39:17.276Z</time>
      </trkpt>
      <trkpt lat="41.9734069" lon="2.866929199999987">
        <ele>304.68804927925396</ele>
        <time>2026-08-01T04:39:19.989Z</time>
      </trkpt>
      <trkpt lat="41.9734381" lon="2.866977200000008">
        <ele>304.2644258332887</ele>
        <time>2026-08-01T04:39:22.688Z</time>
      </trkpt>
      <trkpt lat="41.9734709" lon="2.8670199000000025">
        <ele>303.7130014775386</ele>
        <time>2026-08-01T04:39:25.443Z</time>
      </trkpt>
      <trkpt lat="41.9735083" lon="2.867059100000006">
        <ele>302.71112450932316</ele>
        <time>2026-08-01T04:39:28.669Z</time>
      </trkpt>
      <trkpt lat="41.9735517" lon="2.867092200000002">
        <ele>301.3839185922446</ele>
        <time>2026-08-01T04:39:32.189Z</time>
      </trkpt>
      <trkpt lat="41.9735929" lon="2.8671243000000004">
        <ele>300.4733361438052</ele>
        <time>2026-08-01T04:39:35.430Z</time>
      </trkpt>
      <trkpt lat="41.973635" lon="2.8671586000000104">
        <ele>299.95781897491355</ele>
        <time>2026-08-01T04:39:38.670Z</time>
      </trkpt>
      <trkpt lat="41.973677" lon="2.8671970999999985">
        <ele>299.58966570921507</ele>
        <time>2026-08-01T04:39:41.990Z</time>
      </trkpt>
      <trkpt lat="41.9737146" lon="2.86724319999999">
        <ele>299.48246159587046</ele>
        <time>2026-08-01T04:39:45.246Z</time>
      </trkpt>
      <trkpt lat="41.9737479" lon="2.8672943999999916">
        <ele>299.61569330949214</ele>
        <time>2026-08-01T04:39:48.365Z</time>
      </trkpt>
      <trkpt lat="41.9737841" lon="2.867344099999997">
        <ele>298.9330773194328</ele>
        <time>2026-08-01T04:39:52.387Z</time>
      </trkpt>
      <trkpt lat="41.9738117" lon="2.867402800000008">
        <ele>297.5610300360615</ele>
        <time>2026-08-01T04:39:55.985Z</time>
      </trkpt>
      <trkpt lat="41.9738392" lon="2.867459700000012">
        <ele>296.2621229964345</ele>
        <time>2026-08-01T04:40:00.277Z</time>
      </trkpt>
      <trkpt lat="41.9738689" lon="2.8675144999999986">
        <ele>295.13507757309793</ele>
        <time>2026-08-01T04:40:04.310Z</time>
      </trkpt>
      <trkpt lat="41.9739058" lon="2.8675561999999957">
        <ele>294.51875370780317</ele>
        <time>2026-08-01T04:40:08.147Z</time>
      </trkpt>
      <trkpt lat="41.9739436" lon="2.867593999999997">
        <ele>294.2001871791083</ele>
        <time>2026-08-01T04:40:11.563Z</time>
      </trkpt>
      <trkpt lat="41.973982" lon="2.867636800000014">
        <ele>293.27926754443496</ele>
        <time>2026-08-01T04:40:15.332Z</time>
      </trkpt>
      <trkpt lat="41.9740234" lon="2.8676705999999967">
        <ele>292.76405058273036</ele>
        <time>2026-08-01T04:40:18.748Z</time>
      </trkpt>
      <trkpt lat="41.9740619" lon="2.8677060999999924">
        <ele>292.3176772922011</ele>
        <time>2026-08-01T04:40:22.370Z</time>
      </trkpt>
      <trkpt lat="41.9741036" lon="2.8677318000000014">
        <ele>292.24223176636696</ele>
        <time>2026-08-01T04:40:25.946Z</time>
      </trkpt>
      <trkpt lat="41.9741446" lon="2.86775990000001">
        <ele>292.28507400759514</ele>
        <time>2026-08-01T04:40:29.826Z</time>
      </trkpt>
      <trkpt lat="41.9741797" lon="2.8678052999999863">
        <ele>292.1411561680492</ele>
        <time>2026-08-01T04:40:33.945Z</time>
      </trkpt>
      <trkpt lat="41.9742235" lon="2.867822799999999">
        <ele>292.7281474610135</ele>
        <time>2026-08-01T04:40:38.565Z</time>
      </trkpt>
      <trkpt lat="41.9742724" lon="2.8678336000000115">
        <ele>293.56821215067174</ele>
        <time>2026-08-01T04:40:43.227Z</time>
      </trkpt>
      <trkpt lat="41.974317" lon="2.867857700000002">
        <ele>294.19249797055625</ele>
        <time>2026-08-01T04:40:48.128Z</time>
      </trkpt>
      <trkpt lat="41.9743633" lon="2.867876300000006">
        <ele>294.92305746001665</ele>
        <time>2026-08-01T04:40:53.925Z</time>
      </trkpt>
      <trkpt lat="41.9744076" lon="2.8678885999999864">
        <ele>295.5989257415415</ele>
        <time>2026-08-01T04:40:59.091Z</time>
      </trkpt>
      <trkpt lat="41.974454" lon="2.867899300000005">
        <ele>296.2654308216452</ele>
        <time>2026-08-01T04:41:03.607Z</time>
      </trkpt>
      <trkpt lat="41.9744987" lon="2.8679070999999965">
        <ele>296.9637489072499</ele>
        <time>2026-08-01T04:41:08.155Z</time>
      </trkpt>
      <trkpt lat="41.9745457" lon="2.8679184000000078">
        <ele>297.6176733333056</ele>
        <time>2026-08-01T04:41:12.207Z</time>
      </trkpt>
      <trkpt lat="41.9745904" lon="2.8679257999999948">
        <ele>298.32076519454904</ele>
        <time>2026-08-01T04:41:15.669Z</time>
      </trkpt>
      <trkpt lat="41.9746388" lon="2.867928599999999">
        <ele>299.2119970881678</ele>
        <time>2026-08-01T04:41:20.024Z</time>
      </trkpt>
      <trkpt lat="41.9746873" lon="2.867930699999988">
        <ele>300.1192208279133</ele>
        <time>2026-08-01T04:41:23.886Z</time>
      </trkpt>
      <trkpt lat="41.9747394" lon="2.867923200000007">
        <ele>300.6829369236749</ele>
        <time>2026-08-01T04:41:28.226Z</time>
      </trkpt>
      <trkpt lat="41.9747816" lon="2.8679019999999866">
        <ele>301.5187993171369</ele>
        <time>2026-08-01T04:41:31.930Z</time>
      </trkpt>
      <trkpt lat="41.9748318" lon="2.867907300000013">
        <ele>301.7404254181707</ele>
        <time>2026-08-01T04:41:35.808Z</time>
      </trkpt>
      <trkpt lat="41.9748768" lon="2.8678926000000047">
        <ele>302.42430812749745</ele>
        <time>2026-08-01T04:41:39.390Z</time>
      </trkpt>
      <trkpt lat="41.9749215" lon="2.867878999999988">
        <ele>303.0739146637915</ele>
        <time>2026-08-01T04:41:43.164Z</time>
      </trkpt>
      <trkpt lat="41.9749734" lon="2.86787369999999">
        <ele>303.4932649542883</ele>
        <time>2026-08-01T04:41:47.365Z</time>
      </trkpt>
      <trkpt lat="41.9750184" lon="2.8678614000000096">
        <ele>303.5095136210596</ele>
        <time>2026-08-01T04:41:50.890Z</time>
      </trkpt>
      <trkpt lat="41.975064" lon="2.8678429999999935">
        <ele>303.55656622599304</ele>
        <time>2026-08-01T04:41:54.365Z</time>
      </trkpt>
      <trkpt lat="41.9751119" lon="2.8678467999999953">
        <ele>303.47116464624736</ele>
        <time>2026-08-01T04:41:58.130Z</time>
      </trkpt>
      <trkpt lat="41.9751607" lon="2.86784320000001">
        <ele>303.4408695187437</ele>
        <time>2026-08-01T04:42:02.366Z</time>
      </trkpt>
      <trkpt lat="41.9752076" lon="2.867841300000009">
        <ele>303.4040345770485</ele>
        <time>2026-08-01T04:42:06.107Z</time>
      </trkpt>
      <trkpt lat="41.9752511" lon="2.8678688999999906">
        <ele>303.0641142204684</ele>
        <time>2026-08-01T04:42:10.283Z</time>
      </trkpt>
      <trkpt lat="41.9752947" lon="2.8678892000000076">
        <ele>302.4803892088469</ele>
        <time>2026-08-01T04:42:14.387Z</time>
      </trkpt>
      <trkpt lat="41.9753423" lon="2.8679124999999885">
        <ele>301.77405340227733</ele>
        <time>2026-08-01T04:42:19.087Z</time>
      </trkpt>
      <trkpt lat="41.9753833" lon="2.867942400000004">
        <ele>300.9134370093266</ele>
        <time>2026-08-01T04:42:22.365Z</time>
      </trkpt>
      <trkpt lat="41.9754327" lon="2.8679541999999856">
        <ele>300.6114617674775</ele>
        <time>2026-08-01T04:42:26.024Z</time>
      </trkpt>
      <trkpt lat="41.9754752" lon="2.867974199999992">
        <ele>300.09999634571324</ele>
        <time>2026-08-01T04:42:28.746Z</time>
      </trkpt>
      <trkpt lat="41.9755223" lon="2.8679769999999962">
        <ele>300.07449794325566</ele>
        <time>2026-08-01T04:42:32.227Z</time>
      </trkpt>
      <trkpt lat="41.9755685" lon="2.867966700000011">
        <ele>300.09348919867546</ele>
        <time>2026-08-01T04:42:35.283Z</time>
      </trkpt>
      <trkpt lat="41.9756147" lon="2.8679553000000055">
        <ele>300.1149245894736</ele>
        <time>2026-08-01T04:42:38.364Z</time>
      </trkpt>
      <trkpt lat="41.9756611" lon="2.8679429000000027">
        <ele>300.1314531184536</ele>
        <time>2026-08-01T04:42:41.429Z</time>
      </trkpt>
      <trkpt lat="41.975706" lon="2.8679310999999927">
        <ele>300.1154691728819</ele>
        <time>2026-08-01T04:42:44.485Z</time>
      </trkpt>
      <trkpt lat="41.9757507" lon="2.8679196999999874">
        <ele>300.06582826467667</ele>
        <time>2026-08-01T04:42:47.547Z</time>
      </trkpt>
      <trkpt lat="41.9757958" lon="2.867907400000007">
        <ele>300.0052268763884</ele>
        <time>2026-08-01T04:42:50.587Z</time>
      </trkpt>
      <trkpt lat="41.9758461" lon="2.8678925000000106">
        <ele>300.21466437401295</ele>
        <time>2026-08-01T04:42:54.289Z</time>
      </trkpt>
      <trkpt lat="41.9758907" lon="2.8678812999999934">
        <ele>300.35649750337296</ele>
        <time>2026-08-01T04:42:57.365Z</time>
      </trkpt>
      <trkpt lat="41.9759387" lon="2.8678648000000067">
        <ele>300.4370976176284</ele>
        <time>2026-08-01T04:43:00.766Z</time>
      </trkpt>
      <trkpt lat="41.9759892" lon="2.8678476000000046">
        <ele>300.3596053429653</ele>
        <time>2026-08-01T04:43:04.365Z</time>
      </trkpt>
      <trkpt lat="41.9760353" lon="2.8678318000000047">
        <ele>300.29421907662925</ele>
        <time>2026-08-01T04:43:07.483Z</time>
      </trkpt>
      <trkpt lat="41.9760835" lon="2.8678116000000102">
        <ele>300.2473222093908</ele>
        <time>2026-08-01T04:43:10.889Z</time>
      </trkpt>
      <trkpt lat="41.9761298" lon="2.867793799999987">
        <ele>300.3031755580534</ele>
        <time>2026-08-01T04:43:13.945Z</time>
      </trkpt>
      <trkpt lat="41.9761744" lon="2.8677734000000044">
        <ele>300.3516094967073</ele>
        <time>2026-08-01T04:43:16.945Z</time>
      </trkpt>
      <trkpt lat="41.9762211" lon="2.8677614000000062">
        <ele>300.3952158485287</ele>
        <time>2026-08-01T04:43:19.968Z</time>
      </trkpt>
      <trkpt lat="41.9762669" lon="2.8677528999999993">
        <ele>300.4345298456214</ele>
        <time>2026-08-01T04:43:22.944Z</time>
      </trkpt>
      <trkpt lat="41.9763177" lon="2.867746799999992">
        <ele>300.47600010919496</ele>
        <time>2026-08-01T04:43:26.365Z</time>
      </trkpt>
      <trkpt lat="41.9763628" lon="2.8677438999999936">
        <ele>300.47324894858986</ele>
        <time>2026-08-01T04:43:29.367Z</time>
      </trkpt>
      <trkpt lat="41.9764092" lon="2.867746000000011">
        <ele>300.24302872310096</ele>
        <time>2026-08-01T04:43:32.446Z</time>
      </trkpt>
      <trkpt lat="41.9764589" lon="2.8677457000000004">
        <ele>299.9957391482346</ele>
        <time>2026-08-01T04:43:35.829Z</time>
      </trkpt>
      <trkpt lat="41.976508" lon="2.8677455000000123">
        <ele>299.75169587104745</ele>
        <time>2026-08-01T04:43:39.349Z</time>
      </trkpt>
      <trkpt lat="41.9765585" lon="2.8677399999999977">
        <ele>299.5135259357353</ele>
        <time>2026-08-01T04:43:42.349Z</time>
      </trkpt>
      <trkpt lat="41.9766104" lon="2.8677285999999924">
        <ele>299.29492884917664</ele>
        <time>2026-08-01T04:43:46.308Z</time>
      </trkpt>
      <trkpt lat="41.9766606" lon="2.867719099999988">
        <ele>299.0483856708726</ele>
        <time>2026-08-01T04:43:49.731Z</time>
      </trkpt>
      <trkpt lat="41.9767129" lon="2.8677080999999873">
        <ele>298.75902366244566</ele>
        <time>2026-08-01T04:43:53.249Z</time>
      </trkpt>
      <trkpt lat="41.9767583" lon="2.8676973000000032">
        <ele>298.51591235966924</ele>
        <time>2026-08-01T04:43:56.414Z</time>
      </trkpt>
      <trkpt lat="41.9768034" lon="2.867695800000007">
        <ele>298.24050565308306</ele>
        <time>2026-08-01T04:43:59.166Z</time>
      </trkpt>
      <trkpt lat="41.9768512" lon="2.8676844000000017">
        <ele>297.9903381307175</ele>
        <time>2026-08-01T04:44:02.149Z</time>
      </trkpt>
      <trkpt lat="41.976898" lon="2.8676671999999996">
        <ele>297.7753930084469</ele>
        <time>2026-08-01T04:44:05.149Z</time>
      </trkpt>
      <trkpt lat="41.9769449" lon="2.867650800000007">
        <ele>297.598028309474</ele>
        <time>2026-08-01T04:44:08.150Z</time>
      </trkpt>
      <trkpt lat="41.9769914" lon="2.867637599999995">
        <ele>297.41972648984733</ele>
        <time>2026-08-01T04:44:11.149Z</time>
      </trkpt>
      <trkpt lat="41.9770368" lon="2.8676261999999895">
        <ele>297.23367002478585</ele>
        <time>2026-08-01T04:44:14.124Z</time>
      </trkpt>
      <trkpt lat="41.9770825" lon="2.8676153000000113">
        <ele>297.0387177018644</ele>
        <time>2026-08-01T04:44:17.299Z</time>
      </trkpt>
      <trkpt lat="41.9771312" lon="2.867607300000003">
        <ele>296.8133613926052</ele>
        <time>2026-08-01T04:44:20.587Z</time>
      </trkpt>
      <trkpt lat="41.9771835" lon="2.867593599999992">
        <ele>296.5795326827928</ele>
        <time>2026-08-01T04:44:24.226Z</time>
      </trkpt>
      <trkpt lat="41.9772281" lon="2.8675851000000137">
        <ele>296.3561970069483</ele>
        <time>2026-08-01T04:44:27.289Z</time>
      </trkpt>
      <trkpt lat="41.9772737" lon="2.867578199999997">
        <ele>296.1677785471101</ele>
        <time>2026-08-01T04:44:30.346Z</time>
      </trkpt>
      <trkpt lat="41.9773199" lon="2.867571099999992">
        <ele>295.9998748810422</ele>
        <time>2026-08-01T04:44:33.444Z</time>
      </trkpt>
      <trkpt lat="41.9773703" lon="2.8675671000000023">
        <ele>295.83800474086223</ele>
        <time>2026-08-01T04:44:36.965Z</time>
      </trkpt>
      <trkpt lat="41.977416" lon="2.867573499999992">
        <ele>295.6724295036308</ele>
        <time>2026-08-01T04:44:40.127Z</time>
      </trkpt>
      <trkpt lat="41.9774646" lon="2.867574300000001">
        <ele>295.502543724028</ele>
        <time>2026-08-01T04:44:43.423Z</time>
      </trkpt>
      <trkpt lat="41.9775114" lon="2.867572200000012">
        <ele>295.67474961944765</ele>
        <time>2026-08-01T04:44:46.610Z</time>
      </trkpt>
      <trkpt lat="41.9775627" lon="2.8675819000000047">
        <ele>295.8225147505219</ele>
        <time>2026-08-01T04:44:49.844Z</time>
      </trkpt>
      <trkpt lat="41.9776145" lon="2.867581300000012">
        <ele>296.0320802175533</ele>
        <time>2026-08-01T04:44:54.005Z</time>
      </trkpt>
      <trkpt lat="41.9776636" lon="2.8675758999999914">
        <ele>296.271233016707</ele>
        <time>2026-08-01T04:44:57.311Z</time>
      </trkpt>
      <trkpt lat="41.9777105" lon="2.8675776999999982">
        <ele>296.4454267871153</ele>
        <time>2026-08-01T04:45:01.365Z</time>
      </trkpt>
      <trkpt lat="41.977756" lon="2.867574399999995">
        <ele>296.73628190798473</ele>
        <time>2026-08-01T04:45:05.110Z</time>
      </trkpt>
      <trkpt lat="41.9778034" lon="2.867574899999994">
        <ele>297.31732435288393</ele>
        <time>2026-08-01T04:45:09.166Z</time>
      </trkpt>
      <trkpt lat="41.9778503" lon="2.867574700000006">
        <ele>297.89883885773077</ele>
        <time>2026-08-01T04:45:13.366Z</time>
      </trkpt>
      <trkpt lat="41.9778955" lon="2.8675818000000106">
        <ele>298.39102383144086</ele>
        <time>2026-08-01T04:45:17.505Z</time>
      </trkpt>
      <trkpt lat="41.9779415" lon="2.8675777999999923">
        <ele>298.99712853726385</ele>
        <time>2026-08-01T04:45:21.425Z</time>
      </trkpt>
      <trkpt lat="41.9779909" lon="2.8675748">
        <ele>299.63553806392963</ele>
        <time>2026-08-01T04:45:25.849Z</time>
      </trkpt>
      <trkpt lat="41.9780395" lon="2.8675691999999913">
        <ele>300.1647527027415</ele>
        <time>2026-08-01T04:45:30.051Z</time>
      </trkpt>
      <trkpt lat="41.9780842" lon="2.867555199999998">
        <ele>300.49458215421066</ele>
        <time>2026-08-01T04:45:34.028Z</time>
      </trkpt>
      <trkpt lat="41.9781293" lon="2.8675446999999963">
        <ele>300.824650681393</ele>
        <time>2026-08-01T04:45:37.909Z</time>
      </trkpt>
      <trkpt lat="41.9781792" lon="2.86753920000001">
        <ele>301.13916320345777</ele>
        <time>2026-08-01T04:45:40.641Z</time>
      </trkpt>
      <trkpt lat="41.9782327" lon="2.8675350000000037">
        <ele>301.46961968812053</ele>
        <time>2026-08-01T04:45:42.790Z</time>
      </trkpt>
      <trkpt lat="41.9782782" lon="2.8675337999999897">
        <ele>301.72038933427297</ele>
        <time>2026-08-01T04:45:44.891Z</time>
      </trkpt>
      <trkpt lat="41.978327" lon="2.8675301000000104">
        <ele>301.8326984671726</ele>
        <time>2026-08-01T04:45:47.645Z</time>
      </trkpt>
      <trkpt lat="41.9783769" lon="2.867522100000002">
        <ele>301.8199465006354</ele>
        <time>2026-08-01T04:45:50.846Z</time>
      </trkpt>
      <trkpt lat="41.9784232" lon="2.867508799999996">
        <ele>301.9508576283671</ele>
        <time>2026-08-01T04:45:54.063Z</time>
      </trkpt>
      <trkpt lat="41.9784694" lon="2.8675064999999904">
        <ele>301.8621656389497</ele>
        <time>2026-08-01T04:45:57.337Z</time>
      </trkpt>
      <trkpt lat="41.9785179" lon="2.8675049">
        <ele>301.75502611977026</ele>
        <time>2026-08-01T04:46:00.707Z</time>
      </trkpt>
      <trkpt lat="41.9785617" lon="2.8674851000000103">
        <ele>302.114297816204</ele>
        <time>2026-08-01T04:46:04.365Z</time>
      </trkpt>
      <trkpt lat="41.9786034" lon="2.8675130999999965">
        <ele>301.6251583911456</ele>
        <time>2026-08-01T04:46:07.564Z</time>
      </trkpt>
      <trkpt lat="41.9786453" lon="2.8675355999999965">
        <ele>301.5829142866994</ele>
        <time>2026-08-01T04:46:10.365Z</time>
      </trkpt>
      <trkpt lat="41.9786708" lon="2.8675904000000116">
        <ele>300.5943600395595</ele>
        <time>2026-08-01T04:46:19.250Z</time>
      </trkpt>
      <trkpt lat="41.978714" lon="2.8676130000000057">
        <ele>300.657054024208</ele>
        <time>2026-08-01T04:46:22.851Z</time>
      </trkpt>
      <trkpt lat="41.9787604" lon="2.8676354000000117">
        <ele>300.85652164169574</ele>
        <time>2026-08-01T04:46:26.386Z</time>
      </trkpt>
      <trkpt lat="41.9787926" lon="2.8676824000000067">
        <ele>300.45880438492253</ele>
        <time>2026-08-01T04:46:30.171Z</time>
      </trkpt>
      <trkpt lat="41.9788279" lon="2.8677238999999872">
        <ele>300.34811321794336</ele>
        <time>2026-08-01T04:46:33.731Z</time>
      </trkpt>
      <trkpt lat="41.9788655" lon="2.8677572">
        <ele>300.57142640518305</ele>
        <time>2026-08-01T04:46:36.972Z</time>
      </trkpt>
      <trkpt lat="41.978897" lon="2.8678046999999935">
        <ele>300.68766016373564</ele>
        <time>2026-08-01T04:46:40.107Z</time>
      </trkpt>
      <trkpt lat="41.9789282" lon="2.8678496999999936">
        <ele>300.94099316563484</ele>
        <time>2026-08-01T04:46:43.284Z</time>
      </trkpt>
      <trkpt lat="41.9789678" lon="2.8678917999999953">
        <ele>301.6192314184325</ele>
        <time>2026-08-01T04:46:46.405Z</time>
      </trkpt>
      <trkpt lat="41.9790074" lon="2.867921300000006">
        <ele>302.4356785628048</ele>
        <time>2026-08-01T04:46:50.365Z</time>
      </trkpt>
      <trkpt lat="41.97905" lon="2.8679419000000053">
        <ele>303.37934363457265</ele>
        <time>2026-08-01T04:46:53.786Z</time>
      </trkpt>
      <trkpt lat="41.9790947" lon="2.8679578999999933">
        <ele>304.39315183392864</ele>
        <time>2026-08-01T04:46:58.365Z</time>
      </trkpt>
      <trkpt lat="41.9791405" lon="2.8679643000000112">
        <ele>305.4763477477157</ele>
        <time>2026-08-01T04:47:02.391Z</time>
      </trkpt>
      <trkpt lat="41.9791905" lon="2.86795570000001">
        <ele>305.8058704685657</ele>
        <time>2026-08-01T04:47:06.365Z</time>
      </trkpt>
      <trkpt lat="41.979235" lon="2.8679367000000013">
        <ele>306.3283204985982</ele>
        <time>2026-08-01T04:47:09.607Z</time>
      </trkpt>
      <trkpt lat="41.9792797" lon="2.8679214999999942">
        <ele>306.8291661098437</ele>
        <time>2026-08-01T04:47:12.744Z</time>
      </trkpt>
      <trkpt lat="41.9793256" lon="2.867909999999995">
        <ele>307.300499442442</ele>
        <time>2026-08-01T04:47:15.944Z</time>
      </trkpt>
      <trkpt lat="41.9793731" lon="2.867905400000012">
        <ele>307.65825114657326</ele>
        <time>2026-08-01T04:47:19.365Z</time>
      </trkpt>
      <trkpt lat="41.9794247" lon="2.8679069000000084">
        <ele>307.81585049403225</ele>
        <time>2026-08-01T04:47:22.727Z</time>
      </trkpt>
      <trkpt lat="41.9794699" lon="2.867906299999987">
        <ele>307.6176172695917</ele>
        <time>2026-08-01T04:47:26.528Z</time>
      </trkpt>
      <trkpt lat="41.9795159" lon="2.8679030000000125">
        <ele>307.48490541388605</ele>
        <time>2026-08-01T04:47:29.955Z</time>
      </trkpt>
      <trkpt lat="41.9795609" lon="2.867906299999987">
        <ele>307.18961212009606</ele>
        <time>2026-08-01T04:47:33.411Z</time>
      </trkpt>
      <trkpt lat="41.9796103" lon="2.867912600000011">
        <ele>306.7883542845094</ele>
        <time>2026-08-01T04:47:37.289Z</time>
      </trkpt>
      <trkpt lat="41.9796577" lon="2.8679204999999968">
        <ele>306.3431572733026</ele>
        <time>2026-08-01T04:47:40.984Z</time>
      </trkpt>
      <trkpt lat="41.9797105" lon="2.867928599999999">
        <ele>306.142036737227</ele>
        <time>2026-08-01T04:47:44.726Z</time>
      </trkpt>
      <trkpt lat="41.979763" lon="2.867935999999986">
        <ele>306.59289816646236</ele>
        <time>2026-08-01T04:47:49.404Z</time>
      </trkpt>
      <trkpt lat="41.9798122" lon="2.8679342000000076">
        <ele>307.25805423395997</ele>
        <time>2026-08-01T04:47:53.404Z</time>
      </trkpt>
      <trkpt lat="41.9805038" lon="2.8678562999999997">
        <ele>319.34387848589114</ele>
        <time>2026-08-01T04:49:22.926Z</time>
      </trkpt>
      <trkpt lat="41.9808788" lon="2.8678171999999904">
        <ele>317.5110999583128</ele>
        <time>2026-08-01T04:49:23.925Z</time>
      </trkpt>
      <trkpt lat="41.9809637" lon="2.867806800000011">
        <ele>316.80948061208346</ele>
        <time>2026-08-01T04:49:24.946Z</time>
      </trkpt>
      <trkpt lat="41.9810166" lon="2.8677954999999997">
        <ele>316.46323365190227</ele>
        <time>2026-08-01T04:49:27.045Z</time>
      </trkpt>
      <trkpt lat="41.9810659" lon="2.867772500000001">
        <ele>316.3168897193252</ele>
        <time>2026-08-01T04:49:30.229Z</time>
      </trkpt>
      <trkpt lat="41.9811127" lon="2.867759299999989">
        <ele>316.12789166020394</ele>
        <time>2026-08-01T04:49:33.332Z</time>
      </trkpt>
      <trkpt lat="41.9811578" lon="2.8677541000000133">
        <ele>315.8125137456525</ele>
        <time>2026-08-01T04:49:36.365Z</time>
      </trkpt>
      <trkpt lat="41.981211" lon="2.8677476999999953">
        <ele>315.45397597648594</ele>
        <time>2026-08-01T04:49:39.805Z</time>
      </trkpt>
      <trkpt lat="41.9812611" lon="2.867746199999999">
        <ele>315.0781673581783</ele>
        <time>2026-08-01T04:49:44.068Z</time>
      </trkpt>
      <trkpt lat="41.9813065" lon="2.867746199999999">
        <ele>314.72402265524505</ele>
        <time>2026-08-01T04:49:47.243Z</time>
      </trkpt>
      <trkpt lat="41.9813559" lon="2.8677551000000108">
        <ele>314.2265383979958</ele>
        <time>2026-08-01T04:49:51.368Z</time>
      </trkpt>
      <trkpt lat="41.981402" lon="2.867761800000011">
        <ele>314.4780265703972</ele>
        <time>2026-08-01T04:49:54.383Z</time>
      </trkpt>
      <trkpt lat="41.9814465" lon="2.867772599999995">
        <ele>314.8047881677393</ele>
        <time>2026-08-01T04:49:58.029Z</time>
      </trkpt>
      <trkpt lat="41.9814913" lon="2.86778129999999">
        <ele>315.17321871662097</ele>
        <time>2026-08-01T04:50:01.421Z</time>
      </trkpt>
      <trkpt lat="41.9815385" lon="2.8677872000000093">
        <ele>315.60756387651776</ele>
        <time>2026-08-01T04:50:05.085Z</time>
      </trkpt>
      <trkpt lat="41.9815857" lon="2.8677902000000017">
        <ele>316.0773015514584</ele>
        <time>2026-08-01T04:50:08.686Z</time>
      </trkpt>
      <trkpt lat="41.9816343" lon="2.867791899999986">
        <ele>316.5772694027903</ele>
        <time>2026-08-01T04:50:12.377Z</time>
      </trkpt>
      <trkpt lat="41.9816831" lon="2.867788399999995">
        <ele>317.6689562287881</ele>
        <time>2026-08-01T04:50:15.809Z</time>
      </trkpt>
      <trkpt lat="41.9817285" lon="2.8677887000000055">
        <ele>318.7410215386722</ele>
        <time>2026-08-01T04:50:19.366Z</time>
      </trkpt>
      <trkpt lat="41.9817739" lon="2.8677886000000115">
        <ele>319.8147590074577</ele>
        <time>2026-08-01T04:50:22.992Z</time>
      </trkpt>
      <trkpt lat="41.9818189" lon="2.867791000000011">
        <ele>320.88467979435353</ele>
        <time>2026-08-01T04:50:26.808Z</time>
      </trkpt>
      <trkpt lat="41.9818689" lon="2.8677934000000107">
        <ele>322.08693242263456</ele>
        <time>2026-08-01T04:50:30.631Z</time>
      </trkpt>
      <trkpt lat="41.9819197" lon="2.8677926000000014">
        <ele>323.2941982099749</ele>
        <time>2026-08-01T04:50:35.150Z</time>
      </trkpt>
      <trkpt lat="41.9819693" lon="2.8677852000000144">
        <ele>324.204284844529</ele>
        <time>2026-08-01T04:50:39.004Z</time>
      </trkpt>
      <trkpt lat="41.9820198" lon="2.867785099999992">
        <ele>325.1929043826144</ele>
        <time>2026-08-01T04:50:42.788Z</time>
      </trkpt>
      <trkpt lat="41.9820683" lon="2.8677833000000135">
        <ele>326.11967372941785</ele>
        <time>2026-08-01T04:50:46.707Z</time>
      </trkpt>
      <trkpt lat="41.9821144" lon="2.867776399999997">
        <ele>326.9195533869082</ele>
        <time>2026-08-01T04:50:50.531Z</time>
      </trkpt>
      <trkpt lat="41.9821643" lon="2.8677664999999877">
        <ele>327.7229981036614</ele>
        <time>2026-08-01T04:50:55.369Z</time>
      </trkpt>
      <trkpt lat="41.9822089" lon="2.867755399999993">
        <ele>328.25205718969</ele>
        <time>2026-08-01T04:50:59.991Z</time>
      </trkpt>
      <trkpt lat="41.9822557" lon="2.867732799999999">
        <ele>328.304490259465</ele>
        <time>2026-08-01T04:51:05.030Z</time>
      </trkpt>
      <trkpt lat="41.9822933" lon="2.8676983999999948">
        <ele>328.2380523151961</ele>
        <time>2026-08-01T04:51:09.586Z</time>
      </trkpt>
      <trkpt lat="41.9823261" lon="2.867656799999992">
        <ele>328.1805632846017</ele>
        <time>2026-08-01T04:51:14.207Z</time>
      </trkpt>
      <trkpt lat="41.9823542" lon="2.8676002999999923">
        <ele>328.0739177496719</ele>
        <time>2026-08-01T04:51:18.871Z</time>
      </trkpt>
      <trkpt lat="41.9823858" lon="2.867553500000014">
        <ele>328.08144165512726</ele>
        <time>2026-08-01T04:51:23.365Z</time>
      </trkpt>
      <trkpt lat="41.9824212" lon="2.8674997999999903">
        <ele>328.2586865111455</ele>
        <time>2026-08-01T04:51:28.349Z</time>
      </trkpt>
      <trkpt lat="41.9824623" lon="2.867468300000013">
        <ele>328.9738280912385</ele>
        <time>2026-08-01T04:51:32.366Z</time>
      </trkpt>
      <trkpt lat="41.9824963" lon="2.8674225000000035">
        <ele>329.3163292546859</ele>
        <time>2026-08-01T04:51:35.949Z</time>
      </trkpt>
      <trkpt lat="41.9825332" lon="2.8673808000000065">
        <ele>329.7439685481292</ele>
        <time>2026-08-01T04:51:40.308Z</time>
      </trkpt>
      <trkpt lat="41.9825786" lon="2.8673690999999906">
        <ele>330.5218805348927</ele>
        <time>2026-08-01T04:51:45.327Z</time>
      </trkpt>
      <trkpt lat="41.9826236" lon="2.8673826000000133">
        <ele>331.2698995334889</ele>
        <time>2026-08-01T04:51:50.570Z</time>
      </trkpt>
      <trkpt lat="41.9826634" lon="2.867422099999999">
        <ele>331.69022471895596</ele>
        <time>2026-08-01T04:51:55.421Z</time>
      </trkpt>
      <trkpt lat="41.9826933" lon="2.8674709000000007">
        <ele>331.7102514545073</ele>
        <time>2026-08-01T04:51:59.365Z</time>
      </trkpt>
      <trkpt lat="41.9827296" lon="2.867510600000003">
        <ele>331.6840405083208</ele>
        <time>2026-08-01T04:52:03.845Z</time>
      </trkpt>
      <trkpt lat="41.9827648" lon="2.8675492000000133">
        <ele>331.3754378480378</ele>
        <time>2026-08-01T04:52:08.377Z</time>
      </trkpt>
      <trkpt lat="41.9828042" lon="2.867581300000012">
        <ele>330.80705638457823</ele>
        <time>2026-08-01T04:52:12.766Z</time>
      </trkpt>
      <trkpt lat="41.9828445" lon="2.867613199999994">
        <ele>330.19143629684584</ele>
        <time>2026-08-01T04:52:17.315Z</time>
      </trkpt>
      <trkpt lat="41.9828824" lon="2.8676465000000064">
        <ele>329.55822817047533</ele>
        <time>2026-08-01T04:52:21.625Z</time>
      </trkpt>
      <trkpt lat="41.9829186" lon="2.867696499999994">
        <ele>328.68620118510233</ele>
        <time>2026-08-01T04:52:26.006Z</time>
      </trkpt>
      <trkpt lat="41.9829496" lon="2.8677470000000085">
        <ele>327.8149418918599</ele>
        <time>2026-08-01T04:52:30.187Z</time>
      </trkpt>
      <trkpt lat="41.9829849" lon="2.867794300000014">
        <ele>326.94819794069093</ele>
        <time>2026-08-01T04:52:34.408Z</time>
      </trkpt>
      <trkpt lat="41.9830151" lon="2.867840000000001">
        <ele>326.11618097556345</ele>
        <time>2026-08-01T04:52:38.316Z</time>
      </trkpt>
      <trkpt lat="41.9830451" lon="2.8678865999999914">
        <ele>325.43219259356664</ele>
        <time>2026-08-01T04:52:42.226Z</time>
      </trkpt>
      <trkpt lat="41.9830707" lon="2.8679387999999904">
        <ele>324.840102563646</ele>
        <time>2026-08-01T04:52:46.327Z</time>
      </trkpt>
      <trkpt lat="41.9830948" lon="2.8679909999999893">
        <ele>324.284846331579</ele>
        <time>2026-08-01T04:52:50.108Z</time>
      </trkpt>
      <trkpt lat="41.9831151" lon="2.868046200000009">
        <ele>323.6854470214304</ele>
        <time>2026-08-01T04:52:53.840Z</time>
      </trkpt>
      <trkpt lat="41.9831264" lon="2.8681105000000002">
        <ele>322.8658819785795</ele>
        <time>2026-08-01T04:52:57.788Z</time>
      </trkpt>
      <trkpt lat="41.983148" lon="2.8681656999999916">
        <ele>322.33453070329455</ele>
        <time>2026-08-01T04:53:01.610Z</time>
      </trkpt>
      <trkpt lat="41.9831579" lon="2.868227300000001">
        <ele>321.4650576527526</ele>
        <time>2026-08-01T04:53:06.044Z</time>
      </trkpt>
      <trkpt lat="41.9831626" lon="2.8682886999999937">
        <ele>320.5391283570828</ele>
        <time>2026-08-01T04:53:10.430Z</time>
      </trkpt>
      <trkpt lat="41.9831703" lon="2.868354100000005">
        <ele>319.64190035370336</ele>
        <time>2026-08-01T04:53:14.769Z</time>
      </trkpt>
      <trkpt lat="41.9831722" lon="2.8684202000000028">
        <ele>318.6220290704723</ele>
        <time>2026-08-01T04:53:18.365Z</time>
      </trkpt>
      <trkpt lat="41.9831754" lon="2.868482699999987">
        <ele>317.87032432597044</ele>
        <time>2026-08-01T04:53:21.827Z</time>
      </trkpt>
      <trkpt lat="41.9831752" lon="2.8685542999999996">
        <ele>316.9352203470497</ele>
        <time>2026-08-01T04:53:26.327Z</time>
      </trkpt>
      <trkpt lat="41.9831798" lon="2.868616099999997">
        <ele>316.2758299309742</ele>
        <time>2026-08-01T04:53:29.590Z</time>
      </trkpt>
      <trkpt lat="41.9832" lon="2.8686719000000096">
        <ele>316.2123124335153</ele>
        <time>2026-08-01T04:53:32.787Z</time>
      </trkpt>
      <trkpt lat="41.9832186" lon="2.868728400000009">
        <ele>316.33939696134615</ele>
        <time>2026-08-01T04:53:36.091Z</time>
      </trkpt>
      <trkpt lat="41.9832236" lon="2.8687928999999883">
        <ele>316.31668693443476</ele>
        <time>2026-08-01T04:53:39.267Z</time>
      </trkpt>
      <trkpt lat="41.9832425" lon="2.8688549999999964">
        <ele>316.73078146495396</ele>
        <time>2026-08-01T04:53:42.826Z</time>
      </trkpt>
      <trkpt lat="41.9832553" lon="2.8689133000000027">
        <ele>316.9418482072989</ele>
        <time>2026-08-01T04:53:46.106Z</time>
      </trkpt>
      <trkpt lat="41.9832597" lon="2.868980399999998">
        <ele>316.853040012981</ele>
        <time>2026-08-01T04:53:50.368Z</time>
      </trkpt>
      <trkpt lat="41.9832668" lon="2.8690420000000074">
        <ele>316.93965931244026</ele>
        <time>2026-08-01T04:53:54.588Z</time>
      </trkpt>
      <trkpt lat="41.9832803" lon="2.8691003000000137">
        <ele>317.24236451041094</ele>
        <time>2026-08-01T04:53:58.365Z</time>
      </trkpt>
      <trkpt lat="41.9832912" lon="2.8691638999999896">
        <ele>317.4667739522775</ele>
        <time>2026-08-01T04:54:02.348Z</time>
      </trkpt>
      <trkpt lat="41.9833065" lon="2.86922899999999">
        <ele>317.8395592130593</ele>
        <time>2026-08-01T04:54:06.225Z</time>
      </trkpt>
      <trkpt lat="41.9833215" lon="2.8692955999999867">
        <ele>317.87710041769964</ele>
        <time>2026-08-01T04:54:09.807Z</time>
      </trkpt>
      <trkpt lat="41.9833427" lon="2.8693509000000006">
        <ele>317.89069674232655</ele>
        <time>2026-08-01T04:54:12.870Z</time>
      </trkpt>
      <trkpt lat="41.9833684" lon="2.8694051999999886">
        <ele>318.0352506615525</ele>
        <time>2026-08-01T04:54:16.006Z</time>
      </trkpt>
      <trkpt lat="41.9833882" lon="2.8694624000000033">
        <ele>317.99378161025845</ele>
        <time>2026-08-01T04:54:19.204Z</time>
      </trkpt>
      <trkpt lat="41.983406" lon="2.869518999999997">
        <ele>317.905381015402</ele>
        <time>2026-08-01T04:54:22.285Z</time>
      </trkpt>
      <trkpt lat="41.9834258" lon="2.8695735000000013">
        <ele>318.07097735291535</ele>
        <time>2026-08-01T04:54:25.406Z</time>
      </trkpt>
      <trkpt lat="41.983449" lon="2.869630000000001">
        <ele>318.4443573883416</ele>
        <time>2026-08-01T04:54:28.630Z</time>
      </trkpt>
      <trkpt lat="41.9834681" lon="2.869686900000005">
        <ele>318.71027707355785</ele>
        <time>2026-08-01T04:54:31.711Z</time>
      </trkpt>
      <trkpt lat="41.9834848" lon="2.8697506000000033">
        <ele>318.8858058548169</ele>
        <time>2026-08-01T04:54:35.365Z</time>
      </trkpt>
      <trkpt lat="41.9834982" lon="2.869815100000011">
        <ele>318.97198645418075</ele>
        <time>2026-08-01T04:54:38.945Z</time>
      </trkpt>
      <trkpt lat="41.9835128" lon="2.8698722999999973">
        <ele>319.3985276735347</ele>
        <time>2026-08-01T04:54:42.528Z</time>
      </trkpt>
      <trkpt lat="41.9835054" lon="2.8699373999999978">
        <ele>319.28416433184395</ele>
        <time>2026-08-01T04:54:46.125Z</time>
      </trkpt>
      <trkpt lat="41.9834948" lon="2.869998299999992">
        <ele>319.13376497174846</ele>
        <time>2026-08-01T04:54:49.771Z</time>
      </trkpt>
      <trkpt lat="41.9834784" lon="2.870059700000013">
        <ele>318.92597929313166</ele>
        <time>2026-08-01T04:54:53.831Z</time>
      </trkpt>
      <trkpt lat="41.9834537" lon="2.8701144999999997">
        <ele>318.55285808260163</ele>
        <time>2026-08-01T04:54:57.891Z</time>
      </trkpt>
      <trkpt lat="41.9834224" lon="2.8701619999999934">
        <ele>318.00335038851966</ele>
        <time>2026-08-01T04:55:02.429Z</time>
      </trkpt>
      <trkpt lat="41.9833798" lon="2.870198700000003">
        <ele>317.41504167475347</ele>
        <time>2026-08-01T04:55:07.206Z</time>
      </trkpt>
      <trkpt lat="41.9833312" lon="2.870227099999994">
        <ele>316.8535767186696</ele>
        <time>2026-08-01T04:55:11.372Z</time>
      </trkpt>
      <trkpt lat="41.9832882" lon="2.870252999999991">
        <ele>316.3045108599954</ele>
        <time>2026-08-01T04:55:15.389Z</time>
      </trkpt>
      <trkpt lat="41.9832448" lon="2.8702723000000105">
        <ele>315.58582811255275</ele>
        <time>2026-08-01T04:55:19.024Z</time>
      </trkpt>
      <trkpt lat="41.9831999" lon="2.8702810999999997">
        <ele>314.79397716008793</ele>
        <time>2026-08-01T04:55:22.725Z</time>
      </trkpt>
      <trkpt lat="41.983148" lon="2.8702863000000036">
        <ele>313.85823391348674</ele>
        <time>2026-08-01T04:55:26.866Z</time>
      </trkpt>
      <trkpt lat="41.9831026" lon="2.870285800000005">
        <ele>313.0334276308721</ele>
        <time>2026-08-01T04:55:31.405Z</time>
      </trkpt>
      <trkpt lat="41.9828107" lon="2.870550900000012">
        <ele>305.6007649712003</ele>
        <time>2026-08-01T04:56:42.627Z</time>
      </trkpt>
      <trkpt lat="41.9825766" lon="2.870812000000001">
        <ele>303.87972601110334</ele>
        <time>2026-08-01T04:56:43.664Z</time>
      </trkpt>
      <trkpt lat="41.9825382" lon="2.8708561999999915">
        <ele>304.02739970142267</ele>
        <time>2026-08-01T04:56:44.710Z</time>
      </trkpt>
      <trkpt lat="41.9824952" lon="2.870886100000007">
        <ele>304.183210658135</ele>
        <time>2026-08-01T04:56:46.767Z</time>
      </trkpt>
      <trkpt lat="41.9824514" lon="2.870924500000001">
        <ele>304.48735277465863</ele>
        <time>2026-08-01T04:56:50.867Z</time>
      </trkpt>
      <trkpt lat="41.98241" lon="2.8709579000000076">
        <ele>304.60245139417094</ele>
        <time>2026-08-01T04:56:54.383Z</time>
      </trkpt>
      <trkpt lat="41.9823652" lon="2.8709910000000036">
        <ele>304.6664389415158</ele>
        <time>2026-08-01T04:56:58.045Z</time>
      </trkpt>
      <trkpt lat="41.9823191" lon="2.8710220000000106">
        <ele>304.73953139076866</ele>
        <time>2026-08-01T04:57:01.339Z</time>
      </trkpt>
      <trkpt lat="41.9822752" lon="2.871056100000004">
        <ele>304.81716278367975</ele>
        <time>2026-08-01T04:57:05.249Z</time>
      </trkpt>
      <trkpt lat="41.9822346" lon="2.8710853999999983">
        <ele>304.8947926822015</ele>
        <time>2026-08-01T04:57:08.376Z</time>
      </trkpt>
      <trkpt lat="41.9821908" lon="2.8711150999999973">
        <ele>304.9372416980677</ele>
        <time>2026-08-01T04:57:11.847Z</time>
      </trkpt>
      <trkpt lat="41.9821516" lon="2.871147199999996">
        <ele>304.80012616426404</ele>
        <time>2026-08-01T04:57:14.990Z</time>
      </trkpt>
      <trkpt lat="41.9821136" lon="2.8711820999999986">
        <ele>304.76703131129386</ele>
        <time>2026-08-01T04:57:18.245Z</time>
      </trkpt>
      <trkpt lat="41.9820668" lon="2.871218699999986">
        <ele>304.8128032910054</ele>
        <time>2026-08-01T04:57:21.988Z</time>
      </trkpt>
      <trkpt lat="41.9820271" lon="2.871251199999989">
        <ele>304.9308996907051</ele>
        <time>2026-08-01T04:57:25.365Z</time>
      </trkpt>
      <trkpt lat="41.9819857" lon="2.871280399999989">
        <ele>305.13073128493755</ele>
        <time>2026-08-01T04:57:28.628Z</time>
      </trkpt>
      <trkpt lat="41.9819461" lon="2.8713094000000012">
        <ele>305.4217080171071</ele>
        <time>2026-08-01T04:57:31.790Z</time>
      </trkpt>
      <trkpt lat="41.9819034" lon="2.871337600000004">
        <ele>305.81187115675345</ele>
        <time>2026-08-01T04:57:35.365Z</time>
      </trkpt>
      <trkpt lat="41.9818618" lon="2.8713643000000104">
        <ele>306.2796583974351</ele>
        <time>2026-08-01T04:57:38.691Z</time>
      </trkpt>
      <trkpt lat="41.9818177" lon="2.8713849000000096">
        <ele>306.7613943720603</ele>
        <time>2026-08-01T04:57:42.267Z</time>
      </trkpt>
      <trkpt lat="41.9817779" lon="2.8714134999999885">
        <ele>307.404361982901</ele>
        <time>2026-08-01T04:57:45.466Z</time>
      </trkpt>
      <trkpt lat="41.9817355" lon="2.8714530000000025">
        <ele>308.3321891652119</ele>
        <time>2026-08-01T04:57:49.225Z</time>
      </trkpt>
      <trkpt lat="41.9816974" lon="2.871497199999993">
        <ele>309.31518130328527</ele>
        <time>2026-08-01T04:57:52.344Z</time>
      </trkpt>
      <trkpt lat="41.981661" lon="2.871540699999997">
        <ele>309.95451720962416</ele>
        <time>2026-08-01T04:57:56.365Z</time>
      </trkpt>
      <trkpt lat="41.9816288" lon="2.871587500000004">
        <ele>310.62152454798525</ele>
        <time>2026-08-01T04:57:59.646Z</time>
      </trkpt>
      <trkpt lat="41.9815946" lon="2.871629899999988">
        <ele>311.28651036251574</ele>
        <time>2026-08-01T04:58:03.786Z</time>
      </trkpt>
      <trkpt lat="41.9815591" lon="2.871672100000012">
        <ele>312.0764824169106</ele>
        <time>2026-08-01T04:58:06.930Z</time>
      </trkpt>
      <trkpt lat="41.9815233" lon="2.871724300000011">
        <ele>313.1066065619756</ele>
        <time>2026-08-01T04:58:11.064Z</time>
      </trkpt>
      <trkpt lat="41.981493" lon="2.8717757000000006">
        <ele>314.0562714524213</ele>
        <time>2026-08-01T04:58:14.151Z</time>
      </trkpt>
      <trkpt lat="41.9814695" lon="2.8718279999999936">
        <ele>314.40019776922895</ele>
        <time>2026-08-01T04:58:17.607Z</time>
      </trkpt>
      <trkpt lat="41.981447" lon="2.8718818000000113">
        <ele>314.784469760382</ele>
        <time>2026-08-01T04:58:20.726Z</time>
      </trkpt>
      <trkpt lat="41.9814229" lon="2.871933399999989">
        <ele>315.2536475788733</ele>
        <time>2026-08-01T04:58:23.790Z</time>
      </trkpt>
      <trkpt lat="41.981396" lon="2.8719911000000025">
        <ele>315.84617408752115</ele>
        <time>2026-08-01T04:58:27.429Z</time>
      </trkpt>
      <trkpt lat="41.981376" lon="2.872049199999992">
        <ele>316.29855065194266</ele>
        <time>2026-08-01T04:58:30.910Z</time>
      </trkpt>
      <trkpt lat="41.9813579" lon="2.8721102000000087">
        <ele>315.8177323984642</ele>
        <time>2026-08-01T04:58:34.367Z</time>
      </trkpt>
      <trkpt lat="41.9813464" lon="2.872175700000014">
        <ele>314.99522791493325</ele>
        <time>2026-08-01T04:58:37.727Z</time>
      </trkpt>
      <trkpt lat="41.9813203" lon="2.872232700000012">
        <ele>314.2523309316828</ele>
        <time>2026-08-01T04:58:41.406Z</time>
      </trkpt>
      <trkpt lat="41.9812913" lon="2.8722825000000114">
        <ele>313.58161139100434</ele>
        <time>2026-08-01T04:58:45.206Z</time>
      </trkpt>
      <trkpt lat="41.9812538" lon="2.872327100000007">
        <ele>312.9187577229421</ele>
        <time>2026-08-01T04:58:49.189Z</time>
      </trkpt>
      <trkpt lat="41.9812172" lon="2.872363699999994">
        <ele>312.20488111477505</ele>
        <time>2026-08-01T04:58:52.645Z</time>
      </trkpt>
      <trkpt lat="41.9811824" lon="2.872410500000001">
        <ele>311.4395412220759</ele>
        <time>2026-08-01T04:58:56.229Z</time>
      </trkpt>
      <trkpt lat="41.9811477" lon="2.872456199999988">
        <ele>310.8346785314572</ele>
        <time>2026-08-01T04:58:59.790Z</time>
      </trkpt>
      <trkpt lat="41.9811137" lon="2.872498400000012">
        <ele>310.41296291564504</ele>
        <time>2026-08-01T04:59:03.365Z</time>
      </trkpt>
      <trkpt lat="41.9810764" lon="2.8725365999999894">
        <ele>310.0026437568266</ele>
        <time>2026-08-01T04:59:07.069Z</time>
      </trkpt>
      <trkpt lat="41.9810407" lon="2.8725815999999895">
        <ele>308.9565278883014</ele>
        <time>2026-08-01T04:59:11.169Z</time>
      </trkpt>
      <trkpt lat="41.981007" lon="2.872632799999991">
        <ele>308.06248831860177</ele>
        <time>2026-08-01T04:59:15.344Z</time>
      </trkpt>
      <trkpt lat="41.9809694" lon="2.8726681999999926">
        <ele>307.390723187773</ele>
        <time>2026-08-01T04:59:19.125Z</time>
      </trkpt>
      <trkpt lat="41.9809356" lon="2.872712199999995">
        <ele>306.80353048717603</ele>
        <time>2026-08-01T04:59:23.210Z</time>
      </trkpt>
      <trkpt lat="41.9808937" lon="2.8727547000000015">
        <ele>306.23164731525446</ele>
        <time>2026-08-01T04:59:27.309Z</time>
      </trkpt>
      <trkpt lat="41.9808558" lon="2.8727948000000083">
        <ele>305.8015691162642</ele>
        <time>2026-08-01T04:59:30.811Z</time>
      </trkpt>
      <trkpt lat="41.9808226" lon="2.87283690000001">
        <ele>305.4926869057388</ele>
        <time>2026-08-01T04:59:33.916Z</time>
      </trkpt>
      <trkpt lat="41.9807902" lon="2.872884599999992">
        <ele>305.10806898914586</ele>
        <time>2026-08-01T04:59:37.379Z</time>
      </trkpt>
      <trkpt lat="41.9807607" lon="2.872930700000012">
        <ele>304.89547296701005</ele>
        <time>2026-08-01T04:59:40.626Z</time>
      </trkpt>
      <trkpt lat="41.9807311" lon="2.872981199999998">
        <ele>304.8659028561721</ele>
        <time>2026-08-01T04:59:44.009Z</time>
      </trkpt>
      <trkpt lat="41.9807042" lon="2.8730304999999987">
        <ele>305.01349045431533</ele>
        <time>2026-08-01T04:59:47.050Z</time>
      </trkpt>
      <trkpt lat="41.9806745" lon="2.873076700000013">
        <ele>305.25555597851064</ele>
        <time>2026-08-01T04:59:50.065Z</time>
      </trkpt>
      <trkpt lat="41.9806448" lon="2.8731236000000138">
        <ele>305.6574059390723</ele>
        <time>2026-08-01T04:59:53.191Z</time>
      </trkpt>
      <trkpt lat="41.9806155" lon="2.873170700000003">
        <ele>306.160861605782</ele>
        <time>2026-08-01T04:59:55.808Z</time>
      </trkpt>
      <trkpt lat="41.980591" lon="2.873222300000009">
        <ele>306.70385235664264</ele>
        <time>2026-08-01T04:59:59.287Z</time>
      </trkpt>
      <trkpt lat="41.9805626" lon="2.8732704999999896">
        <ele>307.3217014696173</ele>
        <time>2026-08-01T05:00:02.367Z</time>
      </trkpt>
      <trkpt lat="41.9805284" lon="2.8733207999999877">
        <ele>308.1087268056482</ele>
        <time>2026-08-01T05:00:06.086Z</time>
      </trkpt>
      <trkpt lat="41.9804951" lon="2.873363799999993">
        <ele>308.31110966270893</ele>
        <time>2026-08-01T05:00:09.604Z</time>
      </trkpt>
      <trkpt lat="41.9804663" lon="2.873416700000007">
        <ele>308.6896940203538</ele>
        <time>2026-08-01T05:00:13.244Z</time>
      </trkpt>
      <trkpt lat="41.9804502" lon="2.8734786999999926">
        <ele>308.98041296487355</ele>
        <time>2026-08-01T05:00:16.748Z</time>
      </trkpt>
      <trkpt lat="41.9804374" lon="2.873546299999987">
        <ele>309.19693475089707</ele>
        <time>2026-08-01T05:00:20.426Z</time>
      </trkpt>
      <trkpt lat="41.9804234" lon="2.8736125000000072">
        <ele>309.40346294377554</ele>
        <time>2026-08-01T05:00:24.024Z</time>
      </trkpt>
      <trkpt lat="41.980409" lon="2.873674499999993">
        <ele>309.5938309233055</ele>
        <time>2026-08-01T05:00:27.375Z</time>
      </trkpt>
      <trkpt lat="41.9803895" lon="2.8737343999999894">
        <ele>309.75443044325675</ele>
        <time>2026-08-01T05:00:30.807Z</time>
      </trkpt>
      <trkpt lat="41.9803756" lon="2.87379820000001">
        <ele>310.06230465841054</ele>
        <time>2026-08-01T05:00:34.366Z</time>
      </trkpt>
      <trkpt lat="41.9803665" lon="2.873861000000005">
        <ele>310.4266815136652</ele>
        <time>2026-08-01T05:00:37.405Z</time>
      </trkpt>
      <trkpt lat="41.9803798" lon="2.8739213000000063">
        <ele>310.955918316136</ele>
        <time>2026-08-01T05:00:40.151Z</time>
      </trkpt>
      <trkpt lat="41.9803784" lon="2.8739928999999904">
        <ele>311.43078252169613</ele>
        <time>2026-08-01T05:00:43.286Z</time>
      </trkpt>
      <trkpt lat="41.9803844" lon="2.8740564999999947">
        <ele>311.21365539625066</ele>
        <time>2026-08-01T05:00:45.967Z</time>
      </trkpt>
      <trkpt lat="41.980383" lon="2.8741176000000053">
        <ele>310.964109967907</ele>
        <time>2026-08-01T05:00:48.504Z</time>
      </trkpt>
      <trkpt lat="41.9803809" lon="2.8741779000000065">
        <ele>310.7227671106934</ele>
        <time>2026-08-01T05:00:51.392Z</time>
      </trkpt>
      <trkpt lat="41.9803774" lon="2.8742440000000045">
        <ele>310.46932876230863</ele>
        <time>2026-08-01T05:00:54.168Z</time>
      </trkpt>
      <trkpt lat="41.9803721" lon="2.874312599999996">
        <ele>309.86080400160404</ele>
        <time>2026-08-01T05:00:58.046Z</time>
      </trkpt>
      <trkpt lat="41.9803655" lon="2.8743725999999867">
        <ele>309.15927162769765</ele>
        <time>2026-08-01T05:01:01.190Z</time>
      </trkpt>
      <trkpt lat="41.9803517" lon="2.87443540000001">
        <ele>308.48859498663364</ele>
        <time>2026-08-01T05:01:04.767Z</time>
      </trkpt>
      <trkpt lat="41.9803294" lon="2.8744954000000007">
        <ele>307.95680753538664</ele>
        <time>2026-08-01T05:01:08.390Z</time>
      </trkpt>
      <trkpt lat="41.9803106" lon="2.874552499999993">
        <ele>307.4799587806435</ele>
        <time>2026-08-01T05:01:11.951Z</time>
      </trkpt>
      <trkpt lat="41.9802943" lon="2.8746227999999974">
        <ele>306.72633928151157</ele>
        <time>2026-08-01T05:01:15.869Z</time>
      </trkpt>
      <trkpt lat="41.9802835" lon="2.874691299999995">
        <ele>305.922474255586</ele>
        <time>2026-08-01T05:01:20.226Z</time>
      </trkpt>
      <trkpt lat="41.9802702" lon="2.8747538000000077">
        <ele>305.18755022226475</ele>
        <time>2026-08-01T05:01:23.386Z</time>
      </trkpt>
      <trkpt lat="41.9802633" lon="2.874820199999988">
        <ele>304.34424188397054</ele>
        <time>2026-08-01T05:01:27.369Z</time>
      </trkpt>
      <trkpt lat="41.980254" lon="2.874890300000004">
        <ele>303.19613959274244</ele>
        <time>2026-08-01T05:01:30.386Z</time>
      </trkpt>
      <trkpt lat="41.9802439" lon="2.874951799999991">
        <ele>302.0716922359431</ele>
        <time>2026-08-01T05:01:34.365Z</time>
      </trkpt>
      <trkpt lat="41.9802306" lon="2.8750196999999957">
        <ele>300.7739054390457</ele>
        <time>2026-08-01T05:01:37.745Z</time>
      </trkpt>
      <trkpt lat="41.9802051" lon="2.875078000000002">
        <ele>299.5705564161782</ele>
        <time>2026-08-01T05:01:41.944Z</time>
      </trkpt>
      <trkpt lat="41.9801677" lon="2.875122800000014">
        <ele>298.55165851789604</ele>
        <time>2026-08-01T05:01:46.276Z</time>
      </trkpt>
      <trkpt lat="41.9801458" lon="2.8751766999999973">
        <ele>297.5822824491417</ele>
        <time>2026-08-01T05:01:50.309Z</time>
      </trkpt>
      <trkpt lat="41.9801084" lon="2.8752144999999985">
        <ele>296.85535234113337</ele>
        <time>2026-08-01T05:01:54.645Z</time>
      </trkpt>
      <trkpt lat="41.9800665" lon="2.8752451000000008">
        <ele>296.2980951364123</ele>
        <time>2026-08-01T05:01:58.788Z</time>
      </trkpt>
      <trkpt lat="41.9800214" lon="2.875271199999986">
        <ele>295.8679905033492</ele>
        <time>2026-08-01T05:02:02.962Z</time>
      </trkpt>
      <trkpt lat="41.9799725" lon="2.8752877999999953">
        <ele>295.5983320459008</ele>
        <time>2026-08-01T05:02:07.127Z</time>
      </trkpt>
      <trkpt lat="41.9799286" lon="2.8753111999999987">
        <ele>295.12583362925704</ele>
        <time>2026-08-01T05:02:11.883Z</time>
      </trkpt>
      <trkpt lat="41.9798828" lon="2.875326400000006">
        <ele>294.73904301504217</ele>
        <time>2026-08-01T05:02:16.051Z</time>
      </trkpt>
      <trkpt lat="41.9798334" lon="2.8753322000000026">
        <ele>294.4211585304894</ele>
        <time>2026-08-01T05:02:20.267Z</time>
      </trkpt>
      <trkpt lat="41.9797863" lon="2.875335199999995">
        <ele>294.1424785467731</ele>
        <time>2026-08-01T05:02:24.047Z</time>
      </trkpt>
      <trkpt lat="41.9797368" lon="2.875335100000001">
        <ele>293.87201550947634</ele>
        <time>2026-08-01T05:02:28.205Z</time>
      </trkpt>
      <trkpt lat="41.979694" lon="2.8753568999999857">
        <ele>293.53626454212906</ele>
        <time>2026-08-01T05:02:32.290Z</time>
      </trkpt>
      <trkpt lat="41.9796453" lon="2.8753724000000034">
        <ele>292.62060902909406</ele>
        <time>2026-08-01T05:02:36.311Z</time>
      </trkpt>
      <trkpt lat="41.9795944" lon="2.875397200000009">
        <ele>291.62289988570046</ele>
        <time>2026-08-01T05:02:40.229Z</time>
      </trkpt>
      <trkpt lat="41.9795584" lon="2.87543629999999">
        <ele>290.73532486050493</ele>
        <time>2026-08-01T05:02:43.286Z</time>
      </trkpt>
      <trkpt lat="41.9795286" lon="2.875495900000004">
        <ele>289.7743057124136</ele>
        <time>2026-08-01T05:02:47.391Z</time>
      </trkpt>
      <trkpt lat="41.9795086" lon="2.875552199999987">
        <ele>288.97897311745544</ele>
        <time>2026-08-01T05:02:50.447Z</time>
      </trkpt>
      <trkpt lat="41.9794954" lon="2.875620700000013">
        <ele>288.19613744190656</ele>
        <time>2026-08-01T05:02:54.104Z</time>
      </trkpt>
      <trkpt lat="41.9794788" lon="2.8756860000000017">
        <ele>287.224571756226</ele>
        <time>2026-08-01T05:02:56.107Z</time>
      </trkpt>
      <trkpt lat="41.9794591" lon="2.875755199999986">
        <ele>285.9011160566865</ele>
        <time>2026-08-01T05:02:58.087Z</time>
      </trkpt>
      <trkpt lat="41.9794485" lon="2.875814399999996">
        <ele>284.8701953518895</ele>
        <time>2026-08-01T05:03:00.466Z</time>
      </trkpt>
      <trkpt lat="41.9794487" lon="2.875878">
        <ele>284.0351821092378</ele>
        <time>2026-08-01T05:03:03.109Z</time>
      </trkpt>
      <trkpt lat="41.9794595" lon="2.8759418999999866">
        <ele>283.48903911683226</ele>
        <time>2026-08-01T05:03:06.125Z</time>
      </trkpt>
      <trkpt lat="41.9794681" lon="2.876001300000013">
        <ele>282.85390063400706</ele>
        <time>2026-08-01T05:03:09.151Z</time>
      </trkpt>
      <trkpt lat="41.9794727" lon="2.8760652999999934">
        <ele>282.05848298367204</ele>
        <time>2026-08-01T05:03:13.206Z</time>
      </trkpt>
      <trkpt lat="41.9794776" lon="2.8761259999999993">
        <ele>281.34260282114565</ele>
        <time>2026-08-01T05:03:16.285Z</time>
      </trkpt>
      <trkpt lat="41.9794859" lon="2.876195700000011">
        <ele>280.64735831177995</ele>
        <time>2026-08-01T05:03:20.347Z</time>
      </trkpt>
      <trkpt lat="41.9794884" lon="2.8762624000000017">
        <ele>280.6626281711849</ele>
        <time>2026-08-01T05:03:23.386Z</time>
      </trkpt>
      <trkpt lat="41.9794963" lon="2.876326199999994">
        <ele>281.26203196274275</ele>
        <time>2026-08-01T05:03:28.830Z</time>
      </trkpt>
      <trkpt lat="41.9795103" lon="2.8763893999999937">
        <ele>282.0633831245077</ele>
        <time>2026-08-01T05:03:31.526Z</time>
      </trkpt>
      <trkpt lat="41.9795261" lon="2.8764521999999886">
        <ele>282.9015220491813</ele>
        <time>2026-08-01T05:03:34.399Z</time>
      </trkpt>
      <trkpt lat="41.9795412" lon="2.876510599999989">
        <ele>283.8388088994456</ele>
        <time>2026-08-01T05:03:37.049Z</time>
      </trkpt>
      <trkpt lat="41.9795628" lon="2.876565499999998">
        <ele>285.33040837861273</ele>
        <time>2026-08-01T05:03:39.627Z</time>
      </trkpt>
      <trkpt lat="41.979585" lon="2.8766237000000103">
        <ele>286.76350170589296</ele>
        <time>2026-08-01T05:03:42.627Z</time>
      </trkpt>
      <trkpt lat="41.979609" lon="2.8766826000000094">
        <ele>288.12161646994525</ele>
        <time>2026-08-01T05:03:45.668Z</time>
      </trkpt>
      <trkpt lat="41.9796325" lon="2.8767410000000098">
        <ele>289.32301442119257</ele>
        <time>2026-08-01T05:03:49.146Z</time>
      </trkpt>
      <trkpt lat="41.9796564" lon="2.8767943999999943">
        <ele>290.3795562774135</ele>
        <time>2026-08-01T05:03:52.106Z</time>
      </trkpt>
      <trkpt lat="41.9796818" lon="2.8768445999999983">
        <ele>291.4534735820214</ele>
        <time>2026-08-01T05:03:54.786Z</time>
      </trkpt>
      <trkpt lat="41.9797081" lon="2.876895399999995">
        <ele>292.4033602175577</ele>
        <time>2026-08-01T05:03:58.249Z</time>
      </trkpt>
      <trkpt lat="41.9797493" lon="2.8769202999999948">
        <ele>293.04974360470624</ele>
        <time>2026-08-01T05:04:06.147Z</time>
      </trkpt>
      <trkpt lat="41.9797835" lon="2.876971900000001">
        <ele>293.8677527880578</ele>
        <time>2026-08-01T05:04:10.264Z</time>
      </trkpt>
      <trkpt lat="41.9798169" lon="2.8770197000000053">
        <ele>294.5962363563529</ele>
        <time>2026-08-01T05:04:13.831Z</time>
      </trkpt>
      <trkpt lat="41.9798566" lon="2.8770496999999864">
        <ele>295.1700535903031</ele>
        <time>2026-08-01T05:04:16.928Z</time>
      </trkpt>
      <trkpt lat="41.9799012" lon="2.877076399999993">
        <ele>295.52054673966256</ele>
        <time>2026-08-01T05:04:20.327Z</time>
      </trkpt>
      <trkpt lat="41.9799405" lon="2.8771059000000037">
        <ele>295.95622226414866</ele>
        <time>2026-08-01T05:04:23.365Z</time>
      </trkpt>
      <trkpt lat="41.9799838" lon="2.8771361000000013">
        <ele>296.52654031674103</ele>
        <time>2026-08-01T05:04:26.830Z</time>
      </trkpt>
      <trkpt lat="41.9800248" lon="2.8771752000000106">
        <ele>297.05231870094747</ele>
        <time>2026-08-01T05:04:30.006Z</time>
      </trkpt>
      <trkpt lat="41.9800636" lon="2.8772068000000104">
        <ele>297.59455746448464</ele>
        <time>2026-08-01T05:04:33.645Z</time>
      </trkpt>
      <trkpt lat="41.9801037" lon="2.877249799999987">
        <ele>298.31834781221295</ele>
        <time>2026-08-01T05:04:37.269Z</time>
      </trkpt>
      <trkpt lat="41.9801427" lon="2.877280799999994">
        <ele>299.0120658218214</ele>
        <time>2026-08-01T05:04:41.707Z</time>
      </trkpt>
      <trkpt lat="41.9801817" lon="2.8773186999999893">
        <ele>299.85041461474117</ele>
        <time>2026-08-01T05:04:46.248Z</time>
      </trkpt>
      <trkpt lat="41.9802212" lon="2.877354700000012">
        <ele>300.2900247507924</ele>
        <time>2026-08-01T05:04:50.549Z</time>
      </trkpt>
      <trkpt lat="41.9802646" lon="2.877391700000004">
        <ele>300.32632601121134</ele>
        <time>2026-08-01T05:04:55.107Z</time>
      </trkpt>
      <trkpt lat="41.9803028" lon="2.8774377999999956">
        <ele>299.7514071090736</ele>
        <time>2026-08-01T05:04:59.265Z</time>
      </trkpt>
      <trkpt lat="41.9803366" lon="2.877481700000004">
        <ele>299.26119123855153</ele>
        <time>2026-08-01T05:05:03.928Z</time>
      </trkpt>
      <trkpt lat="41.9803696" lon="2.877530500000006">
        <ele>298.7885659393044</ele>
        <time>2026-08-01T05:05:08.444Z</time>
      </trkpt>
      <trkpt lat="41.9803882" lon="2.877586199999996">
        <ele>298.41669953992914</ele>
        <time>2026-08-01T05:05:13.365Z</time>
      </trkpt>
      <trkpt lat="41.9803956" lon="2.8776461999999867">
        <ele>298.1316877591215</ele>
        <time>2026-08-01T05:05:17.609Z</time>
      </trkpt>
      <trkpt lat="41.9803941" lon="2.8777105000000063">
        <ele>297.8928957122219</ele>
        <time>2026-08-01T05:05:21.185Z</time>
      </trkpt>
      <trkpt lat="41.9804057" lon="2.877777000000009">
        <ele>297.6102441461796</ele>
        <time>2026-08-01T05:05:25.846Z</time>
      </trkpt>
      <trkpt lat="41.9804093" lon="2.8778422000000035">
        <ele>297.3737815575485</ele>
        <time>2026-08-01T05:05:29.990Z</time>
      </trkpt>
      <trkpt lat="41.9804146" lon="2.877902799999987">
        <ele>297.1768110623037</ele>
        <time>2026-08-01T05:05:33.365Z</time>
      </trkpt>
      <trkpt lat="41.9804208" lon="2.877964800000001">
        <ele>297.04252445022564</ele>
        <time>2026-08-01T05:05:36.485Z</time>
      </trkpt>
      <trkpt lat="41.9804365" lon="2.878025000000008">
        <ele>297.03531554821546</ele>
        <time>2026-08-01T05:05:39.589Z</time>
      </trkpt>
      <trkpt lat="41.9804603" lon="2.8780822999999884">
        <ele>297.23466226091097</ele>
        <time>2026-08-01T05:05:42.687Z</time>
      </trkpt>
      <trkpt lat="41.9804821" lon="2.87814130000001">
        <ele>297.5666598675451</ele>
        <time>2026-08-01T05:05:45.745Z</time>
      </trkpt>
      <trkpt lat="41.980502" lon="2.8781979000000035">
        <ele>297.4886828511184</ele>
        <time>2026-08-01T05:05:48.869Z</time>
      </trkpt>
      <trkpt lat="41.9805194" lon="2.8782553000000064">
        <ele>297.1330129182148</ele>
        <time>2026-08-01T05:05:51.945Z</time>
      </trkpt>
      <trkpt lat="41.9805353" lon="2.878318400000012">
        <ele>296.6001846950671</ele>
        <time>2026-08-01T05:05:55.378Z</time>
      </trkpt>
      <trkpt lat="41.9805537" lon="2.8783769000000063">
        <ele>295.91469421736645</ele>
        <time>2026-08-01T05:05:58.397Z</time>
      </trkpt>
      <trkpt lat="41.9805755" lon="2.878436300000004">
        <ele>295.274175058103</ele>
        <time>2026-08-01T05:06:01.663Z</time>
      </trkpt>
      <trkpt lat="41.9806003" lon="2.878500400000007">
        <ele>293.57680009619435</ele>
        <time>2026-08-01T05:06:04.744Z</time>
      </trkpt>
      <trkpt lat="41.9806265" lon="2.8785522000000014">
        <ele>292.2768173000749</ele>
        <time>2026-08-01T05:06:08.185Z</time>
      </trkpt>
      <trkpt lat="41.9806544" lon="2.8786009000000092">
        <ele>291.2206680177306</ele>
        <time>2026-08-01T05:06:11.425Z</time>
      </trkpt>
      <trkpt lat="41.9806832" lon="2.878660999999994">
        <ele>290.0597166994555</ele>
        <time>2026-08-01T05:06:14.986Z</time>
      </trkpt>
      <trkpt lat="41.9807072" lon="2.8787163000000078">
        <ele>289.1249041820501</ele>
        <time>2026-08-01T05:06:18.305Z</time>
      </trkpt>
      <trkpt lat="41.9807295" lon="2.878771499999999">
        <ele>288.70969692515894</ele>
        <time>2026-08-01T05:06:21.506Z</time>
      </trkpt>
      <trkpt lat="41.9807554" lon="2.878832100000011">
        <ele>288.591183754443</ele>
        <time>2026-08-01T05:06:25.250Z</time>
      </trkpt>
      <trkpt lat="41.9807827" lon="2.8788881000000117">
        <ele>288.85118466886354</ele>
        <time>2026-08-01T05:06:28.851Z</time>
      </trkpt>
      <trkpt lat="41.9808128" lon="2.8789394000000073">
        <ele>289.4530453855075</ele>
        <time>2026-08-01T05:06:32.364Z</time>
      </trkpt>
      <trkpt lat="41.9808475" lon="2.878985699999987">
        <ele>290.10874691237404</ele>
        <time>2026-08-01T05:06:35.749Z</time>
      </trkpt>
      <trkpt lat="41.98088" lon="2.8790330999999867">
        <ele>290.82777925524425</ele>
        <time>2026-08-01T05:06:39.349Z</time>
      </trkpt>
      <trkpt lat="41.9809182" lon="2.879072000000008">
        <ele>291.82458260646615</ele>
        <time>2026-08-01T05:06:42.773Z</time>
      </trkpt>
      <trkpt lat="41.9809538" lon="2.8791133">
        <ele>292.8373810204263</ele>
        <time>2026-08-01T05:06:46.294Z</time>
      </trkpt>
      <trkpt lat="41.9809953" lon="2.8791505000000086">
        <ele>294.1285752428172</ele>
        <time>2026-08-01T05:06:50.191Z</time>
      </trkpt>
      <trkpt lat="41.9810365" lon="2.8791913999999963">
        <ele>295.51762506603325</ele>
        <time>2026-08-01T05:06:54.167Z</time>
      </trkpt>
      <trkpt lat="41.9810666" lon="2.8792377000000045">
        <ele>296.6528378772117</ele>
        <time>2026-08-01T05:06:58.088Z</time>
      </trkpt>
      <trkpt lat="41.9811034" lon="2.8792862999999898">
        <ele>297.63401052118667</ele>
        <time>2026-08-01T05:07:02.408Z</time>
      </trkpt>
      <trkpt lat="41.9811344" lon="2.879339499999986">
        <ele>297.9802122492013</ele>
        <time>2026-08-01T05:07:07.027Z</time>
      </trkpt>
      <trkpt lat="41.981168" lon="2.8793798000000095">
        <ele>298.49785310276945</ele>
        <time>2026-08-01T05:07:11.165Z</time>
      </trkpt>
      <trkpt lat="41.9811981" lon="2.8794250999999917">
        <ele>299.0697028511753</ele>
        <time>2026-08-01T05:07:15.366Z</time>
      </trkpt>
      <trkpt lat="41.9812294" lon="2.8794704000000024">
        <ele>299.7757490842138</ele>
        <time>2026-08-01T05:07:19.265Z</time>
      </trkpt>
      <trkpt lat="41.9812644" lon="2.879512500000004">
        <ele>300.66359821175627</ele>
        <time>2026-08-01T05:07:23.185Z</time>
      </trkpt>
      <trkpt lat="41.9812987" lon="2.8795577999999864">
        <ele>301.6508488634284</ele>
        <time>2026-08-01T05:07:27.331Z</time>
      </trkpt>
      <trkpt lat="41.9813277" lon="2.879608899999994">
        <ele>302.346195878954</ele>
        <time>2026-08-01T05:07:31.275Z</time>
      </trkpt>
      <trkpt lat="41.9813605" lon="2.8796600999999953">
        <ele>303.3476763279367</ele>
        <time>2026-08-01T05:07:35.247Z</time>
      </trkpt>
      <trkpt lat="41.9813881" lon="2.879714299999989">
        <ele>303.7999894610627</ele>
        <time>2026-08-01T05:07:38.928Z</time>
      </trkpt>
      <trkpt lat="41.9814141" lon="2.879771000000005">
        <ele>304.2917354764548</ele>
        <time>2026-08-01T05:07:42.745Z</time>
      </trkpt>
      <trkpt lat="41.9814392" lon="2.879825000000011">
        <ele>304.85974726989144</ele>
        <time>2026-08-01T05:07:46.564Z</time>
      </trkpt>
      <trkpt lat="41.9814656" lon="2.879878600000012">
        <ele>304.84436167031987</ele>
        <time>2026-08-01T05:07:50.413Z</time>
      </trkpt>
      <trkpt lat="41.9814935" lon="2.8799357999999984">
        <ele>304.84083657770475</ele>
        <time>2026-08-01T05:07:54.246Z</time>
      </trkpt>
      <trkpt lat="41.9815208" lon="2.8799856999999918">
        <ele>305.02934946770483</ele>
        <time>2026-08-01T05:07:58.365Z</time>
      </trkpt>
      <trkpt lat="41.9815472" lon="2.8800414000000103">
        <ele>305.2995891312427</ele>
        <time>2026-08-01T05:08:02.376Z</time>
      </trkpt>
      <trkpt lat="41.9815727" lon="2.880092100000013">
        <ele>305.7104579189439</ele>
        <time>2026-08-01T05:08:06.225Z</time>
      </trkpt>
      <trkpt lat="41.9816027" lon="2.880144900000005">
        <ele>305.7520162263581</ele>
        <time>2026-08-01T05:08:10.066Z</time>
      </trkpt>
      <trkpt lat="41.9816307" lon="2.8802022000000136">
        <ele>305.410295776808</ele>
        <time>2026-08-01T05:08:14.265Z</time>
      </trkpt>
      <trkpt lat="41.9816615" lon="2.8802536999999973">
        <ele>304.92425719341975</ele>
        <time>2026-08-01T05:08:18.365Z</time>
      </trkpt>
      <trkpt lat="41.9816877" lon="2.880307600000009">
        <ele>304.2772690857656</ele>
        <time>2026-08-01T05:08:22.129Z</time>
      </trkpt>
      <trkpt lat="41.9817194" lon="2.880363100000011">
        <ele>303.8674074724544</ele>
        <time>2026-08-01T05:08:26.106Z</time>
      </trkpt>
      <trkpt lat="41.9817475" lon="2.880414800000011">
        <ele>303.2592946869932</ele>
        <time>2026-08-01T05:08:29.747Z</time>
      </trkpt>
      <trkpt lat="41.9817761" lon="2.880463899999995">
        <ele>302.50842384689827</ele>
        <time>2026-08-01T05:08:33.315Z</time>
      </trkpt>
      <trkpt lat="41.9818108" lon="2.88051200000001">
        <ele>302.11547512838365</ele>
        <time>2026-08-01T05:08:36.965Z</time>
      </trkpt>
      <trkpt lat="41.9818428" lon="2.8805547000000047">
        <ele>301.9753427263386</ele>
        <time>2026-08-01T05:08:40.206Z</time>
      </trkpt>
      <trkpt lat="41.9818767" lon="2.88059659999999">
        <ele>302.08145474305445</ele>
        <time>2026-08-01T05:08:43.276Z</time>
      </trkpt>
      <trkpt lat="41.9819096" lon="2.880639000000002">
        <ele>302.32197183660753</ele>
        <time>2026-08-01T05:08:46.365Z</time>
      </trkpt>
      <trkpt lat="41.9819454" lon="2.880689200000006">
        <ele>302.22988953700803</ele>
        <time>2026-08-01T05:08:49.925Z</time>
      </trkpt>
      <trkpt lat="41.981979" lon="2.880733300000003">
        <ele>302.0630627633985</ele>
        <time>2026-08-01T05:08:53.365Z</time>
      </trkpt>
      <trkpt lat="41.9820072" lon="2.880786300000011">
        <ele>301.6697641697435</ele>
        <time>2026-08-01T05:08:56.924Z</time>
      </trkpt>
      <trkpt lat="41.9820361" lon="2.880833800000005">
        <ele>301.46273014857366</ele>
        <time>2026-08-01T05:09:00.365Z</time>
      </trkpt>
      <trkpt lat="41.9820526" lon="2.8808917000000065">
        <ele>300.8165929574623</ele>
        <time>2026-08-01T05:09:05.371Z</time>
      </trkpt>
      <trkpt lat="41.9820983" lon="2.8809175000000096">
        <ele>301.54396736598983</ele>
        <time>2026-08-01T05:09:13.372Z</time>
      </trkpt>
      <trkpt lat="41.9821383" lon="2.880961500000012">
        <ele>301.89181399838697</ele>
        <time>2026-08-01T05:09:14.378Z</time>
      </trkpt>
      <trkpt lat="41.9821713" lon="2.8810100999999975">
        <ele>301.9392903186985</ele>
        <time>2026-08-01T05:09:17.190Z</time>
      </trkpt>
      <trkpt lat="41.9821969" lon="2.881062700000001">
        <ele>301.61637509741644</ele>
        <time>2026-08-01T05:09:20.365Z</time>
      </trkpt>
      <trkpt lat="41.9822144" lon="2.8811225999999976">
        <ele>301.06628809357653</ele>
        <time>2026-08-01T05:09:23.688Z</time>
      </trkpt>
      <trkpt lat="41.9822358" lon="2.8811780000000056">
        <ele>300.7345120828225</ele>
        <time>2026-08-01T05:09:27.210Z</time>
      </trkpt>
      <trkpt lat="41.9822578" lon="2.881231299999996">
        <ele>300.60034487232514</ele>
        <time>2026-08-01T05:09:30.365Z</time>
      </trkpt>
      <trkpt lat="41.9822758" lon="2.8812915000000032">
        <ele>301.081138979732</ele>
        <time>2026-08-01T05:09:33.906Z</time>
      </trkpt>
      <trkpt lat="41.9822963" lon="2.8813452999999924">
        <ele>301.56770976934985</ele>
        <time>2026-08-01T05:09:37.444Z</time>
      </trkpt>
      <trkpt lat="41.9823197" lon="2.8814026999999953">
        <ele>302.04393012013117</ele>
        <time>2026-08-01T05:09:40.408Z</time>
      </trkpt>
      <trkpt lat="41.9823388" lon="2.881460000000004">
        <ele>302.3328688102987</ele>
        <time>2026-08-01T05:09:44.365Z</time>
      </trkpt>
      <trkpt lat="41.9823626" lon="2.8815156">
        <ele>302.7608898491085</ele>
        <time>2026-08-01T05:09:52.327Z</time>
      </trkpt>
      <trkpt lat="41.9823964" lon="2.881564300000008">
        <ele>303.4853968406434</ele>
        <time>2026-08-01T05:09:56.424Z</time>
      </trkpt>
      <trkpt lat="41.9824189" lon="2.881625000000014">
        <ele>303.7686009439131</ele>
        <time>2026-08-01T05:10:00.353Z</time>
      </trkpt>
      <trkpt lat="41.9824342" lon="2.8816831000000036">
        <ele>303.77671802392456</ele>
        <time>2026-08-01T05:10:03.564Z</time>
      </trkpt>
      <trkpt lat="41.9824498" lon="2.8817425999999955">
        <ele>303.6188056069263</ele>
        <time>2026-08-01T05:10:07.014Z</time>
      </trkpt>
      <trkpt lat="41.9824503" lon="2.8818067999999926">
        <ele>303.66478859332346</ele>
        <time>2026-08-01T05:10:10.369Z</time>
      </trkpt>
      <trkpt lat="41.9824527" lon="2.88186859999999">
        <ele>304.09955199879494</ele>
        <time>2026-08-01T05:10:13.788Z</time>
      </trkpt>
      <trkpt lat="41.9824486" lon="2.8819296000000065">
        <ele>304.611894286368</ele>
        <time>2026-08-01T05:10:17.270Z</time>
      </trkpt>
      <trkpt lat="41.9824401" lon="2.881989400000009">
        <ele>305.256420371057</ele>
        <time>2026-08-01T05:10:20.983Z</time>
      </trkpt>
      <trkpt lat="41.9824313" lon="2.8820498999999984">
        <ele>306.0056861409833</ele>
        <time>2026-08-01T05:10:24.529Z</time>
      </trkpt>
      <trkpt lat="41.9824318" lon="2.8821116000000018">
        <ele>306.46949654383417</ele>
        <time>2026-08-01T05:10:28.370Z</time>
      </trkpt>
      <trkpt lat="41.9824371" lon="2.8821743999999967">
        <ele>306.7577225531252</ele>
        <time>2026-08-01T05:10:32.045Z</time>
      </trkpt>
      <trkpt lat="41.9824458" lon="2.8822408999999993">
        <ele>306.90394785261054</ele>
        <time>2026-08-01T05:10:35.889Z</time>
      </trkpt>
      <trkpt lat="41.982467" lon="2.8822992000000056">
        <ele>306.41377815209887</ele>
        <time>2026-08-01T05:10:39.108Z</time>
      </trkpt>
      <trkpt lat="41.9824962" lon="2.8823534999999936">
        <ele>306.6606889412569</ele>
        <time>2026-08-01T05:10:42.768Z</time>
      </trkpt>
      <trkpt lat="41.9825295" lon="2.8824038999999857">
        <ele>307.5541013356747</ele>
        <time>2026-08-01T05:10:45.906Z</time>
      </trkpt>
      <trkpt lat="41.9825621" lon="2.8824477999999942">
        <ele>308.3213407869591</ele>
        <time>2026-08-01T05:10:49.469Z</time>
      </trkpt>
      <trkpt lat="41.9825936" lon="2.8824935000000096">
        <ele>309.04891732132575</ele>
        <time>2026-08-01T05:10:53.001Z</time>
      </trkpt>
      <trkpt lat="41.9826283" lon="2.882535499999989">
        <ele>309.72194528560533</ele>
        <time>2026-08-01T05:10:56.491Z</time>
      </trkpt>
      <trkpt lat="41.9826663" lon="2.882574599999998">
        <ele>310.3474384007195</ele>
        <time>2026-08-01T05:11:00.270Z</time>
      </trkpt>
      <trkpt lat="41.9827058" lon="2.8826133999999968">
        <ele>310.93195317783176</ele>
        <time>2026-08-01T05:11:03.282Z</time>
      </trkpt>
      <trkpt lat="41.9827461" lon="2.8826549999999997">
        <ele>311.8276166448801</ele>
        <time>2026-08-01T05:11:06.869Z</time>
      </trkpt>
      <trkpt lat="41.9827831" lon="2.8826918000000035">
        <ele>313.123439131767</ele>
        <time>2026-08-01T05:11:10.144Z</time>
      </trkpt>
      <trkpt lat="41.9828216" lon="2.882727200000005">
        <ele>314.58263871642686</ele>
        <time>2026-08-01T05:11:13.283Z</time>
      </trkpt>
      <trkpt lat="41.9828581" lon="2.8827650000000062">
        <ele>316.05022733805623</ele>
        <time>2026-08-01T05:11:16.687Z</time>
      </trkpt>
      <trkpt lat="41.9828954" lon="2.8828034000000002">
        <ele>317.56535000503374</ele>
        <time>2026-08-01T05:11:20.546Z</time>
      </trkpt>
      <trkpt lat="41.9829346" lon="2.882838399999997">
        <ele>319.0904291474688</ele>
        <time>2026-08-01T05:11:24.307Z</time>
      </trkpt>
      <trkpt lat="41.9829741" lon="2.8828724999999906">
        <ele>320.62626772656927</ele>
        <time>2026-08-01T05:11:28.366Z</time>
      </trkpt>
      <trkpt lat="41.983017" lon="2.882905700000009">
        <ele>322.2618356398142</ele>
        <time>2026-08-01T05:11:33.227Z</time>
      </trkpt>
      <trkpt lat="41.9830565" lon="2.8829398000000026">
        <ele>323.32134931199306</ele>
        <time>2026-08-01T05:11:37.650Z</time>
      </trkpt>
      <trkpt lat="41.9830947" lon="2.8829747999999995">
        <ele>324.09804744400174</ele>
        <time>2026-08-01T05:11:42.105Z</time>
      </trkpt>
      <trkpt lat="41.9831309" lon="2.883018800000002">
        <ele>325.0748680188921</ele>
        <time>2026-08-01T05:11:46.267Z</time>
      </trkpt>
      <trkpt lat="41.983165" lon="2.883062499999994">
        <ele>326.07820804736537</ele>
        <time>2026-08-01T05:11:50.250Z</time>
      </trkpt>
      <trkpt lat="41.9832001" lon="2.8831077000000107">
        <ele>327.15697349209046</ele>
        <time>2026-08-01T05:11:54.707Z</time>
      </trkpt>
      <trkpt lat="41.9832232" lon="2.8831656000000123">
        <ele>328.4648722820814</ele>
        <time>2026-08-01T05:11:59.116Z</time>
      </trkpt>
      <trkpt lat="41.9832468" lon="2.883225100000004">
        <ele>329.5487441461454</ele>
        <time>2026-08-01T05:12:03.366Z</time>
      </trkpt>
      <trkpt lat="41.9832519" lon="2.883288399999998">
        <ele>330.5572612514111</ele>
        <time>2026-08-01T05:12:09.406Z</time>
      </trkpt>
      <trkpt lat="41.9832386" lon="2.8833495000000084">
        <ele>331.3658586988112</ele>
        <time>2026-08-01T05:12:14.645Z</time>
      </trkpt>
      <trkpt lat="41.9832203" lon="2.8834050000000104">
        <ele>332.0067229275067</ele>
        <time>2026-08-01T05:12:18.768Z</time>
      </trkpt>
      <trkpt lat="41.9832069" lon="2.8834632999999883">
        <ele>332.7198272116322</ele>
        <time>2026-08-01T05:12:22.569Z</time>
      </trkpt>
      <trkpt lat="41.9831962" lon="2.8835249999999917">
        <ele>333.5501904207567</ele>
        <time>2026-08-01T05:12:26.365Z</time>
      </trkpt>
      <trkpt lat="41.9831848" lon="2.8835883000000138">
        <ele>334.40707485012945</ele>
        <time>2026-08-01T05:12:30.365Z</time>
      </trkpt>
      <trkpt lat="41.9831852" lon="2.883654100000001">
        <ele>335.4329560473625</ele>
        <time>2026-08-01T05:12:34.671Z</time>
      </trkpt>
      <trkpt lat="41.9831936" lon="2.8837160999999867">
        <ele>336.477420326407</ele>
        <time>2026-08-01T05:12:38.650Z</time>
      </trkpt>
      <trkpt lat="41.9831979" lon="2.8837813000000097">
        <ele>337.5925617243905</ele>
        <time>2026-08-01T05:12:43.069Z</time>
      </trkpt>
      <trkpt lat="41.9831995" lon="2.8838432999999952">
        <ele>338.6368770345325</ele>
        <time>2026-08-01T05:12:47.368Z</time>
      </trkpt>
      <trkpt lat="41.9832021" lon="2.8839087000000063">
        <ele>339.73700028157305</ele>
        <time>2026-08-01T05:12:51.130Z</time>
      </trkpt>
      <trkpt lat="41.9832078" lon="2.883980000000008">
        <ele>340.9340394425169</ele>
        <time>2026-08-01T05:12:54.972Z</time>
      </trkpt>
      <trkpt lat="41.9832162" lon="2.884041200000013">
        <ele>341.82543371603055</ele>
        <time>2026-08-01T05:12:58.310Z</time>
      </trkpt>
      <trkpt lat="41.9832211" lon="2.884108700000013">
        <ele>342.6860238834471</ele>
        <time>2026-08-01T05:13:02.025Z</time>
      </trkpt>
      <trkpt lat="41.9832255" lon="2.8841692999999964">
        <ele>343.4478385471534</ele>
        <time>2026-08-01T05:13:05.348Z</time>
      </trkpt>
      <trkpt lat="41.9832266" lon="2.884234399999997">
        <ele>344.2629489668798</ele>
        <time>2026-08-01T05:13:09.008Z</time>
      </trkpt>
      <trkpt lat="41.9832334" lon="2.8843002000000126">
        <ele>345.021970029534</ele>
        <time>2026-08-01T05:13:12.928Z</time>
      </trkpt>
      <trkpt lat="41.9832444" lon="2.884367499999996">
        <ele>345.6340586211237</ele>
        <time>2026-08-01T05:13:17.329Z</time>
      </trkpt>
      <trkpt lat="41.9832526" lon="2.884428600000007">
        <ele>346.17805936051167</ele>
        <time>2026-08-01T05:13:21.707Z</time>
      </trkpt>
      <trkpt lat="41.9832711" lon="2.884485000000012">
        <ele>346.5929324007929</ele>
        <time>2026-08-01T05:13:25.590Z</time>
      </trkpt>
      <trkpt lat="41.9832826" lon="2.8845436999999947">
        <ele>347.0460073665715</ele>
        <time>2026-08-01T05:13:29.543Z</time>
      </trkpt>
      <trkpt lat="41.9832969" lon="2.884603400000003">
        <ele>347.2815158363104</ele>
        <time>2026-08-01T05:13:34.065Z</time>
      </trkpt>
      <trkpt lat="41.9833156" lon="2.884666399999986">
        <ele>347.3223108993624</ele>
        <time>2026-08-01T05:13:39.226Z</time>
      </trkpt>
      <trkpt lat="41.983346" lon="2.884714300000013">
        <ele>346.93488427995845</ele>
        <time>2026-08-01T05:13:43.420Z</time>
      </trkpt>
      <trkpt lat="41.9833759" lon="2.8847636000000136">
        <ele>346.5122910870006</ele>
        <time>2026-08-01T05:13:47.365Z</time>
      </trkpt>
      <trkpt lat="41.9833932" lon="2.8848266999999908">
        <ele>346.3385545759835</ele>
        <time>2026-08-01T05:13:51.352Z</time>
      </trkpt>
      <trkpt lat="41.9833986" lon="2.884894800000012">
        <ele>345.51942166085144</ele>
        <time>2026-08-01T05:13:55.433Z</time>
      </trkpt>
      <trkpt lat="41.9834046" lon="2.8849599000000126">
        <ele>344.48635174847914</ele>
        <time>2026-08-01T05:13:59.365Z</time>
      </trkpt>
      <trkpt lat="41.983404" lon="2.885022300000003">
        <ele>343.6455382818962</ele>
        <time>2026-08-01T05:14:03.043Z</time>
      </trkpt>
      <trkpt lat="41.9833938" lon="2.8850887000000114">
        <ele>343.038933478781</ele>
        <time>2026-08-01T05:14:06.750Z</time>
      </trkpt>
      <trkpt lat="41.9833744" lon="2.8851477999999986">
        <ele>342.64503231063816</ele>
        <time>2026-08-01T05:14:10.327Z</time>
      </trkpt>
      <trkpt lat="41.9833541" lon="2.88520410000001">
        <ele>342.1794178043364</ele>
        <time>2026-08-01T05:14:13.970Z</time>
      </trkpt>
      <trkpt lat="41.9833223" lon="2.885257700000011">
        <ele>342.2233866312877</ele>
        <time>2026-08-01T05:14:18.084Z</time>
      </trkpt>
      <trkpt lat="41.9832894" lon="2.8853057999999976">
        <ele>342.3842367684362</ele>
        <time>2026-08-01T05:14:22.205Z</time>
      </trkpt>
      <trkpt lat="41.9832538" lon="2.885345699999988">
        <ele>342.7840809566745</ele>
        <time>2026-08-01T05:14:26.311Z</time>
      </trkpt>
      <trkpt lat="41.9832188" lon="2.8853870000000086">
        <ele>343.21111812686513</ele>
        <time>2026-08-01T05:14:29.906Z</time>
      </trkpt>
      <trkpt lat="41.9831809" lon="2.885425700000013">
        <ele>343.60294572594114</ele>
        <time>2026-08-01T05:14:34.365Z</time>
      </trkpt>
      <trkpt lat="41.9831506" lon="2.885475299999996">
        <ele>343.4376164846096</ele>
        <time>2026-08-01T05:14:38.365Z</time>
      </trkpt>
      <trkpt lat="41.9831145" lon="2.8855264999999974">
        <ele>343.4523291827775</ele>
        <time>2026-08-01T05:14:42.291Z</time>
      </trkpt>
      <trkpt lat="41.9830863" lon="2.8855767999999955">
        <ele>343.24644091435806</ele>
        <time>2026-08-01T05:14:45.765Z</time>
      </trkpt>
      <trkpt lat="41.9830596" lon="2.885629999999992">
        <ele>342.9440101175327</ele>
        <time>2026-08-01T05:14:49.848Z</time>
      </trkpt>
      <trkpt lat="41.9830372" lon="2.8856839000000036">
        <ele>342.5374005224047</ele>
        <time>2026-08-01T05:14:53.365Z</time>
      </trkpt>
      <trkpt lat="41.9830139" lon="2.8857380000000035">
        <ele>342.3620140773159</ele>
        <time>2026-08-01T05:14:56.646Z</time>
      </trkpt>
      <trkpt lat="41.9829863" lon="2.8857935000000055">
        <ele>342.4281286681509</ele>
        <time>2026-08-01T05:15:00.090Z</time>
      </trkpt>
      <trkpt lat="41.9829605" lon="2.8858438000000035">
        <ele>342.64574808982894</ele>
        <time>2026-08-01T05:15:03.164Z</time>
      </trkpt>
      <trkpt lat="41.9829261" lon="2.8858921000000066">
        <ele>343.3743185541136</ele>
        <time>2026-08-01T05:15:06.312Z</time>
      </trkpt>
      <trkpt lat="41.9828932" lon="2.885934800000001">
        <ele>344.26003182330453</ele>
        <time>2026-08-01T05:15:09.906Z</time>
      </trkpt>
      <trkpt lat="41.9828611" lon="2.8859788000000037">
        <ele>345.20202178300207</ele>
        <time>2026-08-01T05:15:13.245Z</time>
      </trkpt>
      <trkpt lat="41.9828261" lon="2.8860237000000097">
        <ele>346.3362134199865</ele>
        <time>2026-08-01T05:15:17.127Z</time>
      </trkpt>
      <trkpt lat="41.9827955" lon="2.8860717999999963">
        <ele>347.31195223139525</ele>
        <time>2026-08-01T05:15:20.513Z</time>
      </trkpt>
      <trkpt lat="41.9827637" lon="2.8861254999999915">
        <ele>348.375217819187</ele>
        <time>2026-08-01T05:15:24.323Z</time>
      </trkpt>
      <trkpt lat="41.9827334" lon="2.8861742999999933">
        <ele>348.48865169036907</ele>
        <time>2026-08-01T05:15:27.789Z</time>
      </trkpt>
      <trkpt lat="41.9827028" lon="2.8862211">
        <ele>348.0625612709181</ele>
        <time>2026-08-01T05:15:31.365Z</time>
      </trkpt>
      <trkpt lat="41.9826698" lon="2.886262700000003">
        <ele>347.32633449895667</ele>
        <time>2026-08-01T05:15:34.727Z</time>
      </trkpt>
      <trkpt lat="41.9826387" lon="2.8863143000000093">
        <ele>346.3284560248232</ele>
        <time>2026-08-01T05:15:38.343Z</time>
      </trkpt>
      <trkpt lat="41.9826102" lon="2.886366900000013">
        <ele>345.3398362611713</ele>
        <time>2026-08-01T05:15:41.545Z</time>
      </trkpt>
      <trkpt lat="41.9825861" lon="2.8864290999999866">
        <ele>344.1942079917056</ele>
        <time>2026-08-01T05:15:45.323Z</time>
      </trkpt>
      <trkpt lat="41.9825613" lon="2.886480799999987">
        <ele>343.2721468262593</ele>
        <time>2026-08-01T05:15:48.366Z</time>
      </trkpt>
      <trkpt lat="41.9825363" lon="2.88653579999999">
        <ele>342.6874141881135</ele>
        <time>2026-08-01T05:15:51.689Z</time>
      </trkpt>
      <trkpt lat="41.9825149" lon="2.886590500000011">
        <ele>342.5151108215914</ele>
        <time>2026-08-01T05:15:55.227Z</time>
      </trkpt>
      <trkpt lat="41.982496" lon="2.8866510999999946">
        <ele>342.33582072085056</ele>
        <time>2026-08-01T05:15:58.390Z</time>
      </trkpt>
      <trkpt lat="41.9824728" lon="2.886704000000009">
        <ele>342.1452170449906</ele>
        <time>2026-08-01T05:16:01.168Z</time>
      </trkpt>
      <trkpt lat="41.9824484" lon="2.886755899999997">
        <ele>341.3432253056489</ele>
        <time>2026-08-01T05:16:04.365Z</time>
      </trkpt>
      <trkpt lat="41.9824326" lon="2.8868181999999933">
        <ele>340.654603952352</ele>
        <time>2026-08-01T05:16:08.366Z</time>
      </trkpt>
      <trkpt lat="41.9824156" lon="2.886874799999987">
        <ele>339.9275498174883</ele>
        <time>2026-08-01T05:16:12.368Z</time>
      </trkpt>
      <trkpt lat="41.9823907" lon="2.8869285000000104">
        <ele>339.0215550458644</ele>
        <time>2026-08-01T05:16:17.249Z</time>
      </trkpt>
      <trkpt lat="41.9823645" lon="2.8869861000000014">
        <ele>338.0685094393612</ele>
        <time>2026-08-01T05:16:22.344Z</time>
      </trkpt>
      <trkpt lat="41.9823445" lon="2.8870523999999875">
        <ele>337.2311371569164</ele>
        <time>2026-08-01T05:16:27.352Z</time>
      </trkpt>
      <trkpt lat="41.9823368" lon="2.8871131999999875">
        <ele>336.88698834667656</ele>
        <time>2026-08-01T05:16:30.587Z</time>
      </trkpt>
      <trkpt lat="41.9823439" lon="2.88717410000001">
        <ele>336.9613142539976</ele>
        <time>2026-08-01T05:16:33.166Z</time>
      </trkpt>
      <trkpt lat="41.9823472" lon="2.8872465000000034">
        <ele>336.9246040869587</ele>
        <time>2026-08-01T05:16:34.988Z</time>
      </trkpt>
      <trkpt lat="41.9823478" lon="2.887315000000001">
        <ele>336.82508248788093</ele>
        <time>2026-08-01T05:16:37.417Z</time>
      </trkpt>
      <trkpt lat="41.9823642" lon="2.88737789999999">
        <ele>337.2190987283665</ele>
        <time>2026-08-01T05:16:39.428Z</time>
      </trkpt>
      <trkpt lat="41.9823883" lon="2.8874322000000063">
        <ele>337.80442357104533</ele>
        <time>2026-08-01T05:16:42.365Z</time>
      </trkpt>
      <trkpt lat="41.9824036" lon="2.8874892000000045">
        <ele>338.09794387797365</ele>
        <time>2026-08-01T05:16:46.847Z</time>
      </trkpt>
      <trkpt lat="41.9824102" lon="2.8875535999999897">
        <ele>338.1332754603572</ele>
        <time>2026-08-01T05:16:51.110Z</time>
      </trkpt>
      <trkpt lat="41.9824117" lon="2.8876147999999944">
        <ele>338.0474285177131</ele>
        <time>2026-08-01T05:16:55.365Z</time>
      </trkpt>
      <trkpt lat="41.982402" lon="2.887676599999992">
        <ele>338.68056741563396</ele>
        <time>2026-08-01T05:16:58.728Z</time>
      </trkpt>
      <trkpt lat="41.9823852" lon="2.887734899999998">
        <ele>339.2031503009516</ele>
        <time>2026-08-01T05:17:02.346Z</time>
      </trkpt>
      <trkpt lat="41.9823624" lon="2.8877914999999916">
        <ele>339.52758313141663</ele>
        <time>2026-08-01T05:17:06.107Z</time>
      </trkpt>
      <trkpt lat="41.9823163" lon="2.887798800000013">
        <ele>338.5663747178594</ele>
        <time>2026-08-01T05:17:14.030Z</time>
      </trkpt>
      <trkpt lat="41.9822802" lon="2.8878430999999978">
        <ele>338.31216381631447</ele>
        <time>2026-08-01T05:17:18.687Z</time>
      </trkpt>
      <trkpt lat="41.9822498" lon="2.8878890000000013">
        <ele>338.16208383224927</ele>
        <time>2026-08-01T05:17:22.487Z</time>
      </trkpt>
      <trkpt lat="41.9822091" lon="2.8879182999999955">
        <ele>337.6104024995275</ele>
        <time>2026-08-01T05:17:26.743Z</time>
      </trkpt>
      <trkpt lat="41.9821619" lon="2.887943100000001">
        <ele>336.2354519473187</ele>
        <time>2026-08-01T05:17:31.049Z</time>
      </trkpt>
      <trkpt lat="41.9821178" lon="2.8879665000000045">
        <ele>334.8085086609406</ele>
        <time>2026-08-01T05:17:34.705Z</time>
      </trkpt>
      <trkpt lat="41.9820807" lon="2.888007799999997">
        <ele>334.07349378125537</ele>
        <time>2026-08-01T05:17:38.347Z</time>
      </trkpt>
      <trkpt lat="41.9820392" lon="2.888038800000004">
        <ele>333.0113440748248</ele>
        <time>2026-08-01T05:17:41.887Z</time>
      </trkpt>
      <trkpt lat="41.9820214" lon="2.8880953999999974">
        <ele>333.49150336797464</ele>
        <time>2026-08-01T05:17:44.730Z</time>
      </trkpt>
      <trkpt lat="41.9819975" lon="2.8881485">
        <ele>333.70576942050593</ele>
        <time>2026-08-01T05:17:47.990Z</time>
      </trkpt>
      <trkpt lat="41.9819778" lon="2.8882063000000073">
        <ele>334.16947183065184</ele>
        <time>2026-08-01T05:17:51.225Z</time>
      </trkpt>
      <trkpt lat="41.9819617" lon="2.888266399999992">
        <ele>334.77650665942645</ele>
        <time>2026-08-01T05:17:54.365Z</time>
      </trkpt>
      <trkpt lat="41.981941" lon="2.8883279000000073">
        <ele>335.2703806090901</ele>
        <time>2026-08-01T05:17:57.728Z</time>
      </trkpt>
      <trkpt lat="41.9819265" lon="2.8883851999999877">
        <ele>335.92579200933216</ele>
        <time>2026-08-01T05:18:00.547Z</time>
      </trkpt>
      <trkpt lat="41.9819143" lon="2.8884457000000054">
        <ele>336.8278072746021</ele>
        <time>2026-08-01T05:18:04.227Z</time>
      </trkpt>
      <trkpt lat="41.9818977" lon="2.8885031000000083">
        <ele>337.17368340543106</ele>
        <time>2026-08-01T05:18:07.389Z</time>
      </trkpt>
      <trkpt lat="41.9818805" lon="2.8885717">
        <ele>337.5361489852578</ele>
        <time>2026-08-01T05:18:11.310Z</time>
      </trkpt>
      <trkpt lat="41.9818707" lon="2.8886400000000094">
        <ele>338.0520653471496</ele>
        <time>2026-08-01T05:18:15.007Z</time>
      </trkpt>
      <trkpt lat="41.9818657" lon="2.888700699999987">
        <ele>338.58335208330664</ele>
        <time>2026-08-01T05:18:19.303Z</time>
      </trkpt>
      <trkpt lat="41.9818718" lon="2.8887612999999988">
        <ele>339.4215573208155</ele>
        <time>2026-08-01T05:18:23.225Z</time>
      </trkpt>
      <trkpt lat="41.9818857" lon="2.888821799999988">
        <ele>340.49802624241295</ele>
        <time>2026-08-01T05:18:27.249Z</time>
      </trkpt>
      <trkpt lat="41.981905" lon="2.8888828000000046">
        <ele>341.5400644564562</ele>
        <time>2026-08-01T05:18:31.784Z</time>
      </trkpt>
      <trkpt lat="41.9819404" lon="2.888927599999988">
        <ele>342.7566191099479</ele>
        <time>2026-08-01T05:18:35.849Z</time>
      </trkpt>
      <trkpt lat="41.9819754" lon="2.888974499999989">
        <ele>344.1314662656851</ele>
        <time>2026-08-01T05:18:40.863Z</time>
      </trkpt>
      <trkpt lat="41.9820083" lon="2.889019899999994">
        <ele>345.3592547650235</ele>
        <time>2026-08-01T05:18:45.950Z</time>
      </trkpt>
      <trkpt lat="41.982043" lon="2.8890632000000096">
        <ele>346.7200364543156</ele>
        <time>2026-08-01T05:18:51.070Z</time>
      </trkpt>
      <trkpt lat="41.9820768" lon="2.8891067000000135">
        <ele>347.8455859720519</ele>
        <time>2026-08-01T05:18:56.270Z</time>
      </trkpt>
      <trkpt lat="41.9821088" lon="2.8891571999999996">
        <ele>348.80474933903315</ele>
        <time>2026-08-01T05:19:01.365Z</time>
      </trkpt>
      <trkpt lat="41.9821316" lon="2.8892093000000045">
        <ele>349.48034043595345</ele>
        <time>2026-08-01T05:19:05.366Z</time>
      </trkpt>
      <trkpt lat="41.9821451" lon="2.8892669999999896">
        <ele>350.0026522400775</ele>
        <time>2026-08-01T05:19:08.744Z</time>
      </trkpt>
      <trkpt lat="41.9821575" lon="2.8893257000000006">
        <ele>350.8849799382171</ele>
        <time>2026-08-01T05:19:12.331Z</time>
      </trkpt>
      <trkpt lat="41.9821498" lon="2.889390100000014">
        <ele>352.1843420698499</ele>
        <time>2026-08-01T05:19:16.665Z</time>
      </trkpt>
      <trkpt lat="41.9821381" lon="2.889455400000003">
        <ele>353.5100354812377</ele>
        <time>2026-08-01T05:19:20.906Z</time>
      </trkpt>
      <trkpt lat="41.9821379" lon="2.8895206999999914">
        <ele>354.8278442164038</ele>
        <time>2026-08-01T05:19:24.827Z</time>
      </trkpt>
      <trkpt lat="41.9821491" lon="2.8895792000000142">
        <ele>355.95832588154417</ele>
        <time>2026-08-01T05:19:28.396Z</time>
      </trkpt>
      <trkpt lat="41.9821637" lon="2.8896381000000133">
        <ele>356.97728363731824</ele>
        <time>2026-08-01T05:19:31.966Z</time>
      </trkpt>
      <trkpt lat="41.9821868" lon="2.8896951000000115">
        <ele>358.06647693779814</ele>
        <time>2026-08-01T05:19:35.807Z</time>
      </trkpt>
      <trkpt lat="41.9822056" lon="2.8897511000000122">
        <ele>359.1784325539777</ele>
        <time>2026-08-01T05:19:39.808Z</time>
      </trkpt>
      <trkpt lat="41.982228" lon="2.889809899999989">
        <ele>360.33367048887243</ele>
        <time>2026-08-01T05:19:44.206Z</time>
      </trkpt>
      <trkpt lat="41.982255" lon="2.889867400000014">
        <ele>361.0562070685691</ele>
        <time>2026-08-01T05:19:48.070Z</time>
      </trkpt>
      <trkpt lat="41.9822768" lon="2.8899266999999895">
        <ele>361.03566378263355</ele>
        <time>2026-08-01T05:19:52.191Z</time>
      </trkpt>
      <trkpt lat="41.9823006" lon="2.889981199999994">
        <ele>361.1268279502297</ele>
        <time>2026-08-01T05:19:55.705Z</time>
      </trkpt>
      <trkpt lat="41.9823356" lon="2.8900308999999993">
        <ele>361.40916810126146</ele>
        <time>2026-08-01T05:19:59.425Z</time>
      </trkpt>
      <trkpt lat="41.9823694" lon="2.8900720000000035">
        <ele>361.7893298011937</ele>
        <time>2026-08-01T05:20:02.509Z</time>
      </trkpt>
      <trkpt lat="41.9824063" lon="2.8901185">
        <ele>362.32714230775315</ele>
        <time>2026-08-01T05:20:06.047Z</time>
      </trkpt>
      <trkpt lat="41.9824375" lon="2.8901653000000067">
        <ele>361.8367463925814</ele>
        <time>2026-08-01T05:20:09.327Z</time>
      </trkpt>
      <trkpt lat="41.9824632" lon="2.890217699999994">
        <ele>361.063518293759</ele>
        <time>2026-08-01T05:20:12.466Z</time>
      </trkpt>
      <trkpt lat="41.9824873" lon="2.890283399999987">
        <ele>359.7711549861173</ele>
        <time>2026-08-01T05:20:16.370Z</time>
      </trkpt>
      <trkpt lat="41.9825138" lon="2.890347200000008">
        <ele>358.3196256196827</ele>
        <time>2026-08-01T05:20:20.394Z</time>
      </trkpt>
      <trkpt lat="41.9825304" lon="2.8904105000000015">
        <ele>356.954620048492</ele>
        <time>2026-08-01T05:20:23.948Z</time>
      </trkpt>
      <trkpt lat="41.982546" lon="2.890468800000008">
        <ele>354.920334492837</ele>
        <time>2026-08-01T05:20:27.549Z</time>
      </trkpt>
      <trkpt lat="41.9825583" lon="2.8905287999999985">
        <ele>352.9180193475979</ele>
        <time>2026-08-01T05:20:31.025Z</time>
      </trkpt>
      <trkpt lat="41.9825727" lon="2.8905911999999887">
        <ele>350.93663138086623</ele>
        <time>2026-08-01T05:20:34.370Z</time>
      </trkpt>
      <trkpt lat="41.9825894" lon="2.8906484999999975">
        <ele>349.24500017976044</ele>
        <time>2026-08-01T05:20:37.524Z</time>
      </trkpt>
      <trkpt lat="41.9826127" lon="2.8907078000000013">
        <ele>347.60042123331704</ele>
        <time>2026-08-01T05:20:41.045Z</time>
      </trkpt>
      <trkpt lat="41.9826353" lon="2.890760300000011">
        <ele>346.1339078774671</ele>
        <time>2026-08-01T05:20:44.365Z</time>
      </trkpt>
      <trkpt lat="41.9826601" lon="2.8908169000000044">
        <ele>344.6048576118381</ele>
        <time>2026-08-01T05:20:47.726Z</time>
      </trkpt>
      <trkpt lat="41.9826887" lon="2.8908692999999914">
        <ele>343.3228329493783</ele>
        <time>2026-08-01T05:20:51.166Z</time>
      </trkpt>
      <trkpt lat="41.9827162" lon="2.8909181999999873">
        <ele>342.1863158543661</ele>
        <time>2026-08-01T05:20:54.209Z</time>
      </trkpt>
      <trkpt lat="41.9827552" lon="2.8909659999999917">
        <ele>341.3163733868901</ele>
        <time>2026-08-01T05:20:57.888Z</time>
      </trkpt>
      <trkpt lat="41.9827949" lon="2.891008599999992">
        <ele>340.496905988345</ele>
        <time>2026-08-01T05:21:00.970Z</time>
      </trkpt>
      <trkpt lat="41.9828359" lon="2.89103879999999">
        <ele>340.1697161513829</ele>
        <time>2026-08-01T05:21:04.570Z</time>
      </trkpt>
      <trkpt lat="41.982876" lon="2.8910684999999887">
        <ele>339.8947320679798</ele>
        <time>2026-08-01T05:21:07.627Z</time>
      </trkpt>
      <trkpt lat="41.9829223" lon="2.8911027000000047">
        <ele>339.6420483670692</ele>
        <time>2026-08-01T05:21:11.428Z</time>
      </trkpt>
      <trkpt lat="41.9829645" lon="2.8911423000000127">
        <ele>339.22040680101134</ele>
        <time>2026-08-01T05:21:15.309Z</time>
      </trkpt>
      <trkpt lat="41.9830068" lon="2.891164400000008">
        <ele>339.37232230194746</ele>
        <time>2026-08-01T05:21:18.426Z</time>
      </trkpt>
      <trkpt lat="41.983044" lon="2.8911991999999884">
        <ele>339.0798092602976</ele>
        <time>2026-08-01T05:21:21.924Z</time>
      </trkpt>
      <trkpt lat="41.9830805" lon="2.891236399999997">
        <ele>338.78667832681253</ele>
        <time>2026-08-01T05:21:25.510Z</time>
      </trkpt>
      <trkpt lat="41.9831123" lon="2.8912851999999987">
        <ele>338.0639991701692</ele>
        <time>2026-08-01T05:21:29.365Z</time>
      </trkpt>
      <trkpt lat="41.9831438" lon="2.8913345999999933">
        <ele>337.36733412785975</ele>
        <time>2026-08-01T05:21:33.091Z</time>
      </trkpt>
      <trkpt lat="41.9831779" lon="2.8913790000000006">
        <ele>336.9168796128179</ele>
        <time>2026-08-01T05:21:36.764Z</time>
      </trkpt>
      <trkpt lat="41.9832069" lon="2.8914273999999978">
        <ele>336.2962447437442</ele>
        <time>2026-08-01T05:21:40.327Z</time>
      </trkpt>
      <trkpt lat="41.9832407" lon="2.8914775000000077">
        <ele>335.79635324665645</ele>
        <time>2026-08-01T05:21:44.049Z</time>
      </trkpt>
      <trkpt lat="41.9832656" lon="2.8915284999999926">
        <ele>334.9698863218633</ele>
        <time>2026-08-01T05:21:47.565Z</time>
      </trkpt>
      <trkpt lat="41.9832967" lon="2.891576100000009">
        <ele>334.05099108348406</ele>
        <time>2026-08-01T05:21:51.284Z</time>
      </trkpt>
      <trkpt lat="41.9833223" lon="2.891627999999997">
        <ele>332.8553238273439</ele>
        <time>2026-08-01T05:21:54.750Z</time>
      </trkpt>
      <trkpt lat="41.9833473" lon="2.891683499999999">
        <ele>331.6239565887836</ele>
        <time>2026-08-01T05:21:58.365Z</time>
      </trkpt>
      <trkpt lat="41.9833809" lon="2.8917299999999955">
        <ele>331.126894369739</ele>
        <time>2026-08-01T05:22:01.946Z</time>
      </trkpt>
      <trkpt lat="41.9834006" lon="2.8917902000000026">
        <ele>329.97820272240267</ele>
        <time>2026-08-01T05:22:05.365Z</time>
      </trkpt>
      <trkpt lat="41.9834208" lon="2.891850699999992">
        <ele>328.83549403257643</ele>
        <time>2026-08-01T05:22:08.764Z</time>
      </trkpt>
      <trkpt lat="41.9834512" lon="2.8919030000000134">
        <ele>328.4173320170631</ele>
        <time>2026-08-01T05:22:12.208Z</time>
      </trkpt>
      <trkpt lat="41.9834809" lon="2.8919487000000004">
        <ele>328.2758354806779</ele>
        <time>2026-08-01T05:22:15.377Z</time>
      </trkpt>
      <trkpt lat="41.9835127" lon="2.8919932999999958">
        <ele>328.35371424230914</ele>
        <time>2026-08-01T05:22:18.389Z</time>
      </trkpt>
      <trkpt lat="41.9835389" lon="2.8920434999999998">
        <ele>328.14260421640984</ele>
        <time>2026-08-01T05:22:21.430Z</time>
      </trkpt>
      <trkpt lat="41.9835726" lon="2.892097100000001">
        <ele>328.14464453090045</ele>
        <time>2026-08-01T05:22:25.127Z</time>
      </trkpt>
      <trkpt lat="41.9835993" lon="2.8921478999999977">
        <ele>327.6960475913115</ele>
        <time>2026-08-01T05:22:28.209Z</time>
      </trkpt>
      <trkpt lat="41.9836263" lon="2.8921965000000114">
        <ele>327.3259875396807</ele>
        <time>2026-08-01T05:22:31.365Z</time>
      </trkpt>
      <trkpt lat="41.9836615" lon="2.8922435000000064">
        <ele>327.5017835536263</ele>
        <time>2026-08-01T05:22:34.829Z</time>
      </trkpt>
      <trkpt lat="41.9836928" lon="2.8922872999999925">
        <ele>327.75896321233745</ele>
        <time>2026-08-01T05:22:37.903Z</time>
      </trkpt>
      <trkpt lat="41.9837262" lon="2.892327999999992">
        <ele>328.3407339823569</ele>
        <time>2026-08-01T05:22:41.025Z</time>
      </trkpt>
      <trkpt lat="41.9837593" lon="2.892368900000008">
        <ele>328.92097574017566</ele>
        <time>2026-08-01T05:22:44.108Z</time>
      </trkpt>
      <trkpt lat="41.9837942" lon="2.8924083999999937">
        <ele>329.5167794369301</ele>
        <time>2026-08-01T05:22:47.248Z</time>
      </trkpt>
      <trkpt lat="41.983828" lon="2.8924598000000117">
        <ele>329.723149879495</ele>
        <time>2026-08-01T05:22:50.370Z</time>
      </trkpt>
      <trkpt lat="41.983862" lon="2.892506499999996">
        <ele>330.08196912249025</ele>
        <time>2026-08-01T05:22:54.365Z</time>
      </trkpt>
      <trkpt lat="41.9838948" lon="2.892548099999999">
        <ele>330.0455859552617</ele>
        <time>2026-08-01T05:22:57.606Z</time>
      </trkpt>
      <trkpt lat="41.9839345" lon="2.8925912999999923">
        <ele>330.2928896688027</ele>
        <time>2026-08-01T05:23:01.345Z</time>
      </trkpt>
      <trkpt lat="41.9839751" lon="2.892619599999989">
        <ele>331.1111614128751</ele>
        <time>2026-08-01T05:23:04.580Z</time>
      </trkpt>
      <trkpt lat="41.9840143" lon="2.8926494000000105">
        <ele>331.97373465996645</ele>
        <time>2026-08-01T05:23:07.887Z</time>
      </trkpt>
      <trkpt lat="41.984056" lon="2.89268340000001">
        <ele>332.95043494034104</ele>
        <time>2026-08-01T05:23:11.730Z</time>
      </trkpt>
      <trkpt lat="41.9844132" lon="2.8930301999999983">
        <ele>344.3127905454543</ele>
        <time>2026-08-01T05:24:21.667Z</time>
      </trkpt>
      <trkpt lat="41.9847062" lon="2.893327499999998">
        <ele>354.90781362311844</ele>
        <time>2026-08-01T05:24:22.768Z</time>
      </trkpt>
      <trkpt lat="41.9847494" lon="2.893376499999988">
        <ele>355.67468674375135</ele>
        <time>2026-08-01T05:24:23.871Z</time>
      </trkpt>
      <trkpt lat="41.984788" lon="2.8934079999999938">
        <ele>356.5532505883596</ele>
        <time>2026-08-01T05:24:26.290Z</time>
      </trkpt>
      <trkpt lat="41.9848292" lon="2.893440599999991">
        <ele>357.67862527447966</ele>
        <time>2026-08-01T05:24:29.788Z</time>
      </trkpt>
      <trkpt lat="41.9848689" lon="2.893473599999993">
        <ele>358.8659191883937</ele>
        <time>2026-08-01T05:24:33.263Z</time>
      </trkpt>
      <trkpt lat="41.9849114" lon="2.8935063000000127">
        <ele>360.1053567509543</ele>
        <time>2026-08-01T05:24:37.105Z</time>
      </trkpt>
      <trkpt lat="41.9849541" lon="2.8935361000000057">
        <ele>361.5350441680761</ele>
        <time>2026-08-01T05:24:40.907Z</time>
      </trkpt>
      <trkpt lat="41.9849955" lon="2.8935625999999957">
        <ele>362.7731776571035</ele>
        <time>2026-08-01T05:24:45.291Z</time>
      </trkpt>
      <trkpt lat="41.9850392" lon="2.8935888000000034">
        <ele>363.7127333840524</ele>
        <time>2026-08-01T05:24:49.945Z</time>
      </trkpt>
      <trkpt lat="41.9850771" lon="2.893627400000014">
        <ele>364.8765109537885</ele>
        <time>2026-08-01T05:24:54.687Z</time>
      </trkpt>
      <trkpt lat="41.9851181" lon="2.893653900000004">
        <ele>366.046836156593</ele>
        <time>2026-08-01T05:24:59.275Z</time>
      </trkpt>
      <trkpt lat="41.9851615" lon="2.8936727999999903">
        <ele>367.23218209529614</ele>
        <time>2026-08-01T05:25:03.366Z</time>
      </trkpt>
      <trkpt lat="41.9852065" lon="2.8936873000000105">
        <ele>368.441657624364</ele>
        <time>2026-08-01T05:25:07.365Z</time>
      </trkpt>
      <trkpt lat="41.985249" lon="2.8937152999999967">
        <ele>370.0084218557615</ele>
        <time>2026-08-01T05:25:11.006Z</time>
      </trkpt>
      <trkpt lat="41.9852915" lon="2.893745999999993">
        <ele>370.9932051076785</ele>
        <time>2026-08-01T05:25:15.365Z</time>
      </trkpt>
      <trkpt lat="41.9853283" lon="2.893784000000011">
        <ele>371.9021712920552</ele>
        <time>2026-08-01T05:25:19.365Z</time>
      </trkpt>
      <trkpt lat="41.9853611" lon="2.8938274999999862">
        <ele>372.99470171910167</ele>
        <time>2026-08-01T05:25:23.445Z</time>
      </trkpt>
      <trkpt lat="41.9853926" lon="2.893873500000012">
        <ele>374.2099537842818</ele>
        <time>2026-08-01T05:25:27.310Z</time>
      </trkpt>
      <trkpt lat="41.9854269" lon="2.8939152000000092">
        <ele>375.400588738399</ele>
        <time>2026-08-01T05:25:31.406Z</time>
      </trkpt>
      <trkpt lat="41.9854538" lon="2.893966000000006">
        <ele>376.847210783785</ele>
        <time>2026-08-01T05:25:35.847Z</time>
      </trkpt>
      <trkpt lat="41.9854791" lon="2.894022100000001">
        <ele>378.45997203594686</ele>
        <time>2026-08-01T05:25:39.688Z</time>
      </trkpt>
      <trkpt lat="41.9855022" lon="2.8940795999999978">
        <ele>379.60914234585783</ele>
        <time>2026-08-01T05:25:44.226Z</time>
      </trkpt>
      <trkpt lat="41.9855272" lon="2.8941349000000116">
        <ele>380.7824650547688</ele>
        <time>2026-08-01T05:25:48.147Z</time>
      </trkpt>
      <trkpt lat="41.9855517" lon="2.894192199999992">
        <ele>381.57819590779667</ele>
        <time>2026-08-01T05:25:52.044Z</time>
      </trkpt>
      <trkpt lat="41.9855728" lon="2.894248800000014">
        <ele>382.2740405822848</ele>
        <time>2026-08-01T05:25:56.068Z</time>
      </trkpt>
      <trkpt lat="41.9855834" lon="2.8943090999999868">
        <ele>383.14017639560717</ele>
        <time>2026-08-01T05:25:59.845Z</time>
      </trkpt>
      <trkpt lat="41.9855957" lon="2.8943735000000004">
        <ele>383.5384221479836</ele>
        <time>2026-08-01T05:26:03.748Z</time>
      </trkpt>
      <trkpt lat="41.9856094" lon="2.894431400000002">
        <ele>383.94041232827703</ele>
        <time>2026-08-01T05:26:07.446Z</time>
      </trkpt>
      <trkpt lat="41.9856274" lon="2.894490300000001">
        <ele>384.406941337821</ele>
        <time>2026-08-01T05:26:11.344Z</time>
      </trkpt>
      <trkpt lat="41.9856538" lon="2.8945415999999966">
        <ele>384.87071838921014</ele>
        <time>2026-08-01T05:26:15.410Z</time>
      </trkpt>
      <trkpt lat="41.9856908" lon="2.8945836000000043">
        <ele>385.26057985994765</ele>
        <time>2026-08-01T05:26:19.867Z</time>
      </trkpt>
      <trkpt lat="41.9846013" lon="2.8978864000000044">
        <ele>410.49218778223536</ele>
        <time>2026-08-01T05:31:06.668Z</time>
      </trkpt>
      <trkpt lat="41.9845678" lon="2.8979287999999883">
        <ele>410.1676665985287</ele>
        <time>2026-08-01T05:31:10.067Z</time>
      </trkpt>
      <trkpt lat="41.9845266" lon="2.897967599999987">
        <ele>410.11105764796355</ele>
        <time>2026-08-01T05:31:13.148Z</time>
      </trkpt>
      <trkpt lat="41.9844826" lon="2.8979827">
        <ele>410.4174686963743</ele>
        <time>2026-08-01T05:31:18.790Z</time>
      </trkpt>
      <trkpt lat="41.9844421" lon="2.898015500000014">
        <ele>410.84403252986374</ele>
        <time>2026-08-01T05:31:24.790Z</time>
      </trkpt>
      <trkpt lat="41.9844038" lon="2.8980549999999994">
        <ele>411.08810335553017</ele>
        <time>2026-08-01T05:31:27.863Z</time>
      </trkpt>
      <trkpt lat="41.9843683" lon="2.8980934999999874">
        <ele>411.0321638794642</ele>
        <time>2026-08-01T05:31:30.930Z</time>
      </trkpt>
      <trkpt lat="41.9843304" lon="2.8981331999999895">
        <ele>411.03529001242623</ele>
        <time>2026-08-01T05:31:34.369Z</time>
      </trkpt>
      <trkpt lat="41.9842948" lon="2.898186900000013">
        <ele>411.2137870291622</ele>
        <time>2026-08-01T05:31:38.046Z</time>
      </trkpt>
      <trkpt lat="41.9842704" lon="2.8982386000000133">
        <ele>411.1495557043005</ele>
        <time>2026-08-01T05:31:41.086Z</time>
      </trkpt>
      <trkpt lat="41.9842507" lon="2.8982958999999937">
        <ele>411.223876144576</ele>
        <time>2026-08-01T05:31:44.366Z</time>
      </trkpt>
      <trkpt lat="41.9842315" lon="2.898352100000011">
        <ele>411.4627856819374</ele>
        <time>2026-08-01T05:31:47.070Z</time>
      </trkpt>
      <trkpt lat="41.9842148" lon="2.8984087999999986">
        <ele>411.8364224734157</ele>
        <time>2026-08-01T05:31:50.605Z</time>
      </trkpt>
      <trkpt lat="41.9841941" lon="2.898468600000001">
        <ele>412.4401093536954</ele>
        <time>2026-08-01T05:31:54.188Z</time>
      </trkpt>
      <trkpt lat="41.9841732" lon="2.8985249000000124">
        <ele>412.4895185016574</ele>
        <time>2026-08-01T05:31:57.691Z</time>
      </trkpt>
      <trkpt lat="41.9841577" lon="2.898581699999994">
        <ele>412.4766360449921</ele>
        <time>2026-08-01T05:32:00.691Z</time>
      </trkpt>
      <trkpt lat="41.9841449" lon="2.8986429999999928">
        <ele>412.43331610394665</ele>
        <time>2026-08-01T05:32:03.707Z</time>
      </trkpt>
      <trkpt lat="41.9841355" lon="2.898703299999994">
        <ele>412.0168780302821</ele>
        <time>2026-08-01T05:32:06.745Z</time>
      </trkpt>
      <trkpt lat="41.9841225" lon="2.8987625000000037">
        <ele>411.31972497921083</ele>
        <time>2026-08-01T05:32:09.785Z</time>
      </trkpt>
      <trkpt lat="41.9841015" lon="2.8988246000000117">
        <ele>409.7251924682077</ele>
        <time>2026-08-01T05:32:13.384Z</time>
      </trkpt>
      <trkpt lat="41.9840748" lon="2.89888049999999">
        <ele>408.3772856623341</ele>
        <time>2026-08-01T05:32:16.365Z</time>
      </trkpt>
      <trkpt lat="41.9840432" lon="2.898929900000013">
        <ele>407.30829709843636</ele>
        <time>2026-08-01T05:32:20.365Z</time>
      </trkpt>
      <trkpt lat="41.984013" lon="2.898978999999997">
        <ele>406.4147486224306</ele>
        <time>2026-08-01T05:32:23.365Z</time>
      </trkpt>
      <trkpt lat="41.9839768" lon="2.8990209000000107">
        <ele>405.8145600917603</ele>
        <time>2026-08-01T05:32:27.365Z</time>
      </trkpt>
      <trkpt lat="41.9839405" lon="2.8990597000000093">
        <ele>404.9443672742664</ele>
        <time>2026-08-01T05:32:30.511Z</time>
      </trkpt>
      <trkpt lat="41.9838985" lon="2.8990980000000093">
        <ele>404.0784355031471</ele>
        <time>2026-08-01T05:32:34.030Z</time>
      </trkpt>
      <trkpt lat="41.9838588" lon="2.8991359999999986">
        <ele>402.98230938189187</ele>
        <time>2026-08-01T05:32:37.645Z</time>
      </trkpt>
      <trkpt lat="41.983822" lon="2.8991757000000007">
        <ele>400.96331536171584</ele>
        <time>2026-08-01T05:32:41.418Z</time>
      </trkpt>
      <trkpt lat="41.9837856" lon="2.8992138000000125">
        <ele>399.21470394923307</ele>
        <time>2026-08-01T05:32:45.102Z</time>
      </trkpt>
      <trkpt lat="41.9837501" lon="2.8992542000000014">
        <ele>397.66186167098147</ele>
        <time>2026-08-01T05:32:48.189Z</time>
      </trkpt>
      <trkpt lat="41.9837169" lon="2.8993009000000143">
        <ele>396.2805546797648</ele>
        <time>2026-08-01T05:32:51.689Z</time>
      </trkpt>
      <trkpt lat="41.9836885" lon="2.899350599999991">
        <ele>395.4351704353761</ele>
        <time>2026-08-01T05:32:55.089Z</time>
      </trkpt>
      <trkpt lat="41.9836621" lon="2.8994054000000062">
        <ele>394.793317244668</ele>
        <time>2026-08-01T05:32:58.568Z</time>
      </trkpt>
      <trkpt lat="41.9836322" lon="2.899459500000006">
        <ele>394.32080577280055</ele>
        <time>2026-08-01T05:33:02.030Z</time>
      </trkpt>
      <trkpt lat="41.9836033" lon="2.8995113000000003">
        <ele>394.0668525262864</ele>
        <time>2026-08-01T05:33:05.373Z</time>
      </trkpt>
      <trkpt lat="41.9835676" lon="2.8995492999999897">
        <ele>394.3265841346848</ele>
        <time>2026-08-01T05:33:08.628Z</time>
      </trkpt>
      <trkpt lat="41.9835257" lon="2.8995826999999963">
        <ele>395.05261128532925</ele>
        <time>2026-08-01T05:33:12.131Z</time>
      </trkpt>
      <trkpt lat="41.9834784" lon="2.899605799999989">
        <ele>395.65657804056724</ele>
        <time>2026-08-01T05:33:15.791Z</time>
      </trkpt>
      <trkpt lat="41.9834296" lon="2.8996170000000063">
        <ele>396.42689354783397</ele>
        <time>2026-08-01T05:33:19.326Z</time>
      </trkpt>
      <trkpt lat="41.9833837" lon="2.899621599999989">
        <ele>397.2116207613221</ele>
        <time>2026-08-01T05:33:22.485Z</time>
      </trkpt>
      <trkpt lat="41.9833339" lon="2.899629400000009">
        <ele>398.06334952995246</ele>
        <time>2026-08-01T05:33:26.204Z</time>
      </trkpt>
      <trkpt lat="41.9832873" lon="2.8996389000000136">
        <ele>399.1056289610044</ele>
        <time>2026-08-01T05:33:29.429Z</time>
      </trkpt>
      <trkpt lat="41.98324" lon="2.89964599999999">
        <ele>400.43958944018294</ele>
        <time>2026-08-01T05:33:33.066Z</time>
      </trkpt>
      <trkpt lat="41.9831927" lon="2.899652599999996">
        <ele>401.79270296502256</ele>
        <time>2026-08-01T05:33:36.249Z</time>
      </trkpt>
      <trkpt lat="41.983147" lon="2.899667800000003">
        <ele>403.1242313211831</ele>
        <time>2026-08-01T05:33:40.127Z</time>
      </trkpt>
      <trkpt lat="41.9831023" lon="2.899679600000013">
        <ele>404.4580456989454</ele>
        <time>2026-08-01T05:33:43.749Z</time>
      </trkpt>
      <trkpt lat="41.9830554" lon="2.8996918999999934">
        <ele>405.8891961097318</ele>
        <time>2026-08-01T05:33:48.143Z</time>
      </trkpt>
      <trkpt lat="41.9830045" lon="2.8997042999999962">
        <ele>406.9580699674085</ele>
        <time>2026-08-01T05:33:53.009Z</time>
      </trkpt>
      <trkpt lat="41.9829546" lon="2.8997057999999925">
        <ele>407.54727228870473</ele>
        <time>2026-08-01T05:33:57.044Z</time>
      </trkpt>
      <trkpt lat="41.9829137" lon="2.899733999999995">
        <ele>408.37175216799494</ele>
        <time>2026-08-01T05:34:02.164Z</time>
      </trkpt>
      <trkpt lat="41.9828702" lon="2.8997554000000036">
        <ele>409.29344479586666</ele>
        <time>2026-08-01T05:34:07.550Z</time>
      </trkpt>
      <trkpt lat="41.9828291" lon="2.899784199999999">
        <ele>410.44111894719526</ele>
        <time>2026-08-01T05:34:11.610Z</time>
      </trkpt>
      <trkpt lat="41.9827988" lon="2.8998306000000014">
        <ele>411.90736845508553</ele>
        <time>2026-08-01T05:34:15.030Z</time>
      </trkpt>
      <trkpt lat="41.9827728" lon="2.8998817000000088">
        <ele>413.1254351764372</ele>
        <time>2026-08-01T05:34:18.587Z</time>
      </trkpt>
      <trkpt lat="41.9827469" lon="2.8999383000000023">
        <ele>413.4670077795947</ele>
        <time>2026-08-01T05:34:22.289Z</time>
      </trkpt>
      <trkpt lat="41.9827219" lon="2.8999892999999872">
        <ele>413.1413808687883</ele>
        <time>2026-08-01T05:34:27.147Z</time>
      </trkpt>
      <trkpt lat="41.9826942" lon="2.9000441000000023">
        <ele>412.8413403200502</ele>
        <time>2026-08-01T05:34:30.627Z</time>
      </trkpt>
      <trkpt lat="41.9826683" lon="2.9000992999999937">
        <ele>412.62860120012937</ele>
        <time>2026-08-01T05:34:34.383Z</time>
      </trkpt>
      <trkpt lat="41.9826276" lon="2.9001327000000003">
        <ele>412.24958443655504</ele>
        <time>2026-08-01T05:34:40.067Z</time>
      </trkpt>
      <trkpt lat="41.9825872" lon="2.900164200000006">
        <ele>411.9267690517134</ele>
        <time>2026-08-01T05:34:44.365Z</time>
      </trkpt>
      <trkpt lat="41.9825421" lon="2.9001930999999956">
        <ele>411.5192996184575</ele>
        <time>2026-08-01T05:34:49.069Z</time>
      </trkpt>
      <trkpt lat="41.982507" lon="2.900237500000003">
        <ele>411.25128081181373</ele>
        <time>2026-08-01T05:34:54.249Z</time>
      </trkpt>
      <trkpt lat="41.9824782" lon="2.900284499999998">
        <ele>411.034687086456</ele>
        <time>2026-08-01T05:35:04.449Z</time>
      </trkpt>
      <trkpt lat="41.982458" lon="2.9003425999999877">
        <ele>410.81150244703065</ele>
        <time>2026-08-01T05:35:09.044Z</time>
      </trkpt>
      <trkpt lat="41.982444" lon="2.9004011000000105">
        <ele>410.6977947674421</ele>
        <time>2026-08-01T05:35:13.365Z</time>
      </trkpt>
      <trkpt lat="41.9824357" lon="2.9004672000000085">
        <ele>411.1340208473548</ele>
        <time>2026-08-01T05:35:18.091Z</time>
      </trkpt>
      <trkpt lat="41.9824396" lon="2.9005295000000046">
        <ele>411.8931496162342</ele>
        <time>2026-08-01T05:35:22.224Z</time>
      </trkpt>
      <trkpt lat="41.9824416" lon="2.9005956999999967">
        <ele>412.6525952157623</ele>
        <time>2026-08-01T05:35:28.285Z</time>
      </trkpt>
      <trkpt lat="41.9824456" lon="2.9006578000000047">
        <ele>413.38612621200826</ele>
        <time>2026-08-01T05:35:32.010Z</time>
      </trkpt>
      <trkpt lat="41.9824521" lon="2.9007295000000113">
        <ele>414.36317360623815</ele>
        <time>2026-08-01T05:35:36.366Z</time>
      </trkpt>
      <trkpt lat="41.9824579" lon="2.90079639999999">
        <ele>415.3804306784244</ele>
        <time>2026-08-01T05:35:40.288Z</time>
      </trkpt>
      <trkpt lat="41.9824654" lon="2.9008632000000034">
        <ele>416.3893359020787</ele>
        <time>2026-08-01T05:35:43.990Z</time>
      </trkpt>
      <trkpt lat="41.9824689" lon="2.900926999999996">
        <ele>417.3063420971143</ele>
        <time>2026-08-01T05:35:47.828Z</time>
      </trkpt>
      <trkpt lat="41.9824682" lon="2.9009882000000005">
        <ele>418.29605376325344</ele>
        <time>2026-08-01T05:35:51.543Z</time>
      </trkpt>
      <trkpt lat="41.9824711" lon="2.901049300000011">
        <ele>419.73815250440055</ele>
        <time>2026-08-01T05:35:54.566Z</time>
      </trkpt>
      <trkpt lat="41.9824699" lon="2.9011185999999896">
        <ele>421.3590870101916</ele>
        <time>2026-08-01T05:35:56.751Z</time>
      </trkpt>
      <trkpt lat="41.9824584" lon="2.9011805000000095">
        <ele>422.83092782295023</ele>
        <time>2026-08-01T05:35:58.824Z</time>
      </trkpt>
      <trkpt lat="41.9824458" lon="2.901240999999999">
        <ele>424.3195748067004</ele>
        <time>2026-08-01T05:36:01.365Z</time>
      </trkpt>
      <trkpt lat="41.982428" lon="2.9012976999999864">
        <ele>425.36997614927714</ele>
        <time>2026-08-01T05:36:03.706Z</time>
      </trkpt>
      <trkpt lat="41.9824126" lon="2.901360199999999">
        <ele>426.4578939314122</ele>
        <time>2026-08-01T05:36:06.889Z</time>
      </trkpt>
      <trkpt lat="41.9823966" lon="2.9014172999999914">
        <ele>427.5198840287853</ele>
        <time>2026-08-01T05:36:10.032Z</time>
      </trkpt>
      <trkpt lat="41.9823695" lon="2.9014709999999866">
        <ele>428.69820122747745</ele>
        <time>2026-08-01T05:36:14.809Z</time>
      </trkpt>
      <trkpt lat="41.9823544" lon="2.9015290000000107">
        <ele>429.8918191596314</ele>
        <time>2026-08-01T05:36:19.148Z</time>
      </trkpt>
      <trkpt lat="41.9823362" lon="2.901587599999999">
        <ele>431.05549369519315</ele>
        <time>2026-08-01T05:36:22.428Z</time>
      </trkpt>
      <trkpt lat="41.9823174" lon="2.9016436">
        <ele>432.2754370603267</ele>
        <time>2026-08-01T05:36:25.667Z</time>
      </trkpt>
      <trkpt lat="41.9823017" lon="2.901700500000004">
        <ele>433.540139720998</ele>
        <time>2026-08-01T05:36:35.366Z</time>
      </trkpt>
      <trkpt lat="41.9822889" lon="2.9017585999999937">
        <ele>434.8385402460806</ele>
        <time>2026-08-01T05:36:38.906Z</time>
      </trkpt>
      <trkpt lat="41.9822784" lon="2.9018250000000023">
        <ele>436.2380558028511</ele>
        <time>2026-08-01T05:36:42.825Z</time>
      </trkpt>
      <trkpt lat="41.9822739" lon="2.901888899999989">
        <ele>437.3207624391219</ele>
        <time>2026-08-01T05:36:46.648Z</time>
      </trkpt>
      <trkpt lat="41.9822672" lon="2.9019513000000074">
        <ele>438.47416611564717</ele>
        <time>2026-08-01T05:36:50.365Z</time>
      </trkpt>
      <trkpt lat="41.9822569" lon="2.9020102000000065">
        <ele>439.73059479908875</ele>
        <time>2026-08-01T05:36:54.071Z</time>
      </trkpt>
      <trkpt lat="41.9822482" lon="2.9020758000000058">
        <ele>441.09287394464366</ele>
        <time>2026-08-01T05:36:57.725Z</time>
      </trkpt>
      <trkpt lat="41.9822448" lon="2.9021391999999935">
        <ele>441.73829071130007</ele>
        <time>2026-08-01T05:37:01.108Z</time>
      </trkpt>
      <trkpt lat="41.982251" lon="2.9022033999999906">
        <ele>441.9298851716048</ele>
        <time>2026-08-01T05:37:04.628Z</time>
      </trkpt>
      <trkpt lat="41.982266" lon="2.9022621999999956">
        <ele>441.7511270519113</ele>
        <time>2026-08-01T05:37:07.907Z</time>
      </trkpt>
      <trkpt lat="41.9822789" lon="2.9023209000000065">
        <ele>441.64394198071693</ele>
        <time>2026-08-01T05:37:11.366Z</time>
      </trkpt>
      <trkpt lat="41.9822879" lon="2.9023851999999977">
        <ele>441.55178725618975</ele>
        <time>2026-08-01T05:37:15.008Z</time>
      </trkpt>
      <trkpt lat="41.9822994" lon="2.902458700000011">
        <ele>440.9994771705045</ele>
        <time>2026-08-01T05:37:19.270Z</time>
      </trkpt>
      <trkpt lat="41.9823025" lon="2.902523400000007">
        <ele>440.7788289053704</ele>
        <time>2026-08-01T05:37:23.380Z</time>
      </trkpt>
      <trkpt lat="41.9823011" lon="2.9025853999999924">
        <ele>440.73851106319523</ele>
        <time>2026-08-01T05:37:26.627Z</time>
      </trkpt>
      <trkpt lat="41.9822928" lon="2.9026494999999954">
        <ele>440.88620852901664</ele>
        <time>2026-08-01T05:37:30.186Z</time>
      </trkpt>
      <trkpt lat="41.9822809" lon="2.9027116000000035">
        <ele>440.48091217123005</ele>
        <time>2026-08-01T05:37:33.903Z</time>
      </trkpt>
      <trkpt lat="41.982262" lon="2.9027743999999984">
        <ele>440.3374275124266</ele>
        <time>2026-08-01T05:37:38.045Z</time>
      </trkpt>
      <trkpt lat="41.9822442" lon="2.9028337999999962">
        <ele>440.189621065459</ele>
        <time>2026-08-01T05:37:42.106Z</time>
      </trkpt>
      <trkpt lat="41.9822261" lon="2.902895099999995">
        <ele>440.01732958819514</ele>
        <time>2026-08-01T05:37:46.207Z</time>
      </trkpt>
      <trkpt lat="41.9822101" lon="2.9029547000000093">
        <ele>439.8174105534968</ele>
        <time>2026-08-01T05:37:49.670Z</time>
      </trkpt>
      <trkpt lat="41.9821945" lon="2.9030137999999965">
        <ele>439.6157316540392</ele>
        <time>2026-08-01T05:37:53.387Z</time>
      </trkpt>
      <trkpt lat="41.9821761" lon="2.903071600000004">
        <ele>439.3431809391444</ele>
        <time>2026-08-01T05:37:56.365Z</time>
      </trkpt>
      <trkpt lat="41.9821549" lon="2.9031295999999998">
        <ele>439.1099715180414</ele>
        <time>2026-08-01T05:38:00.365Z</time>
      </trkpt>
      <trkpt lat="41.9821338" lon="2.9031870000000026">
        <ele>438.8469898174731</ele>
        <time>2026-08-01T05:38:03.275Z</time>
      </trkpt>
      <trkpt lat="41.9821151" lon="2.9032458000000076">
        <ele>439.0031605949556</ele>
        <time>2026-08-01T05:38:06.827Z</time>
      </trkpt>
      <trkpt lat="41.982098" lon="2.9033067000000017">
        <ele>439.20277819404555</ele>
        <time>2026-08-01T05:38:10.009Z</time>
      </trkpt>
      <trkpt lat="41.9820778" lon="2.903363899999988">
        <ele>439.43548819968174</ele>
        <time>2026-08-01T05:38:13.365Z</time>
      </trkpt>
      <trkpt lat="41.9820583" lon="2.9034197000000006">
        <ele>439.6078340650106</ele>
        <time>2026-08-01T05:38:16.669Z</time>
      </trkpt>
      <trkpt lat="41.9820485" lon="2.9034830999999883">
        <ele>439.56534520427994</ele>
        <time>2026-08-01T05:38:20.365Z</time>
      </trkpt>
      <trkpt lat="41.9820496" lon="2.9035485999999935">
        <ele>439.8046769329089</ele>
        <time>2026-08-01T05:38:23.628Z</time>
      </trkpt>
      <trkpt lat="41.9820497" lon="2.9036141999999927">
        <ele>440.06318101856715</ele>
        <time>2026-08-01T05:38:26.787Z</time>
      </trkpt>
      <trkpt lat="41.9820508" lon="2.9036763000000008">
        <ele>440.28950601187455</ele>
        <time>2026-08-01T05:38:29.906Z</time>
      </trkpt>
      <trkpt lat="41.9820439" lon="2.903736000000009">
        <ele>440.65206371856635</ele>
        <time>2026-08-01T05:38:32.467Z</time>
      </trkpt>
      <trkpt lat="41.9820437" lon="2.903800999999987">
        <ele>440.9331011053127</ele>
        <time>2026-08-01T05:38:36.249Z</time>
      </trkpt>
      <trkpt lat="41.9820441" lon="2.903864800000008">
        <ele>441.206236861876</ele>
        <time>2026-08-01T05:38:39.553Z</time>
      </trkpt>
      <trkpt lat="41.9820525" lon="2.903927699999997">
        <ele>441.32231354626447</ele>
        <time>2026-08-01T05:38:42.929Z</time>
      </trkpt>
      <trkpt lat="41.9820639" lon="2.903988599999991">
        <ele>441.36556468184295</ele>
        <time>2026-08-01T05:38:46.105Z</time>
      </trkpt>
      <trkpt lat="41.9820689" lon="2.9040582000000086">
        <ele>441.59314640238995</ele>
        <time>2026-08-01T05:38:50.023Z</time>
      </trkpt>
      <trkpt lat="41.9820748" lon="2.90411850000001">
        <ele>441.8288937422732</ele>
        <time>2026-08-01T05:38:54.078Z</time>
      </trkpt>
      <trkpt lat="41.982084" lon="2.9041803000000073">
        <ele>442.07086941308256</ele>
        <time>2026-08-01T05:38:57.590Z</time>
      </trkpt>
      <trkpt lat="41.9820978" lon="2.9042440000000056">
        <ele>442.3443950053778</ele>
        <time>2026-08-01T05:39:01.306Z</time>
      </trkpt>
      <trkpt lat="41.9821092" lon="2.9043052000000102">
        <ele>442.70359954681226</ele>
        <time>2026-08-01T05:39:04.528Z</time>
      </trkpt>
      <trkpt lat="41.9821138" lon="2.9043701999999882">
        <ele>443.13885205563065</ele>
        <time>2026-08-01T05:39:08.311Z</time>
      </trkpt>
      <trkpt lat="41.9821146" lon="2.9044389000000024">
        <ele>443.62180201686795</ele>
        <time>2026-08-01T05:39:12.125Z</time>
      </trkpt>
      <trkpt lat="41.9821207" lon="2.9045096000000115">
        <ele>444.14665966859474</ele>
        <time>2026-08-01T05:39:15.948Z</time>
      </trkpt>
      <trkpt lat="41.9821263" lon="2.904569699999996">
        <ele>444.6282068935737</ele>
        <time>2026-08-01T05:39:19.340Z</time>
      </trkpt>
      <trkpt lat="41.9821289" lon="2.904633700000005">
        <ele>445.22608597465063</ele>
        <time>2026-08-01T05:39:23.290Z</time>
      </trkpt>
      <trkpt lat="41.9821414" lon="2.9046923999999876">
        <ele>445.87692615594267</ele>
        <time>2026-08-01T05:39:26.785Z</time>
      </trkpt>
      <trkpt lat="41.9821552" lon="2.9047545999999898">
        <ele>446.54939235012205</ele>
        <time>2026-08-01T05:39:30.369Z</time>
      </trkpt>
      <trkpt lat="41.9821754" lon="2.9048138999999935">
        <ele>447.20668264490973</ele>
        <time>2026-08-01T05:39:33.729Z</time>
      </trkpt>
      <trkpt lat="41.9821941" lon="2.904871799999995">
        <ele>447.8236060264078</ele>
        <time>2026-08-01T05:39:37.275Z</time>
      </trkpt>
      <trkpt lat="41.9822131" lon="2.9049296999999967">
        <ele>447.9844848876165</ele>
        <time>2026-08-01T05:39:41.183Z</time>
      </trkpt>
      <trkpt lat="41.9822342" lon="2.9049832000000038">
        <ele>447.93150630847384</ele>
        <time>2026-08-01T05:39:45.277Z</time>
      </trkpt>
      <trkpt lat="41.9822481" lon="2.9050445999999965">
        <ele>448.2192127649556</ele>
        <time>2026-08-01T05:39:50.146Z</time>
      </trkpt>
      <trkpt lat="41.982254" lon="2.9051048999999978">
        <ele>448.75226828615246</ele>
        <time>2026-08-01T05:39:54.329Z</time>
      </trkpt>
      <trkpt lat="41.9822528" lon="2.905166400000013">
        <ele>449.43004131241145</ele>
        <time>2026-08-01T05:39:58.229Z</time>
      </trkpt>
      <trkpt lat="41.9822525" lon="2.905229100000014">
        <ele>449.9215415336692</ele>
        <time>2026-08-01T05:40:02.307Z</time>
      </trkpt>
      <trkpt lat="41.9822454" lon="2.9052977000000055">
        <ele>450.6295572614785</ele>
        <time>2026-08-01T05:40:07.024Z</time>
      </trkpt>
      <trkpt lat="41.9822422" lon="2.9053590000000042">
        <ele>451.16692816012846</ele>
        <time>2026-08-01T05:40:10.926Z</time>
      </trkpt>
      <trkpt lat="41.9822491" lon="2.9054265999999984">
        <ele>451.5294534201389</ele>
        <time>2026-08-01T05:40:14.646Z</time>
      </trkpt>
      <trkpt lat="41.9822567" lon="2.9054892999999993">
        <ele>452.147748936836</ele>
        <time>2026-08-01T05:40:19.010Z</time>
      </trkpt>
      <trkpt lat="41.9822671" lon="2.9055547000000104">
        <ele>452.7520244605617</ele>
        <time>2026-08-01T05:40:22.928Z</time>
      </trkpt>
      <trkpt lat="41.98228" lon="2.905618699999991">
        <ele>453.30254879975615</ele>
        <time>2026-08-01T05:40:26.670Z</time>
      </trkpt>
      <trkpt lat="41.9822968" lon="2.9056825000000117">
        <ele>453.7921654929813</ele>
        <time>2026-08-01T05:40:30.348Z</time>
      </trkpt>
      <trkpt lat="41.982317" lon="2.905739000000011">
        <ele>454.4319845772427</ele>
        <time>2026-08-01T05:40:33.365Z</time>
      </trkpt>
      <trkpt lat="41.9823378" lon="2.9057963999999856">
        <ele>455.21423159889895</ele>
        <time>2026-08-01T05:40:36.190Z</time>
      </trkpt>
      <trkpt lat="41.9823591" lon="2.9058564999999987">
        <ele>456.0105612170745</ele>
        <time>2026-08-01T05:40:39.327Z</time>
      </trkpt>
      <trkpt lat="41.9823815" lon="2.905911400000008">
        <ele>456.6448255470747</ele>
        <time>2026-08-01T05:40:42.448Z</time>
      </trkpt>
      <trkpt lat="41.9824092" lon="2.90597249999999">
        <ele>457.25076145499435</ele>
        <time>2026-08-01T05:40:46.224Z</time>
      </trkpt>
      <trkpt lat="41.9824287" lon="2.906031899999988">
        <ele>457.9990813425024</ele>
        <time>2026-08-01T05:40:49.785Z</time>
      </trkpt>
      <trkpt lat="41.9824506" lon="2.906086899999991">
        <ele>458.61281201001714</ele>
        <time>2026-08-01T05:40:53.288Z</time>
      </trkpt>
      <trkpt lat="41.98247" lon="2.906146100000001">
        <ele>459.3739924521336</ele>
        <time>2026-08-01T05:40:57.127Z</time>
      </trkpt>
      <trkpt lat="41.98248" lon="2.9062060999999915">
        <ele>460.2801511511073</ele>
        <time>2026-08-01T05:41:00.998Z</time>
      </trkpt>
      <trkpt lat="41.9824807" lon="2.9062761000000137">
        <ele>461.6902696654049</ele>
        <time>2026-08-01T05:41:05.189Z</time>
      </trkpt>
      <trkpt lat="41.9824825" lon="2.906336799999991">
        <ele>462.938326447372</ele>
        <time>2026-08-01T05:41:08.884Z</time>
      </trkpt>
      <trkpt lat="41.9824906" lon="2.906399599999986">
        <ele>463.9322741785802</ele>
        <time>2026-08-01T05:41:12.309Z</time>
      </trkpt>
      <trkpt lat="41.9824962" lon="2.906460299999992">
        <ele>464.97645538820626</ele>
        <time>2026-08-01T05:41:16.490Z</time>
      </trkpt>
      <trkpt lat="41.9825087" lon="2.9065234999999916">
        <ele>465.7133199716905</ele>
        <time>2026-08-01T05:41:20.968Z</time>
      </trkpt>
      <trkpt lat="41.9825085" lon="2.9065880999999933">
        <ele>466.70817212249756</ele>
        <time>2026-08-01T05:41:25.268Z</time>
      </trkpt>
      <trkpt lat="41.98251" lon="2.9066518999999857">
        <ele>467.50863806158907</ele>
        <time>2026-08-01T05:41:29.108Z</time>
      </trkpt>
      <trkpt lat="41.982517" lon="2.9067172000000028">
        <ele>468.06866075058804</ele>
        <time>2026-08-01T05:41:33.354Z</time>
      </trkpt>
      <trkpt lat="41.9825429" lon="2.9067726000000107">
        <ele>467.6105449643017</ele>
        <time>2026-08-01T05:41:37.305Z</time>
      </trkpt>
      <trkpt lat="41.9825678" lon="2.9068236999999897">
        <ele>467.11174133654026</ele>
        <time>2026-08-01T05:41:41.208Z</time>
      </trkpt>
      <trkpt lat="41.9825913" lon="2.90687539999999">
        <ele>466.47968557842387</ele>
        <time>2026-08-01T05:41:44.969Z</time>
      </trkpt>
      <trkpt lat="41.9826139" lon="2.9069312000000025">
        <ele>466.0663520427514</ele>
        <time>2026-08-01T05:41:48.886Z</time>
      </trkpt>
      <trkpt lat="41.9826393" lon="2.906986399999994">
        <ele>465.6900578016425</ele>
        <time>2026-08-01T05:41:52.668Z</time>
      </trkpt>
      <trkpt lat="41.9826707" lon="2.9070448999999883">
        <ele>465.3199698109948</ele>
        <time>2026-08-01T05:41:56.345Z</time>
      </trkpt>
      <trkpt lat="41.9826999" lon="2.907097099999987">
        <ele>465.11605178385435</ele>
        <time>2026-08-01T05:42:00.256Z</time>
      </trkpt>
      <trkpt lat="41.9827301" lon="2.9071460000000116">
        <ele>464.765750352881</ele>
        <time>2026-08-01T05:42:03.464Z</time>
      </trkpt>
      <trkpt lat="41.9827606" lon="2.9071915000000104">
        <ele>464.4134134934772</ele>
        <time>2026-08-01T05:42:06.505Z</time>
      </trkpt>
      <trkpt lat="41.9827931" lon="2.9072338999999943">
        <ele>463.7989063414182</ele>
        <time>2026-08-01T05:42:09.650Z</time>
      </trkpt>
      <trkpt lat="41.9828225" lon="2.9072903999999937">
        <ele>463.5456845890681</ele>
        <time>2026-08-01T05:42:13.386Z</time>
      </trkpt>
      <trkpt lat="41.9828404" lon="2.907351900000009">
        <ele>463.81349944598475</ele>
        <time>2026-08-01T05:42:17.105Z</time>
      </trkpt>
      <trkpt lat="41.9828487" lon="2.9074211999999875">
        <ele>463.8179087167431</ele>
        <time>2026-08-01T05:42:21.063Z</time>
      </trkpt>
      <trkpt lat="41.9828504" lon="2.907484299999993">
        <ele>463.7606458881423</ele>
        <time>2026-08-01T05:42:25.389Z</time>
      </trkpt>
      <trkpt lat="41.982846" lon="2.907544999999999">
        <ele>463.88773534182354</ele>
        <time>2026-08-01T05:42:29.306Z</time>
      </trkpt>
      <trkpt lat="41.9828391" lon="2.9076115000000016">
        <ele>464.0760996726141</ele>
        <time>2026-08-01T05:42:33.266Z</time>
      </trkpt>
      <trkpt lat="41.9828366" lon="2.9076776999999936">
        <ele>463.96248300053816</ele>
        <time>2026-08-01T05:42:38.389Z</time>
      </trkpt>
      <trkpt lat="41.9828437" lon="2.907743399999987">
        <ele>463.39356239264276</ele>
        <time>2026-08-01T05:42:42.769Z</time>
      </trkpt>
      <trkpt lat="41.9828406" lon="2.9078045999999915">
        <ele>463.0994470910895</ele>
        <time>2026-08-01T05:42:47.300Z</time>
      </trkpt>
      <trkpt lat="41.9828296" lon="2.907864499999988">
        <ele>462.9243589038694</ele>
        <time>2026-08-01T05:42:51.320Z</time>
      </trkpt>
      <trkpt lat="41.9828145" lon="2.9079287000000136">
        <ele>462.7093980022938</ele>
        <time>2026-08-01T05:42:56.090Z</time>
      </trkpt>
      <trkpt lat="41.9828065" lon="2.907997200000011">
        <ele>462.69043005607324</ele>
        <time>2026-08-01T05:42:59.744Z</time>
      </trkpt>
      <trkpt lat="41.9828053" lon="2.9080583999999874">
        <ele>462.5894154322474</ele>
        <time>2026-08-01T05:43:03.023Z</time>
      </trkpt>
      <trkpt lat="41.9828026" lon="2.9081224999999904">
        <ele>462.48750448562913</ele>
        <time>2026-08-01T05:43:07.331Z</time>
      </trkpt>
      <trkpt lat="41.9827954" lon="2.9081826000000035">
        <ele>462.40156490318844</ele>
        <time>2026-08-01T05:43:11.684Z</time>
      </trkpt>
      <trkpt lat="41.9827908" lon="2.908244200000013">
        <ele>462.5717067709705</ele>
        <time>2026-08-01T05:43:16.486Z</time>
      </trkpt>
      <trkpt lat="41.9827818" lon="2.908305100000007">
        <ele>462.92488176767466</ele>
        <time>2026-08-01T05:43:22.277Z</time>
      </trkpt>
      <trkpt lat="41.9827724" lon="2.908365300000014">
        <ele>463.2699809774406</ele>
        <time>2026-08-01T05:43:28.387Z</time>
      </trkpt>
      <trkpt lat="41.9827504" lon="2.9084191000000033">
        <ele>463.5479067430443</ele>
        <time>2026-08-01T05:43:34.146Z</time>
      </trkpt>
      <trkpt lat="41.9827228" lon="2.908475199999998">
        <ele>463.34874570847904</ele>
        <time>2026-08-01T05:43:40.351Z</time>
      </trkpt>
      <trkpt lat="41.9827066" lon="2.9085330000000056">
        <ele>463.6124886551578</ele>
        <time>2026-08-01T05:43:46.085Z</time>
      </trkpt>
      <trkpt lat="41.982694" lon="2.9085924999999975">
        <ele>464.0655205675458</ele>
        <time>2026-08-01T05:43:51.387Z</time>
      </trkpt>
      <trkpt lat="41.9826852" lon="2.9086566000000005">
        <ele>464.6683150852343</ele>
        <time>2026-08-01T05:43:55.280Z</time>
      </trkpt>
      <trkpt lat="41.9826805" lon="2.90871820000001">
        <ele>465.3207904200083</ele>
        <time>2026-08-01T05:44:00.306Z</time>
      </trkpt>
      <trkpt lat="41.9827006" lon="2.908785200000011">
        <ele>466.2269878519441</ele>
        <time>2026-08-01T05:44:03.329Z</time>
      </trkpt>
      <trkpt lat="41.9827085" lon="2.9088505">
        <ele>466.947407717997</ele>
        <time>2026-08-01T05:44:05.450Z</time>
      </trkpt>
      <trkpt lat="41.9827146" lon="2.908919499999996">
        <ele>467.66639125607935</ele>
        <time>2026-08-01T05:44:07.907Z</time>
      </trkpt>
      <trkpt lat="41.9827247" lon="2.9089794999999867">
        <ele>468.27577289368617</ele>
        <time>2026-08-01T05:44:11.091Z</time>
      </trkpt>
      <trkpt lat="41.9827415" lon="2.909035700000004">
        <ele>468.80771104106566</ele>
        <time>2026-08-01T05:44:14.186Z</time>
      </trkpt>
      <trkpt lat="41.9827583" lon="2.9090993000000083">
        <ele>469.38055537841745</ele>
        <time>2026-08-01T05:44:18.024Z</time>
      </trkpt>
      <trkpt lat="41.9827718" lon="2.909159299999999">
        <ele>469.8424940188173</ele>
        <time>2026-08-01T05:44:21.485Z</time>
      </trkpt>
      <trkpt lat="41.9827936" lon="2.909214999999989">
        <ele>470.1593814016633</ele>
        <time>2026-08-01T05:44:24.368Z</time>
      </trkpt>
      <trkpt lat="41.982831" lon="2.9092582000000107">
        <ele>470.16767715200456</ele>
        <time>2026-08-01T05:44:27.367Z</time>
      </trkpt>
      <trkpt lat="41.9828744" lon="2.909282100000013">
        <ele>469.90789323547324</ele>
        <time>2026-08-01T05:44:31.279Z</time>
      </trkpt>
      <trkpt lat="41.9829213" lon="2.909289099999995">
        <ele>469.4563867891266</ele>
        <time>2026-08-01T05:44:35.226Z</time>
      </trkpt>
      <trkpt lat="41.9829666" lon="2.909287799999987">
        <ele>468.95864135831863</ele>
        <time>2026-08-01T05:44:44.165Z</time>
      </trkpt>
      <trkpt lat="41.9830134" lon="2.909284299999996">
        <ele>468.4339881317535</ele>
        <time>2026-08-01T05:44:48.371Z</time>
      </trkpt>
      <trkpt lat="41.9830586" lon="2.9092660000000024">
        <ele>468.25799528520616</ele>
        <time>2026-08-01T05:44:52.281Z</time>
      </trkpt>
      <trkpt lat="41.9831029" lon="2.9092516999999987">
        <ele>468.3107719075415</ele>
        <time>2026-08-01T05:44:56.303Z</time>
      </trkpt>
      <trkpt lat="41.9831497" lon="2.909247999999991">
        <ele>468.4260698503407</ele>
        <time>2026-08-01T05:45:00.324Z</time>
      </trkpt>
      <trkpt lat="41.9831972" lon="2.909247800000003">
        <ele>468.5794543148204</ele>
        <time>2026-08-01T05:45:04.826Z</time>
      </trkpt>
      <trkpt lat="41.9832434" lon="2.909244599999994">
        <ele>468.6645573015498</ele>
        <time>2026-08-01T05:45:08.889Z</time>
      </trkpt>
      <trkpt lat="41.9832906" lon="2.9092449000000045">
        <ele>468.8160260368653</ele>
        <time>2026-08-01T05:45:12.368Z</time>
      </trkpt>
      <trkpt lat="41.9833377" lon="2.9092421">
        <ele>469.0075255299367</ele>
        <time>2026-08-01T05:45:16.008Z</time>
      </trkpt>
      <trkpt lat="41.9833837" lon="2.9092449999999985">
        <ele>469.4237019979582</ele>
        <time>2026-08-01T05:45:19.470Z</time>
      </trkpt>
      <trkpt lat="41.983433" lon="2.909251100000006">
        <ele>469.95216627509245</ele>
        <time>2026-08-01T05:45:23.250Z</time>
      </trkpt>
      <trkpt lat="41.9834826" lon="2.9092601000000116">
        <ele>470.5664890541126</ele>
        <time>2026-08-01T05:45:26.888Z</time>
      </trkpt>
      <trkpt lat="41.9835301" lon="2.909263100000004">
        <ele>471.0068525133899</ele>
        <time>2026-08-01T05:45:30.294Z</time>
      </trkpt>
      <trkpt lat="41.9835812" lon="2.909261200000003">
        <ele>471.3398598769433</ele>
        <time>2026-08-01T05:45:33.908Z</time>
      </trkpt>
      <trkpt lat="41.9836272" lon="2.90926189999999">
        <ele>471.1148850942859</ele>
        <time>2026-08-01T05:45:37.332Z</time>
      </trkpt>
      <trkpt lat="41.9836736" lon="2.909259700000007">
        <ele>470.7011330587009</ele>
        <time>2026-08-01T05:45:41.289Z</time>
      </trkpt>
      <trkpt lat="41.9837182" lon="2.9092250999999862">
        <ele>469.4822448609089</ele>
        <time>2026-08-01T05:45:45.167Z</time>
      </trkpt>
      <trkpt lat="41.9837529" lon="2.9091856000000007">
        <ele>468.2660602347437</ele>
        <time>2026-08-01T05:45:48.281Z</time>
      </trkpt>
      <trkpt lat="41.983789" lon="2.9091463999999974">
        <ele>467.1046549898454</ele>
        <time>2026-08-01T05:45:51.847Z</time>
      </trkpt>
      <trkpt lat="41.983826" lon="2.909109099999995">
        <ele>466.0401396190033</ele>
        <time>2026-08-01T05:45:55.805Z</time>
      </trkpt>
      <trkpt lat="41.9838683" lon="2.909077200000013">
        <ele>465.17400578536655</ele>
        <time>2026-08-01T05:45:59.626Z</time>
      </trkpt>
      <trkpt lat="41.9838859" lon="2.909013899999991">
        <ele>464.11223824222094</ele>
        <time>2026-08-01T05:46:03.089Z</time>
      </trkpt>
      <trkpt lat="41.9839235" lon="2.9089778999999965">
        <ele>464.16682661783716</ele>
        <time>2026-08-01T05:46:08.132Z</time>
      </trkpt>
      <trkpt lat="41.9839432" lon="2.9089170999999965">
        <ele>463.3858280296816</ele>
        <time>2026-08-01T05:46:11.090Z</time>
      </trkpt>
      <trkpt lat="41.9839584" lon="2.908848599999999">
        <ele>462.4245429514516</ele>
        <time>2026-08-01T05:46:13.890Z</time>
      </trkpt>
      <trkpt lat="41.983983" lon="2.9087853000000052">
        <ele>461.9412709867872</ele>
        <time>2026-08-01T05:46:16.164Z</time>
      </trkpt>
      <trkpt lat="41.984019" lon="2.908742200000006">
        <ele>462.15382400079847</ele>
        <time>2026-08-01T05:46:20.704Z</time>
      </trkpt>
      <trkpt lat="41.9840396" lon="2.9087979999999902">
        <ele>463.9125396061657</ele>
        <time>2026-08-01T05:46:30.665Z</time>
      </trkpt>
      <trkpt lat="41.9840263" lon="2.908858600000002">
        <ele>464.53189602724996</ele>
        <time>2026-08-01T05:46:35.310Z</time>
      </trkpt>
      <trkpt lat="41.9840443" lon="2.9089205999999876">
        <ele>466.0426295721557</ele>
        <time>2026-08-01T05:46:40.269Z</time>
      </trkpt>
      <trkpt lat="41.9840725" lon="2.9089690000000132">
        <ele>467.4916567865213</ele>
        <time>2026-08-01T05:46:47.277Z</time>
      </trkpt>
      <trkpt lat="41.9840849" lon="2.9090300000000013">
        <ele>468.67019310305403</ele>
        <time>2026-08-01T05:46:54.315Z</time>
      </trkpt>
      <trkpt lat="41.984102" lon="2.9090956000000006">
        <ele>469.9735991731688</ele>
        <time>2026-08-01T05:46:59.345Z</time>
      </trkpt>
      <trkpt lat="41.9841221" lon="2.909151500000007">
        <ele>471.122679385226</ele>
        <time>2026-08-01T05:47:02.887Z</time>
      </trkpt>
      <trkpt lat="41.9841617" lon="2.9091822000000036">
        <ele>472.2917501015324</ele>
        <time>2026-08-01T05:47:06.310Z</time>
      </trkpt>
      <trkpt lat="41.9842058" lon="2.9092092999999863">
        <ele>473.5678638511062</ele>
        <time>2026-08-01T05:47:09.829Z</time>
      </trkpt>
      <trkpt lat="41.9842417" lon="2.9092464999999947">
        <ele>474.64802790128726</ele>
        <time>2026-08-01T05:47:13.867Z</time>
      </trkpt>
      <trkpt lat="41.9842413" lon="2.9093070000000125">
        <ele>475.1470418984734</ele>
        <time>2026-08-01T05:47:26.244Z</time>
      </trkpt>
      <trkpt lat="41.9842355" lon="2.9093686999999875">
        <ele>475.39415174159143</ele>
        <time>2026-08-01T05:47:32.302Z</time>
      </trkpt>
      <trkpt lat="41.9842473" lon="2.909427099999988">
        <ele>475.8089229769452</ele>
        <time>2026-08-01T05:47:37.328Z</time>
      </trkpt>
      <trkpt lat="41.9842581" lon="2.909487899999988">
        <ele>476.15972599311766</ele>
        <time>2026-08-01T05:47:47.607Z</time>
      </trkpt>
      <trkpt lat="41.9842557" lon="2.90955009999999">
        <ele>476.3839010057776</ele>
        <time>2026-08-01T05:47:52.355Z</time>
      </trkpt>
      <trkpt lat="41.984268" lon="2.9096131999999955">
        <ele>476.627143974605</ele>
        <time>2026-08-01T05:47:57.328Z</time>
      </trkpt>
      <trkpt lat="41.9842968" lon="2.9096609000000058">
        <ele>476.7193966292193</ele>
        <time>2026-08-01T05:48:01.109Z</time>
      </trkpt>
      <trkpt lat="41.9843228" lon="2.909715299999988">
        <ele>476.717929099625</ele>
        <time>2026-08-01T05:48:05.027Z</time>
      </trkpt>
      <trkpt lat="41.9843431" lon="2.909770299999991">
        <ele>476.6361655645948</ele>
        <time>2026-08-01T05:48:08.946Z</time>
      </trkpt>
      <trkpt lat="41.9843584" lon="2.9098294000000067">
        <ele>476.4954915076467</ele>
        <time>2026-08-01T05:48:11.929Z</time>
      </trkpt>
      <trkpt lat="41.9843752" lon="2.9099062999999887">
        <ele>475.7328603195224</ele>
        <time>2026-08-01T05:48:14.411Z</time>
      </trkpt>
      <trkpt lat="41.9843916" lon="2.9099635999999975">
        <ele>474.5223345267981</ele>
        <time>2026-08-01T05:48:16.829Z</time>
      </trkpt>
      <trkpt lat="41.9844084" lon="2.910022099999992">
        <ele>473.22073360976543</ele>
        <time>2026-08-01T05:48:19.805Z</time>
      </trkpt>
      <trkpt lat="41.9844162" lon="2.9100851000000034">
        <ele>471.8826689269502</ele>
        <time>2026-08-01T05:48:23.284Z</time>
      </trkpt>
      <trkpt lat="41.9844111" lon="2.9101472000000115">
        <ele>470.72888128161316</ele>
        <time>2026-08-01T05:48:26.828Z</time>
      </trkpt>
      <trkpt lat="41.9843976" lon="2.9102068999999915">
        <ele>469.55416830290784</ele>
        <time>2026-08-01T05:48:30.348Z</time>
      </trkpt>
      <trkpt lat="41.9843901" lon="2.9102688000000114">
        <ele>468.19232792479863</ele>
        <time>2026-08-01T05:48:33.764Z</time>
      </trkpt>
      <trkpt lat="41.9843956" lon="2.910328700000008">
        <ele>466.70433991148343</ele>
        <time>2026-08-01T05:48:36.868Z</time>
      </trkpt>
      <trkpt lat="41.9844104" lon="2.91039889999999">
        <ele>464.8923206740209</ele>
        <time>2026-08-01T05:48:40.006Z</time>
      </trkpt>
      <trkpt lat="41.9844238" lon="2.9104567999999915">
        <ele>463.57150986378974</ele>
        <time>2026-08-01T05:48:43.207Z</time>
      </trkpt>
      <trkpt lat="41.9844207" lon="2.9105213999999933">
        <ele>462.45525634776163</ele>
        <time>2026-08-01T05:48:52.049Z</time>
      </trkpt>
      <trkpt lat="41.9844429" lon="2.910575399999999">
        <ele>461.6453518683204</ele>
        <time>2026-08-01T05:48:55.401Z</time>
      </trkpt>
      <trkpt lat="41.9844553" lon="2.910634399999992">
        <ele>460.84372727727373</ele>
        <time>2026-08-01T05:48:58.729Z</time>
      </trkpt>
      <trkpt lat="41.9844698" lon="2.910700200000008">
        <ele>460.08688562249534</ele>
        <time>2026-08-01T05:49:01.849Z</time>
      </trkpt>
      <trkpt lat="41.9844927" lon="2.9107581000000096">
        <ele>459.05709526392576</ele>
        <time>2026-08-01T05:49:05.343Z</time>
      </trkpt>
      <trkpt lat="41.9845201" lon="2.910809499999999">
        <ele>458.2894178424319</ele>
        <time>2026-08-01T05:49:08.361Z</time>
      </trkpt>
      <trkpt lat="41.9845505" lon="2.9108646999999905">
        <ele>457.63406348114864</ele>
        <time>2026-08-01T05:49:11.808Z</time>
      </trkpt>
      <trkpt lat="41.98459" lon="2.910903999999988">
        <ele>457.72561861476186</ele>
        <time>2026-08-01T05:49:15.288Z</time>
      </trkpt>
      <trkpt lat="41.9846292" lon="2.910936899999996">
        <ele>458.08151637148165</ele>
        <time>2026-08-01T05:49:18.448Z</time>
      </trkpt>
      <trkpt lat="41.9846714" lon="2.9109649000000104">
        <ele>458.73295615846257</ele>
        <time>2026-08-01T05:49:21.624Z</time>
      </trkpt>
      <trkpt lat="41.9847208" lon="2.910991800000005">
        <ele>459.2463175236313</ele>
        <time>2026-08-01T05:49:25.223Z</time>
      </trkpt>
      <trkpt lat="41.9847648" lon="2.91101119999999">
        <ele>459.10566734531983</ele>
        <time>2026-08-01T05:49:28.289Z</time>
      </trkpt>
      <trkpt lat="41.9848087" lon="2.911025599999988">
        <ele>459.09547796347357</ele>
        <time>2026-08-01T05:49:30.723Z</time>
      </trkpt>
      <trkpt lat="41.9848562" lon="2.911049200000008">
        <ele>458.9072451147622</ele>
        <time>2026-08-01T05:49:34.395Z</time>
      </trkpt>
      <trkpt lat="41.9849035" lon="2.911068400000005">
        <ele>458.8352552806087</ele>
        <time>2026-08-01T05:49:37.300Z</time>
      </trkpt>
      <trkpt lat="41.9849495" lon="2.9110832000000073">
        <ele>458.86595998758554</ele>
        <time>2026-08-01T05:49:40.318Z</time>
      </trkpt>
      <trkpt lat="41.9849935" lon="2.9111066000000108">
        <ele>458.51025658114247</ele>
        <time>2026-08-01T05:49:43.727Z</time>
      </trkpt>
      <trkpt lat="41.9850406" lon="2.911127599999986">
        <ele>457.83563187539386</ele>
        <time>2026-08-01T05:49:47.224Z</time>
      </trkpt>
      <trkpt lat="41.9850837" lon="2.911149800000004">
        <ele>457.18857814814015</ele>
        <time>2026-08-01T05:49:50.386Z</time>
      </trkpt>
      <trkpt lat="41.985127" lon="2.911169599999994">
        <ele>456.6233044973872</ele>
        <time>2026-08-01T05:49:53.484Z</time>
      </trkpt>
      <trkpt lat="41.9851692" lon="2.911192099999994">
        <ele>456.0416311425474</ele>
        <time>2026-08-01T05:49:56.302Z</time>
      </trkpt>
      <trkpt lat="41.9852114" lon="2.9112188999999944">
        <ele>455.4162031948835</ele>
        <time>2026-08-01T05:50:00.223Z</time>
      </trkpt>
      <trkpt lat="41.9852575" lon="2.911246900000009">
        <ele>454.80337852693685</ele>
        <time>2026-08-01T05:50:03.665Z</time>
      </trkpt>
      <trkpt lat="41.985302" lon="2.9112738000000036">
        <ele>454.4095855335172</ele>
        <time>2026-08-01T05:50:07.850Z</time>
      </trkpt>
      <trkpt lat="41.9853424" lon="2.9113016999999957">
        <ele>453.8921039235366</ele>
        <time>2026-08-01T05:50:10.949Z</time>
      </trkpt>
      <trkpt lat="41.9853841" lon="2.9113274000000047">
        <ele>453.49573383446887</ele>
        <time>2026-08-01T05:50:14.768Z</time>
      </trkpt>
      <trkpt lat="41.9854288" lon="2.9113517000000115">
        <ele>453.2081069439333</ele>
        <time>2026-08-01T05:50:18.329Z</time>
      </trkpt>
      <trkpt lat="41.9854765" lon="2.9113763999999946">
        <ele>452.99557620039093</ele>
        <time>2026-08-01T05:50:22.248Z</time>
      </trkpt>
      <trkpt lat="41.9855228" lon="2.9113992000000053">
        <ele>452.87680004840587</ele>
        <time>2026-08-01T05:50:25.610Z</time>
      </trkpt>
      <trkpt lat="41.9855686" lon="2.911422399999992">
        <ele>453.3006346374044</ele>
        <time>2026-08-01T05:50:30.008Z</time>
      </trkpt>
      <trkpt lat="41.9856156" lon="2.9114457000000016">
        <ele>454.0009819484538</ele>
        <time>2026-08-01T05:50:34.405Z</time>
      </trkpt>
      <trkpt lat="41.985663" lon="2.9114635999999905">
        <ele>454.8494815781226</ele>
        <time>2026-08-01T05:50:38.890Z</time>
      </trkpt>
      <trkpt lat="41.9857071" lon="2.911479100000008">
        <ele>455.6982289561582</ele>
        <time>2026-08-01T05:50:43.359Z</time>
      </trkpt>
      <trkpt lat="41.9857529" lon="2.911500700000005">
        <ele>456.5617411770476</ele>
        <time>2026-08-01T05:50:48.307Z</time>
      </trkpt>
      <trkpt lat="41.9857988" lon="2.9115276999999935">
        <ele>457.4339908122785</ele>
        <time>2026-08-01T05:50:52.746Z</time>
      </trkpt>
      <trkpt lat="41.985837" lon="2.9115657000000112">
        <ele>458.06964008109213</ele>
        <time>2026-08-01T05:50:57.328Z</time>
      </trkpt>
      <trkpt lat="41.985875" lon="2.911598700000013">
        <ele>458.7709457748655</ele>
        <time>2026-08-01T05:51:01.183Z</time>
      </trkpt>
      <trkpt lat="41.9859121" lon="2.9116348000000016">
        <ele>459.45269159820776</ele>
        <time>2026-08-01T05:51:05.325Z</time>
      </trkpt>
      <trkpt lat="41.9859451" lon="2.9116790999999864">
        <ele>460.0010071268633</ele>
        <time>2026-08-01T05:51:09.338Z</time>
      </trkpt>
      <trkpt lat="41.9859708" lon="2.911732199999989">
        <ele>460.33019469705056</ele>
        <time>2026-08-01T05:51:13.065Z</time>
      </trkpt>
      <trkpt lat="41.9859855" lon="2.9117913999999985">
        <ele>460.35216096075465</ele>
        <time>2026-08-01T05:51:16.751Z</time>
      </trkpt>
      <trkpt lat="41.9859936" lon="2.911856400000005">
        <ele>460.30385779737344</ele>
        <time>2026-08-01T05:51:20.806Z</time>
      </trkpt>
      <trkpt lat="41.9859927" lon="2.9119176000000095">
        <ele>460.13792173287175</ele>
        <time>2026-08-01T05:51:24.789Z</time>
      </trkpt>
      <trkpt lat="41.985981" lon="2.911986100000007">
        <ele>459.68876043194865</ele>
        <time>2026-08-01T05:51:28.867Z</time>
      </trkpt>
      <trkpt lat="41.9859673" lon="2.912044100000003">
        <ele>459.23660880119184</ele>
        <time>2026-08-01T05:51:32.866Z</time>
      </trkpt>
      <trkpt lat="41.9859511" lon="2.9121072000000083">
        <ele>458.74214739380085</ele>
        <time>2026-08-01T05:51:36.386Z</time>
      </trkpt>
      <trkpt lat="41.9859336" lon="2.912171900000004">
        <ele>458.2931603418733</ele>
        <time>2026-08-01T05:51:41.087Z</time>
      </trkpt>
      <trkpt lat="41.9859161" lon="2.912232700000004">
        <ele>457.96170532606004</ele>
        <time>2026-08-01T05:51:45.126Z</time>
      </trkpt>
      <trkpt lat="41.9858979" lon="2.912290799999994">
        <ele>457.72913930701617</ele>
        <time>2026-08-01T05:51:49.227Z</time>
      </trkpt>
      <trkpt lat="41.9858798" lon="2.91234639999999">
        <ele>457.6027583883964</ele>
        <time>2026-08-01T05:51:53.361Z</time>
      </trkpt>
      <trkpt lat="41.9858567" lon="2.9124054000000115">
        <ele>457.27442868407024</ele>
        <time>2026-08-01T05:51:57.366Z</time>
      </trkpt>
      <trkpt lat="41.9858333" lon="2.912465999999995">
        <ele>456.6792544608182</ele>
        <time>2026-08-01T05:52:00.924Z</time>
      </trkpt>
      <trkpt lat="41.9858128" lon="2.9125218000000075">
        <ele>456.16272073306004</ele>
        <time>2026-08-01T05:52:04.045Z</time>
      </trkpt>
      <trkpt lat="41.9857885" lon="2.9125780999999904">
        <ele>455.03332113503564</ele>
        <time>2026-08-01T05:52:07.188Z</time>
      </trkpt>
      <trkpt lat="41.985761" lon="2.912626700000004">
        <ele>453.9212597983247</ele>
        <time>2026-08-01T05:52:10.339Z</time>
      </trkpt>
      <trkpt lat="41.9857304" lon="2.9126804999999933">
        <ele>452.68464132560365</ele>
        <time>2026-08-01T05:52:13.944Z</time>
      </trkpt>
      <trkpt lat="41.9857051" lon="2.912731199999996">
        <ele>451.5726430455938</ele>
        <time>2026-08-01T05:52:17.431Z</time>
      </trkpt>
      <trkpt lat="41.9856763" lon="2.91277980000001">
        <ele>450.4154281256353</ele>
        <time>2026-08-01T05:52:21.397Z</time>
      </trkpt>
      <trkpt lat="41.9856403" lon="2.912831699999998">
        <ele>449.08300559314546</ele>
        <time>2026-08-01T05:52:25.203Z</time>
      </trkpt>
      <trkpt lat="41.985609" lon="2.912881199999987">
        <ele>447.94346266099546</ele>
        <time>2026-08-01T05:52:28.691Z</time>
      </trkpt>
      <trkpt lat="41.9855798" lon="2.9129370999999935">
        <ele>446.87875324934436</ele>
        <time>2026-08-01T05:52:32.248Z</time>
      </trkpt>
      <trkpt lat="41.9855531" lon="2.912989799999991">
        <ele>446.1616917846744</ele>
        <time>2026-08-01T05:52:35.248Z</time>
      </trkpt>
      <trkpt lat="41.9855249" lon="2.9130404">
        <ele>445.3051612154233</ele>
        <time>2026-08-01T05:52:38.726Z</time>
      </trkpt>
      <trkpt lat="41.9854998" lon="2.9130921">
        <ele>444.3999091816871</ele>
        <time>2026-08-01T05:52:41.828Z</time>
      </trkpt>
      <trkpt lat="41.9854818" lon="2.9131503000000123">
        <ele>443.8800014341071</ele>
        <time>2026-08-01T05:52:45.825Z</time>
      </trkpt>
      <trkpt lat="41.985463" lon="2.9132092000000114">
        <ele>443.44136660827485</ele>
        <time>2026-08-01T05:52:49.320Z</time>
      </trkpt>
      <trkpt lat="41.9854394" lon="2.9132630999999947">
        <ele>443.25777812310935</ele>
        <time>2026-08-01T05:52:52.648Z</time>
      </trkpt>
      <trkpt lat="41.9854127" lon="2.913319999999999">
        <ele>443.15881571082974</ele>
        <time>2026-08-01T05:52:56.087Z</time>
      </trkpt>
      <trkpt lat="41.98538" lon="2.913364999999999">
        <ele>442.89330700009964</ele>
        <time>2026-08-01T05:52:59.206Z</time>
      </trkpt>
      <trkpt lat="41.9853518" lon="2.9134124999999926">
        <ele>442.8889217825367</ele>
        <time>2026-08-01T05:53:02.328Z</time>
      </trkpt>
      <trkpt lat="41.9853357" lon="2.913477599999993">
        <ele>443.5038673779278</ele>
        <time>2026-08-01T05:53:06.007Z</time>
      </trkpt>
      <trkpt lat="41.9853052" lon="2.913522400000005">
        <ele>443.46971919308993</ele>
        <time>2026-08-01T05:53:09.063Z</time>
      </trkpt>
      <trkpt lat="41.9852762" lon="2.9135722999999984">
        <ele>443.53983666592444</ele>
        <time>2026-08-01T05:53:12.128Z</time>
      </trkpt>
      <trkpt lat="41.9852538" lon="2.9136263999999983">
        <ele>443.74990627815504</ele>
        <time>2026-08-01T05:53:15.353Z</time>
      </trkpt>
      <trkpt lat="41.9852387" lon="2.913692400000002">
        <ele>443.89681645301056</ele>
        <time>2026-08-01T05:53:18.223Z</time>
      </trkpt>
      <trkpt lat="41.9852258" lon="2.913753100000008">
        <ele>444.06217528632453</ele>
        <time>2026-08-01T05:53:21.750Z</time>
      </trkpt>
      <trkpt lat="41.9852093" lon="2.913812400000012">
        <ele>443.8654251010604</ele>
        <time>2026-08-01T05:53:25.181Z</time>
      </trkpt>
      <trkpt lat="41.9851898" lon="2.9138764999999864">
        <ele>443.57051600694416</ele>
        <time>2026-08-01T05:53:28.379Z</time>
      </trkpt>
      <trkpt lat="41.985171" lon="2.913939400000004">
        <ele>443.3672537323038</ele>
        <time>2026-08-01T05:53:31.826Z</time>
      </trkpt>
      <trkpt lat="41.9851524" lon="2.9139967000000127">
        <ele>443.1883037766858</ele>
        <time>2026-08-01T05:53:34.810Z</time>
      </trkpt>
      <trkpt lat="41.9851341" lon="2.914057299999996">
        <ele>443.13810756028124</ele>
        <time>2026-08-01T05:53:37.848Z</time>
      </trkpt>
      <trkpt lat="41.9851212" lon="2.914122700000007">
        <ele>443.5203884428656</ele>
        <time>2026-08-01T05:53:41.274Z</time>
      </trkpt>
      <trkpt lat="41.9851079" lon="2.914187599999991">
        <ele>443.96772517860353</ele>
        <time>2026-08-01T05:53:44.890Z</time>
      </trkpt>
      <trkpt lat="41.9851017" lon="2.914251799999988">
        <ele>444.675573187481</ele>
        <time>2026-08-01T05:53:47.906Z</time>
      </trkpt>
      <trkpt lat="41.9850939" lon="2.9143180000000086">
        <ele>445.41468365928466</ele>
        <time>2026-08-01T05:53:51.298Z</time>
      </trkpt>
      <trkpt lat="41.9850867" lon="2.9143794000000014">
        <ele>445.95234091403194</ele>
        <time>2026-08-01T05:53:54.466Z</time>
      </trkpt>
      <trkpt lat="41.9850783" lon="2.914444400000008">
        <ele>446.5239321417584</ele>
        <time>2026-08-01T05:53:57.978Z</time>
      </trkpt>
      <trkpt lat="41.985071" lon="2.914508100000006">
        <ele>447.145415929673</ele>
        <time>2026-08-01T05:54:01.330Z</time>
      </trkpt>
      <trkpt lat="41.9850746" lon="2.914572800000002">
        <ele>447.94292257083515</ele>
        <time>2026-08-01T05:54:04.314Z</time>
      </trkpt>
      <trkpt lat="41.9850751" lon="2.914635699999991">
        <ele>448.23494595780534</ele>
        <time>2026-08-01T05:54:08.274Z</time>
      </trkpt>
      <trkpt lat="41.9851388" lon="2.9146556000000032">
        <ele>448.71899162498323</ele>
        <time>2026-08-01T05:54:11.010Z</time>
      </trkpt>
      <trkpt lat="41.9851855" lon="2.9146536000000083">
        <ele>449.1156441988299</ele>
        <time>2026-08-01T05:54:13.318Z</time>
      </trkpt>
      <trkpt lat="41.9852345" lon="2.914640399999996">
        <ele>449.61229730467244</ele>
        <time>2026-08-01T05:54:16.526Z</time>
      </trkpt>
      <trkpt lat="41.9852756" lon="2.9146101999999985">
        <ele>449.6457252768749</ele>
        <time>2026-08-01T05:54:20.970Z</time>
      </trkpt>
      <trkpt lat="41.9853127" lon="2.9145713000000057">
        <ele>448.84729213184363</ele>
        <time>2026-08-01T05:54:25.319Z</time>
      </trkpt>
      <trkpt lat="41.9853488" lon="2.914535099999995">
        <ele>448.0792121479567</ele>
        <time>2026-08-01T05:54:30.084Z</time>
      </trkpt>
      <trkpt lat="41.9853768" lon="2.9144853999999896">
        <ele>447.5269905891785</ele>
        <time>2026-08-01T05:54:34.586Z</time>
      </trkpt>
      <trkpt lat="41.9854113" lon="2.9144381000000124">
        <ele>446.93513612218766</ele>
        <time>2026-08-01T05:54:38.670Z</time>
      </trkpt>
      <trkpt lat="41.9854449" lon="2.9143953999999894">
        <ele>446.4344406328655</ele>
        <time>2026-08-01T05:54:42.381Z</time>
      </trkpt>
      <trkpt lat="41.9854851" lon="2.9143564999999967">
        <ele>445.90051983439315</ele>
        <time>2026-08-01T05:54:46.266Z</time>
      </trkpt>
      <trkpt lat="41.9855233" lon="2.91430840000001">
        <ele>445.54934294999833</ele>
        <time>2026-08-01T05:54:49.968Z</time>
      </trkpt>
      <trkpt lat="41.9855569" lon="2.9142643000000135">
        <ele>445.168393327522</ele>
        <time>2026-08-01T05:54:53.327Z</time>
      </trkpt>
      <trkpt lat="41.9855944" lon="2.914221199999986">
        <ele>444.58026885970213</ele>
        <time>2026-08-01T05:54:57.123Z</time>
      </trkpt>
      <trkpt lat="41.985632" lon="2.914187499999997">
        <ele>443.9464608474149</ele>
        <time>2026-08-01T05:55:00.608Z</time>
      </trkpt>
      <trkpt lat="41.98567" lon="2.914147100000008">
        <ele>443.37497468028533</ele>
        <time>2026-08-01T05:55:04.366Z</time>
      </trkpt>
      <trkpt lat="41.9857111" lon="2.9141090999999903">
        <ele>442.73892759660146</ele>
        <time>2026-08-01T05:55:07.844Z</time>
      </trkpt>
      <trkpt lat="41.9857483" lon="2.9140726999999913">
        <ele>442.2012976509915</ele>
        <time>2026-08-01T05:55:10.931Z</time>
      </trkpt>
      <trkpt lat="41.9857839" lon="2.9140310999999883">
        <ele>441.84971386376736</ele>
        <time>2026-08-01T05:55:14.353Z</time>
      </trkpt>
      <trkpt lat="41.9858161" lon="2.913987800000001">
        <ele>441.7982857149168</ele>
        <time>2026-08-01T05:55:17.831Z</time>
      </trkpt>
      <trkpt lat="41.9858562" lon="2.913951300000008">
        <ele>441.401236794405</ele>
        <time>2026-08-01T05:55:21.945Z</time>
      </trkpt>
      <trkpt lat="41.985896" lon="2.91391569999999">
        <ele>441.05324664524704</ele>
        <time>2026-08-01T05:55:26.044Z</time>
      </trkpt>
      <trkpt lat="41.9859347" lon="2.913874899999996">
        <ele>440.87475700652004</ele>
        <time>2026-08-01T05:55:29.569Z</time>
      </trkpt>
      <trkpt lat="41.9859731" lon="2.9138346000000013">
        <ele>440.7552118124776</ele>
        <time>2026-08-01T05:55:33.247Z</time>
      </trkpt>
      <trkpt lat="41.9860106" lon="2.913796600000012">
        <ele>440.67128965258854</ele>
        <time>2026-08-01T05:55:36.710Z</time>
      </trkpt>
      <trkpt lat="41.9860481" lon="2.9137600999999904">
        <ele>440.57648051529594</ele>
        <time>2026-08-01T05:55:40.372Z</time>
      </trkpt>
      <trkpt lat="41.9860846" lon="2.913724599999995">
        <ele>440.39760146350903</ele>
        <time>2026-08-01T05:55:43.546Z</time>
      </trkpt>
      <trkpt lat="41.9861217" lon="2.913684499999988">
        <ele>439.96153427436207</ele>
        <time>2026-08-01T05:55:47.066Z</time>
      </trkpt>
      <trkpt lat="41.9861534" lon="2.9136402000000032">
        <ele>439.7369629109321</ele>
        <time>2026-08-01T05:55:50.144Z</time>
      </trkpt>
      <trkpt lat="41.9861885" lon="2.9135995999999977">
        <ele>439.41005802446665</ele>
        <time>2026-08-01T05:55:53.352Z</time>
      </trkpt>
      <trkpt lat="41.9862197" lon="2.9135492999999997">
        <ele>439.42988409079453</ele>
        <time>2026-08-01T05:55:56.274Z</time>
      </trkpt>
      <trkpt lat="41.9862585" lon="2.9135134999999934">
        <ele>439.0382968310912</ele>
        <time>2026-08-01T05:55:59.585Z</time>
      </trkpt>
      <trkpt lat="41.986303" lon="2.9134884999999997">
        <ele>438.3368037767592</ele>
        <time>2026-08-01T05:56:03.103Z</time>
      </trkpt>
      <trkpt lat="41.9863523" lon="2.913483299999996">
        <ele>437.12656667064425</ele>
        <time>2026-08-01T05:56:06.766Z</time>
      </trkpt>
      <trkpt lat="41.9863978" lon="2.913482899999991">
        <ele>435.76422922990537</ele>
        <time>2026-08-01T05:56:10.190Z</time>
      </trkpt>
      <trkpt lat="41.9864466" lon="2.913484699999998">
        <ele>434.148494555188</ele>
        <time>2026-08-01T05:56:13.349Z</time>
      </trkpt>
      <trkpt lat="41.9864944" lon="2.9134962999999914">
        <ele>432.3578339699017</ele>
        <time>2026-08-01T05:56:17.971Z</time>
      </trkpt>
      <trkpt lat="41.9865394" lon="2.9134938999999918">
        <ele>430.94421325805683</ele>
        <time>2026-08-01T05:56:21.027Z</time>
      </trkpt>
      <trkpt lat="41.986586" lon="2.9134917000000087">
        <ele>429.4738753592183</ele>
        <time>2026-08-01T05:56:24.297Z</time>
      </trkpt>
      <trkpt lat="41.9866312" lon="2.9134864000000107">
        <ele>428.12307595497003</ele>
        <time>2026-08-01T05:56:27.314Z</time>
      </trkpt>
      <trkpt lat="41.986682" lon="2.9134798000000046">
        <ele>426.9538719779443</ele>
        <time>2026-08-01T05:56:31.152Z</time>
      </trkpt>
      <trkpt lat="41.9867284" lon="2.913465599999995">
        <ele>426.27334406521544</ele>
        <time>2026-08-01T05:56:34.207Z</time>
      </trkpt>
      <trkpt lat="41.9867779" lon="2.913447700000006">
        <ele>425.68781168180016</ele>
        <time>2026-08-01T05:56:38.307Z</time>
      </trkpt>
      <trkpt lat="41.9868253" lon="2.913432599999993">
        <ele>425.13422653037077</ele>
        <time>2026-08-01T05:56:41.372Z</time>
      </trkpt>
      <trkpt lat="41.9868738" lon="2.91340790000001">
        <ele>424.9340521051446</ele>
        <time>2026-08-01T05:56:45.329Z</time>
      </trkpt>
      <trkpt lat="41.9869145" lon="2.9133774000000017">
        <ele>425.1817259841206</ele>
        <time>2026-08-01T05:56:48.769Z</time>
      </trkpt>
      <trkpt lat="41.9869573" lon="2.9133497999999918">
        <ele>425.4186670282165</ele>
        <time>2026-08-01T05:56:52.265Z</time>
      </trkpt>
      <trkpt lat="41.9870022" lon="2.9133286">
        <ele>425.3842590020653</ele>
        <time>2026-08-01T05:56:55.670Z</time>
      </trkpt>
      <trkpt lat="41.9870458" lon="2.9133040000000108">
        <ele>425.4400901549914</ele>
        <time>2026-08-01T05:56:59.228Z</time>
      </trkpt>
      <trkpt lat="41.9870952" lon="2.9132842999999866">
        <ele>425.18971811577075</ele>
        <time>2026-08-01T05:57:03.208Z</time>
      </trkpt>
      <trkpt lat="41.9871408" lon="2.9132630000000006">
        <ele>425.0142415311257</ele>
        <time>2026-08-01T05:57:06.670Z</time>
      </trkpt>
      <trkpt lat="41.9871921" lon="2.9132562000000064">
        <ele>424.26521777478274</ele>
        <time>2026-08-01T05:57:10.203Z</time>
      </trkpt>
      <trkpt lat="41.9872395" lon="2.913234200000005">
        <ele>424.0167230273879</ele>
        <time>2026-08-01T05:57:13.666Z</time>
      </trkpt>
      <trkpt lat="41.9872847" lon="2.913222200000007">
        <ele>423.49861684542924</ele>
        <time>2026-08-01T05:57:17.226Z</time>
      </trkpt>
      <trkpt lat="41.9873352" lon="2.9132127999999966">
        <ele>422.786883874224</ele>
        <time>2026-08-01T05:57:21.247Z</time>
      </trkpt>
      <trkpt lat="41.9873799" lon="2.9132035000000087">
        <ele>422.121740991081</ele>
        <time>2026-08-01T05:57:24.670Z</time>
      </trkpt>
      <trkpt lat="41.987425" lon="2.9131845">
        <ele>421.62988650782415</ele>
        <time>2026-08-01T05:57:28.325Z</time>
      </trkpt>
      <trkpt lat="41.9874691" lon="2.913154200000008">
        <ele>421.352391487839</ele>
        <time>2026-08-01T05:57:32.292Z</time>
      </trkpt>
      <trkpt lat="41.9875096" lon="2.9131276999999898">
        <ele>421.0239395334541</ele>
        <time>2026-08-01T05:57:35.429Z</time>
      </trkpt>
      <trkpt lat="41.9875453" lon="2.913083300000011">
        <ele>421.0762542507867</ele>
        <time>2026-08-01T05:57:38.867Z</time>
      </trkpt>
      <trkpt lat="41.9875789" lon="2.913039700000013">
        <ele>421.10859333286817</ele>
        <time>2026-08-01T05:57:42.347Z</time>
      </trkpt>
      <trkpt lat="41.987599" lon="2.912982400000004">
        <ele>421.6378939444699</ele>
        <time>2026-08-01T05:57:45.809Z</time>
      </trkpt>
      <trkpt lat="41.9876091" lon="2.9129192000000046">
        <ele>422.3475564784846</ele>
        <time>2026-08-01T05:57:49.805Z</time>
      </trkpt>
      <trkpt lat="41.9876104" lon="2.9128556000000003">
        <ele>422.8767052024266</ele>
        <time>2026-08-01T05:57:53.811Z</time>
      </trkpt>
      <trkpt lat="41.9876123" lon="2.912788400000011">
        <ele>423.41048233032024</ele>
        <time>2026-08-01T05:57:57.744Z</time>
      </trkpt>
      <trkpt lat="41.9876219" lon="2.912724300000008">
        <ele>423.6394524676223</ele>
        <time>2026-08-01T05:58:01.248Z</time>
      </trkpt>
      <trkpt lat="41.9876319" lon="2.912665199999992">
        <ele>423.7539988833748</ele>
        <time>2026-08-01T05:58:04.669Z</time>
      </trkpt>
      <trkpt lat="41.9876541" lon="2.9126091999999915">
        <ele>423.23195849730473</ele>
        <time>2026-08-01T05:58:08.704Z</time>
      </trkpt>
      <trkpt lat="41.9876872" lon="2.9125588999999934">
        <ele>422.26178545067734</ele>
        <time>2026-08-01T05:58:13.227Z</time>
      </trkpt>
      <trkpt lat="41.9877287" lon="2.9125238999999965">
        <ele>420.91009539817486</ele>
        <time>2026-08-01T05:58:17.144Z</time>
      </trkpt>
      <trkpt lat="41.9877727" lon="2.9125067999999885">
        <ele>419.46419211484044</ele>
        <time>2026-08-01T05:58:20.995Z</time>
      </trkpt>
      <trkpt lat="41.9878187" lon="2.9124946000000023">
        <ele>418.1711060062579</ele>
        <time>2026-08-01T05:58:24.274Z</time>
      </trkpt>
      <trkpt lat="41.9878644" lon="2.9124888999999996">
        <ele>416.8483016661752</ele>
        <time>2026-08-01T05:58:27.551Z</time>
      </trkpt>
      <trkpt lat="41.987912" lon="2.9124816000000067">
        <ele>415.47688073296257</ele>
        <time>2026-08-01T05:58:31.108Z</time>
      </trkpt>
      <trkpt lat="41.9879615" lon="2.912493000000012">
        <ele>413.9467092258935</ele>
        <time>2026-08-01T05:58:35.128Z</time>
      </trkpt>
      <trkpt lat="41.9880096" lon="2.912483100000003">
        <ele>412.5732089725244</ele>
        <time>2026-08-01T05:58:38.550Z</time>
      </trkpt>
      <trkpt lat="41.9880595" lon="2.9124860999999953">
        <ele>411.1063274045923</ele>
        <time>2026-08-01T05:58:42.148Z</time>
      </trkpt>
      <trkpt lat="41.9881055" lon="2.9125023">
        <ele>409.69266521805173</ele>
        <time>2026-08-01T05:58:45.626Z</time>
      </trkpt>
      <trkpt lat="41.9881506" lon="2.912510400000002">
        <ele>408.331705589546</ele>
        <time>2026-08-01T05:58:49.144Z</time>
      </trkpt>
      <trkpt lat="41.9882005" lon="2.9125205999999935">
        <ele>406.7907357290837</ele>
        <time>2026-08-01T05:58:53.250Z</time>
      </trkpt>
      <trkpt lat="41.9882496" lon="2.9125371000000086">
        <ele>405.1763544427988</ele>
        <time>2026-08-01T05:58:57.111Z</time>
      </trkpt>
      <trkpt lat="41.9882944" lon="2.9125477999999987">
        <ele>403.71797409104744</ele>
        <time>2026-08-01T05:59:00.485Z</time>
      </trkpt>
      <trkpt lat="41.9883388" lon="2.912562500000007">
        <ele>402.44946372146956</ele>
        <time>2026-08-01T05:59:03.906Z</time>
      </trkpt>
      <trkpt lat="41.98839" lon="2.912570499999987">
        <ele>401.382340662371</ele>
        <time>2026-08-01T05:59:07.871Z</time>
      </trkpt>
      <trkpt lat="41.9884353" lon="2.912577199999987">
        <ele>400.4215563957942</ele>
        <time>2026-08-01T05:59:11.350Z</time>
      </trkpt>
      <trkpt lat="41.9884794" lon="2.9125999000000036">
        <ele>399.1707132625614</ele>
        <time>2026-08-01T05:59:15.305Z</time>
      </trkpt>
      <trkpt lat="41.9885249" lon="2.912616000000014">
        <ele>397.95464756954584</ele>
        <time>2026-08-01T05:59:18.848Z</time>
      </trkpt>
      <trkpt lat="41.9885741" lon="2.912635399999999">
        <ele>396.5414579121616</ele>
        <time>2026-08-01T05:59:22.350Z</time>
      </trkpt>
      <trkpt lat="41.9886239" lon="2.9126453000000083">
        <ele>395.89726313033066</ele>
        <time>2026-08-01T05:59:25.909Z</time>
      </trkpt>
      <trkpt lat="41.988672" lon="2.9126500000000135">
        <ele>395.84482325224667</ele>
        <time>2026-08-01T05:59:29.356Z</time>
      </trkpt>
      <trkpt lat="41.9887247" lon="2.912645999999995">
        <ele>395.95090886713297</ele>
        <time>2026-08-01T05:59:32.947Z</time>
      </trkpt>
      <trkpt lat="41.9887736" lon="2.912645700000013">
        <ele>395.98737281645526</ele>
        <time>2026-08-01T05:59:36.347Z</time>
      </trkpt>
      <trkpt lat="41.9888184" lon="2.9126534000000106">
        <ele>395.94791416589885</ele>
        <time>2026-08-01T05:59:39.465Z</time>
      </trkpt>
      <trkpt lat="41.9888638" lon="2.91266490000001">
        <ele>395.8401760503868</ele>
        <time>2026-08-01T05:59:42.424Z</time>
      </trkpt>
      <trkpt lat="41.9889094" lon="2.9126740000000098">
        <ele>395.74379922230656</ele>
        <time>2026-08-01T05:59:45.328Z</time>
      </trkpt>
      <trkpt lat="41.9889595" lon="2.9126865000000066">
        <ele>395.6496712299749</ele>
        <time>2026-08-01T05:59:48.168Z</time>
      </trkpt>
      <trkpt lat="41.9890066" lon="2.9126958999999886">
        <ele>395.64305214416555</ele>
        <time>2026-08-01T05:59:51.671Z</time>
      </trkpt>
      <trkpt lat="41.9890578" lon="2.912713800000006">
        <ele>395.6369901574694</ele>
        <time>2026-08-01T05:59:55.270Z</time>
      </trkpt>
      <trkpt lat="41.989102" lon="2.912733099999997">
        <ele>395.69208226442413</ele>
        <time>2026-08-01T05:59:58.367Z</time>
      </trkpt>
      <trkpt lat="41.9891463" lon="2.9127550999999983">
        <ele>395.83145717927874</ele>
        <time>2026-08-01T06:00:01.550Z</time>
      </trkpt>
      <trkpt lat="41.9891931" lon="2.912779499999999">
        <ele>395.54614224309904</ele>
        <time>2026-08-01T06:00:05.006Z</time>
      </trkpt>
      <trkpt lat="41.9892363" lon="2.9128034999999954">
        <ele>395.34051691567805</ele>
        <time>2026-08-01T06:00:08.149Z</time>
      </trkpt>
      <trkpt lat="41.9892803" lon="2.9128226999999924">
        <ele>395.22518413642626</ele>
        <time>2026-08-01T06:00:11.190Z</time>
      </trkpt>
      <trkpt lat="41.989323" lon="2.912843600000002">
        <ele>395.2257740773393</ele>
        <time>2026-08-01T06:00:14.325Z</time>
      </trkpt>
      <trkpt lat="41.9893699" lon="2.912866799999989">
        <ele>395.34872471769563</ele>
        <time>2026-08-01T06:00:17.310Z</time>
      </trkpt>
      <trkpt lat="41.9894169" lon="2.912880599999994">
        <ele>395.4699961587601</ele>
        <time>2026-08-01T06:00:20.963Z</time>
      </trkpt>
      <trkpt lat="41.9894627" lon="2.9128986999999995">
        <ele>395.3478830966266</ele>
        <time>2026-08-01T06:00:24.276Z</time>
      </trkpt>
      <trkpt lat="41.9895125" lon="2.912915400000003">
        <ele>395.0822105324241</ele>
        <time>2026-08-01T06:00:28.091Z</time>
      </trkpt>
      <trkpt lat="41.9895603" lon="2.9129216999999983">
        <ele>394.70004824958295</ele>
        <time>2026-08-01T06:00:31.569Z</time>
      </trkpt>
      <trkpt lat="41.9896114" lon="2.9129245999999966">
        <ele>394.2349789245488</ele>
        <time>2026-08-01T06:00:35.286Z</time>
      </trkpt>
      <trkpt lat="41.989662" lon="2.9129269999999963">
        <ele>393.7756466752485</ele>
        <time>2026-08-01T06:00:38.805Z</time>
      </trkpt>
      <trkpt lat="41.9897138" lon="2.912928899999997">
        <ele>393.27897400987183</ele>
        <time>2026-08-01T06:00:42.373Z</time>
      </trkpt>
      <trkpt lat="41.9897589" lon="2.9129278999999997">
        <ele>392.6246381461919</ele>
        <time>2026-08-01T06:00:45.565Z</time>
      </trkpt>
      <trkpt lat="41.9898062" lon="2.9129323999999883">
        <ele>392.0985859075665</ele>
        <time>2026-08-01T06:00:49.070Z</time>
      </trkpt>
      <trkpt lat="41.989854" lon="2.912934000000007">
        <ele>391.4887856326115</ele>
        <time>2026-08-01T06:00:52.830Z</time>
      </trkpt>
      <trkpt lat="41.9898999" lon="2.912937800000009">
        <ele>390.92342045642687</ele>
        <time>2026-08-01T06:00:56.327Z</time>
      </trkpt>
      <trkpt lat="41.9899485" lon="2.9129456000000005">
        <ele>390.3878995514079</ele>
        <time>2026-08-01T06:00:59.967Z</time>
      </trkpt>
      <trkpt lat="41.9899938" lon="2.9129567999999892">
        <ele>389.9975205007456</ele>
        <time>2026-08-01T06:01:03.384Z</time>
      </trkpt>
      <trkpt lat="41.9900439" lon="2.9129596999999876">
        <ele>389.48833919680067</ele>
        <time>2026-08-01T06:01:07.127Z</time>
      </trkpt>
      <trkpt lat="41.9900891" lon="2.912970300000012">
        <ele>389.18909966801044</ele>
        <time>2026-08-01T06:01:10.312Z</time>
      </trkpt>
      <trkpt lat="41.9901348" lon="2.9129801999999927">
        <ele>388.88829647469896</ele>
        <time>2026-08-01T06:01:13.549Z</time>
      </trkpt>
      <trkpt lat="41.9901872" lon="2.9129872999999975">
        <ele>388.4737459814963</ele>
        <time>2026-08-01T06:01:17.124Z</time>
      </trkpt>
      <trkpt lat="41.990232" lon="2.913000199999999">
        <ele>388.2818145204379</ele>
        <time>2026-08-01T06:01:20.364Z</time>
      </trkpt>
      <trkpt lat="41.9902757" lon="2.9130150999999955">
        <ele>388.13315326011787</ele>
        <time>2026-08-01T06:01:23.380Z</time>
      </trkpt>
      <trkpt lat="41.990323" lon="2.913036799999986">
        <ele>388.0181395777757</ele>
        <time>2026-08-01T06:01:27.108Z</time>
      </trkpt>
      <trkpt lat="41.9903671" lon="2.9130561000000057">
        <ele>387.9145402570392</ele>
        <time>2026-08-01T06:01:30.525Z</time>
      </trkpt>
      <trkpt lat="41.9904129" lon="2.9130672999999945">
        <ele>387.6124643095767</ele>
        <time>2026-08-01T06:01:34.334Z</time>
      </trkpt>
      <trkpt lat="41.9904663" lon="2.9130743000000052">
        <ele>387.12331139009177</ele>
        <time>2026-08-01T06:01:38.309Z</time>
      </trkpt>
      <trkpt lat="41.9905141" lon="2.9130667000000017">
        <ele>386.32958738875817</ele>
        <time>2026-08-01T06:01:41.789Z</time>
      </trkpt>
      <trkpt lat="41.9905629" lon="2.913063099999988">
        <ele>385.46052263323384</ele>
        <time>2026-08-01T06:01:44.910Z</time>
      </trkpt>
      <trkpt lat="41.9906064" lon="2.913045799999992">
        <ele>384.0903144567621</ele>
        <time>2026-08-01T06:01:48.589Z</time>
      </trkpt>
      <trkpt lat="41.9906512" lon="2.9130349000000137">
        <ele>382.84906654532307</ele>
        <time>2026-08-01T06:01:52.229Z</time>
      </trkpt>
      <trkpt lat="41.9906985" lon="2.913027900000003">
        <ele>381.65253218653913</ele>
        <time>2026-08-01T06:01:56.324Z</time>
      </trkpt>
      <trkpt lat="41.990744" lon="2.9130269000000055">
        <ele>380.6643257533121</ele>
        <time>2026-08-01T06:02:00.147Z</time>
      </trkpt>
      <trkpt lat="41.9907945" lon="2.9130380999999943">
        <ele>379.950689799099</ele>
        <time>2026-08-01T06:02:04.305Z</time>
      </trkpt>
      <trkpt lat="41.9908377" lon="2.9130605999999943">
        <ele>379.8697707385434</ele>
        <time>2026-08-01T06:02:07.704Z</time>
      </trkpt>
      <trkpt lat="41.9908803" lon="2.9130911000000026">
        <ele>380.20046257055725</ele>
        <time>2026-08-01T06:02:11.319Z</time>
      </trkpt>
      <trkpt lat="41.9909238" lon="2.913121100000012">
        <ele>380.4838067275918</ele>
        <time>2026-08-01T06:02:15.006Z</time>
      </trkpt>
      <trkpt lat="41.9909608" lon="2.913168500000012">
        <ele>381.38376927339255</ele>
        <time>2026-08-01T06:02:18.669Z</time>
      </trkpt>
      <trkpt lat="41.9909961" lon="2.9132095999999876">
        <ele>382.0936064103798</ele>
        <time>2026-08-01T06:02:21.645Z</time>
      </trkpt>
      <trkpt lat="41.9910303" lon="2.9132558000000017">
        <ele>382.04012517621624</ele>
        <time>2026-08-01T06:02:25.310Z</time>
      </trkpt>
      <trkpt lat="41.9910736" lon="2.913289700000007">
        <ele>381.6303913557902</ele>
        <time>2026-08-01T06:02:29.108Z</time>
      </trkpt>
      <trkpt lat="41.9911109" lon="2.9133251000000087">
        <ele>381.06972045383264</ele>
        <time>2026-08-01T06:02:32.724Z</time>
      </trkpt>
      <trkpt lat="41.9911529" lon="2.9133500000000083">
        <ele>379.77104931648245</ele>
        <time>2026-08-01T06:02:36.014Z</time>
      </trkpt>
      <trkpt lat="41.9911939" lon="2.913375599999995">
        <ele>378.5370567922169</ele>
        <time>2026-08-01T06:02:39.367Z</time>
      </trkpt>
      <trkpt lat="41.9912346" lon="2.913413200000008">
        <ele>377.4535873604713</ele>
        <time>2026-08-01T06:02:42.705Z</time>
      </trkpt>
      <trkpt lat="41.9912442" lon="2.9134732999999926">
        <ele>377.7091080811363</ele>
        <time>2026-08-01T06:02:55.353Z</time>
      </trkpt>
      <trkpt lat="41.9912007" lon="2.9134929999999883">
        <ele>379.35411853145126</ele>
        <time>2026-08-01T06:03:03.947Z</time>
      </trkpt>
      <trkpt lat="41.9911583" lon="2.9135134999999934">
        <ele>380.505307673191</ele>
        <time>2026-08-01T06:03:11.665Z</time>
      </trkpt>
      <trkpt lat="41.9911122" lon="2.9135269999999878">
        <ele>381.82035499979764</ele>
        <time>2026-08-01T06:03:16.686Z</time>
      </trkpt>
      <trkpt lat="41.991077" lon="2.913570700000008">
        <ele>381.9075891568161</ele>
        <time>2026-08-01T06:03:23.373Z</time>
      </trkpt>
      <trkpt lat="41.9910486" lon="2.9136206999999956">
        <ele>381.5698452404205</ele>
        <time>2026-08-01T06:03:30.410Z</time>
      </trkpt>
      <trkpt lat="41.99102" lon="2.913675299999994">
        <ele>381.1595343734753</ele>
        <time>2026-08-01T06:03:37.025Z</time>
      </trkpt>
      <trkpt lat="41.9909856" lon="2.913718999999986">
        <ele>381.05010735917693</ele>
        <time>2026-08-01T06:03:42.708Z</time>
      </trkpt>
      <trkpt lat="41.9909456" lon="2.913756500000005">
        <ele>381.15645608361723</ele>
        <time>2026-08-01T06:03:48.269Z</time>
      </trkpt>
      <trkpt lat="41.9909037" lon="2.9137858999999935">
        <ele>381.24108994940417</ele>
        <time>2026-08-01T06:03:52.969Z</time>
      </trkpt>
      <trkpt lat="41.9908599" lon="2.913811199999998">
        <ele>381.28241895011314</ele>
        <time>2026-08-01T06:03:58.340Z</time>
      </trkpt>
      <trkpt lat="41.9908166" lon="2.9138374000000056">
        <ele>381.1233522974624</ele>
        <time>2026-08-01T06:04:03.686Z</time>
      </trkpt>
      <trkpt lat="41.99077" lon="2.9138509">
        <ele>380.24921982067985</ele>
        <time>2026-08-01T06:04:08.428Z</time>
      </trkpt>
      <trkpt lat="41.9907242" lon="2.9138623000000052">
        <ele>379.4257197692315</ele>
        <time>2026-08-01T06:04:13.783Z</time>
      </trkpt>
      <trkpt lat="41.9906736" lon="2.9138684000000126">
        <ele>378.71342879550986</ele>
        <time>2026-08-01T06:04:19.185Z</time>
      </trkpt>
      <trkpt lat="41.990629" lon="2.9138598000000115">
        <ele>378.5700853391201</ele>
        <time>2026-08-01T06:04:24.316Z</time>
      </trkpt>
      <trkpt lat="41.9905812" lon="2.913852100000014">
        <ele>378.37965686574904</ele>
        <time>2026-08-01T06:04:29.768Z</time>
      </trkpt>
      <trkpt lat="41.9905359" lon="2.913838999999996">
        <ele>378.4923779699697</ele>
        <time>2026-08-01T06:04:34.611Z</time>
      </trkpt>
      <trkpt lat="41.9904949" lon="2.9138121000000012">
        <ele>379.50982527975174</ele>
        <time>2026-08-01T06:04:39.359Z</time>
      </trkpt>
      <trkpt lat="41.9904578" lon="2.9137765000000115">
        <ele>380.887166858188</ele>
        <time>2026-08-01T06:04:43.826Z</time>
      </trkpt>
      <trkpt lat="41.9904182" lon="2.9137427999999943">
        <ele>381.9413385203741</ele>
        <time>2026-08-01T06:04:48.766Z</time>
      </trkpt>
      <trkpt lat="41.9903784" lon="2.913713400000006">
        <ele>382.82983799608536</ele>
        <time>2026-08-01T06:04:53.284Z</time>
      </trkpt>
      <trkpt lat="41.9903331" lon="2.913681700000012">
        <ele>383.82959601999136</ele>
        <time>2026-08-01T06:04:58.313Z</time>
      </trkpt>
      <trkpt lat="41.9902897" lon="2.9136574999999993">
        <ele>384.640931115964</ele>
        <time>2026-08-01T06:05:02.830Z</time>
      </trkpt>
      <trkpt lat="41.9902452" lon="2.9136313999999857">
        <ele>385.4428476582129</ele>
        <time>2026-08-01T06:05:07.890Z</time>
      </trkpt>
      <trkpt lat="41.9901995" lon="2.9136101999999937">
        <ele>385.99306079334167</ele>
        <time>2026-08-01T06:05:12.273Z</time>
      </trkpt>
      <trkpt lat="41.9901549" lon="2.9135910999999908">
        <ele>386.5110738113941</ele>
        <time>2026-08-01T06:05:16.727Z</time>
      </trkpt>
      <trkpt lat="41.9901052" lon="2.9135788000000105">
        <ele>386.826544653169</ele>
        <time>2026-08-01T06:05:21.388Z</time>
      </trkpt>
      <trkpt lat="41.9900583" lon="2.913567499999999">
        <ele>387.1331404671663</ele>
        <time>2026-08-01T06:05:25.508Z</time>
      </trkpt>
      <trkpt lat="41.9900129" lon="2.9135583999999994">
        <ele>387.38373418290115</ele>
        <time>2026-08-01T06:05:29.684Z</time>
      </trkpt>
      <trkpt lat="41.9899687" lon="2.9135405000000105">
        <ele>387.9206526045716</ele>
        <time>2026-08-01T06:05:33.315Z</time>
      </trkpt>
      <trkpt lat="41.9899216" lon="2.9135285000000124">
        <ele>388.2029085535332</ele>
        <time>2026-08-01T06:05:38.104Z</time>
      </trkpt>
      <trkpt lat="41.9898694" lon="2.9135215999999957">
        <ele>388.3026165693048</ele>
        <time>2026-08-01T06:05:42.643Z</time>
      </trkpt>
      <trkpt lat="41.9898257" lon="2.9134993000000122">
        <ele>389.0263796875243</ele>
        <time>2026-08-01T06:05:44.567Z</time>
      </trkpt>
      <trkpt lat="41.9897764" lon="2.913486599999999">
        <ele>389.3248363295729</ele>
        <time>2026-08-01T06:05:46.929Z</time>
      </trkpt>
      <trkpt lat="41.9897302" lon="2.91345960000001">
        <ele>389.8274500650989</ele>
        <time>2026-08-01T06:05:50.408Z</time>
      </trkpt>
      <trkpt lat="41.9896828" lon="2.9134434999999996">
        <ele>389.921108441289</ele>
        <time>2026-08-01T06:05:53.728Z</time>
      </trkpt>
      <trkpt lat="41.9896384" lon="2.9134313000000134">
        <ele>389.79626596380336</ele>
        <time>2026-08-01T06:05:57.319Z</time>
      </trkpt>
      <trkpt lat="41.9895929" lon="2.9134256000000107">
        <ele>389.51870525270226</ele>
        <time>2026-08-01T06:06:01.109Z</time>
      </trkpt>
      <trkpt lat="41.9895496" lon="2.913396199999994">
        <ele>389.87264359724156</ele>
        <time>2026-08-01T06:06:05.250Z</time>
      </trkpt>
      <trkpt lat="41.9895046" lon="2.9133736">
        <ele>390.0767854102857</ele>
        <time>2026-08-01T06:06:08.967Z</time>
      </trkpt>
      <trkpt lat="41.9894625" lon="2.913350699999995">
        <ele>390.3454723502268</ele>
        <time>2026-08-01T06:06:13.004Z</time>
      </trkpt>
      <trkpt lat="41.9894201" lon="2.913314700000001">
        <ele>390.8745190237269</ele>
        <time>2026-08-01T06:06:21.885Z</time>
      </trkpt>
      <trkpt lat="41.9893747" lon="2.9132974000000047">
        <ele>390.41522081214464</ele>
        <time>2026-08-01T06:06:26.312Z</time>
      </trkpt>
      <trkpt lat="41.9893308" lon="2.913282900000013">
        <ele>389.92379458329174</ele>
        <time>2026-08-01T06:06:29.886Z</time>
      </trkpt>
      <trkpt lat="41.9892852" lon="2.913258600000006">
        <ele>389.69588084253644</ele>
        <time>2026-08-01T06:06:33.706Z</time>
      </trkpt>
      <trkpt lat="41.9892417" lon="2.9132338999999945">
        <ele>389.5456534692162</ele>
        <time>2026-08-01T06:06:37.767Z</time>
      </trkpt>
      <trkpt lat="41.989203" lon="2.9131989999999917">
        <ele>389.71619832335637</ele>
        <time>2026-08-01T06:06:41.510Z</time>
      </trkpt>
      <trkpt lat="41.9891617" lon="2.913159500000006">
        <ele>389.9281532984191</ele>
        <time>2026-08-01T06:06:45.371Z</time>
      </trkpt>
      <trkpt lat="41.9891239" lon="2.913123100000007">
        <ele>390.211392031116</ele>
        <time>2026-08-01T06:06:48.747Z</time>
      </trkpt>
      <trkpt lat="41.9890862" lon="2.9130871000000127">
        <ele>390.5097915058677</ele>
        <time>2026-08-01T06:06:52.347Z</time>
      </trkpt>
      <trkpt lat="41.9890424" lon="2.9130494999999996">
        <ele>390.79211771252653</ele>
        <time>2026-08-01T06:06:56.290Z</time>
      </trkpt>
      <trkpt lat="41.9890024" lon="2.913019300000002">
        <ele>390.97753102957375</ele>
        <time>2026-08-01T06:07:00.050Z</time>
      </trkpt>
      <trkpt lat="41.9889608" lon="2.912981099999996">
        <ele>391.4026565458286</ele>
        <time>2026-08-01T06:07:03.992Z</time>
      </trkpt>
      <trkpt lat="41.9889179" lon="2.9129594999999995">
        <ele>391.3715661394598</ele>
        <time>2026-08-01T06:07:08.268Z</time>
      </trkpt>
      <trkpt lat="41.9888798" lon="2.912925400000006">
        <ele>391.68433192531813</ele>
        <time>2026-08-01T06:07:12.144Z</time>
      </trkpt>
      <trkpt lat="41.9888417" lon="2.912891099999996">
        <ele>392.0015239653651</ele>
        <time>2026-08-01T06:07:16.045Z</time>
      </trkpt>
      <trkpt lat="41.9888018" lon="2.9128550000000075">
        <ele>392.43829776900714</ele>
        <time>2026-08-01T06:07:20.344Z</time>
      </trkpt>
      <trkpt lat="41.9887632" lon="2.9128149000000008">
        <ele>392.9953022761848</ele>
        <time>2026-08-01T06:07:24.304Z</time>
      </trkpt>
      <trkpt lat="41.9887198" lon="2.9127756999999974">
        <ele>393.5673030562819</ele>
        <time>2026-08-01T06:07:28.327Z</time>
      </trkpt>
      <trkpt lat="41.9886793" lon="2.9127387000000056">
        <ele>394.15532099669446</ele>
        <time>2026-08-01T06:07:32.086Z</time>
      </trkpt>
      <trkpt lat="41.9886362" lon="2.9126957999999945">
        <ele>394.9008104714769</ele>
        <time>2026-08-01T06:07:36.109Z</time>
      </trkpt>
      <trkpt lat="41.9885902" lon="2.912675799999988">
        <ele>395.34956260090445</ele>
        <time>2026-08-01T06:07:39.947Z</time>
      </trkpt>
      <trkpt lat="41.988565" lon="2.912613599999986">
        <ele>397.19323791082354</ele>
        <time>2026-08-01T06:07:43.364Z</time>
      </trkpt>
      <trkpt lat="41.9885269" lon="2.912578599999989">
        <ele>398.6579687729086</ele>
        <time>2026-08-01T06:07:46.670Z</time>
      </trkpt>
      <trkpt lat="41.9884864" lon="2.9125442000000135">
        <ele>400.06460017768075</ele>
        <time>2026-08-01T06:07:50.343Z</time>
      </trkpt>
      <trkpt lat="41.9884426" lon="2.9125137999999993">
        <ele>401.364305838612</ele>
        <time>2026-08-01T06:07:54.005Z</time>
      </trkpt>
      <trkpt lat="41.9884053" lon="2.912474400000008">
        <ele>402.613912635548</ele>
        <time>2026-08-01T06:07:57.748Z</time>
      </trkpt>
      <trkpt lat="41.9883718" lon="2.912418599999995">
        <ele>403.9513614639643</ele>
        <time>2026-08-01T06:08:02.249Z</time>
      </trkpt>
      <trkpt lat="41.9883454" lon="2.9123644999999954">
        <ele>405.2464622781186</ele>
        <time>2026-08-01T06:08:08.090Z</time>
      </trkpt>
      <trkpt lat="41.9883334" lon="2.9123044000000107">
        <ele>407.06834963129165</ele>
        <time>2026-08-01T06:08:13.930Z</time>
      </trkpt>
      <trkpt lat="41.9883264" lon="2.9122389000000055">
        <ele>408.9959742938235</ele>
        <time>2026-08-01T06:08:20.345Z</time>
      </trkpt>
      <trkpt lat="41.988337" lon="2.9121769999999856">
        <ele>410.5521354466234</ele>
        <time>2026-08-01T06:08:26.329Z</time>
      </trkpt>
      <trkpt lat="41.9883466" lon="2.9121177000000102">
        <ele>412.02714967271015</ele>
        <time>2026-08-01T06:08:32.368Z</time>
      </trkpt>
      <trkpt lat="41.9883531" lon="2.912055500000008">
        <ele>413.661882463139</ele>
        <time>2026-08-01T06:08:38.686Z</time>
      </trkpt>
      <trkpt lat="41.9883696" lon="2.91199850000001">
        <ele>414.93765367309055</ele>
        <time>2026-08-01T06:08:44.344Z</time>
      </trkpt>
      <trkpt lat="41.9883797" lon="2.9119387000000074">
        <ele>416.38250229957913</ele>
        <time>2026-08-01T06:08:50.281Z</time>
      </trkpt>
      <trkpt lat="41.9883821" lon="2.911877000000004">
        <ele>418.0323933823287</ele>
        <time>2026-08-01T06:08:55.705Z</time>
      </trkpt>
      <trkpt lat="41.988379" lon="2.9118099000000086">
        <ele>419.7445318073347</ele>
        <time>2026-08-01T06:09:01.171Z</time>
      </trkpt>
      <trkpt lat="41.9883695" lon="2.911748899999992">
        <ele>420.5591857135122</ele>
        <time>2026-08-01T06:09:06.069Z</time>
      </trkpt>
      <trkpt lat="41.9883389" lon="2.911700599999989">
        <ele>421.79815495572416</ele>
        <time>2026-08-01T06:09:12.411Z</time>
      </trkpt>
      <trkpt lat="41.9883014" lon="2.9116624000000115">
        <ele>423.19623054426717</ele>
        <time>2026-08-01T06:09:18.724Z</time>
      </trkpt>
      <trkpt lat="41.9882511" lon="2.9116646999999887">
        <ele>424.71031486767066</ele>
        <time>2026-08-01T06:09:26.287Z</time>
      </trkpt>
      <trkpt lat="41.9882067" lon="2.9116854000000103">
        <ele>425.85585092811635</ele>
        <time>2026-08-01T06:09:32.375Z</time>
      </trkpt>
      <trkpt lat="41.9881644" lon="2.9117161000000067">
        <ele>426.82005832766083</ele>
        <time>2026-08-01T06:09:39.228Z</time>
      </trkpt>
      <trkpt lat="41.9881177" lon="2.9117344000000003">
        <ele>428.03115228344456</ele>
        <time>2026-08-01T06:09:45.011Z</time>
      </trkpt>
      <trkpt lat="41.9880697" lon="2.9117482000000052">
        <ele>429.3189317472803</ele>
        <time>2026-08-01T06:09:50.148Z</time>
      </trkpt>
      <trkpt lat="41.9880258" lon="2.9117669000000035">
        <ele>430.3072670401727</ele>
        <time>2026-08-01T06:09:53.323Z</time>
      </trkpt>
      <trkpt lat="41.9879774" lon="2.911775900000009">
        <ele>431.23823433936417</ele>
        <time>2026-08-01T06:09:56.357Z</time>
      </trkpt>
      <trkpt lat="41.98793" lon="2.911772500000012">
        <ele>432.2875100193566</ele>
        <time>2026-08-01T06:09:59.867Z</time>
      </trkpt>
      <trkpt lat="41.9878844" lon="2.9117650999999967">
        <ele>433.34145132526777</ele>
        <time>2026-08-01T06:10:04.398Z</time>
      </trkpt>
      <trkpt lat="41.9878406" lon="2.911750500000011">
        <ele>434.43350272888455</ele>
        <time>2026-08-01T06:10:09.536Z</time>
      </trkpt>
      <trkpt lat="41.9877936" lon="2.911748899999992">
        <ele>435.45068359311523</ele>
        <time>2026-08-01T06:10:19.360Z</time>
      </trkpt>
      <trkpt lat="41.9877488" lon="2.9117569999999944">
        <ele>436.3106258783303</ele>
        <time>2026-08-01T06:10:23.364Z</time>
      </trkpt>
      <trkpt lat="41.9877004" lon="2.9117492999999968">
        <ele>437.38840407158534</ele>
        <time>2026-08-01T06:10:29.044Z</time>
      </trkpt>
      <trkpt lat="41.987657" lon="2.9117307999999866">
        <ele>438.45297668055815</ele>
        <time>2026-08-01T06:10:34.285Z</time>
      </trkpt>
      <trkpt lat="41.9876135" lon="2.911708500000003">
        <ele>439.53011787812994</ele>
        <time>2026-08-01T06:10:39.383Z</time>
      </trkpt>
      <trkpt lat="41.9875684" lon="2.9117033999999933">
        <ele>440.47451557058747</ele>
        <time>2026-08-01T06:10:42.950Z</time>
      </trkpt>
      <trkpt lat="41.9875227" lon="2.911678099999989">
        <ele>441.5732255376467</ele>
        <time>2026-08-01T06:10:55.984Z</time>
      </trkpt>
      <trkpt lat="41.9874756" lon="2.9116783000000055">
        <ele>442.5385720443666</ele>
        <time>2026-08-01T06:11:02.286Z</time>
      </trkpt>
      <trkpt lat="41.9874313" lon="2.911658399999993">
        <ele>443.80853955083234</ele>
        <time>2026-08-01T06:11:07.724Z</time>
      </trkpt>
      <trkpt lat="41.9873824" lon="2.9116347000000076">
        <ele>445.211803065791</ele>
        <time>2026-08-01T06:11:12.349Z</time>
      </trkpt>
      <trkpt lat="41.9873337" lon="2.9116213000000073">
        <ele>446.5361888336496</ele>
        <time>2026-08-01T06:11:17.351Z</time>
      </trkpt>
      <trkpt lat="41.9872881" lon="2.911608599999994">
        <ele>447.7716443869877</ele>
        <time>2026-08-01T06:11:22.289Z</time>
      </trkpt>
      <trkpt lat="41.9872412" lon="2.911602600000009">
        <ele>448.9965558952567</ele>
        <time>2026-08-01T06:11:26.631Z</time>
      </trkpt>
      <trkpt lat="41.9871951" lon="2.9116071999999917">
        <ele>450.05256044096296</ele>
        <time>2026-08-01T06:11:31.586Z</time>
      </trkpt>
      <trkpt lat="41.987145" lon="2.911614700000001">
        <ele>450.8170070762637</ele>
        <time>2026-08-01T06:11:37.227Z</time>
      </trkpt>
      <trkpt lat="41.9870989" lon="2.9116295000000036">
        <ele>451.49677108964886</ele>
        <time>2026-08-01T06:11:42.207Z</time>
      </trkpt>
      <trkpt lat="41.987052" lon="2.911646100000013">
        <ele>452.20152684438807</ele>
        <time>2026-08-01T06:11:45.927Z</time>
      </trkpt>
      <trkpt lat="41.9870036" lon="2.9116578000000004">
        <ele>452.96593009690673</ele>
        <time>2026-08-01T06:11:47.787Z</time>
      </trkpt>
      <trkpt lat="41.9869592" lon="2.9116711000000066">
        <ele>453.6745824489032</ele>
        <time>2026-08-01T06:11:51.345Z</time>
      </trkpt>
      <trkpt lat="41.9869149" lon="2.911682600000006">
        <ele>454.43589414068396</ele>
        <time>2026-08-01T06:11:54.807Z</time>
      </trkpt>
      <trkpt lat="41.9868665" lon="2.911691399999995">
        <ele>455.3982532053619</ele>
        <time>2026-08-01T06:11:59.226Z</time>
      </trkpt>
      <trkpt lat="41.9868183" lon="2.9117013000000043">
        <ele>456.36478825400883</ele>
        <time>2026-08-01T06:12:03.408Z</time>
      </trkpt>
      <trkpt lat="41.9867736" lon="2.911713099999986">
        <ele>457.2695843415296</ele>
        <time>2026-08-01T06:12:08.131Z</time>
      </trkpt>
      <trkpt lat="41.9867268" lon="2.911725700000005">
        <ele>458.22887636624824</ele>
        <time>2026-08-01T06:12:11.666Z</time>
      </trkpt>
      <trkpt lat="41.9866794" lon="2.911727600000006">
        <ele>459.2046266121045</ele>
        <time>2026-08-01T06:12:15.727Z</time>
      </trkpt>
      <trkpt lat="41.986636" lon="2.911701800000003">
        <ele>460.01286899633175</ele>
        <time>2026-08-01T06:12:26.128Z</time>
      </trkpt>
      <trkpt lat="41.9865878" lon="2.9116995999999915">
        <ele>460.78329564340754</ele>
        <time>2026-08-01T06:12:30.309Z</time>
      </trkpt>
      <trkpt lat="41.9865337" lon="2.911691899999994">
        <ele>461.6653888485869</ele>
        <time>2026-08-01T06:12:34.907Z</time>
      </trkpt>
      <trkpt lat="41.9864847" lon="2.9116962999999885">
        <ele>462.445945130925</ele>
        <time>2026-08-01T06:12:40.087Z</time>
      </trkpt>
      <trkpt lat="41.9864377" lon="2.9117022000000077">
        <ele>463.1758465402654</ele>
        <time>2026-08-01T06:12:45.347Z</time>
      </trkpt>
      <trkpt lat="41.9863937" lon="2.9117173999999864">
        <ele>463.78917204778725</ele>
        <time>2026-08-01T06:12:50.169Z</time>
      </trkpt>
      <trkpt lat="41.9863475" lon="2.9117358000000024">
        <ele>463.99622621381883</ele>
        <time>2026-08-01T06:12:54.749Z</time>
      </trkpt>
      <trkpt lat="41.9863032" lon="2.911760600000008">
        <ele>463.759315540934</ele>
        <time>2026-08-01T06:12:59.347Z</time>
      </trkpt>
      <trkpt lat="41.9862583" lon="2.9117774000000054">
        <ele>463.5793227158938</ele>
        <time>2026-08-01T06:13:03.766Z</time>
      </trkpt>
      <trkpt lat="41.9862169" lon="2.9118153999999947">
        <ele>463.2906123352572</ele>
        <time>2026-08-01T06:13:07.381Z</time>
      </trkpt>
      <trkpt lat="41.9861709" lon="2.9118429000000106">
        <ele>463.0720714954614</ele>
        <time>2026-08-01T06:13:10.387Z</time>
      </trkpt>
      <trkpt lat="41.9861239" lon="2.911844599999995">
        <ele>463.0132258881613</ele>
        <time>2026-08-01T06:13:14.386Z</time>
      </trkpt>
      <trkpt lat="41.9860777" lon="2.9118574999999964">
        <ele>462.552675210948</ele>
        <time>2026-08-01T06:13:18.329Z</time>
      </trkpt>
      <trkpt lat="41.9860398" lon="2.9118225999999936">
        <ele>461.64386488649967</ele>
        <time>2026-08-01T06:13:23.107Z</time>
      </trkpt>
      <trkpt lat="41.9860142" lon="2.9117722999999955">
        <ele>461.24006590246387</ele>
        <time>2026-08-01T06:13:27.689Z</time>
      </trkpt>
      <trkpt lat="41.9859876" lon="2.9117133000000024">
        <ele>460.89068330303866</ele>
        <time>2026-08-01T06:13:32.163Z</time>
      </trkpt>
      <trkpt lat="41.9859602" lon="2.911662100000001">
        <ele>460.50153922232596</ele>
        <time>2026-08-01T06:13:36.727Z</time>
      </trkpt>
      <trkpt lat="41.9859322" lon="2.911611700000009">
        <ele>460.1195895538071</ele>
        <time>2026-08-01T06:13:40.428Z</time>
      </trkpt>
      <trkpt lat="41.985902" lon="2.9115660999999875">
        <ele>459.67742108462534</ele>
        <time>2026-08-01T06:13:44.353Z</time>
      </trkpt>
      <trkpt lat="41.9858612" lon="2.9115322000000106">
        <ele>458.9253517436244</ele>
        <time>2026-08-01T06:13:48.166Z</time>
      </trkpt>
      <trkpt lat="41.9858176" lon="2.9115026999999998">
        <ele>458.13656554184547</ele>
        <time>2026-08-01T06:13:52.650Z</time>
      </trkpt>
      <trkpt lat="41.9857736" lon="2.9114786000000095">
        <ele>457.30329084413256</ele>
        <time>2026-08-01T06:13:57.125Z</time>
      </trkpt>
      <trkpt lat="41.9857272" lon="2.9114595000000065">
        <ele>456.4129486131072</ele>
        <time>2026-08-01T06:14:01.068Z</time>
      </trkpt>
      <trkpt lat="41.9856854" lon="2.911436699999996">
        <ele>455.72859437617996</ele>
        <time>2026-08-01T06:14:05.345Z</time>
      </trkpt>
      <trkpt lat="41.9856447" lon="2.9114055000000008">
        <ele>455.2444520495114</ele>
        <time>2026-08-01T06:14:09.071Z</time>
      </trkpt>
      <trkpt lat="41.9855963" lon="2.9113801999999964">
        <ele>454.5815506269438</ele>
        <time>2026-08-01T06:14:13.123Z</time>
      </trkpt>
      <trkpt lat="41.9851231" lon="2.911080999999996">
        <ele>458.3976120149599</ele>
        <time>2026-08-01T06:15:40.451Z</time>
      </trkpt>
      <trkpt lat="41.9846161" lon="2.9107496999999967">
        <ele>461.59649717540486</ele>
        <time>2026-08-01T06:15:41.528Z</time>
      </trkpt>
      <trkpt lat="41.9845488" lon="2.9106888000000026">
        <ele>461.46365190805307</ele>
        <time>2026-08-01T06:15:42.565Z</time>
      </trkpt>
      <trkpt lat="41.9845295" lon="2.9106313000000057">
        <ele>461.7213053433764</ele>
        <time>2026-08-01T06:15:45.110Z</time>
      </trkpt>
      <trkpt lat="41.9845194" lon="2.910567399999991">
        <ele>462.27216277032664</ele>
        <time>2026-08-01T06:15:48.828Z</time>
      </trkpt>
      <trkpt lat="41.9845101" lon="2.9105030000000056">
        <ele>462.92447713338066</ele>
        <time>2026-08-01T06:15:52.427Z</time>
      </trkpt>
      <trkpt lat="41.9844996" lon="2.9104408000000035">
        <ele>463.6418724791768</ele>
        <time>2026-08-01T06:15:56.315Z</time>
      </trkpt>
      <trkpt lat="41.9844933" lon="2.910374499999989">
        <ele>464.82846305337915</ele>
        <time>2026-08-01T06:16:00.191Z</time>
      </trkpt>
      <trkpt lat="41.9844954" lon="2.9103077999999982">
        <ele>466.0416544049654</ele>
        <time>2026-08-01T06:16:04.369Z</time>
      </trkpt>
      <trkpt lat="41.9844947" lon="2.910245500000002">
        <ele>467.1993888759235</ele>
        <time>2026-08-01T06:16:08.398Z</time>
      </trkpt>
      <trkpt lat="41.9844943" lon="2.910174100000006">
        <ele>468.5250906162895</ele>
        <time>2026-08-01T06:16:12.307Z</time>
      </trkpt>
      <trkpt lat="41.984482" lon="2.9101129999999955">
        <ele>469.92653228660663</ele>
        <time>2026-08-01T06:16:16.328Z</time>
      </trkpt>
      <trkpt lat="41.984469" lon="2.910052500000006">
        <ele>471.366340460131</ele>
        <time>2026-08-01T06:16:19.910Z</time>
      </trkpt>
      <trkpt lat="41.984448" lon="2.9099948999999867">
        <ele>472.9823916916829</ele>
        <time>2026-08-01T06:16:23.667Z</time>
      </trkpt>
      <trkpt lat="41.9844233" lon="2.909940799999987">
        <ele>474.67770818076156</ele>
        <time>2026-08-01T06:16:27.347Z</time>
      </trkpt>
      <trkpt lat="41.9843953" lon="2.909887200000014">
        <ele>475.9507585832731</ele>
        <time>2026-08-01T06:16:31.303Z</time>
      </trkpt>
      <trkpt lat="41.984378" lon="2.9098280999999986">
        <ele>476.4051049573162</ele>
        <time>2026-08-01T06:16:36.003Z</time>
      </trkpt>
      <trkpt lat="41.9843658" lon="2.9097587999999917">
        <ele>476.59516674242275</ele>
        <time>2026-08-01T06:16:41.006Z</time>
      </trkpt>
      <trkpt lat="41.9843516" lon="2.909694900000005">
        <ele>476.72062508695535</ele>
        <time>2026-08-01T06:16:46.208Z</time>
      </trkpt>
      <trkpt lat="41.9843298" lon="2.909634699999998">
        <ele>476.76777374079296</ele>
        <time>2026-08-01T06:16:50.885Z</time>
      </trkpt>
      <trkpt lat="41.9842884" lon="2.9096007999999927">
        <ele>476.66988703301206</ele>
        <time>2026-08-01T06:16:56.207Z</time>
      </trkpt>
      <trkpt lat="41.984264" lon="2.909547500000002">
        <ele>476.41842316534235</ele>
        <time>2026-08-01T06:17:02.367Z</time>
      </trkpt>
      <trkpt lat="41.9842394" lon="2.909491900000006">
        <ele>476.0253265129394</ele>
        <time>2026-08-01T06:17:12.143Z</time>
      </trkpt>
      <trkpt lat="41.9842594" lon="2.909437099999991">
        <ele>475.98006918293805</ele>
        <time>2026-08-01T06:17:17.340Z</time>
      </trkpt>
      <trkpt lat="41.9843072" lon="2.909421699999996">
        <ele>476.46262601702733</ele>
        <time>2026-08-01T06:17:21.706Z</time>
      </trkpt>
      <trkpt lat="41.9843365" lon="2.9093746000000067">
        <ele>476.78808362543595</ele>
        <time>2026-08-01T06:17:27.306Z</time>
      </trkpt>
      <trkpt lat="41.98438" lon="2.9093558000000144">
        <ele>477.41224320249216</ele>
        <time>2026-08-01T06:17:31.647Z</time>
      </trkpt>
      <trkpt lat="41.9844254" lon="2.9093512000000032">
        <ele>478.0303445965134</ele>
        <time>2026-08-01T06:17:36.010Z</time>
      </trkpt>
      <trkpt lat="41.9844675" lon="2.9093265999999858">
        <ele>477.93351089549026</ele>
        <time>2026-08-01T06:17:40.631Z</time>
      </trkpt>
      <trkpt lat="41.9845089" lon="2.9092987999999878">
        <ele>477.95452159818177</ele>
        <time>2026-08-01T06:17:44.390Z</time>
      </trkpt>
      <trkpt lat="41.9845489" lon="2.909260499999988">
        <ele>478.2303914427681</ele>
        <time>2026-08-01T06:17:48.109Z</time>
      </trkpt>
      <trkpt lat="41.9845938" lon="2.9092343000000085">
        <ele>478.5928231926048</ele>
        <time>2026-08-01T06:17:52.010Z</time>
      </trkpt>
      <trkpt lat="41.9846379" lon="2.909209599999997">
        <ele>479.10571024978935</ele>
        <time>2026-08-01T06:17:55.529Z</time>
      </trkpt>
      <trkpt lat="41.9846857" lon="2.9091790999999887">
        <ele>479.9247664528044</ele>
        <time>2026-08-01T06:17:59.273Z</time>
      </trkpt>
      <trkpt lat="41.9847301" lon="2.9091491000000076">
        <ele>480.57052382672657</ele>
        <time>2026-08-01T06:18:03.273Z</time>
      </trkpt>
      <trkpt lat="41.9847674" lon="2.9091042999999956">
        <ele>481.5170478461302</ele>
        <time>2026-08-01T06:18:06.710Z</time>
      </trkpt>
      <trkpt lat="41.9847952" lon="2.9090538000000095">
        <ele>482.72880400719083</ele>
        <time>2026-08-01T06:18:09.844Z</time>
      </trkpt>
      <trkpt lat="41.9848161" lon="2.908995900000008">
        <ele>483.55157842189465</ele>
        <time>2026-08-01T06:18:12.987Z</time>
      </trkpt>
      <trkpt lat="41.9848374" lon="2.908941999999996">
        <ele>484.2659462200025</ele>
        <time>2026-08-01T06:18:16.145Z</time>
      </trkpt>
      <trkpt lat="41.9848617" lon="2.9088893999999925">
        <ele>485.13070123420033</ele>
        <time>2026-08-01T06:18:19.376Z</time>
      </trkpt>
      <trkpt lat="41.9848708" lon="2.9088225000000136">
        <ele>486.15468660630864</ele>
        <time>2026-08-01T06:18:22.845Z</time>
      </trkpt>
      <trkpt lat="41.9848604" lon="2.908761300000009">
        <ele>486.8012682627351</ele>
        <time>2026-08-01T06:18:26.689Z</time>
      </trkpt>
      <trkpt lat="41.9848339" lon="2.9087086000000113">
        <ele>485.30956049406916</ele>
        <time>2026-08-01T06:18:29.824Z</time>
      </trkpt>
      <trkpt lat="41.9847924" lon="2.908674100000013">
        <ele>483.92752120407107</ele>
        <time>2026-08-01T06:18:33.344Z</time>
      </trkpt>
      <trkpt lat="41.9847487" lon="2.9086551999999983">
        <ele>482.8195100694674</ele>
        <time>2026-08-01T06:18:36.745Z</time>
      </trkpt>
      <trkpt lat="41.984704" lon="2.9086354000000085">
        <ele>481.68353749664476</ele>
        <time>2026-08-01T06:18:40.374Z</time>
      </trkpt>
      <trkpt lat="41.984658" lon="2.9086445000000083">
        <ele>480.5694272748721</ele>
        <time>2026-08-01T06:18:44.285Z</time>
      </trkpt>
      <trkpt lat="41.9846147" lon="2.908672999999993">
        <ele>479.9566589851683</ele>
        <time>2026-08-01T06:18:48.905Z</time>
      </trkpt>
      <trkpt lat="41.9845818" lon="2.9087175999999886">
        <ele>480.0883250101972</ele>
        <time>2026-08-01T06:18:52.727Z</time>
      </trkpt>
      <trkpt lat="41.9845545" lon="2.908770199999992">
        <ele>480.46473752423674</ele>
        <time>2026-08-01T06:18:56.349Z</time>
      </trkpt>
      <trkpt lat="41.9845243" lon="2.9088178000000084">
        <ele>479.78003844810047</ele>
        <time>2026-08-01T06:18:59.971Z</time>
      </trkpt>
      <trkpt lat="41.9844996" lon="2.908868500000011">
        <ele>479.2976178005247</ele>
        <time>2026-08-01T06:19:03.584Z</time>
      </trkpt>
      <trkpt lat="41.9844854" lon="2.9089262999999903">
        <ele>479.1103568334575</ele>
        <time>2026-08-01T06:19:09.413Z</time>
      </trkpt>
      <trkpt lat="41.9844471" lon="2.908961099999999">
        <ele>478.4494772957771</ele>
        <time>2026-08-01T06:19:21.360Z</time>
      </trkpt>
    </trkseg>
  </trk>
</gpx>
