<?xml version="1.0" encoding="UTF-8"?>
<gpx version="1.1" creator="TrackioApp" xmlns="http://topografix.com">
  <trk>
    <name>angels-2026-08-01_part2</name>
    <trkseg>
      <trkpt lat="41.9844471" lon="2.908961099999999">
        <ele>478.4494772957771</ele>
        <time>2026-08-01T06:19:21.360Z</time>
      </trkpt>
      <trkpt lat="41.9836294" lon="2.9097032999999897">
        <ele>477.4427656729739</ele>
        <time>2026-08-01T06:46:30.004Z</time>
      </trkpt>
      <trkpt lat="41.9831722" lon="2.9101006999999868">
        <ele>471.91137000952244</ele>
        <time>2026-08-01T06:46:31.004Z</time>
      </trkpt>
      <trkpt lat="41.9831047" lon="2.9101460999999915">
        <ele>471.3298775423969</ele>
        <time>2026-08-01T06:46:31.989Z</time>
      </trkpt>
      <trkpt lat="41.9830579" lon="2.9101573000000087">
        <ele>470.9708306385707</ele>
        <time>2026-08-01T06:46:33.446Z</time>
      </trkpt>
      <trkpt lat="41.9830112" lon="2.9101488000000018">
        <ele>470.59584795830835</ele>
        <time>2026-08-01T06:46:36.341Z</time>
      </trkpt>
      <trkpt lat="41.9829612" lon="2.9101458000000093">
        <ele>469.8502159151394</ele>
        <time>2026-08-01T06:46:39.386Z</time>
      </trkpt>
      <trkpt lat="41.9829129" lon="2.9101373000000024">
        <ele>469.17357840029445</ele>
        <time>2026-08-01T06:46:42.404Z</time>
      </trkpt>
      <trkpt lat="41.982869" lon="2.910120500000005">
        <ele>468.6561075632923</ele>
        <time>2026-08-01T06:46:45.424Z</time>
      </trkpt>
      <trkpt lat="41.9828246" lon="2.910082299999999">
        <ele>468.39280508178854</ele>
        <time>2026-08-01T06:46:48.971Z</time>
      </trkpt>
      <trkpt lat="41.9827907" lon="2.910038600000007">
        <ele>468.44223992678775</ele>
        <time>2026-08-01T06:46:52.965Z</time>
      </trkpt>
      <trkpt lat="41.9827615" lon="2.909985699999993">
        <ele>468.76527035151315</ele>
        <time>2026-08-01T06:46:56.292Z</time>
      </trkpt>
      <trkpt lat="41.9827418" lon="2.9099276999999972">
        <ele>469.11915923325694</ele>
        <time>2026-08-01T06:47:00.187Z</time>
      </trkpt>
      <trkpt lat="41.9827267" lon="2.9098678000000007">
        <ele>469.48530269001634</ele>
        <time>2026-08-01T06:47:03.353Z</time>
      </trkpt>
      <trkpt lat="41.9827164" lon="2.9098087000000135">
        <ele>469.56516114349944</ele>
        <time>2026-08-01T06:47:07.105Z</time>
      </trkpt>
      <trkpt lat="41.9827087" lon="2.9097466999999995">
        <ele>469.7687702398088</ele>
        <time>2026-08-01T06:47:10.527Z</time>
      </trkpt>
      <trkpt lat="41.9826976" lon="2.9096833000000117">
        <ele>469.9932926513726</ele>
        <time>2026-08-01T06:47:14.029Z</time>
      </trkpt>
      <trkpt lat="41.9826829" lon="2.9096217000000024">
        <ele>470.2528209568493</ele>
        <time>2026-08-01T06:47:17.646Z</time>
      </trkpt>
      <trkpt lat="41.9826734" lon="2.909561300000007">
        <ele>470.4988175277795</ele>
        <time>2026-08-01T06:47:21.064Z</time>
      </trkpt>
      <trkpt lat="41.9826628" lon="2.9094968999999935">
        <ele>470.69461801417395</ele>
        <time>2026-08-01T06:47:25.066Z</time>
      </trkpt>
      <trkpt lat="41.9826516" lon="2.909436900000003">
        <ele>470.89687522470473</ele>
        <time>2026-08-01T06:47:28.628Z</time>
      </trkpt>
      <trkpt lat="41.9826337" lon="2.9093684000000053">
        <ele>471.14865420210657</ele>
        <time>2026-08-01T06:47:32.606Z</time>
      </trkpt>
      <trkpt lat="41.9826296" lon="2.9093075000000113">
        <ele>471.2793347184636</ele>
        <time>2026-08-01T06:47:36.395Z</time>
      </trkpt>
      <trkpt lat="41.9826212" lon="2.909237499999989">
        <ele>470.6572506910329</ele>
        <time>2026-08-01T06:47:39.968Z</time>
      </trkpt>
      <trkpt lat="41.9826143" lon="2.9091736999999966">
        <ele>470.0983685343886</ele>
        <time>2026-08-01T06:47:43.924Z</time>
      </trkpt>
      <trkpt lat="41.9826089" lon="2.9091013999999973">
        <ele>469.47259846952613</ele>
        <time>2026-08-01T06:47:47.422Z</time>
      </trkpt>
      <trkpt lat="41.9826038" lon="2.909032200000013">
        <ele>468.83975738040283</ele>
        <time>2026-08-01T06:47:51.404Z</time>
      </trkpt>
      <trkpt lat="41.9825995" lon="2.9089654999999937">
        <ele>467.9358868734916</ele>
        <time>2026-08-01T06:47:54.273Z</time>
      </trkpt>
      <trkpt lat="41.9826025" lon="2.9089010000000144">
        <ele>467.07090647990003</ele>
        <time>2026-08-01T06:47:57.968Z</time>
      </trkpt>
      <trkpt lat="41.9826088" lon="2.908839400000005">
        <ele>466.2754683395424</ele>
        <time>2026-08-01T06:48:01.366Z</time>
      </trkpt>
      <trkpt lat="41.9825723" lon="2.907511400000004">
        <ele>469.69378437481174</ele>
        <time>2026-08-01T06:50:38.908Z</time>
      </trkpt>
      <trkpt lat="41.9825509" lon="2.9066191000000003">
        <ele>465.0495522327253</ele>
        <time>2026-08-01T06:50:39.949Z</time>
      </trkpt>
      <trkpt lat="41.9825497" lon="2.9064869999999985">
        <ele>462.9337460307909</ele>
        <time>2026-08-01T06:50:41.006Z</time>
      </trkpt>
      <trkpt lat="41.9825474" lon="2.906424500000014">
        <ele>461.781339399788</ele>
        <time>2026-08-01T06:50:42.087Z</time>
      </trkpt>
      <trkpt lat="41.9825406" lon="2.906362800000011">
        <ele>460.8442131045375</ele>
        <time>2026-08-01T06:50:45.188Z</time>
      </trkpt>
      <trkpt lat="41.9825369" lon="2.9062994999999887">
        <ele>459.71608941914866</ele>
        <time>2026-08-01T06:50:48.344Z</time>
      </trkpt>
      <trkpt lat="41.9825316" lon="2.906234000000012">
        <ele>458.6421755078675</ele>
        <time>2026-08-01T06:50:51.964Z</time>
      </trkpt>
      <trkpt lat="41.9825251" lon="2.906173999999993">
        <ele>457.77640223364114</ele>
        <time>2026-08-01T06:50:55.276Z</time>
      </trkpt>
      <trkpt lat="41.9825054" lon="2.906113299999987">
        <ele>457.4025482074313</ele>
        <time>2026-08-01T06:50:59.003Z</time>
      </trkpt>
      <trkpt lat="41.9824822" lon="2.9060599000000025">
        <ele>457.25134820896176</ele>
        <time>2026-08-01T06:51:02.337Z</time>
      </trkpt>
      <trkpt lat="41.9824604" lon="2.906003599999991">
        <ele>456.70961983766034</ele>
        <time>2026-08-01T06:51:05.784Z</time>
      </trkpt>
      <trkpt lat="41.9824407" lon="2.9059455000000014">
        <ele>456.0114438435409</ele>
        <time>2026-08-01T06:51:09.586Z</time>
      </trkpt>
      <trkpt lat="41.9824175" lon="2.9058927000000097">
        <ele>455.48746105302564</ele>
        <time>2026-08-01T06:51:13.107Z</time>
      </trkpt>
      <trkpt lat="41.9823889" lon="2.9058372000000077">
        <ele>454.99102908150735</ele>
        <time>2026-08-01T06:51:16.869Z</time>
      </trkpt>
      <trkpt lat="41.9823651" lon="2.905781899999994">
        <ele>454.3608137396031</ele>
        <time>2026-08-01T06:51:20.385Z</time>
      </trkpt>
      <trkpt lat="41.9823444" lon="2.9057186">
        <ele>453.47087427431626</ele>
        <time>2026-08-01T06:51:24.149Z</time>
      </trkpt>
      <trkpt lat="41.9823245" lon="2.9056488999999885">
        <ele>452.8086810569084</ele>
        <time>2026-08-01T06:51:28.166Z</time>
      </trkpt>
      <trkpt lat="41.9823087" lon="2.9055892000000085">
        <ele>452.3395959655175</ele>
        <time>2026-08-01T06:51:31.809Z</time>
      </trkpt>
      <trkpt lat="41.9823034" lon="2.905517599999996">
        <ele>451.5144048865174</ele>
        <time>2026-08-01T06:51:36.295Z</time>
      </trkpt>
      <trkpt lat="41.9823084" lon="2.9054492999999866">
        <ele>450.5146549068774</ele>
        <time>2026-08-01T06:51:40.165Z</time>
      </trkpt>
      <trkpt lat="41.9823099" lon="2.9053877999999997">
        <ele>449.82046777818215</ele>
        <time>2026-08-01T06:51:44.329Z</time>
      </trkpt>
      <trkpt lat="41.9823119" lon="2.905326300000013">
        <ele>449.2095996173738</ele>
        <time>2026-08-01T06:51:47.987Z</time>
      </trkpt>
      <trkpt lat="41.9823101" lon="2.905262599999986">
        <ele>448.6717596304366</ele>
        <time>2026-08-01T06:51:52.123Z</time>
      </trkpt>
      <trkpt lat="41.982304" lon="2.905198299999995">
        <ele>448.253635312105</ele>
        <time>2026-08-01T06:51:56.123Z</time>
      </trkpt>
      <trkpt lat="41.9822999" lon="2.9051258000000075">
        <ele>447.6524471344665</ele>
        <time>2026-08-01T06:52:00.229Z</time>
      </trkpt>
      <trkpt lat="41.9822889" lon="2.9050657999999885">
        <ele>447.2399751827299</ele>
        <time>2026-08-01T06:52:03.807Z</time>
      </trkpt>
      <trkpt lat="41.9822796" lon="2.9050041000000135">
        <ele>446.7711310079375</ele>
        <time>2026-08-01T06:52:07.465Z</time>
      </trkpt>
      <trkpt lat="41.9822701" lon="2.9049368999999956">
        <ele>446.25707099268527</ele>
        <time>2026-08-01T06:52:10.947Z</time>
      </trkpt>
      <trkpt lat="41.9822589" lon="2.904874299999989">
        <ele>445.8691922934053</ele>
        <time>2026-08-01T06:52:15.268Z</time>
      </trkpt>
      <trkpt lat="41.9822464" lon="2.904812800000002">
        <ele>445.6805361186978</ele>
        <time>2026-08-01T06:52:19.023Z</time>
      </trkpt>
      <trkpt lat="41.9822351" lon="2.904753800000009">
        <ele>445.5096233100046</ele>
        <time>2026-08-01T06:52:22.530Z</time>
      </trkpt>
      <trkpt lat="41.982227" lon="2.904689700000006">
        <ele>445.1982394641923</ele>
        <time>2026-08-01T06:52:26.290Z</time>
      </trkpt>
      <trkpt lat="41.9822251" lon="2.9046294000000046">
        <ele>444.7131213698841</ele>
        <time>2026-08-01T06:52:29.428Z</time>
      </trkpt>
      <trkpt lat="41.9822212" lon="2.904567700000001">
        <ele>444.24471909467434</ele>
        <time>2026-08-01T06:52:32.589Z</time>
      </trkpt>
      <trkpt lat="41.9822186" lon="2.904505400000005">
        <ele>443.64143251298367</ele>
        <time>2026-08-01T06:52:35.685Z</time>
      </trkpt>
      <trkpt lat="41.9822118" lon="2.904440099999988">
        <ele>443.1660503826622</ele>
        <time>2026-08-01T06:52:38.845Z</time>
      </trkpt>
      <trkpt lat="41.9822049" lon="2.9043800999999974">
        <ele>442.7612369197527</ele>
        <time>2026-08-01T06:52:41.948Z</time>
      </trkpt>
      <trkpt lat="41.9821954" lon="2.9043206999999995">
        <ele>442.4000669079656</ele>
        <time>2026-08-01T06:52:45.070Z</time>
      </trkpt>
      <trkpt lat="41.9821853" lon="2.9042616000000123">
        <ele>441.78087628730117</ele>
        <time>2026-08-01T06:52:48.184Z</time>
      </trkpt>
      <trkpt lat="41.982174" lon="2.904202199999986">
        <ele>441.2238834548949</ele>
        <time>2026-08-01T06:52:51.328Z</time>
      </trkpt>
      <trkpt lat="41.9821595" lon="2.9041383999999937">
        <ele>440.7369871531022</ele>
        <time>2026-08-01T06:52:54.809Z</time>
      </trkpt>
      <trkpt lat="41.9821454" lon="2.9040747999999894">
        <ele>440.34111844351594</ele>
        <time>2026-08-01T06:52:58.325Z</time>
      </trkpt>
      <trkpt lat="41.9821369" lon="2.904007799999988">
        <ele>440.0207651198372</ele>
        <time>2026-08-01T06:53:01.729Z</time>
      </trkpt>
      <trkpt lat="41.9821305" lon="2.9039405999999985">
        <ele>439.8828204818817</ele>
        <time>2026-08-01T06:53:05.226Z</time>
      </trkpt>
      <trkpt lat="41.9821223" lon="2.903877599999987">
        <ele>439.7905510112002</ele>
        <time>2026-08-01T06:53:08.307Z</time>
      </trkpt>
      <trkpt lat="41.9821168" lon="2.9038094">
        <ele>439.621892438108</ele>
        <time>2026-08-01T06:53:12.068Z</time>
      </trkpt>
      <trkpt lat="41.9821158" lon="2.9037467999999933">
        <ele>439.3891439999573</ele>
        <time>2026-08-01T06:53:15.589Z</time>
      </trkpt>
      <trkpt lat="41.9821235" lon="2.9036855999999887">
        <ele>438.99636175751056</ele>
        <time>2026-08-01T06:53:19.247Z</time>
      </trkpt>
      <trkpt lat="41.9821371" lon="2.903627300000011">
        <ele>438.5048084361008</ele>
        <time>2026-08-01T06:53:22.763Z</time>
      </trkpt>
      <trkpt lat="41.982157" lon="2.9035692999999867">
        <ele>437.89409010108733</ele>
        <time>2026-08-01T06:53:26.336Z</time>
      </trkpt>
      <trkpt lat="41.9821742" lon="2.9035116000000016">
        <ele>437.32995156164407</ele>
        <time>2026-08-01T06:53:29.361Z</time>
      </trkpt>
      <trkpt lat="41.9821912" lon="2.903450200000009">
        <ele>436.90053539667514</ele>
        <time>2026-08-01T06:53:33.726Z</time>
      </trkpt>
      <trkpt lat="41.9822085" lon="2.903393599999987">
        <ele>436.35749825453826</ele>
        <time>2026-08-01T06:53:37.183Z</time>
      </trkpt>
      <trkpt lat="41.9822266" lon="2.9033349999999984">
        <ele>435.64187060436757</ele>
        <time>2026-08-01T06:53:41.008Z</time>
      </trkpt>
      <trkpt lat="41.9822394" lon="2.9032695999999873">
        <ele>435.1895823362161</ele>
        <time>2026-08-01T06:53:45.330Z</time>
      </trkpt>
      <trkpt lat="41.9822524" lon="2.9032074000000136">
        <ele>434.7413013731923</ele>
        <time>2026-08-01T06:53:49.302Z</time>
      </trkpt>
      <trkpt lat="41.9822722" lon="2.903146499999991">
        <ele>434.65766402865796</ele>
        <time>2026-08-01T06:53:53.266Z</time>
      </trkpt>
      <trkpt lat="41.9822939" lon="2.903088800000006">
        <ele>434.58106426038097</ele>
        <time>2026-08-01T06:53:57.003Z</time>
      </trkpt>
      <trkpt lat="41.9823092" lon="2.903030699999988">
        <ele>434.79796253990656</ele>
        <time>2026-08-01T06:54:00.549Z</time>
      </trkpt>
      <trkpt lat="41.9823236" lon="2.9029703999999867">
        <ele>435.1037004977982</ele>
        <time>2026-08-01T06:54:04.247Z</time>
      </trkpt>
      <trkpt lat="41.9823358" lon="2.9029114999999877">
        <ele>435.48680814099316</ele>
        <time>2026-08-01T06:54:07.329Z</time>
      </trkpt>
      <trkpt lat="41.9823443" lon="2.9028509000000042">
        <ele>436.0008150128939</ele>
        <time>2026-08-01T06:54:10.366Z</time>
      </trkpt>
      <trkpt lat="41.98235" lon="2.902787200000006">
        <ele>436.66477871466503</ele>
        <time>2026-08-01T06:54:13.280Z</time>
      </trkpt>
      <trkpt lat="41.982351" lon="2.9027249000000097">
        <ele>437.49381892456574</ele>
        <time>2026-08-01T06:54:16.047Z</time>
      </trkpt>
      <trkpt lat="41.9823555" lon="2.9026594999999986">
        <ele>438.22491627301486</ele>
        <time>2026-08-01T06:54:19.104Z</time>
      </trkpt>
      <trkpt lat="41.982364" lon="2.902592300000009">
        <ele>438.2202672797141</ele>
        <time>2026-08-01T06:54:22.202Z</time>
      </trkpt>
      <trkpt lat="41.9823609" lon="2.902532100000002">
        <ele>438.464113767837</ele>
        <time>2026-08-01T06:54:24.936Z</time>
      </trkpt>
      <trkpt lat="41.9823539" lon="2.902470099999988">
        <ele>438.86046986627775</ele>
        <time>2026-08-01T06:54:28.008Z</time>
      </trkpt>
      <trkpt lat="41.9823436" lon="2.902407199999999">
        <ele>439.3787346209061</ele>
        <time>2026-08-01T06:54:31.148Z</time>
      </trkpt>
      <trkpt lat="41.9823371" lon="2.902344499999998">
        <ele>439.5827656443622</ele>
        <time>2026-08-01T06:54:34.304Z</time>
      </trkpt>
      <trkpt lat="41.9823315" lon="2.9022846000000015">
        <ele>439.42233445566376</ele>
        <time>2026-08-01T06:54:37.271Z</time>
      </trkpt>
      <trkpt lat="41.9823288" lon="2.902221499999996">
        <ele>439.1302566414942</ele>
        <time>2026-08-01T06:54:40.297Z</time>
      </trkpt>
      <trkpt lat="41.9823287" lon="2.9021592">
        <ele>438.74489284327615</ele>
        <time>2026-08-01T06:54:43.323Z</time>
      </trkpt>
      <trkpt lat="41.9823297" lon="2.902097700000013">
        <ele>438.32378234683057</ele>
        <time>2026-08-01T06:54:46.351Z</time>
      </trkpt>
      <trkpt lat="41.9823277" lon="2.902035000000012">
        <ele>437.6726356628685</ele>
        <time>2026-08-01T06:54:49.847Z</time>
      </trkpt>
      <trkpt lat="41.9857606" lon="2.8973657999999887">
        <ele>403.21024205034223</ele>
        <time>2026-08-01T07:01:46.023Z</time>
      </trkpt>
      <trkpt lat="41.9858101" lon="2.8973552999999868">
        <ele>402.48557832037767</ele>
        <time>2026-08-01T07:01:48.425Z</time>
      </trkpt>
      <trkpt lat="41.9858579" lon="2.8973331999999914">
        <ele>402.0019943787534</ele>
        <time>2026-08-01T07:01:51.083Z</time>
      </trkpt>
      <trkpt lat="41.985902" lon="2.897312499999998">
        <ele>401.60302889360605</ele>
        <time>2026-08-01T07:01:53.565Z</time>
      </trkpt>
      <trkpt lat="41.9859497" lon="2.8972876999999926">
        <ele>401.26463525975157</ele>
        <time>2026-08-01T07:01:56.182Z</time>
      </trkpt>
      <trkpt lat="41.9859937" lon="2.8972550999999953">
        <ele>401.2073903633445</ele>
        <time>2026-08-01T07:01:58.664Z</time>
      </trkpt>
      <trkpt lat="41.9860303" lon="2.897210300000012">
        <ele>401.6027326183831</ele>
        <time>2026-08-01T07:02:01.225Z</time>
      </trkpt>
      <trkpt lat="41.9860625" lon="2.8971631">
        <ele>402.1875043467474</ele>
        <time>2026-08-01T07:02:04.147Z</time>
      </trkpt>
      <trkpt lat="41.9860872" lon="2.8971089000000063">
        <ele>403.10484580484706</ele>
        <time>2026-08-01T07:02:07.604Z</time>
      </trkpt>
      <trkpt lat="41.9860628" lon="2.897052599999995">
        <ele>404.30542745320554</ele>
        <time>2026-08-01T07:02:17.148Z</time>
      </trkpt>
      <trkpt lat="41.986072" lon="2.896985900000004">
        <ele>404.6634766407175</ele>
        <time>2026-08-01T07:02:21.262Z</time>
      </trkpt>
      <trkpt lat="41.9860773" lon="2.896923500000014">
        <ele>405.0561086527823</ele>
        <time>2026-08-01T07:02:24.850Z</time>
      </trkpt>
      <trkpt lat="41.9860897" lon="2.896861699999988">
        <ele>405.40627172806967</ele>
        <time>2026-08-01T07:02:28.304Z</time>
      </trkpt>
      <trkpt lat="41.986099" lon="2.8968002000000013">
        <ele>405.80789600115696</ele>
        <time>2026-08-01T07:02:31.329Z</time>
      </trkpt>
      <trkpt lat="41.9861066" lon="2.896736599999997">
        <ele>405.3123773374396</ele>
        <time>2026-08-01T07:02:35.087Z</time>
      </trkpt>
      <trkpt lat="41.9861099" lon="2.896675799999997">
        <ele>404.8631122571979</ele>
        <time>2026-08-01T07:02:38.169Z</time>
      </trkpt>
      <trkpt lat="41.9861148" lon="2.8966133000000127">
        <ele>404.4045394840846</ele>
        <time>2026-08-01T07:02:42.044Z</time>
      </trkpt>
      <trkpt lat="41.986123" lon="2.8965465999999935">
        <ele>403.9222895884786</ele>
        <time>2026-08-01T07:02:45.336Z</time>
      </trkpt>
      <trkpt lat="41.9861248" lon="2.896484799999996">
        <ele>403.14660395917986</ele>
        <time>2026-08-01T07:02:49.247Z</time>
      </trkpt>
      <trkpt lat="41.9861255" lon="2.896423999999996">
        <ele>402.1763621749674</ele>
        <time>2026-08-01T07:02:52.447Z</time>
      </trkpt>
      <trkpt lat="41.9861285" lon="2.8963572000000113">
        <ele>401.1162053213142</ele>
        <time>2026-08-01T07:02:56.009Z</time>
      </trkpt>
      <trkpt lat="41.9861302" lon="2.8962951000000032">
        <ele>400.1329731867516</ele>
        <time>2026-08-01T07:02:59.277Z</time>
      </trkpt>
      <trkpt lat="41.9861302" lon="2.896234700000008">
        <ele>399.2048785461492</ele>
        <time>2026-08-01T07:03:02.323Z</time>
      </trkpt>
      <trkpt lat="41.9861321" lon="2.896172199999995">
        <ele>398.41500779683946</ele>
        <time>2026-08-01T07:03:05.405Z</time>
      </trkpt>
      <trkpt lat="41.98613" lon="2.8961108000000024">
        <ele>397.6218205708987</ele>
        <time>2026-08-01T07:03:08.464Z</time>
      </trkpt>
      <trkpt lat="41.9861274" lon="2.8960414000000014">
        <ele>396.7212395794318</ele>
        <time>2026-08-01T07:03:12.089Z</time>
      </trkpt>
      <trkpt lat="41.986131" lon="2.895979600000004">
        <ele>395.9523369518961</ele>
        <time>2026-08-01T07:03:15.186Z</time>
      </trkpt>
      <trkpt lat="41.9861278" lon="2.895917400000002">
        <ele>395.6012764125288</ele>
        <time>2026-08-01T07:03:18.709Z</time>
      </trkpt>
      <trkpt lat="41.9861246" lon="2.8958564000000138">
        <ele>395.38331233571074</ele>
        <time>2026-08-01T07:03:21.784Z</time>
      </trkpt>
      <trkpt lat="41.9861308" lon="2.895795200000009">
        <ele>395.19810394010085</ele>
        <time>2026-08-01T07:03:24.729Z</time>
      </trkpt>
      <trkpt lat="41.9861376" lon="2.895734400000009">
        <ele>394.9999305238412</ele>
        <time>2026-08-01T07:03:27.722Z</time>
      </trkpt>
      <trkpt lat="41.98614" lon="2.895672399999995">
        <ele>394.84677728566544</ele>
        <time>2026-08-01T07:03:30.788Z</time>
      </trkpt>
      <trkpt lat="41.9861407" lon="2.895604800000001">
        <ele>394.8850535306106</ele>
        <time>2026-08-01T07:03:34.348Z</time>
      </trkpt>
      <trkpt lat="41.9861387" lon="2.8955430999999976">
        <ele>394.9228232592107</ele>
        <time>2026-08-01T07:03:37.354Z</time>
      </trkpt>
      <trkpt lat="41.9861367" lon="2.895474400000012">
        <ele>394.9684877892238</ele>
        <time>2026-08-01T07:03:40.863Z</time>
      </trkpt>
      <trkpt lat="41.9861315" lon="2.8954076999999927">
        <ele>394.9976896457562</ele>
        <time>2026-08-01T07:03:43.888Z</time>
      </trkpt>
      <trkpt lat="41.9861254" lon="2.895345700000007">
        <ele>394.3485713924526</ele>
        <time>2026-08-01T07:03:47.449Z</time>
      </trkpt>
      <trkpt lat="41.9861146" lon="2.8952807000000007">
        <ele>393.7184049029007</ele>
        <time>2026-08-01T07:03:50.885Z</time>
      </trkpt>
      <trkpt lat="41.9860997" lon="2.895215500000006">
        <ele>393.1563739388279</ele>
        <time>2026-08-01T07:03:54.395Z</time>
      </trkpt>
      <trkpt lat="41.9860833" lon="2.8951557999999977">
        <ele>392.50016003889937</ele>
        <time>2026-08-01T07:03:57.609Z</time>
      </trkpt>
      <trkpt lat="41.986061" lon="2.8950949999999978">
        <ele>391.18468889254103</ele>
        <time>2026-08-01T07:04:01.003Z</time>
      </trkpt>
      <trkpt lat="41.9860404" lon="2.8950365999999974">
        <ele>389.8148232421284</ele>
        <time>2026-08-01T07:04:04.378Z</time>
      </trkpt>
      <trkpt lat="41.9860137" lon="2.89497990000001">
        <ele>388.64371725548114</ele>
        <time>2026-08-01T07:04:07.942Z</time>
      </trkpt>
      <trkpt lat="41.9859883" lon="2.8949286000000143">
        <ele>387.78309202603805</ele>
        <time>2026-08-01T07:04:11.324Z</time>
      </trkpt>
      <trkpt lat="41.985964" lon="2.894877699999995">
        <ele>387.1185922862816</ele>
        <time>2026-08-01T07:04:14.585Z</time>
      </trkpt>
      <trkpt lat="41.9859351" lon="2.8948257000000126">
        <ele>386.4511546856144</ele>
        <time>2026-08-01T07:04:18.382Z</time>
      </trkpt>
      <trkpt lat="41.9859008" lon="2.894776699999994">
        <ele>385.9594454744334</ele>
        <time>2026-08-01T07:04:22.244Z</time>
      </trkpt>
      <trkpt lat="41.9858661" lon="2.8947358000000065">
        <ele>385.85507852676676</ele>
        <time>2026-08-01T07:04:26.109Z</time>
      </trkpt>
      <trkpt lat="41.9858289" lon="2.894695799999994">
        <ele>386.03626985925723</ele>
        <time>2026-08-01T07:04:29.710Z</time>
      </trkpt>
      <trkpt lat="41.9857925" lon="2.8946491000000094">
        <ele>385.80727192219956</ele>
        <time>2026-08-01T07:04:33.743Z</time>
      </trkpt>
      <trkpt lat="41.9857598" lon="2.8945988000000114">
        <ele>385.35253283508575</ele>
        <time>2026-08-01T07:04:37.827Z</time>
      </trkpt>
      <trkpt lat="41.9857287" lon="2.894551100000001">
        <ele>384.848237305271</ele>
        <time>2026-08-01T07:04:41.964Z</time>
      </trkpt>
      <trkpt lat="41.9856959" lon="2.894498999999996">
        <ele>384.20853764969723</ele>
        <time>2026-08-01T07:04:46.149Z</time>
      </trkpt>
      <trkpt lat="41.985668" lon="2.8944430999999895">
        <ele>383.6506239167862</ele>
        <time>2026-08-01T07:04:50.268Z</time>
      </trkpt>
      <trkpt lat="41.9856479" lon="2.8943887000000075">
        <ele>383.1820283417715</ele>
        <time>2026-08-01T07:04:54.390Z</time>
      </trkpt>
      <trkpt lat="41.985627" lon="2.8943281999999897">
        <ele>382.7635080109358</ele>
        <time>2026-08-01T07:04:58.927Z</time>
      </trkpt>
      <trkpt lat="41.9856056" lon="2.894272099999995">
        <ele>382.2348170990814</ele>
        <time>2026-08-01T07:05:02.649Z</time>
      </trkpt>
      <trkpt lat="41.9855906" lon="2.894209999999987">
        <ele>381.24628942554307</ele>
        <time>2026-08-01T07:05:06.242Z</time>
      </trkpt>
      <trkpt lat="41.9855705" lon="2.894149199999987">
        <ele>380.4462483728732</ele>
        <time>2026-08-01T07:05:09.908Z</time>
      </trkpt>
      <trkpt lat="41.985548" lon="2.894092300000011">
        <ele>379.8549108075842</ele>
        <time>2026-08-01T07:05:13.366Z</time>
      </trkpt>
      <trkpt lat="41.9855234" lon="2.894033900000011">
        <ele>379.0044911278331</ele>
        <time>2026-08-01T07:05:16.888Z</time>
      </trkpt>
      <trkpt lat="41.9854922" lon="2.8939847999999984">
        <ele>377.59338947452324</ele>
        <time>2026-08-01T07:05:20.290Z</time>
      </trkpt>
      <trkpt lat="41.9854638" lon="2.8939302">
        <ele>375.9816240165363</ele>
        <time>2026-08-01T07:05:23.866Z</time>
      </trkpt>
      <trkpt lat="41.9854318" lon="2.893886199999997">
        <ele>374.69499917125563</ele>
        <time>2026-08-01T07:05:27.307Z</time>
      </trkpt>
      <trkpt lat="41.9853986" lon="2.8938406999999984">
        <ele>373.43409866465134</ele>
        <time>2026-08-01T07:05:30.924Z</time>
      </trkpt>
      <trkpt lat="41.9853682" lon="2.8937945000000127">
        <ele>372.23457221562524</ele>
        <time>2026-08-01T07:05:34.346Z</time>
      </trkpt>
      <trkpt lat="41.9853299" lon="2.8937541999999894">
        <ele>371.22605583998984</ele>
        <time>2026-08-01T07:05:38.086Z</time>
      </trkpt>
      <trkpt lat="41.9852902" lon="2.8937252000000058">
        <ele>370.4596616323883</ele>
        <time>2026-08-01T07:05:41.404Z</time>
      </trkpt>
      <trkpt lat="41.9852491" lon="2.893699099999992">
        <ele>369.60502781740036</ele>
        <time>2026-08-01T07:05:44.808Z</time>
      </trkpt>
      <trkpt lat="41.9852073" lon="2.893667800000003">
        <ele>368.0149212592133</ele>
        <time>2026-08-01T07:05:48.362Z</time>
      </trkpt>
      <trkpt lat="41.9851636" lon="2.8936458000000016">
        <ele>366.72523290888273</ele>
        <time>2026-08-01T07:05:52.349Z</time>
      </trkpt>
      <trkpt lat="41.9851218" lon="2.893622499999992">
        <ele>365.5507491852154</ele>
        <time>2026-08-01T07:05:55.849Z</time>
      </trkpt>
      <trkpt lat="41.9850713" lon="2.8935974999999985">
        <ele>364.3236193242621</ele>
        <time>2026-08-01T07:06:00.345Z</time>
      </trkpt>
      <trkpt lat="41.9850272" lon="2.8935748000000103">
        <ele>363.35539665254186</ele>
        <time>2026-08-01T07:06:04.381Z</time>
      </trkpt>
      <trkpt lat="41.9849864" lon="2.893543599999987">
        <ele>362.4515721890598</ele>
        <time>2026-08-01T07:06:08.304Z</time>
      </trkpt>
      <trkpt lat="41.9849468" lon="2.8935075999999924">
        <ele>361.09794094770274</ele>
        <time>2026-08-01T07:06:12.143Z</time>
      </trkpt>
      <trkpt lat="41.9849094" lon="2.893471699999992">
        <ele>359.8817843534289</ele>
        <time>2026-08-01T07:06:15.702Z</time>
      </trkpt>
      <trkpt lat="41.9848683" lon="2.893436600000001">
        <ele>358.52720303695213</ele>
        <time>2026-08-01T07:06:19.189Z</time>
      </trkpt>
      <trkpt lat="41.9848288" lon="2.8934049000000073">
        <ele>357.3626389065477</ele>
        <time>2026-08-01T07:06:22.316Z</time>
      </trkpt>
      <trkpt lat="41.9847872" lon="2.8933635999999865">
        <ele>356.2904839485152</ele>
        <time>2026-08-01T07:06:26.067Z</time>
      </trkpt>
      <trkpt lat="41.9847461" lon="2.893336000000005">
        <ele>355.5118193810484</ele>
        <time>2026-08-01T07:06:29.688Z</time>
      </trkpt>
      <trkpt lat="41.9847084" lon="2.893297799999999">
        <ele>354.94647894892506</ele>
        <time>2026-08-01T07:06:33.224Z</time>
      </trkpt>
      <trkpt lat="41.9846635" lon="2.893261200000012">
        <ele>353.4118341477852</ele>
        <time>2026-08-01T07:06:37.304Z</time>
      </trkpt>
      <trkpt lat="41.9846219" lon="2.8932293000000016">
        <ele>351.8467958341045</ele>
        <time>2026-08-01T07:06:40.985Z</time>
      </trkpt>
      <trkpt lat="41.9845807" lon="2.8931934999999953">
        <ele>350.35306092098585</ele>
        <time>2026-08-01T07:06:44.369Z</time>
      </trkpt>
      <trkpt lat="41.9845379" lon="2.8931600999999887">
        <ele>348.5969688061682</ele>
        <time>2026-08-01T07:06:47.764Z</time>
      </trkpt>
      <trkpt lat="41.9844928" lon="2.8931260999999893">
        <ele>346.8738118547041</ele>
        <time>2026-08-01T07:06:51.389Z</time>
      </trkpt>
      <trkpt lat="41.9844541" lon="2.8930918000000077">
        <ele>345.58097635378044</ele>
        <time>2026-08-01T07:06:54.887Z</time>
      </trkpt>
      <trkpt lat="41.9844173" lon="2.893055299999986">
        <ele>344.4398914022916</ele>
        <time>2026-08-01T07:06:58.277Z</time>
      </trkpt>
      <trkpt lat="41.9843813" lon="2.8930159999999887">
        <ele>342.8632485136573</ele>
        <time>2026-08-01T07:07:01.568Z</time>
      </trkpt>
      <trkpt lat="41.9843433" lon="2.8929778000000113">
        <ele>341.28562442786085</ele>
        <time>2026-08-01T07:07:05.048Z</time>
      </trkpt>
      <trkpt lat="41.9842619" lon="2.892867599999988">
        <ele>338.40448407201075</ele>
        <time>2026-08-01T07:07:16.726Z</time>
      </trkpt>
      <trkpt lat="41.9841842" lon="2.892772199999996">
        <ele>336.4507367341979</ele>
        <time>2026-08-01T07:07:17.783Z</time>
      </trkpt>
      <trkpt lat="41.9841389" lon="2.892739299999988">
        <ele>335.39654570089954</ele>
        <time>2026-08-01T07:07:19.847Z</time>
      </trkpt>
      <trkpt lat="41.9840905" lon="2.892709400000001">
        <ele>333.8778905506041</ele>
        <time>2026-08-01T07:07:22.888Z</time>
      </trkpt>
      <trkpt lat="41.9840525" lon="2.892674800000009">
        <ele>332.97146022299404</ele>
        <time>2026-08-01T07:07:26.324Z</time>
      </trkpt>
      <trkpt lat="41.9840125" lon="2.8926321000000144">
        <ele>332.2538978111784</ele>
        <time>2026-08-01T07:07:30.022Z</time>
      </trkpt>
      <trkpt lat="41.9839707" lon="2.892609499999992">
        <ele>331.1717633598053</ele>
        <time>2026-08-01T07:07:33.349Z</time>
      </trkpt>
      <trkpt lat="41.98393" lon="2.8925801000000035">
        <ele>330.4098981165239</ele>
        <time>2026-08-01T07:07:37.270Z</time>
      </trkpt>
      <trkpt lat="41.9838937" lon="2.892542999999989">
        <ele>330.146745311753</ele>
        <time>2026-08-01T07:07:44.670Z</time>
      </trkpt>
      <trkpt lat="41.9838561" lon="2.892505199999988">
        <ele>329.8245918442898</ele>
        <time>2026-08-01T07:07:49.372Z</time>
      </trkpt>
      <trkpt lat="41.9838197" lon="2.8924675000000093">
        <ele>329.0888165546519</ele>
        <time>2026-08-01T07:07:52.745Z</time>
      </trkpt>
      <trkpt lat="41.9837866" lon="2.892426599999993">
        <ele>328.6156447641461</ele>
        <time>2026-08-01T07:07:56.107Z</time>
      </trkpt>
      <trkpt lat="41.9837501" lon="2.8923799000000088">
        <ele>328.14731751493025</ele>
        <time>2026-08-01T07:07:59.726Z</time>
      </trkpt>
      <trkpt lat="41.9837179" lon="2.8923274999999933">
        <ele>327.9515754022683</ele>
        <time>2026-08-01T07:08:03.184Z</time>
      </trkpt>
      <trkpt lat="41.9836858" lon="2.8922838999999954">
        <ele>327.5237523823451</ele>
        <time>2026-08-01T07:08:06.122Z</time>
      </trkpt>
      <trkpt lat="41.9836532" lon="2.8922403999999915">
        <ele>327.22427920555975</ele>
        <time>2026-08-01T07:08:09.203Z</time>
      </trkpt>
      <trkpt lat="41.9836263" lon="2.8921919000000003">
        <ele>327.4593926610325</ele>
        <time>2026-08-01T07:08:12.280Z</time>
      </trkpt>
      <trkpt lat="41.9835954" lon="2.8921378999999945">
        <ele>327.8528001020376</ele>
        <time>2026-08-01T07:08:15.790Z</time>
      </trkpt>
      <trkpt lat="41.9835709" lon="2.8920818999999938">
        <ele>328.53746455594404</ele>
        <time>2026-08-01T07:08:19.144Z</time>
      </trkpt>
      <trkpt lat="41.9835458" lon="2.8920243000000028">
        <ele>328.9480417416563</ele>
        <time>2026-08-01T07:08:22.170Z</time>
      </trkpt>
      <trkpt lat="41.9835217" lon="2.8919726999999966">
        <ele>329.29014077812707</ele>
        <time>2026-08-01T07:08:25.870Z</time>
      </trkpt>
      <trkpt lat="41.9834982" lon="2.891913399999993">
        <ele>329.9621722322812</ele>
        <time>2026-08-01T07:08:29.303Z</time>
      </trkpt>
      <trkpt lat="41.9834718" lon="2.891852499999999">
        <ele>330.67534348786927</ele>
        <time>2026-08-01T07:08:33.049Z</time>
      </trkpt>
      <trkpt lat="41.983444" lon="2.891800399999994">
        <ele>331.1960465427821</ele>
        <time>2026-08-01T07:08:36.244Z</time>
      </trkpt>
      <trkpt lat="41.9834166" lon="2.8917519000000027">
        <ele>331.6052674620909</ele>
        <time>2026-08-01T07:08:39.291Z</time>
      </trkpt>
      <trkpt lat="41.9833853" lon="2.891700500000013">
        <ele>332.15052511343924</ele>
        <time>2026-08-01T07:08:42.843Z</time>
      </trkpt>
      <trkpt lat="41.9833546" lon="2.891653600000012">
        <ele>332.7883176088675</ele>
        <time>2026-08-01T07:08:46.224Z</time>
      </trkpt>
      <trkpt lat="41.9833246" lon="2.8916011999999967">
        <ele>333.8297761494332</ele>
        <time>2026-08-01T07:08:50.107Z</time>
      </trkpt>
      <trkpt lat="41.9832894" lon="2.8915508000000045">
        <ele>334.7666627618994</ele>
        <time>2026-08-01T07:08:54.048Z</time>
      </trkpt>
      <trkpt lat="41.9832618" lon="2.8914958999999953">
        <ele>335.8395250951709</ele>
        <time>2026-08-01T07:08:57.707Z</time>
      </trkpt>
      <trkpt lat="41.9832318" lon="2.8914469999999994">
        <ele>336.3686430826821</ele>
        <time>2026-08-01T07:09:01.670Z</time>
      </trkpt>
      <trkpt lat="41.9832" lon="2.8913895999999966">
        <ele>337.13191505423487</ele>
        <time>2026-08-01T07:09:05.848Z</time>
      </trkpt>
      <trkpt lat="41.9831685" lon="2.891341699999998">
        <ele>337.70973600192093</ele>
        <time>2026-08-01T07:09:10.163Z</time>
      </trkpt>
      <trkpt lat="41.9831311" lon="2.8913024000000007">
        <ele>337.980017676903</ele>
        <time>2026-08-01T07:09:13.967Z</time>
      </trkpt>
      <trkpt lat="41.9830959" lon="2.8912574999999947">
        <ele>338.5039258416891</ele>
        <time>2026-08-01T07:09:18.386Z</time>
      </trkpt>
      <trkpt lat="41.983064" lon="2.8912144999999896">
        <ele>339.02807970366587</ele>
        <time>2026-08-01T07:09:22.402Z</time>
      </trkpt>
      <trkpt lat="41.9830241" lon="2.8911742999999888">
        <ele>339.42134580276706</ele>
        <time>2026-08-01T07:09:26.788Z</time>
      </trkpt>
      <trkpt lat="41.9829858" lon="2.8911377999999957">
        <ele>339.74688837596574</ele>
        <time>2026-08-01T07:09:31.223Z</time>
      </trkpt>
      <trkpt lat="41.9829462" lon="2.8911047999999937">
        <ele>340.0031581916375</ele>
        <time>2026-08-01T07:09:35.163Z</time>
      </trkpt>
      <trkpt lat="41.9829098" lon="2.89106910000001">
        <ele>340.4517115352062</ele>
        <time>2026-08-01T07:09:39.331Z</time>
      </trkpt>
      <trkpt lat="41.9828708" lon="2.891034899999994">
        <ele>340.8650440315327</ele>
        <time>2026-08-01T07:09:42.226Z</time>
      </trkpt>
      <trkpt lat="41.9828312" lon="2.8909993999999983">
        <ele>341.3668946517503</ele>
        <time>2026-08-01T07:09:45.623Z</time>
      </trkpt>
      <trkpt lat="41.9827973" lon="2.8909433999999976">
        <ele>342.6258698720775</ele>
        <time>2026-08-01T07:09:49.313Z</time>
      </trkpt>
      <trkpt lat="41.9827679" lon="2.8908964000000026">
        <ele>343.66957711244424</ele>
        <time>2026-08-01T07:09:52.411Z</time>
      </trkpt>
      <trkpt lat="41.9827305" lon="2.8908528999999987">
        <ele>344.521798643721</ele>
        <time>2026-08-01T07:09:55.885Z</time>
      </trkpt>
      <trkpt lat="41.9827012" lon="2.8907983">
        <ele>345.8356127130434</ele>
        <time>2026-08-01T07:09:59.743Z</time>
      </trkpt>
      <trkpt lat="41.9826748" lon="2.8907491999999877">
        <ele>347.0629974803978</ele>
        <time>2026-08-01T07:10:03.325Z</time>
      </trkpt>
      <trkpt lat="41.9826545" lon="2.890694200000013">
        <ele>348.61204710299745</ele>
        <time>2026-08-01T07:10:07.361Z</time>
      </trkpt>
      <trkpt lat="41.9826381" lon="2.8906378000000075">
        <ele>350.09322104442197</ele>
        <time>2026-08-01T07:10:11.282Z</time>
      </trkpt>
      <trkpt lat="41.9826245" lon="2.8905795999999953">
        <ele>351.6863877128973</ele>
        <time>2026-08-01T07:10:15.883Z</time>
      </trkpt>
      <trkpt lat="41.9826096" lon="2.8905150999999876">
        <ele>353.5571202697932</ele>
        <time>2026-08-01T07:10:20.406Z</time>
      </trkpt>
      <trkpt lat="41.9825971" lon="2.8904566999999872">
        <ele>355.3448219821472</ele>
        <time>2026-08-01T07:10:24.769Z</time>
      </trkpt>
      <trkpt lat="41.982585" lon="2.890396399999986">
        <ele>357.15858577257393</ele>
        <time>2026-08-01T07:10:29.389Z</time>
      </trkpt>
      <trkpt lat="41.9825665" lon="2.890334999999993">
        <ele>358.2163605832676</ele>
        <time>2026-08-01T07:10:34.396Z</time>
      </trkpt>
      <trkpt lat="41.9825449" lon="2.8902804999999887">
        <ele>359.30140150401496</ele>
        <time>2026-08-01T07:10:38.243Z</time>
      </trkpt>
      <trkpt lat="41.9825163" lon="2.890226399999989">
        <ele>360.5848846785046</ele>
        <time>2026-08-01T07:10:42.085Z</time>
      </trkpt>
      <trkpt lat="41.982487" lon="2.8901783999999964">
        <ele>361.91464800383426</ele>
        <time>2026-08-01T07:10:45.623Z</time>
      </trkpt>
      <trkpt lat="41.9824579" lon="2.890127199999995">
        <ele>362.93510421108795</ele>
        <time>2026-08-01T07:10:49.385Z</time>
      </trkpt>
      <trkpt lat="41.9824303" lon="2.8900745999999913">
        <ele>362.4229436111295</ele>
        <time>2026-08-01T07:10:53.010Z</time>
      </trkpt>
      <trkpt lat="41.9824011" lon="2.890022799999997">
        <ele>361.95263796154467</ele>
        <time>2026-08-01T07:10:56.588Z</time>
      </trkpt>
      <trkpt lat="41.9823743" lon="2.88997040000001">
        <ele>361.60825422757205</ele>
        <time>2026-08-01T07:11:00.108Z</time>
      </trkpt>
      <trkpt lat="41.9823447" lon="2.889915599999995">
        <ele>361.35206399340296</ele>
        <time>2026-08-01T07:11:03.763Z</time>
      </trkpt>
      <trkpt lat="41.9823221" lon="2.889861400000001">
        <ele>361.23282049233245</ele>
        <time>2026-08-01T07:11:07.227Z</time>
      </trkpt>
      <trkpt lat="41.9822999" lon="2.8898024000000078">
        <ele>360.2974933246074</ele>
        <time>2026-08-01T07:11:10.885Z</time>
      </trkpt>
      <trkpt lat="41.9822819" lon="2.889745299999987">
        <ele>359.14320918399943</ele>
        <time>2026-08-01T07:11:14.309Z</time>
      </trkpt>
      <trkpt lat="41.9822642" lon="2.8896862">
        <ele>357.96857781146747</ele>
        <time>2026-08-01T07:11:17.765Z</time>
      </trkpt>
      <trkpt lat="41.9822389" lon="2.8896254">
        <ele>356.78071983932426</ele>
        <time>2026-08-01T07:11:21.943Z</time>
      </trkpt>
      <trkpt lat="41.9822164" lon="2.889564000000007">
        <ele>355.6060613696865</ele>
        <time>2026-08-01T07:11:26.042Z</time>
      </trkpt>
      <trkpt lat="41.9822073" lon="2.889495899999986">
        <ele>354.2709379351427</ele>
        <time>2026-08-01T07:11:30.149Z</time>
      </trkpt>
      <trkpt lat="41.9821979" lon="2.8894280000000094">
        <ele>352.90736536932013</ele>
        <time>2026-08-01T07:11:34.366Z</time>
      </trkpt>
      <trkpt lat="41.9822019" lon="2.889364999999998">
        <ele>351.67128958862463</ele>
        <time>2026-08-01T07:11:37.888Z</time>
      </trkpt>
      <trkpt lat="41.9821977" lon="2.8893046999999967">
        <ele>350.45118562649157</ele>
        <time>2026-08-01T07:11:41.163Z</time>
      </trkpt>
      <trkpt lat="41.9821798" lon="2.8892438999999968">
        <ele>349.93774291262156</ele>
        <time>2026-08-01T07:11:44.748Z</time>
      </trkpt>
      <trkpt lat="41.9821589" lon="2.8891902000000016">
        <ele>349.51285329995426</ele>
        <time>2026-08-01T07:11:48.364Z</time>
      </trkpt>
      <trkpt lat="41.9821316" lon="2.8891401999999857">
        <ele>348.8792673209516</ele>
        <time>2026-08-01T07:11:51.930Z</time>
      </trkpt>
      <trkpt lat="41.9820922" lon="2.8890977000000078">
        <ele>347.9492748054313</ele>
        <time>2026-08-01T07:11:55.830Z</time>
      </trkpt>
      <trkpt lat="41.9819783" lon="2.888930899999991">
        <ele>343.72410129828</ele>
        <time>2026-08-01T07:12:13.271Z</time>
      </trkpt>
      <trkpt lat="41.981894" lon="2.8887915999999905">
        <ele>340.1280847823246</ele>
        <time>2026-08-01T07:12:14.271Z</time>
      </trkpt>
      <trkpt lat="41.9818651" lon="2.8887372000000084">
        <ele>338.9568168236668</ele>
        <time>2026-08-01T07:12:15.963Z</time>
      </trkpt>
      <trkpt lat="41.9818931" lon="2.8886883000000125">
        <ele>338.83921579613514</ele>
        <time>2026-08-01T07:12:17.988Z</time>
      </trkpt>
      <trkpt lat="41.9819078" lon="2.888626700000003">
        <ele>338.48001256365313</ele>
        <time>2026-08-01T07:12:21.316Z</time>
      </trkpt>
      <trkpt lat="41.9819058" lon="2.888554400000004">
        <ele>337.78641364090686</ele>
        <time>2026-08-01T07:12:24.051Z</time>
      </trkpt>
      <trkpt lat="41.9819114" lon="2.888493799999992">
        <ele>337.32952257055166</ele>
        <time>2026-08-01T07:12:27.044Z</time>
      </trkpt>
      <trkpt lat="41.981916" lon="2.888431099999991">
        <ele>336.559657833811</ele>
        <time>2026-08-01T07:12:30.283Z</time>
      </trkpt>
      <trkpt lat="41.9819246" lon="2.888370600000002">
        <ele>335.55959741054653</ele>
        <time>2026-08-01T07:12:36.362Z</time>
      </trkpt>
      <trkpt lat="41.9819529" lon="2.888316000000003">
        <ele>335.45602395126843</ele>
        <time>2026-08-01T07:12:42.928Z</time>
      </trkpt>
      <trkpt lat="41.9819814" lon="2.8882565000000113">
        <ele>335.2993612034319</ele>
        <time>2026-08-01T07:12:46.307Z</time>
      </trkpt>
      <trkpt lat="41.9820114" lon="2.8882058000000086">
        <ele>335.4105254831158</ele>
        <time>2026-08-01T07:12:50.328Z</time>
      </trkpt>
      <trkpt lat="41.9820411" lon="2.8881489000000045">
        <ele>335.37907653785857</ele>
        <time>2026-08-01T07:12:53.868Z</time>
      </trkpt>
      <trkpt lat="41.9820777" lon="2.8881071000000134">
        <ele>335.93912147855906</ele>
        <time>2026-08-01T07:12:57.903Z</time>
      </trkpt>
      <trkpt lat="41.9821185" lon="2.888068599999997">
        <ele>336.794973256745</ele>
        <time>2026-08-01T07:13:01.923Z</time>
      </trkpt>
      <trkpt lat="41.9821614" lon="2.8880413999999917">
        <ele>338.00911762805265</ele>
        <time>2026-08-01T07:13:05.967Z</time>
      </trkpt>
      <trkpt lat="41.9822071" lon="2.888014400000003">
        <ele>339.2626548131568</ele>
        <time>2026-08-01T07:13:10.026Z</time>
      </trkpt>
      <trkpt lat="41.9822451" lon="2.8879804999999976">
        <ele>339.68270265325185</ele>
        <time>2026-08-01T07:13:13.376Z</time>
      </trkpt>
      <trkpt lat="41.9822895" lon="2.887945000000002">
        <ele>340.17748607807704</ele>
        <time>2026-08-01T07:13:17.166Z</time>
      </trkpt>
      <trkpt lat="41.9823281" lon="2.8879075000000114">
        <ele>340.4108312249786</ele>
        <time>2026-08-01T07:13:20.606Z</time>
      </trkpt>
      <trkpt lat="41.9823567" lon="2.8878555999999946">
        <ele>340.32586287677105</ele>
        <time>2026-08-01T07:13:24.144Z</time>
      </trkpt>
      <trkpt lat="41.9823762" lon="2.8877981999999918">
        <ele>339.9449281956432</ele>
        <time>2026-08-01T07:13:27.371Z</time>
      </trkpt>
      <trkpt lat="41.9823901" lon="2.8877375000000143">
        <ele>339.35031713669247</ele>
        <time>2026-08-01T07:13:30.484Z</time>
      </trkpt>
      <trkpt lat="41.9823996" lon="2.887672600000002">
        <ele>338.56913967916284</ele>
        <time>2026-08-01T07:13:33.950Z</time>
      </trkpt>
      <trkpt lat="41.9824043" lon="2.887611700000008">
        <ele>337.9032614578358</ele>
        <time>2026-08-01T07:13:37.129Z</time>
      </trkpt>
      <trkpt lat="41.9824098" lon="2.8875502999999867">
        <ele>338.1307033131149</ele>
        <time>2026-08-01T07:13:40.271Z</time>
      </trkpt>
      <trkpt lat="41.9824212" lon="2.8874898999999914">
        <ele>338.5165487994471</ele>
        <time>2026-08-01T07:13:43.688Z</time>
      </trkpt>
      <trkpt lat="41.9824126" lon="2.887429499999996">
        <ele>338.4302889793021</ele>
        <time>2026-08-01T07:13:46.683Z</time>
      </trkpt>
      <trkpt lat="41.9823981" lon="2.8873624999999947">
        <ele>338.1623466228921</ele>
        <time>2026-08-01T07:13:50.189Z</time>
      </trkpt>
      <trkpt lat="41.9824022" lon="2.88729570000001">
        <ele>338.3564775963273</ele>
        <time>2026-08-01T07:13:55.003Z</time>
      </trkpt>
      <trkpt lat="41.9823809" lon="2.887241799999998">
        <ele>337.83922770414284</ele>
        <time>2026-08-01T07:13:58.314Z</time>
      </trkpt>
      <trkpt lat="41.9823979" lon="2.887178199999994">
        <ele>338.36571399068646</ele>
        <time>2026-08-01T07:14:02.210Z</time>
      </trkpt>
      <trkpt lat="41.982418" lon="2.887118700000002">
        <ele>338.94140689228874</ele>
        <time>2026-08-01T07:14:06.869Z</time>
      </trkpt>
      <trkpt lat="41.9824285" lon="2.8870570999999927">
        <ele>339.2903402183399</ele>
        <time>2026-08-01T07:14:11.328Z</time>
      </trkpt>
      <trkpt lat="41.9824469" lon="2.8870013000000085">
        <ele>340.04319039650125</ele>
        <time>2026-08-01T07:14:15.484Z</time>
      </trkpt>
      <trkpt lat="41.9824665" lon="2.8869457000000125">
        <ele>340.82919340108407</ele>
        <time>2026-08-01T07:14:19.276Z</time>
      </trkpt>
      <trkpt lat="41.9824894" lon="2.886886699999991">
        <ele>341.3648316320882</ele>
        <time>2026-08-01T07:14:23.245Z</time>
      </trkpt>
      <trkpt lat="41.9825117" lon="2.886825700000003">
        <ele>341.5810810876201</ele>
        <time>2026-08-01T07:14:27.287Z</time>
      </trkpt>
      <trkpt lat="41.9825385" lon="2.886767700000007">
        <ele>341.6778628118105</ele>
        <time>2026-08-01T07:14:31.330Z</time>
      </trkpt>
      <trkpt lat="41.9825589" lon="2.8867046999999957">
        <ele>341.8657080128027</ele>
        <time>2026-08-01T07:14:35.305Z</time>
      </trkpt>
      <trkpt lat="41.9825857" lon="2.8866430999999864">
        <ele>342.05157039979383</ele>
        <time>2026-08-01T07:14:39.409Z</time>
      </trkpt>
      <trkpt lat="41.9826186" lon="2.886600299999998">
        <ele>342.1575357469323</ele>
        <time>2026-08-01T07:14:42.867Z</time>
      </trkpt>
      <trkpt lat="41.9826353" lon="2.886538900000005">
        <ele>342.4351539192049</ele>
        <time>2026-08-01T07:14:46.292Z</time>
      </trkpt>
      <trkpt lat="41.9826578" lon="2.886484700000011">
        <ele>343.01973722503385</ele>
        <time>2026-08-01T07:14:48.908Z</time>
      </trkpt>
      <trkpt lat="41.9826799" lon="2.8864289999999926">
        <ele>344.06987902230003</ele>
        <time>2026-08-01T07:14:51.543Z</time>
      </trkpt>
      <trkpt lat="41.9827043" lon="2.886373600000013">
        <ele>345.1353142409277</ele>
        <time>2026-08-01T07:14:54.365Z</time>
      </trkpt>
      <trkpt lat="41.9827295" lon="2.8863197999999954">
        <ele>346.19380960452816</ele>
        <time>2026-08-01T07:14:57.028Z</time>
      </trkpt>
      <trkpt lat="41.9827533" lon="2.88626339999999">
        <ele>347.33026097401887</ele>
        <time>2026-08-01T07:14:59.750Z</time>
      </trkpt>
      <trkpt lat="41.9827737" lon="2.886203800000004">
        <ele>347.19544673722174</ele>
        <time>2026-08-01T07:15:02.766Z</time>
      </trkpt>
      <trkpt lat="41.9827971" lon="2.886151500000011">
        <ele>346.48718425595706</ele>
        <time>2026-08-01T07:15:05.784Z</time>
      </trkpt>
      <trkpt lat="41.982825" lon="2.886099999999999">
        <ele>345.6159051013638</ele>
        <time>2026-08-01T07:15:09.162Z</time>
      </trkpt>
      <trkpt lat="41.982859" lon="2.886047700000006">
        <ele>344.5399084615527</ele>
        <time>2026-08-01T07:15:12.869Z</time>
      </trkpt>
      <trkpt lat="41.9828919" lon="2.886000800000005">
        <ele>343.54261823218707</ele>
        <time>2026-08-01T07:15:16.287Z</time>
      </trkpt>
      <trkpt lat="41.9829238" lon="2.8859516999999926">
        <ele>342.69831769135556</ele>
        <time>2026-08-01T07:15:19.266Z</time>
      </trkpt>
      <trkpt lat="41.9829523" lon="2.885902299999998">
        <ele>342.1321109767246</ele>
        <time>2026-08-01T07:15:22.909Z</time>
      </trkpt>
      <trkpt lat="41.9829845" lon="2.8858476999999993">
        <ele>341.6352605883699</ele>
        <time>2026-08-01T07:15:26.928Z</time>
      </trkpt>
      <trkpt lat="41.983016" lon="2.8858022000000005">
        <ele>341.1745777182569</ele>
        <time>2026-08-01T07:15:30.343Z</time>
      </trkpt>
      <trkpt lat="41.9830468" lon="2.885756100000009">
        <ele>340.8622417349077</ele>
        <time>2026-08-01T07:15:33.647Z</time>
      </trkpt>
      <trkpt lat="41.9830801" lon="2.885711399999991">
        <ele>340.50114180976993</ele>
        <time>2026-08-01T07:15:37.249Z</time>
      </trkpt>
      <trkpt lat="41.9831136" lon="2.885667699999999">
        <ele>340.2152679847002</ele>
        <time>2026-08-01T07:15:40.906Z</time>
      </trkpt>
      <trkpt lat="41.9831493" lon="2.8856303000000025">
        <ele>339.85333781779855</ele>
        <time>2026-08-01T07:15:44.464Z</time>
      </trkpt>
      <trkpt lat="41.9831944" lon="2.8855859999999893">
        <ele>339.35432396363217</ele>
        <time>2026-08-01T07:15:48.305Z</time>
      </trkpt>
      <trkpt lat="41.983231" lon="2.8855456999999944">
        <ele>339.0754480015462</ele>
        <time>2026-08-01T07:15:51.905Z</time>
      </trkpt>
      <trkpt lat="41.9832613" lon="2.8854987999999935">
        <ele>339.18904706506</ele>
        <time>2026-08-01T07:15:55.003Z</time>
      </trkpt>
      <trkpt lat="41.9832894" lon="2.885447599999992">
        <ele>339.5014433372521</ele>
        <time>2026-08-01T07:15:58.126Z</time>
      </trkpt>
      <trkpt lat="41.9833175" lon="2.8853914999999972">
        <ele>339.885905930881</ele>
        <time>2026-08-01T07:16:01.209Z</time>
      </trkpt>
      <trkpt lat="41.9833339" lon="2.88532570000001">
        <ele>340.52079145920464</ele>
        <time>2026-08-01T07:16:04.323Z</time>
      </trkpt>
      <trkpt lat="41.9833437" lon="2.8852635000000078">
        <ele>341.3714256815673</ele>
        <time>2026-08-01T07:16:07.361Z</time>
      </trkpt>
      <trkpt lat="41.9833537" lon="2.8851927999999987">
        <ele>342.4149241325923</ele>
        <time>2026-08-01T07:16:10.264Z</time>
      </trkpt>
      <trkpt lat="41.9833637" lon="2.885125600000009">
        <ele>343.4261124301724</ele>
        <time>2026-08-01T07:16:13.826Z</time>
      </trkpt>
      <trkpt lat="41.9833718" lon="2.8850596999999993">
        <ele>344.06071256135084</ele>
        <time>2026-08-01T07:16:17.004Z</time>
      </trkpt>
      <trkpt lat="41.9833743" lon="2.8849977000000138">
        <ele>344.77531038471193</ele>
        <time>2026-08-01T07:16:20.362Z</time>
      </trkpt>
      <trkpt lat="41.9833729" lon="2.884931800000004">
        <ele>345.64560763088434</ele>
        <time>2026-08-01T07:16:23.729Z</time>
      </trkpt>
      <trkpt lat="41.9833596" lon="2.8848662999999988">
        <ele>346.7676761295494</ele>
        <time>2026-08-01T07:16:27.125Z</time>
      </trkpt>
      <trkpt lat="41.9833456" lon="2.8848058000000094">
        <ele>347.2638839088685</ele>
        <time>2026-08-01T07:16:30.464Z</time>
      </trkpt>
      <trkpt lat="41.9833323" lon="2.884747500000003">
        <ele>347.32034461142877</ele>
        <time>2026-08-01T07:16:33.747Z</time>
      </trkpt>
      <trkpt lat="41.9833183" lon="2.8846862999999985">
        <ele>347.3520797809266</ele>
        <time>2026-08-01T07:16:37.085Z</time>
      </trkpt>
      <trkpt lat="41.9833046" lon="2.884627800000004">
        <ele>347.31628554800733</ele>
        <time>2026-08-01T07:16:39.949Z</time>
      </trkpt>
      <trkpt lat="41.9832887" lon="2.884562499999987">
        <ele>347.1645388978474</ele>
        <time>2026-08-01T07:16:43.247Z</time>
      </trkpt>
      <trkpt lat="41.9832795" lon="2.8845011999999883">
        <ele>346.6843178879579</ele>
        <time>2026-08-01T07:16:46.104Z</time>
      </trkpt>
      <trkpt lat="41.9832693" lon="2.884440600000005">
        <ele>346.194651452085</ele>
        <time>2026-08-01T07:16:48.970Z</time>
      </trkpt>
      <trkpt lat="41.9832631" lon="2.884371399999992">
        <ele>345.5843553711621</ele>
        <time>2026-08-01T07:16:52.242Z</time>
      </trkpt>
      <trkpt lat="41.9832573" lon="2.8843056999999988">
        <ele>344.9911293924908</ele>
        <time>2026-08-01T07:16:55.187Z</time>
      </trkpt>
      <trkpt lat="41.9832524" lon="2.884244899999999">
        <ele>344.3316673333003</ele>
        <time>2026-08-01T07:16:58.204Z</time>
      </trkpt>
      <trkpt lat="41.9832459" lon="2.8841831999999954">
        <ele>343.5967784015738</ele>
        <time>2026-08-01T07:17:00.856Z</time>
      </trkpt>
      <trkpt lat="41.9832395" lon="2.8841132999999957">
        <ele>342.7457247104544</ele>
        <time>2026-08-01T07:17:04.166Z</time>
      </trkpt>
      <trkpt lat="41.9832373" lon="2.8840529000000004">
        <ele>342.0006575967877</ele>
        <time>2026-08-01T07:17:07.166Z</time>
      </trkpt>
      <trkpt lat="41.983236" lon="2.8839901999999995">
        <ele>341.17371118876173</ele>
        <time>2026-08-01T07:17:10.270Z</time>
      </trkpt>
      <trkpt lat="41.9832347" lon="2.883925099999999">
        <ele>340.1495422505998</ele>
        <time>2026-08-01T07:17:13.487Z</time>
      </trkpt>
      <trkpt lat="41.9832345" lon="2.8838634999999897">
        <ele>339.18239306914785</ele>
        <time>2026-08-01T07:17:16.449Z</time>
      </trkpt>
      <trkpt lat="41.9832324" lon="2.883796999999987">
        <ele>338.12289922236755</ele>
        <time>2026-08-01T07:17:19.849Z</time>
      </trkpt>
      <trkpt lat="41.9832303" lon="2.8837337999999875">
        <ele>337.1079996259708</ele>
        <time>2026-08-01T07:17:23.169Z</time>
      </trkpt>
      <trkpt lat="41.9832368" lon="2.883669999999995">
        <ele>336.1989424274529</ele>
        <time>2026-08-01T07:17:26.570Z</time>
      </trkpt>
      <trkpt lat="41.9832393" lon="2.883598400000011">
        <ele>335.1391638963909</ele>
        <time>2026-08-01T07:17:30.066Z</time>
      </trkpt>
      <trkpt lat="41.9832468" lon="2.8835301999999956">
        <ele>334.18844839465663</ele>
        <time>2026-08-01T07:17:33.989Z</time>
      </trkpt>
      <trkpt lat="41.9832541" lon="2.883456499999994">
        <ele>333.15972190409394</ele>
        <time>2026-08-01T07:17:37.303Z</time>
      </trkpt>
      <trkpt lat="41.9832622" lon="2.8833937999999932">
        <ele>332.2828349710744</ele>
        <time>2026-08-01T07:17:41.169Z</time>
      </trkpt>
      <trkpt lat="41.9832666" lon="2.8833291999999915">
        <ele>331.3199600126013</ele>
        <time>2026-08-01T07:17:44.962Z</time>
      </trkpt>
      <trkpt lat="41.983272" lon="2.8832591999999977">
        <ele>330.269420509799</ele>
        <time>2026-08-01T07:17:48.908Z</time>
      </trkpt>
      <trkpt lat="41.9832632" lon="2.883199999999988">
        <ele>329.27828320649104</ele>
        <time>2026-08-01T07:17:52.406Z</time>
      </trkpt>
      <trkpt lat="41.9832459" lon="2.883137199999993">
        <ele>328.0175582661446</ele>
        <time>2026-08-01T07:17:56.343Z</time>
      </trkpt>
      <trkpt lat="41.983218" lon="2.8830878999999925">
        <ele>326.85153963240185</ele>
        <time>2026-08-01T07:17:59.729Z</time>
      </trkpt>
      <trkpt lat="41.9831792" lon="2.883041899999995">
        <ele>325.73845821425317</ele>
        <time>2026-08-01T07:18:03.865Z</time>
      </trkpt>
      <trkpt lat="41.9831386" lon="2.883002299999987">
        <ele>324.7894149846412</ele>
        <time>2026-08-01T07:18:07.287Z</time>
      </trkpt>
      <trkpt lat="41.9830994" lon="2.882964600000008">
        <ele>323.9239106655646</ele>
        <time>2026-08-01T07:18:10.683Z</time>
      </trkpt>
      <trkpt lat="41.9830639" lon="2.8829187000000047">
        <ele>322.9591581183256</ele>
        <time>2026-08-01T07:18:14.027Z</time>
      </trkpt>
      <trkpt lat="41.9830233" lon="2.882883399999997">
        <ele>322.0278003613147</ele>
        <time>2026-08-01T07:18:17.368Z</time>
      </trkpt>
      <trkpt lat="41.9829801" lon="2.882838899999996">
        <ele>320.21321551515973</ele>
        <time>2026-08-01T07:18:20.988Z</time>
      </trkpt>
      <trkpt lat="41.9829458" lon="2.882795499999986">
        <ele>318.65782758793296</ele>
        <time>2026-08-01T07:18:24.806Z</time>
      </trkpt>
      <trkpt lat="41.9829025" lon="2.8827475999999876">
        <ele>316.83424517921827</ele>
        <time>2026-08-01T07:18:28.285Z</time>
      </trkpt>
      <trkpt lat="41.9828654" lon="2.882710099999997">
        <ele>315.3502854460821</ele>
        <time>2026-08-01T07:18:31.748Z</time>
      </trkpt>
      <trkpt lat="41.9828273" lon="2.88267350000001">
        <ele>313.87565814626544</ele>
        <time>2026-08-01T07:18:34.708Z</time>
      </trkpt>
      <trkpt lat="41.9827877" lon="2.8826349999999934">
        <ele>312.3556530966203</ele>
        <time>2026-08-01T07:18:37.668Z</time>
      </trkpt>
      <trkpt lat="41.9827422" lon="2.8825979000000075">
        <ele>311.06885938504803</ele>
        <time>2026-08-01T07:18:41.125Z</time>
      </trkpt>
      <trkpt lat="41.9827023" lon="2.8825641999999903">
        <ele>310.5333148648492</ele>
        <time>2026-08-01T07:18:44.362Z</time>
      </trkpt>
      <trkpt lat="41.9826624" lon="2.8825258999999903">
        <ele>309.9155295151501</ele>
        <time>2026-08-01T07:18:47.583Z</time>
      </trkpt>
      <trkpt lat="41.982627" lon="2.882486499999999">
        <ele>309.2773865262082</ele>
        <time>2026-08-01T07:18:50.609Z</time>
      </trkpt>
      <trkpt lat="41.9825957" lon="2.882439500000004">
        <ele>308.56097880460123</ele>
        <time>2026-08-01T07:18:53.587Z</time>
      </trkpt>
      <trkpt lat="41.9825648" lon="2.8823816999999963">
        <ele>307.69368195312467</ele>
        <time>2026-08-01T07:18:57.190Z</time>
      </trkpt>
      <trkpt lat="41.9825392" lon="2.8823294000000033">
        <ele>306.92913692284907</ele>
        <time>2026-08-01T07:19:00.144Z</time>
      </trkpt>
      <trkpt lat="41.9825198" lon="2.8822747000000106">
        <ele>306.4644972528743</ele>
        <time>2026-08-01T07:19:03.128Z</time>
      </trkpt>
      <trkpt lat="41.982494" lon="2.8822232999999926">
        <ele>305.90336833750234</ele>
        <time>2026-08-01T07:19:06.466Z</time>
      </trkpt>
      <trkpt lat="41.9824805" lon="2.882165100000009">
        <ele>305.43803709214114</ele>
        <time>2026-08-01T07:19:10.270Z</time>
      </trkpt>
      <trkpt lat="41.9824781" lon="2.8821015999999986">
        <ele>305.08483040065147</ele>
        <time>2026-08-01T07:19:13.944Z</time>
      </trkpt>
      <trkpt lat="41.9824804" lon="2.882031699999999">
        <ele>304.7631284853394</ele>
        <time>2026-08-01T07:19:17.883Z</time>
      </trkpt>
      <trkpt lat="41.9824819" lon="2.8819673000000137">
        <ele>304.4525919734155</ele>
        <time>2026-08-01T07:19:21.188Z</time>
      </trkpt>
      <trkpt lat="41.982474" lon="2.8818984000000114">
        <ele>304.01613495029085</ele>
        <time>2026-08-01T07:19:24.790Z</time>
      </trkpt>
      <trkpt lat="41.9824655" lon="2.881831599999998">
        <ele>303.7261995602224</ele>
        <time>2026-08-01T07:19:28.168Z</time>
      </trkpt>
      <trkpt lat="41.9824542" lon="2.8817731000000038">
        <ele>303.483600961104</ele>
        <time>2026-08-01T07:19:31.168Z</time>
      </trkpt>
      <trkpt lat="41.9824429" lon="2.881712300000004">
        <ele>303.72277890768464</ele>
        <time>2026-08-01T07:19:33.729Z</time>
      </trkpt>
      <trkpt lat="41.9824266" lon="2.881653">
        <ele>303.79510503257455</ele>
        <time>2026-08-01T07:19:37.187Z</time>
      </trkpt>
      <trkpt lat="41.9824073" lon="2.8815979999999968">
        <ele>303.6526351059986</ele>
        <time>2026-08-01T07:19:40.148Z</time>
      </trkpt>
      <trkpt lat="41.9823851" lon="2.8815443000000016">
        <ele>303.26941629842105</ele>
        <time>2026-08-01T07:19:43.149Z</time>
      </trkpt>
      <trkpt lat="41.9823645" lon="2.881487899999996">
        <ele>302.8072898236651</ele>
        <time>2026-08-01T07:19:46.206Z</time>
      </trkpt>
      <trkpt lat="41.982338" lon="2.8814332999999976">
        <ele>302.3997995015934</ele>
        <time>2026-08-01T07:19:49.366Z</time>
      </trkpt>
      <trkpt lat="41.9823108" lon="2.8813811999999928">
        <ele>301.87255934833235</ele>
        <time>2026-08-01T07:19:52.503Z</time>
      </trkpt>
      <trkpt lat="41.9822886" lon="2.8813222999999937">
        <ele>301.3978727039519</ele>
        <time>2026-08-01T07:19:55.664Z</time>
      </trkpt>
      <trkpt lat="41.9822668" lon="2.8812680000000057">
        <ele>300.844279541396</ele>
        <time>2026-08-01T07:19:58.825Z</time>
      </trkpt>
      <trkpt lat="41.9822441" lon="2.8812091000000066">
        <ele>300.4425994078817</ele>
        <time>2026-08-01T07:20:02.372Z</time>
      </trkpt>
      <trkpt lat="41.9822257" lon="2.8811535000000106">
        <ele>300.859787416184</ele>
        <time>2026-08-01T07:20:05.704Z</time>
      </trkpt>
      <trkpt lat="41.9822038" lon="2.8810961000000077">
        <ele>301.2206308822428</ele>
        <time>2026-08-01T07:20:09.305Z</time>
      </trkpt>
      <trkpt lat="41.9821829" lon="2.8810346999999865">
        <ele>301.79400567495276</ele>
        <time>2026-08-01T07:20:13.129Z</time>
      </trkpt>
      <trkpt lat="41.9821645" lon="2.880979499999995">
        <ele>302.27918345918226</ele>
        <time>2026-08-01T07:20:16.629Z</time>
      </trkpt>
      <trkpt lat="41.9821478" lon="2.880922499999997">
        <ele>302.75700405919974</ele>
        <time>2026-08-01T07:20:20.309Z</time>
      </trkpt>
      <trkpt lat="41.9821232" lon="2.880871600000006">
        <ele>302.9495263355482</ele>
        <time>2026-08-01T07:20:23.763Z</time>
      </trkpt>
      <trkpt lat="41.9820875" lon="2.8808208000000093">
        <ele>302.93170505521334</ele>
        <time>2026-08-01T07:20:27.349Z</time>
      </trkpt>
      <trkpt lat="41.9820538" lon="2.880775199999988">
        <ele>302.94796576621513</ele>
        <time>2026-08-01T07:20:30.270Z</time>
      </trkpt>
      <trkpt lat="41.9820165" lon="2.8807299000000057">
        <ele>302.94966767796683</ele>
        <time>2026-08-01T07:20:33.395Z</time>
      </trkpt>
      <trkpt lat="41.9819791" lon="2.8806926000000033">
        <ele>302.86816515718846</ele>
        <time>2026-08-01T07:20:36.306Z</time>
      </trkpt>
      <trkpt lat="41.9819378" lon="2.880646399999989">
        <ele>302.8683596084619</ele>
        <time>2026-08-01T07:20:39.331Z</time>
      </trkpt>
      <trkpt lat="41.9819049" lon="2.880595999999997">
        <ele>302.9700365553697</ele>
        <time>2026-08-01T07:20:42.985Z</time>
      </trkpt>
      <trkpt lat="41.9818658" lon="2.880545799999993">
        <ele>302.819423782071</ele>
        <time>2026-08-01T07:20:46.279Z</time>
      </trkpt>
      <trkpt lat="41.981828" lon="2.880500500000011">
        <ele>302.83069811450014</ele>
        <time>2026-08-01T07:20:49.926Z</time>
      </trkpt>
      <trkpt lat="41.981795" lon="2.8804580000000044">
        <ele>303.09100407165744</ele>
        <time>2026-08-01T07:20:52.846Z</time>
      </trkpt>
      <trkpt lat="41.9817645" lon="2.8804111000000034">
        <ele>303.6970676298878</ele>
        <time>2026-08-01T07:20:55.903Z</time>
      </trkpt>
      <trkpt lat="41.9817318" lon="2.8803594000000032">
        <ele>304.12564154169473</ele>
        <time>2026-08-01T07:20:59.341Z</time>
      </trkpt>
      <trkpt lat="41.9817044" lon="2.880307700000003">
        <ele>304.4968089261012</ele>
        <time>2026-08-01T07:21:02.449Z</time>
      </trkpt>
      <trkpt lat="41.9816778" lon="2.8802550999999994">
        <ele>305.06265957736133</ele>
        <time>2026-08-01T07:21:05.427Z</time>
      </trkpt>
      <trkpt lat="41.9816554" lon="2.880200000000002">
        <ele>305.87328725147285</ele>
        <time>2026-08-01T07:21:08.363Z</time>
      </trkpt>
      <trkpt lat="41.9816301" lon="2.880146599999989">
        <ele>306.50765224462293</ele>
        <time>2026-08-01T07:21:11.268Z</time>
      </trkpt>
      <trkpt lat="41.9816094" lon="2.880092200000007">
        <ele>306.6883736975141</ele>
        <time>2026-08-01T07:21:14.150Z</time>
      </trkpt>
      <trkpt lat="41.981583" lon="2.880038600000006">
        <ele>306.1744138225331</ele>
        <time>2026-08-01T07:21:17.380Z</time>
      </trkpt>
      <trkpt lat="41.9815556" lon="2.879981200000003">
        <ele>305.7967914027021</ele>
        <time>2026-08-01T07:21:20.825Z</time>
      </trkpt>
      <trkpt lat="41.9815312" lon="2.8799300999999957">
        <ele>305.5906067603887</ele>
        <time>2026-08-01T07:21:23.705Z</time>
      </trkpt>
      <trkpt lat="41.9815001" lon="2.8798778000000027">
        <ele>305.40780145763335</ele>
        <time>2026-08-01T07:21:27.106Z</time>
      </trkpt>
      <trkpt lat="41.9814762" lon="2.8798242000000016">
        <ele>305.3592458487006</ele>
        <time>2026-08-01T07:21:30.152Z</time>
      </trkpt>
      <trkpt lat="41.9814486" lon="2.8797692999999924">
        <ele>304.68845372744465</ele>
        <time>2026-08-01T07:21:33.566Z</time>
      </trkpt>
      <trkpt lat="41.98142" lon="2.8797223999999915">
        <ele>304.14804532215646</ele>
        <time>2026-08-01T07:21:36.529Z</time>
      </trkpt>
      <trkpt lat="41.9813887" lon="2.8796681000000035">
        <ele>303.6534474710997</ele>
        <time>2026-08-01T07:21:39.906Z</time>
      </trkpt>
      <trkpt lat="41.9813526" lon="2.879618899999997">
        <ele>303.0365215598107</ele>
        <time>2026-08-01T07:21:43.375Z</time>
      </trkpt>
      <trkpt lat="41.9813223" lon="2.879573700000009">
        <ele>302.2076951657717</ele>
        <time>2026-08-01T07:21:46.289Z</time>
      </trkpt>
      <trkpt lat="41.9812873" lon="2.8795240999999976">
        <ele>301.22486217103636</ele>
        <time>2026-08-01T07:21:49.766Z</time>
      </trkpt>
      <trkpt lat="41.9812528" lon="2.8794823000000065">
        <ele>300.2932036416246</ele>
        <time>2026-08-01T07:21:52.689Z</time>
      </trkpt>
      <trkpt lat="41.9812235" lon="2.879435000000001">
        <ele>299.5615661187414</ele>
        <time>2026-08-01T07:21:55.922Z</time>
      </trkpt>
      <trkpt lat="41.9811951" lon="2.8793818000000044">
        <ele>298.94775370985707</ele>
        <time>2026-08-01T07:21:59.228Z</time>
      </trkpt>
      <trkpt lat="41.981165" lon="2.8793348000000094">
        <ele>298.433404645705</ele>
        <time>2026-08-01T07:22:02.369Z</time>
      </trkpt>
      <trkpt lat="41.9811317" lon="2.879289">
        <ele>297.99111577766666</ele>
        <time>2026-08-01T07:22:05.568Z</time>
      </trkpt>
      <trkpt lat="41.9810985" lon="2.879246099999989">
        <ele>297.460495264868</ele>
        <time>2026-08-01T07:22:08.868Z</time>
      </trkpt>
      <trkpt lat="41.9810648" lon="2.8792033000000004">
        <ele>296.48476774978644</ele>
        <time>2026-08-01T07:22:12.347Z</time>
      </trkpt>
      <trkpt lat="41.9810265" lon="2.8791631999999936">
        <ele>295.1366528532968</ele>
        <time>2026-08-01T07:22:15.722Z</time>
      </trkpt>
      <trkpt lat="41.9809888" lon="2.8791193000000135">
        <ele>293.9036537818847</ele>
        <time>2026-08-01T07:22:19.297Z</time>
      </trkpt>
      <trkpt lat="41.9809557" lon="2.879075599999993">
        <ele>292.91139783351935</ele>
        <time>2026-08-01T07:22:22.367Z</time>
      </trkpt>
      <trkpt lat="41.9809227" lon="2.8790261000000044">
        <ele>292.023962256521</ele>
        <time>2026-08-01T07:22:25.769Z</time>
      </trkpt>
      <trkpt lat="41.9808895" lon="2.8789738000000114">
        <ele>291.2234060069915</ele>
        <time>2026-08-01T07:22:29.322Z</time>
      </trkpt>
      <trkpt lat="41.9808607" lon="2.878924699999999">
        <ele>290.64162431302645</ele>
        <time>2026-08-01T07:22:32.723Z</time>
      </trkpt>
      <trkpt lat="41.9808327" lon="2.8788701999999944">
        <ele>290.23377516391923</ele>
        <time>2026-08-01T07:22:36.309Z</time>
      </trkpt>
      <trkpt lat="41.9807982" lon="2.878820200000007">
        <ele>289.7711720545901</ele>
        <time>2026-08-01T07:22:40.225Z</time>
      </trkpt>
      <trkpt lat="41.9807632" lon="2.8787708000000123">
        <ele>289.39136173362635</ele>
        <time>2026-08-01T07:22:43.169Z</time>
      </trkpt>
      <trkpt lat="41.9807434" lon="2.8787134000000094">
        <ele>289.7240826123671</ele>
        <time>2026-08-01T07:22:46.484Z</time>
      </trkpt>
      <trkpt lat="41.9807085" lon="2.8786725999999874">
        <ele>290.1047983683977</ele>
        <time>2026-08-01T07:22:50.115Z</time>
      </trkpt>
      <trkpt lat="41.980656" lon="2.8786566999999934">
        <ele>289.8442668387645</ele>
        <time>2026-08-01T07:22:56.928Z</time>
      </trkpt>
      <trkpt lat="41.98063" lon="2.8785904000000073">
        <ele>291.2900100121284</ele>
        <time>2026-08-01T07:22:57.928Z</time>
      </trkpt>
      <trkpt lat="41.9806132" lon="2.878530600000005">
        <ele>292.7896001538952</ele>
        <time>2026-08-01T07:23:00.904Z</time>
      </trkpt>
      <trkpt lat="41.9805939" lon="2.8784755000000075">
        <ele>294.2649297679602</ele>
        <time>2026-08-01T07:23:03.304Z</time>
      </trkpt>
      <trkpt lat="41.9805674" lon="2.8784161000000097">
        <ele>295.48517043919855</ele>
        <time>2026-08-01T07:23:06.267Z</time>
      </trkpt>
      <trkpt lat="41.9805446" lon="2.8783578000000034">
        <ele>296.1402406025279</ele>
        <time>2026-08-01T07:23:09.205Z</time>
      </trkpt>
      <trkpt lat="41.9805227" lon="2.8783018000000027">
        <ele>296.6660841444932</ele>
        <time>2026-08-01T07:23:12.086Z</time>
      </trkpt>
      <trkpt lat="41.9805038" lon="2.878238600000003">
        <ele>297.00196595297547</ele>
        <time>2026-08-01T07:23:15.373Z</time>
      </trkpt>
      <trkpt lat="41.9804902" lon="2.8781749000000048">
        <ele>297.5833130689213</ele>
        <time>2026-08-01T07:23:18.287Z</time>
      </trkpt>
      <trkpt lat="41.9804729" lon="2.8781075999999928">
        <ele>297.40114629425784</ele>
        <time>2026-08-01T07:23:21.428Z</time>
      </trkpt>
      <trkpt lat="41.9804617" lon="2.878042899999997">
        <ele>297.24574040428774</ele>
        <time>2026-08-01T07:23:26.288Z</time>
      </trkpt>
      <trkpt lat="41.9804529" lon="2.8779810000000055">
        <ele>297.1876846798109</ele>
        <time>2026-08-01T07:23:32.627Z</time>
      </trkpt>
      <trkpt lat="41.9804406" lon="2.877915300000012">
        <ele>297.1907987534984</ele>
        <time>2026-08-01T07:23:36.329Z</time>
      </trkpt>
      <trkpt lat="41.9804304" lon="2.877853200000004">
        <ele>297.3214973394592</ele>
        <time>2026-08-01T07:23:40.206Z</time>
      </trkpt>
      <trkpt lat="41.9804343" lon="2.877791599999995">
        <ele>297.49970146961084</ele>
        <time>2026-08-01T07:23:44.389Z</time>
      </trkpt>
      <trkpt lat="41.980444" lon="2.8777318999999864">
        <ele>297.6420973205239</ele>
        <time>2026-08-01T07:23:48.289Z</time>
      </trkpt>
      <trkpt lat="41.980449" lon="2.8776708999999983">
        <ele>297.7840514169662</ele>
        <time>2026-08-01T07:23:51.831Z</time>
      </trkpt>
      <trkpt lat="41.9804375" lon="2.87761230000001">
        <ele>298.00642770653116</ele>
        <time>2026-08-01T07:23:55.769Z</time>
      </trkpt>
      <trkpt lat="41.9804204" lon="2.8775473999999974">
        <ele>298.36333043943847</ele>
        <time>2026-08-01T07:23:59.249Z</time>
      </trkpt>
      <trkpt lat="41.9803897" lon="2.877495600000003">
        <ele>298.7968802859181</ele>
        <time>2026-08-01T07:24:02.929Z</time>
      </trkpt>
      <trkpt lat="41.9803602" lon="2.8774443000000076">
        <ele>299.2550067081758</ele>
        <time>2026-08-01T07:24:06.318Z</time>
      </trkpt>
      <trkpt lat="41.9803223" lon="2.8774060000000077">
        <ele>299.7544765286261</ele>
        <time>2026-08-01T07:24:09.507Z</time>
      </trkpt>
      <trkpt lat="41.9802869" lon="2.8773636999999894">
        <ele>300.28693544647876</ele>
        <time>2026-08-01T07:24:12.948Z</time>
      </trkpt>
      <trkpt lat="41.9802478" lon="2.87732410000001">
        <ele>300.7141600339541</ele>
        <time>2026-08-01T07:24:16.389Z</time>
      </trkpt>
      <trkpt lat="41.9802027" lon="2.8772883000000036">
        <ele>299.75407231610035</ele>
        <time>2026-08-01T07:24:19.808Z</time>
      </trkpt>
      <trkpt lat="41.9801564" lon="2.8772803999999894">
        <ele>299.1577829532812</ele>
        <time>2026-08-01T07:24:24.883Z</time>
      </trkpt>
      <trkpt lat="41.9801246" lon="2.877229">
        <ele>298.3362750104909</ele>
        <time>2026-08-01T07:24:27.029Z</time>
      </trkpt>
      <trkpt lat="41.9800872" lon="2.877193500000004">
        <ele>297.6938903285706</ele>
        <time>2026-08-01T07:24:28.485Z</time>
      </trkpt>
      <trkpt lat="41.9800451" lon="2.8771512000000143">
        <ele>297.04603253637686</ele>
        <time>2026-08-01T07:24:31.062Z</time>
      </trkpt>
      <trkpt lat="41.9800019" lon="2.8771150999999975">
        <ele>296.5294476166462</ele>
        <time>2026-08-01T07:24:34.048Z</time>
      </trkpt>
      <trkpt lat="41.9799582" lon="2.877086399999996">
        <ele>296.07265948348754</ele>
        <time>2026-08-01T07:24:37.327Z</time>
      </trkpt>
      <trkpt lat="41.9799165" lon="2.877055100000007">
        <ele>295.63204731654434</ele>
        <time>2026-08-01T07:24:40.364Z</time>
      </trkpt>
      <trkpt lat="41.9798737" lon="2.877022100000005">
        <ele>295.06041684434723</ele>
        <time>2026-08-01T07:24:43.367Z</time>
      </trkpt>
      <trkpt lat="41.9798336" lon="2.876984099999987">
        <ele>294.4025970989352</ele>
        <time>2026-08-01T07:24:46.784Z</time>
      </trkpt>
      <trkpt lat="41.9797987" lon="2.8769425000000126">
        <ele>293.71477602315315</ele>
        <time>2026-08-01T07:24:50.107Z</time>
      </trkpt>
      <trkpt lat="41.9797689" lon="2.8768871000000047">
        <ele>292.8978929864371</ele>
        <time>2026-08-01T07:24:53.069Z</time>
      </trkpt>
      <trkpt lat="41.9797343" lon="2.8768393000000003">
        <ele>292.0659217893166</ele>
        <time>2026-08-01T07:24:56.848Z</time>
      </trkpt>
      <trkpt lat="41.9797298" lon="2.87677579999999">
        <ele>291.3523199399538</ele>
        <time>2026-08-01T07:25:03.282Z</time>
      </trkpt>
      <trkpt lat="41.9796983" lon="2.8767245999999886">
        <ele>290.61804340336556</ele>
        <time>2026-08-01T07:25:08.629Z</time>
      </trkpt>
      <trkpt lat="41.9796691" lon="2.876662500000009">
        <ele>289.45436414926934</ele>
        <time>2026-08-01T07:25:12.208Z</time>
      </trkpt>
      <trkpt lat="41.979644" lon="2.876611099999991">
        <ele>288.29052585027347</ele>
        <time>2026-08-01T07:25:15.609Z</time>
      </trkpt>
      <trkpt lat="41.9796194" lon="2.8765584999999874">
        <ele>287.0007771956693</ele>
        <time>2026-08-01T07:25:18.489Z</time>
      </trkpt>
      <trkpt lat="41.9795982" lon="2.876503200000002">
        <ele>285.6646931852218</ele>
        <time>2026-08-01T07:25:21.368Z</time>
      </trkpt>
      <trkpt lat="41.979579" lon="2.8764485000000093">
        <ele>284.73843152622703</ele>
        <time>2026-08-01T07:25:24.283Z</time>
      </trkpt>
      <trkpt lat="41.979559" lon="2.8763930000000073">
        <ele>283.8228720108974</ele>
        <time>2026-08-01T07:25:27.409Z</time>
      </trkpt>
      <trkpt lat="41.9795395" lon="2.876336600000002">
        <ele>282.89121821739127</ele>
        <time>2026-08-01T07:25:31.010Z</time>
      </trkpt>
      <trkpt lat="41.9795257" lon="2.8762786000000062">
        <ele>282.1351627393036</ele>
        <time>2026-08-01T07:25:34.270Z</time>
      </trkpt>
      <trkpt lat="41.9795158" lon="2.876218399999999">
        <ele>281.49604872860056</ele>
        <time>2026-08-01T07:25:37.965Z</time>
      </trkpt>
      <trkpt lat="41.9795105" lon="2.8761532000000045">
        <ele>282.13129789981514</ele>
        <time>2026-08-01T07:25:41.367Z</time>
      </trkpt>
      <trkpt lat="41.9795087" lon="2.8760857999999985">
        <ele>282.9633918422129</ele>
        <time>2026-08-01T07:25:44.969Z</time>
      </trkpt>
      <trkpt lat="41.9795083" lon="2.8760183999999924">
        <ele>283.8477134308167</ele>
        <time>2026-08-01T07:25:48.347Z</time>
      </trkpt>
      <trkpt lat="41.9795072" lon="2.8759501000000114">
        <ele>284.7260253380395</ele>
        <time>2026-08-01T07:25:51.965Z</time>
      </trkpt>
      <trkpt lat="41.9795101" lon="2.87588869999999">
        <ele>285.5422807663353</ele>
        <time>2026-08-01T07:25:55.323Z</time>
      </trkpt>
      <trkpt lat="41.9795141" lon="2.875826499999988">
        <ele>286.36812258635615</ele>
        <time>2026-08-01T07:25:59.065Z</time>
      </trkpt>
      <trkpt lat="41.9795249" lon="2.875753000000003">
        <ele>287.46991741136003</ele>
        <time>2026-08-01T07:26:02.970Z</time>
      </trkpt>
      <trkpt lat="41.9795417" lon="2.875690999999989">
        <ele>288.53597993743284</ele>
        <time>2026-08-01T07:26:07.083Z</time>
      </trkpt>
      <trkpt lat="41.9795564" lon="2.8756328999999994">
        <ele>289.3636475252119</ele>
        <time>2026-08-01T07:26:10.336Z</time>
      </trkpt>
      <trkpt lat="41.9795782" lon="2.8755727999999863">
        <ele>290.2039931622577</ele>
        <time>2026-08-01T07:26:15.124Z</time>
      </trkpt>
      <trkpt lat="41.9796114" lon="2.8755304000000024">
        <ele>291.1166282057013</ele>
        <time>2026-08-01T07:26:19.629Z</time>
      </trkpt>
      <trkpt lat="41.9796376" lon="2.875479100000007">
        <ele>291.9089751413675</ele>
        <time>2026-08-01T07:26:23.664Z</time>
      </trkpt>
      <trkpt lat="41.9796762" lon="2.875447600000001">
        <ele>292.78226901575323</ele>
        <time>2026-08-01T07:26:27.347Z</time>
      </trkpt>
      <trkpt lat="41.9797222" lon="2.87543500000001">
        <ele>293.29105418870313</ele>
        <time>2026-08-01T07:26:31.390Z</time>
      </trkpt>
      <trkpt lat="41.9797708" lon="2.8754399999999976">
        <ele>293.48403247464</ele>
        <time>2026-08-01T07:26:35.332Z</time>
      </trkpt>
      <trkpt lat="41.9798197" lon="2.8754471999999964">
        <ele>293.6648675758815</ele>
        <time>2026-08-01T07:26:39.042Z</time>
      </trkpt>
      <trkpt lat="41.9798652" lon="2.87544969999999">
        <ele>293.85373253046464</ele>
        <time>2026-08-01T07:26:42.668Z</time>
      </trkpt>
      <trkpt lat="41.9799195" lon="2.8754412000000116">
        <ele>294.1431668832388</ele>
        <time>2026-08-01T07:26:47.047Z</time>
      </trkpt>
      <trkpt lat="41.9799721" lon="2.875409700000006">
        <ele>294.56343485837834</ele>
        <time>2026-08-01T07:26:49.889Z</time>
      </trkpt>
      <trkpt lat="41.9800131" lon="2.8753718000000106">
        <ele>294.78245478247885</ele>
        <time>2026-08-01T07:26:52.506Z</time>
      </trkpt>
      <trkpt lat="41.980054" lon="2.8753447999999935">
        <ele>295.0655114560563</ele>
        <time>2026-08-01T07:26:55.329Z</time>
      </trkpt>
      <trkpt lat="41.9800928" lon="2.875308899999993">
        <ele>295.538258323751</ele>
        <time>2026-08-01T07:26:58.423Z</time>
      </trkpt>
      <trkpt lat="41.9801285" lon="2.8752695000000017">
        <ele>296.1470844440157</ele>
        <time>2026-08-01T07:27:01.624Z</time>
      </trkpt>
      <trkpt lat="41.9801548" lon="2.875217399999997">
        <ele>297.0088088153742</ele>
        <time>2026-08-01T07:27:05.303Z</time>
      </trkpt>
      <trkpt lat="41.9801834" lon="2.8751666">
        <ele>297.95419021066857</ele>
        <time>2026-08-01T07:27:08.627Z</time>
      </trkpt>
      <trkpt lat="41.9802054" lon="2.8751125999999942">
        <ele>299.00085737160464</ele>
        <time>2026-08-01T07:27:12.204Z</time>
      </trkpt>
      <trkpt lat="41.9802225" lon="2.875050499999986">
        <ele>300.17906175282275</ele>
        <time>2026-08-01T07:27:15.384Z</time>
      </trkpt>
      <trkpt lat="41.98024" lon="2.874994799999996">
        <ele>301.29173729879903</ele>
        <time>2026-08-01T07:27:18.885Z</time>
      </trkpt>
      <trkpt lat="41.980264" lon="2.874940500000008">
        <ele>302.2925710487646</ele>
        <time>2026-08-01T07:27:28.025Z</time>
      </trkpt>
      <trkpt lat="41.9802782" lon="2.874878999999993">
        <ele>303.2950361825098</ele>
        <time>2026-08-01T07:27:31.679Z</time>
      </trkpt>
      <trkpt lat="41.9802901" lon="2.874816900000013">
        <ele>304.26426965882257</ele>
        <time>2026-08-01T07:27:35.405Z</time>
      </trkpt>
      <trkpt lat="41.9803006" lon="2.874751300000014">
        <ele>305.0477269471049</ele>
        <time>2026-08-01T07:27:38.983Z</time>
      </trkpt>
      <trkpt lat="41.9803227" lon="2.8746963000000108">
        <ele>305.59997583591394</ele>
        <time>2026-08-01T07:27:42.325Z</time>
      </trkpt>
      <trkpt lat="41.9803449" lon="2.8746400999999935">
        <ele>306.12644985154003</ele>
        <time>2026-08-01T07:27:45.769Z</time>
      </trkpt>
      <trkpt lat="41.9803698" lon="2.874588999999986">
        <ele>306.5308671425528</ele>
        <time>2026-08-01T07:27:49.387Z</time>
      </trkpt>
      <trkpt lat="41.9803862" lon="2.8745317000000057">
        <ele>307.0623033719606</ele>
        <time>2026-08-01T07:27:52.445Z</time>
      </trkpt>
      <trkpt lat="41.9804005" lon="2.8744727000000125">
        <ele>307.70038628530585</ele>
        <time>2026-08-01T07:27:55.590Z</time>
      </trkpt>
      <trkpt lat="41.9804104" lon="2.874412299999989">
        <ele>308.422482470899</ele>
        <time>2026-08-01T07:27:58.806Z</time>
      </trkpt>
      <trkpt lat="41.9804199" lon="2.874348999999995">
        <ele>309.21353822458167</ele>
        <time>2026-08-01T07:28:02.543Z</time>
      </trkpt>
      <trkpt lat="41.9804222" lon="2.874286899999987">
        <ele>310.0367916233997</ele>
        <time>2026-08-01T07:28:05.270Z</time>
      </trkpt>
      <trkpt lat="41.9804214" lon="2.874220000000008">
        <ele>310.52725909295793</ele>
        <time>2026-08-01T07:28:09.169Z</time>
      </trkpt>
      <trkpt lat="41.9804173" lon="2.874158300000005">
        <ele>310.8436361001248</ele>
        <time>2026-08-01T07:28:12.579Z</time>
      </trkpt>
      <trkpt lat="41.9804085" lon="2.8740904">
        <ele>311.15863297646433</ele>
        <time>2026-08-01T07:28:15.944Z</time>
      </trkpt>
      <trkpt lat="41.9804062" lon="2.8740266000000076">
        <ele>311.45217336157594</ele>
        <time>2026-08-01T07:28:19.339Z</time>
      </trkpt>
      <trkpt lat="41.9804126" lon="2.8739576000000113">
        <ele>311.43747870813576</ele>
        <time>2026-08-01T07:28:23.063Z</time>
      </trkpt>
      <trkpt lat="41.9804267" lon="2.8739001000000144">
        <ele>311.17291666089875</ele>
        <time>2026-08-01T07:28:26.340Z</time>
      </trkpt>
      <trkpt lat="41.9804381" lon="2.873835799999995">
        <ele>310.86522344008324</ele>
        <time>2026-08-01T07:28:30.227Z</time>
      </trkpt>
      <trkpt lat="41.9804544" lon="2.8737682999999947">
        <ele>310.60479958881916</ele>
        <time>2026-08-01T07:28:34.268Z</time>
      </trkpt>
      <trkpt lat="41.9804765" lon="2.873711600000007">
        <ele>310.4964664618873</ele>
        <time>2026-08-01T07:28:37.766Z</time>
      </trkpt>
      <trkpt lat="41.9804972" lon="2.8736550000000136">
        <ele>310.4234709021244</ele>
        <time>2026-08-01T07:28:41.368Z</time>
      </trkpt>
      <trkpt lat="41.9805221" lon="2.8736000000000104">
        <ele>310.4191446940182</ele>
        <time>2026-08-01T07:28:45.409Z</time>
      </trkpt>
      <trkpt lat="41.9805485" lon="2.873539700000009">
        <ele>309.9514301144516</ele>
        <time>2026-08-01T07:28:49.310Z</time>
      </trkpt>
      <trkpt lat="41.9805752" lon="2.8734890000000064">
        <ele>309.4368391291519</ele>
        <time>2026-08-01T07:28:53.249Z</time>
      </trkpt>
      <trkpt lat="41.9806047" lon="2.8734335000000044">
        <ele>308.93466571805584</ele>
        <time>2026-08-01T07:28:57.147Z</time>
      </trkpt>
      <trkpt lat="41.9806374" lon="2.873380200000014">
        <ele>308.1285927905522</ele>
        <time>2026-08-01T07:29:01.022Z</time>
      </trkpt>
      <trkpt lat="41.980664" lon="2.873321400000009">
        <ele>307.45455799304307</ele>
        <time>2026-08-01T07:29:04.929Z</time>
      </trkpt>
      <trkpt lat="41.9806904" lon="2.8732688000000053">
        <ele>306.95520393973754</ele>
        <time>2026-08-01T07:29:08.348Z</time>
      </trkpt>
      <trkpt lat="41.9807169" lon="2.873218400000013">
        <ele>306.584772118745</ele>
        <time>2026-08-01T07:29:11.742Z</time>
      </trkpt>
      <trkpt lat="41.9807467" lon="2.8731712999999957">
        <ele>306.3462662766471</ele>
        <time>2026-08-01T07:29:15.666Z</time>
      </trkpt>
      <trkpt lat="41.9807808" lon="2.87312399999999">
        <ele>306.1766679307927</ele>
        <time>2026-08-01T07:29:20.004Z</time>
      </trkpt>
      <trkpt lat="41.980815" lon="2.8730830000000083">
        <ele>306.07479288405824</ele>
        <time>2026-08-01T07:29:24.550Z</time>
      </trkpt>
      <trkpt lat="41.9808575" lon="2.8730516999999907">
        <ele>305.80505971692673</ele>
        <time>2026-08-01T07:29:29.064Z</time>
      </trkpt>
      <trkpt lat="41.9809037" lon="2.873029800000012">
        <ele>305.66117283442895</ele>
        <time>2026-08-01T07:29:32.768Z</time>
      </trkpt>
      <trkpt lat="41.9809455" lon="2.8729998999999964">
        <ele>305.67182852902084</ele>
        <time>2026-08-01T07:29:36.849Z</time>
      </trkpt>
      <trkpt lat="41.9809856" lon="2.872960000000006">
        <ele>305.88742022464476</ele>
        <time>2026-08-01T07:29:39.884Z</time>
      </trkpt>
      <trkpt lat="41.9810215" lon="2.8729098999999962">
        <ele>306.3561472602967</ele>
        <time>2026-08-01T07:29:43.349Z</time>
      </trkpt>
      <trkpt lat="41.9810503" lon="2.8728618000000097">
        <ele>306.9144018799698</ele>
        <time>2026-08-01T07:29:45.903Z</time>
      </trkpt>
      <trkpt lat="41.9810788" lon="2.872803299999987">
        <ele>307.581549083664</ele>
        <time>2026-08-01T07:29:48.809Z</time>
      </trkpt>
      <trkpt lat="41.9811039" lon="2.8727466999999933">
        <ele>307.8313909237548</ele>
        <time>2026-08-01T07:29:51.409Z</time>
      </trkpt>
      <trkpt lat="41.9811309" lon="2.872694700000011">
        <ele>307.9440934297323</ele>
        <time>2026-08-01T07:29:54.066Z</time>
      </trkpt>
      <trkpt lat="41.981162" lon="2.8726427">
        <ele>308.08723931615333</ele>
        <time>2026-08-01T07:29:56.987Z</time>
      </trkpt>
      <trkpt lat="41.98119" lon="2.872583600000013">
        <ele>308.5254875698339</ele>
        <time>2026-08-01T07:29:59.948Z</time>
      </trkpt>
      <trkpt lat="41.9812237" lon="2.8725310000000093">
        <ele>309.15357902698383</ele>
        <time>2026-08-01T07:30:02.886Z</time>
      </trkpt>
      <trkpt lat="41.9812576" lon="2.8724770999999976">
        <ele>309.9636301290138</ele>
        <time>2026-08-01T07:30:05.863Z</time>
      </trkpt>
      <trkpt lat="41.9812856" lon="2.8724293999999873">
        <ele>310.8217342675029</ele>
        <time>2026-08-01T07:30:08.358Z</time>
      </trkpt>
      <trkpt lat="41.9813103" lon="2.8723725000000115">
        <ele>312.00436274983593</ele>
        <time>2026-08-01T07:30:10.869Z</time>
      </trkpt>
      <trkpt lat="41.9813354" lon="2.872308800000013">
        <ele>313.3217855953524</ele>
        <time>2026-08-01T07:30:13.847Z</time>
      </trkpt>
      <trkpt lat="41.9813593" lon="2.872247200000004">
        <ele>314.1240508543097</ele>
        <time>2026-08-01T07:30:16.847Z</time>
      </trkpt>
      <trkpt lat="41.9813734" lon="2.872179799999998">
        <ele>314.7887953723294</ele>
        <time>2026-08-01T07:30:19.826Z</time>
      </trkpt>
      <trkpt lat="41.9813859" lon="2.872113200000001">
        <ele>315.34953520432884</ele>
        <time>2026-08-01T07:30:22.826Z</time>
      </trkpt>
      <trkpt lat="41.9814078" lon="2.872052400000001">
        <ele>315.5881959030191</ele>
        <time>2026-08-01T07:30:25.827Z</time>
      </trkpt>
      <trkpt lat="41.9814257" lon="2.8719945999999936">
        <ele>315.2498484567835</ele>
        <time>2026-08-01T07:30:28.748Z</time>
      </trkpt>
      <trkpt lat="41.9814467" lon="2.8719375999999954">
        <ele>314.80694647291614</ele>
        <time>2026-08-01T07:30:31.669Z</time>
      </trkpt>
      <trkpt lat="41.9814704" lon="2.87188230000001">
        <ele>314.3721135577499</ele>
        <time>2026-08-01T07:30:35.022Z</time>
      </trkpt>
      <trkpt lat="41.9814979" lon="2.8718322">
        <ele>313.93187260579276</ele>
        <time>2026-08-01T07:30:38.052Z</time>
      </trkpt>
      <trkpt lat="41.981532" lon="2.8717862000000025">
        <ele>313.4482620944543</ele>
        <time>2026-08-01T07:30:41.402Z</time>
      </trkpt>
      <trkpt lat="41.9815663" lon="2.8717393000000015">
        <ele>312.69040845690756</ele>
        <time>2026-08-01T07:30:44.686Z</time>
      </trkpt>
      <trkpt lat="41.9816003" lon="2.8716857999999945">
        <ele>311.73608813579267</ele>
        <time>2026-08-01T07:30:48.167Z</time>
      </trkpt>
      <trkpt lat="41.9816308" lon="2.871638399999995">
        <ele>311.00468847352687</ele>
        <time>2026-08-01T07:30:51.506Z</time>
      </trkpt>
      <trkpt lat="41.9816686" lon="2.871589300000011">
        <ele>310.1835944754588</ele>
        <time>2026-08-01T07:30:55.030Z</time>
      </trkpt>
      <trkpt lat="41.9817056" lon="2.871545800000007">
        <ele>309.4855677297077</ele>
        <time>2026-08-01T07:30:58.385Z</time>
      </trkpt>
      <trkpt lat="41.9817464" lon="2.8715052999999955">
        <ele>308.8777441406786</ele>
        <time>2026-08-01T07:31:01.907Z</time>
      </trkpt>
      <trkpt lat="41.98179" lon="2.8714689999999905">
        <ele>308.1348331394749</ele>
        <time>2026-08-01T07:31:05.269Z</time>
      </trkpt>
      <trkpt lat="41.9818303" lon="2.8714378999999894">
        <ele>307.3862828396812</ele>
        <time>2026-08-01T07:31:08.167Z</time>
      </trkpt>
      <trkpt lat="41.9818707" lon="2.8714035000000138">
        <ele>306.6920687375313</ele>
        <time>2026-08-01T07:31:11.088Z</time>
      </trkpt>
      <trkpt lat="41.9819134" lon="2.871368799999999">
        <ele>306.0871237685805</ele>
        <time>2026-08-01T07:31:14.083Z</time>
      </trkpt>
      <trkpt lat="41.9819545" lon="2.871335899999991">
        <ele>305.62498823648286</ele>
        <time>2026-08-01T07:31:17.022Z</time>
      </trkpt>
      <trkpt lat="41.9819947" lon="2.8713020000000142">
        <ele>305.2674966982599</ele>
        <time>2026-08-01T07:31:19.945Z</time>
      </trkpt>
      <trkpt lat="41.9820346" lon="2.8712674999999876">
        <ele>305.01614486187293</ele>
        <time>2026-08-01T07:31:22.923Z</time>
      </trkpt>
      <trkpt lat="41.9820734" lon="2.871235299999995">
        <ele>304.88223554222384</ele>
        <time>2026-08-01T07:31:25.830Z</time>
      </trkpt>
      <trkpt lat="41.9821153" lon="2.871210700000006">
        <ele>304.86942255993665</ele>
        <time>2026-08-01T07:31:28.660Z</time>
      </trkpt>
      <trkpt lat="41.9821596" lon="2.87118319999999">
        <ele>304.89955913521857</ele>
        <time>2026-08-01T07:31:31.865Z</time>
      </trkpt>
      <trkpt lat="41.9822066" lon="2.8711511999999857">
        <ele>304.97297641704637</ele>
        <time>2026-08-01T07:31:35.403Z</time>
      </trkpt>
      <trkpt lat="41.9822477" lon="2.8711249000000123">
        <ele>304.886733019962</ele>
        <time>2026-08-01T07:31:38.428Z</time>
      </trkpt>
      <trkpt lat="41.9822928" lon="2.871098499999988">
        <ele>304.7989708203605</ele>
        <time>2026-08-01T07:31:41.848Z</time>
      </trkpt>
      <trkpt lat="41.9823406" lon="2.8710710000000006">
        <ele>304.71256440543425</ele>
        <time>2026-08-01T07:31:45.357Z</time>
      </trkpt>
      <trkpt lat="41.982384" lon="2.871052700000007">
        <ele>304.6399623290269</ele>
        <time>2026-08-01T07:31:48.271Z</time>
      </trkpt>
      <trkpt lat="41.9824237" lon="2.8710122999999896">
        <ele>304.5790189502737</ele>
        <time>2026-08-01T07:31:50.908Z</time>
      </trkpt>
      <trkpt lat="41.9824525" lon="2.870962200000008">
        <ele>304.5431011360302</ele>
        <time>2026-08-01T07:31:54.307Z</time>
      </trkpt>
      <trkpt lat="41.9824892" lon="2.8709168999999974">
        <ele>304.3966706424124</ele>
        <time>2026-08-01T07:31:57.585Z</time>
      </trkpt>
      <trkpt lat="41.9825208" lon="2.870872300000002">
        <ele>304.104963843825</ele>
        <time>2026-08-01T07:32:00.587Z</time>
      </trkpt>
      <trkpt lat="41.9825424" lon="2.8708162000000073">
        <ele>303.8185270455513</ele>
        <time>2026-08-01T07:32:03.587Z</time>
      </trkpt>
      <trkpt lat="41.9825555" lon="2.8707563000000107">
        <ele>303.55323535007864</ele>
        <time>2026-08-01T07:32:06.294Z</time>
      </trkpt>
      <trkpt lat="41.9825619" lon="2.8706942000000026">
        <ele>303.28546726354284</ele>
        <time>2026-08-01T07:32:09.004Z</time>
      </trkpt>
      <trkpt lat="41.982563" lon="2.870631000000003">
        <ele>302.93720449011505</ele>
        <time>2026-08-01T07:32:11.589Z</time>
      </trkpt>
      <trkpt lat="41.9825607" lon="2.8705663000000072">
        <ele>302.44243205833254</ele>
        <time>2026-08-01T07:32:14.316Z</time>
      </trkpt>
      <trkpt lat="41.9825618" lon="2.870504899999986">
        <ele>302.00692989864626</ele>
        <time>2026-08-01T07:32:16.984Z</time>
      </trkpt>
      <trkpt lat="41.9825686" lon="2.8704370000000097">
        <ele>301.63081279878145</ele>
        <time>2026-08-01T07:32:20.608Z</time>
      </trkpt>
      <trkpt lat="41.9825824" lon="2.8703767000000084">
        <ele>301.49192200596036</ele>
        <time>2026-08-01T07:32:22.448Z</time>
      </trkpt>
      <trkpt lat="41.9826019" lon="2.8703207000000077">
        <ele>301.3199231283006</ele>
        <time>2026-08-01T07:32:24.089Z</time>
      </trkpt>
      <trkpt lat="41.9826255" lon="2.870260900000005">
        <ele>301.3371154704417</ele>
        <time>2026-08-01T07:32:26.666Z</time>
      </trkpt>
      <trkpt lat="41.9826614" lon="2.8702193999999963">
        <ele>302.00795510197975</ele>
        <time>2026-08-01T07:32:29.270Z</time>
      </trkpt>
      <trkpt lat="41.9827055" lon="2.870190699999995">
        <ele>303.1586296825496</ele>
        <time>2026-08-01T07:32:32.353Z</time>
      </trkpt>
      <trkpt lat="41.9827518" lon="2.8701700000000017">
        <ele>304.5358590339923</ele>
        <time>2026-08-01T07:32:35.543Z</time>
      </trkpt>
      <trkpt lat="41.982796" lon="2.8701467999999863">
        <ele>305.68212499853837</ele>
        <time>2026-08-01T07:32:38.728Z</time>
      </trkpt>
      <trkpt lat="41.9828402" lon="2.8701284999999928">
        <ele>306.84789430456203</ele>
        <time>2026-08-01T07:32:42.327Z</time>
      </trkpt>
      <trkpt lat="41.9828809" lon="2.870099600000003">
        <ele>307.9365458085144</ele>
        <time>2026-08-01T07:32:45.702Z</time>
      </trkpt>
      <trkpt lat="41.9829228" lon="2.8700747999999976">
        <ele>308.83795266001937</ele>
        <time>2026-08-01T07:32:49.264Z</time>
      </trkpt>
      <trkpt lat="41.9829703" lon="2.870049200000011">
        <ele>309.85233029507134</ele>
        <time>2026-08-01T07:32:53.082Z</time>
      </trkpt>
      <trkpt lat="41.9830049" lon="2.8700072000000034">
        <ele>310.3270229363317</ele>
        <time>2026-08-01T07:33:02.887Z</time>
      </trkpt>
      <trkpt lat="41.9830309" lon="2.869952699999999">
        <ele>310.4207305130628</ele>
        <time>2026-08-01T07:33:06.692Z</time>
      </trkpt>
      <trkpt lat="41.9830511" lon="2.869893300000001">
        <ele>310.1053852719961</ele>
        <time>2026-08-01T07:33:10.208Z</time>
      </trkpt>
      <trkpt lat="41.9830537" lon="2.8698110999999926">
        <ele>309.32453582975484</ele>
        <time>2026-08-01T07:33:14.370Z</time>
      </trkpt>
      <trkpt lat="41.9830369" lon="2.869749600000006">
        <ele>308.9136397362021</ele>
        <time>2026-08-01T07:33:18.163Z</time>
      </trkpt>
      <trkpt lat="41.983022" lon="2.869682299999994">
        <ele>308.42672163287074</ele>
        <time>2026-08-01T07:33:22.306Z</time>
      </trkpt>
      <trkpt lat="41.9830034" lon="2.869626000000011">
        <ele>307.8355979157451</ele>
        <time>2026-08-01T07:33:26.270Z</time>
      </trkpt>
      <trkpt lat="41.9829875" lon="2.869565200000011">
        <ele>307.31106429486886</ele>
        <time>2026-08-01T07:33:30.377Z</time>
      </trkpt>
      <trkpt lat="41.9829694" lon="2.869504400000011">
        <ele>306.92330246250543</ele>
        <time>2026-08-01T07:33:34.300Z</time>
      </trkpt>
      <trkpt lat="41.9829561" lon="2.869442399999997">
        <ele>306.8146125240593</ele>
        <time>2026-08-01T07:33:38.065Z</time>
      </trkpt>
      <trkpt lat="41.9829538" lon="2.8693820000000017">
        <ele>306.97990446171104</ele>
        <time>2026-08-01T07:33:41.869Z</time>
      </trkpt>
      <trkpt lat="41.9829616" lon="2.869318700000008">
        <ele>307.3748157340603</ele>
        <time>2026-08-01T07:33:45.807Z</time>
      </trkpt>
      <trkpt lat="41.9829795" lon="2.8692535000000134">
        <ele>307.97311004280806</ele>
        <time>2026-08-01T07:33:49.929Z</time>
      </trkpt>
      <trkpt lat="41.9830051" lon="2.8691946000000144">
        <ele>308.7376865244404</ele>
        <time>2026-08-01T07:33:54.043Z</time>
      </trkpt>
      <trkpt lat="41.9830312" lon="2.8691431000000023">
        <ele>309.41422057591166</ele>
        <time>2026-08-01T07:33:57.749Z</time>
      </trkpt>
      <trkpt lat="41.9830558" lon="2.8690909000000033">
        <ele>310.357284086479</ele>
        <time>2026-08-01T07:34:01.298Z</time>
      </trkpt>
      <trkpt lat="41.9830751" lon="2.8690314000000114">
        <ele>311.1555751281737</ele>
        <time>2026-08-01T07:34:04.728Z</time>
      </trkpt>
      <trkpt lat="41.9830867" lon="2.868970200000007">
        <ele>311.68181984254323</ele>
        <time>2026-08-01T07:34:08.985Z</time>
      </trkpt>
      <trkpt lat="41.983102" lon="2.86891270000001">
        <ele>312.2257197613576</ele>
        <time>2026-08-01T07:34:12.146Z</time>
      </trkpt>
      <trkpt lat="41.9831099" lon="2.868852000000004">
        <ele>312.5627953789943</ele>
        <time>2026-08-01T07:34:16.282Z</time>
      </trkpt>
      <trkpt lat="41.9831126" lon="2.868789499999991">
        <ele>312.74659952569203</ele>
        <time>2026-08-01T07:34:20.107Z</time>
      </trkpt>
      <trkpt lat="41.9831243" lon="2.8687275000000056">
        <ele>313.2305882992346</ele>
        <time>2026-08-01T07:34:24.229Z</time>
      </trkpt>
      <trkpt lat="41.9827989" lon="2.867857200000003">
        <ele>327.15203372090224</ele>
        <time>2026-08-01T07:36:10.946Z</time>
      </trkpt>
      <trkpt lat="41.9826032" lon="2.8673722000000055">
        <ele>330.9507562781967</ele>
        <time>2026-08-01T07:36:11.907Z</time>
      </trkpt>
      <trkpt lat="41.9825685" lon="2.8673134999999945">
        <ele>330.33648639920426</ele>
        <time>2026-08-01T07:36:12.907Z</time>
      </trkpt>
      <trkpt lat="41.9825235" lon="2.8673374999999908">
        <ele>329.4520013977237</ele>
        <time>2026-08-01T07:36:16.296Z</time>
      </trkpt>
      <trkpt lat="41.982481" lon="2.8673833">
        <ele>328.8734146622901</ele>
        <time>2026-08-01T07:36:20.286Z</time>
      </trkpt>
      <trkpt lat="41.9824554" lon="2.8674348000000123">
        <ele>328.5567877086274</ele>
        <time>2026-08-01T07:36:23.150Z</time>
      </trkpt>
      <trkpt lat="41.9824254" lon="2.867480499999999">
        <ele>328.17606659876657</ele>
        <time>2026-08-01T07:36:26.182Z</time>
      </trkpt>
      <trkpt lat="41.9823925" lon="2.867523299999988">
        <ele>327.87128639995206</ele>
        <time>2026-08-01T07:36:28.703Z</time>
      </trkpt>
      <trkpt lat="41.9823612" lon="2.867569599999996">
        <ele>327.816830767027</ele>
        <time>2026-08-01T07:36:32.143Z</time>
      </trkpt>
      <trkpt lat="41.9823259" lon="2.867607200000009">
        <ele>327.6757532847076</ele>
        <time>2026-08-01T07:36:35.048Z</time>
      </trkpt>
      <trkpt lat="41.9822894" lon="2.867644299999995">
        <ele>327.5371782804539</ele>
        <time>2026-08-01T07:36:37.969Z</time>
      </trkpt>
      <trkpt lat="41.9822557" lon="2.8676843000000076">
        <ele>327.6238291787556</ele>
        <time>2026-08-01T07:36:40.970Z</time>
      </trkpt>
      <trkpt lat="41.9822097" lon="2.8677098">
        <ele>327.5015628029222</ele>
        <time>2026-08-01T07:36:44.747Z</time>
      </trkpt>
      <trkpt lat="41.9821677" lon="2.8677433000000008">
        <ele>327.4089100849608</ele>
        <time>2026-08-01T07:36:48.084Z</time>
      </trkpt>
      <trkpt lat="41.9821262" lon="2.8677709000000107">
        <ele>327.065034184494</ele>
        <time>2026-08-01T07:36:52.373Z</time>
      </trkpt>
      <trkpt lat="41.9820759" lon="2.867786599999988">
        <ele>326.31233805195234</ele>
        <time>2026-08-01T07:36:56.345Z</time>
      </trkpt>
      <trkpt lat="41.9820308" lon="2.8677840999999944">
        <ele>325.39652318690605</ele>
        <time>2026-08-01T07:36:59.746Z</time>
      </trkpt>
      <trkpt lat="41.9819805" lon="2.867769299999992">
        <ele>324.2595308553313</ele>
        <time>2026-08-01T07:37:03.242Z</time>
      </trkpt>
      <trkpt lat="41.9819337" lon="2.8677642000000105">
        <ele>323.3210361610352</ele>
        <time>2026-08-01T07:37:06.269Z</time>
      </trkpt>
      <trkpt lat="41.9818843" lon="2.86776660000001">
        <ele>322.2861850762183</ele>
        <time>2026-08-01T07:37:09.044Z</time>
      </trkpt>
      <trkpt lat="41.9818331" lon="2.867772599999995">
        <ele>321.1616418998745</ele>
        <time>2026-08-01T07:37:12.350Z</time>
      </trkpt>
      <trkpt lat="41.9817873" lon="2.8677728000000116">
        <ele>320.1219365276213</ele>
        <time>2026-08-01T07:37:15.182Z</time>
      </trkpt>
      <trkpt lat="41.9817411" lon="2.867765200000008">
        <ele>319.08848243286707</ele>
        <time>2026-08-01T07:37:18.087Z</time>
      </trkpt>
      <trkpt lat="41.9816943" lon="2.867763700000012">
        <ele>318.05359688740134</ele>
        <time>2026-08-01T07:37:20.969Z</time>
      </trkpt>
      <trkpt lat="41.9816484" lon="2.867760099999998">
        <ele>317.06271444334743</ele>
        <time>2026-08-01T07:37:23.844Z</time>
      </trkpt>
      <trkpt lat="41.9816021" lon="2.8677524999999946">
        <ele>316.57665055744116</ele>
        <time>2026-08-01T07:37:26.708Z</time>
      </trkpt>
      <trkpt lat="41.9815548" lon="2.8677510999999924">
        <ele>316.1203257498864</ele>
        <time>2026-08-01T07:37:29.605Z</time>
      </trkpt>
      <trkpt lat="41.9815095" lon="2.867749400000008">
        <ele>315.68908824298893</ele>
        <time>2026-08-01T07:37:32.370Z</time>
      </trkpt>
      <trkpt lat="41.9814609" lon="2.867734299999995">
        <ele>315.37614763362797</ele>
        <time>2026-08-01T07:37:36.008Z</time>
      </trkpt>
      <trkpt lat="41.9814116" lon="2.8677265999999975">
        <ele>314.99365834826654</ele>
        <time>2026-08-01T07:37:39.346Z</time>
      </trkpt>
      <trkpt lat="41.9813649" lon="2.8677231000000063">
        <ele>314.5951271250955</ele>
        <time>2026-08-01T07:37:42.308Z</time>
      </trkpt>
      <trkpt lat="41.9813127" lon="2.867717199999987">
        <ele>315.0185659540363</ele>
        <time>2026-08-01T07:37:45.822Z</time>
      </trkpt>
      <trkpt lat="41.9812671" lon="2.8677160000000015">
        <ele>315.36374397479693</ele>
        <time>2026-08-01T07:37:48.784Z</time>
      </trkpt>
      <trkpt lat="41.9812183" lon="2.867722299999997">
        <ele>315.65414032940663</ele>
        <time>2026-08-01T07:37:51.762Z</time>
      </trkpt>
      <trkpt lat="41.9811682" lon="2.8677332999999976">
        <ele>315.9219169845903</ele>
        <time>2026-08-01T07:37:54.749Z</time>
      </trkpt>
      <trkpt lat="41.9811168" lon="2.867744799999997">
        <ele>316.21541767390835</ele>
        <time>2026-08-01T07:37:57.784Z</time>
      </trkpt>
      <trkpt lat="41.9810673" lon="2.8677505999999937">
        <ele>316.4447825721937</ele>
        <time>2026-08-01T07:38:00.705Z</time>
      </trkpt>
      <trkpt lat="41.9810193" lon="2.8677544999999895">
        <ele>316.5093238129704</ele>
        <time>2026-08-01T07:38:03.644Z</time>
      </trkpt>
      <trkpt lat="41.9809724" lon="2.867765399999996">
        <ele>316.6277494118289</ele>
        <time>2026-08-01T07:38:06.606Z</time>
      </trkpt>
      <trkpt lat="41.9809283" lon="2.8677800000000104">
        <ele>316.85892086013337</ele>
        <time>2026-08-01T07:38:09.585Z</time>
      </trkpt>
      <trkpt lat="41.9808807" lon="2.8678012999999964">
        <ele>317.3105831873344</ele>
        <time>2026-08-01T07:38:12.947Z</time>
      </trkpt>
      <trkpt lat="41.9808346" lon="2.867824000000013">
        <ele>317.96510411735835</ele>
        <time>2026-08-01T07:38:16.346Z</time>
      </trkpt>
      <trkpt lat="41.9807921" lon="2.8678448000000003">
        <ele>318.6332715280872</ele>
        <time>2026-08-01T07:38:19.373Z</time>
      </trkpt>
      <trkpt lat="41.980754" lon="2.8678824000000134">
        <ele>319.22145787711577</ele>
        <time>2026-08-01T07:38:22.483Z</time>
      </trkpt>
      <trkpt lat="41.98071" lon="2.8679090999999914">
        <ele>319.24756701612006</ele>
        <time>2026-08-01T07:38:25.925Z</time>
      </trkpt>
      <trkpt lat="41.9806699" lon="2.8679453999999964">
        <ele>319.2138763677546</ele>
        <time>2026-08-01T07:38:29.970Z</time>
      </trkpt>
      <trkpt lat="41.980626" lon="2.867980999999986">
        <ele>319.1817761529807</ele>
        <time>2026-08-01T07:38:33.247Z</time>
      </trkpt>
      <trkpt lat="41.9805831" lon="2.8680089000000066">
        <ele>319.16943077344916</ele>
        <time>2026-08-01T07:38:37.186Z</time>
      </trkpt>
      <trkpt lat="41.9805364" lon="2.8680219999999963">
        <ele>319.2257918031213</ele>
        <time>2026-08-01T07:38:41.165Z</time>
      </trkpt>
      <trkpt lat="41.9804858" lon="2.868010400000003">
        <ele>318.48973654129736</ele>
        <time>2026-08-01T07:38:45.882Z</time>
      </trkpt>
      <trkpt lat="41.9804348" lon="2.8680115999999884">
        <ele>317.51187241249465</ele>
        <time>2026-08-01T07:38:48.950Z</time>
      </trkpt>
      <trkpt lat="41.9803892" lon="2.8679970000000026">
        <ele>316.8077209117428</ele>
        <time>2026-08-01T07:38:51.985Z</time>
      </trkpt>
      <trkpt lat="41.9803455" lon="2.867977400000001">
        <ele>316.265015842239</ele>
        <time>2026-08-01T07:38:54.689Z</time>
      </trkpt>
      <trkpt lat="41.9802941" lon="2.867962199999994">
        <ele>315.606207107548</ele>
        <time>2026-08-01T07:38:57.927Z</time>
      </trkpt>
      <trkpt lat="41.9802516" lon="2.8679367999999954">
        <ele>315.3417088435802</ele>
        <time>2026-08-01T07:39:00.770Z</time>
      </trkpt>
      <trkpt lat="41.9802039" lon="2.8679210999999896">
        <ele>314.59651040793136</ele>
        <time>2026-08-01T07:39:03.709Z</time>
      </trkpt>
      <trkpt lat="41.9801554" lon="2.8679137999999966">
        <ele>313.698431459355</ele>
        <time>2026-08-01T07:39:06.589Z</time>
      </trkpt>
      <trkpt lat="41.9801013" lon="2.8678999999999917">
        <ele>312.8447035594972</ele>
        <time>2026-08-01T07:39:10.008Z</time>
      </trkpt>
      <trkpt lat="41.980054" lon="2.8678945000000056">
        <ele>311.9807006555326</ele>
        <time>2026-08-01T07:39:12.962Z</time>
      </trkpt>
      <trkpt lat="41.9800039" lon="2.8678899999999885">
        <ele>311.04912869748273</ele>
        <time>2026-08-01T07:39:16.319Z</time>
      </trkpt>
      <trkpt lat="41.979953" lon="2.8678898000000004">
        <ele>310.16572735491144</ele>
        <time>2026-08-01T07:39:19.804Z</time>
      </trkpt>
      <trkpt lat="41.9799024" lon="2.8678897000000063">
        <ele>309.5551692056239</ele>
        <time>2026-08-01T07:39:23.286Z</time>
      </trkpt>
      <trkpt lat="41.9798563" lon="2.867894100000001">
        <ele>308.8792258013326</ele>
        <time>2026-08-01T07:39:26.624Z</time>
      </trkpt>
      <trkpt lat="41.9798073" lon="2.867894199999995">
        <ele>308.280845604344</ele>
        <time>2026-08-01T07:39:30.227Z</time>
      </trkpt>
      <trkpt lat="41.9797547" lon="2.867895400000009">
        <ele>307.6082803266476</ele>
        <time>2026-08-01T07:39:34.206Z</time>
      </trkpt>
      <trkpt lat="41.9797094" lon="2.867890999999986">
        <ele>307.1801512377876</ele>
        <time>2026-08-01T07:39:35.622Z</time>
      </trkpt>
      <trkpt lat="41.9796589" lon="2.8678775999999857">
        <ele>307.5198227321111</ele>
        <time>2026-08-01T07:39:38.167Z</time>
      </trkpt>
      <trkpt lat="41.9796087" lon="2.867867100000012">
        <ele>307.89987475878934</ele>
        <time>2026-08-01T07:39:40.144Z</time>
      </trkpt>
      <trkpt lat="41.9795602" lon="2.8678606">
        <ele>308.111660565706</ele>
        <time>2026-08-01T07:39:42.529Z</time>
      </trkpt>
      <trkpt lat="41.9795135" lon="2.867859299999992">
        <ele>308.29502378517526</ele>
        <time>2026-08-01T07:39:45.357Z</time>
      </trkpt>
      <trkpt lat="41.9794625" lon="2.8678606999999943">
        <ele>308.4919649373234</ele>
        <time>2026-08-01T07:39:48.105Z</time>
      </trkpt>
      <trkpt lat="41.9794092" lon="2.867864499999996">
        <ele>308.6358538585874</ele>
        <time>2026-08-01T07:39:51.090Z</time>
      </trkpt>
      <trkpt lat="41.9793628" lon="2.8678806000000066">
        <ele>308.1513312440818</ele>
        <time>2026-08-01T07:39:54.042Z</time>
      </trkpt>
      <trkpt lat="41.9793145" lon="2.8678918999999894">
        <ele>307.61541194261224</ele>
        <time>2026-08-01T07:39:57.068Z</time>
      </trkpt>
      <trkpt lat="41.9792652" lon="2.8678959000000077">
        <ele>307.2473685720355</ele>
        <time>2026-08-01T07:40:00.084Z</time>
      </trkpt>
      <trkpt lat="41.9792175" lon="2.867904100000004">
        <ele>306.8261344762198</ele>
        <time>2026-08-01T07:40:03.109Z</time>
      </trkpt>
      <trkpt lat="41.9791728" lon="2.867914000000013">
        <ele>306.41699856684033</ele>
        <time>2026-08-01T07:40:06.086Z</time>
      </trkpt>
      <trkpt lat="41.9791376" lon="2.867873099999997">
        <ele>306.85454089899224</ele>
        <time>2026-08-01T07:40:15.842Z</time>
      </trkpt>
      <trkpt lat="41.979092" lon="2.867862300000013">
        <ele>305.5837487606098</ele>
        <time>2026-08-01T07:40:19.192Z</time>
      </trkpt>
      <trkpt lat="41.9790447" lon="2.8678390000000036">
        <ele>304.4007980981851</ele>
        <time>2026-08-01T07:40:22.669Z</time>
      </trkpt>
      <trkpt lat="41.9790008" lon="2.867809599999987">
        <ele>303.4587207422178</ele>
        <time>2026-08-01T07:40:25.967Z</time>
      </trkpt>
      <trkpt lat="41.9789615" lon="2.867769900000013">
        <ele>302.8579983188791</ele>
        <time>2026-08-01T07:40:29.275Z</time>
      </trkpt>
      <trkpt lat="41.97893" lon="2.8677247999999906">
        <ele>302.6360689411644</ele>
        <time>2026-08-01T07:40:32.269Z</time>
      </trkpt>
      <trkpt lat="41.9788946" lon="2.8676868000000013">
        <ele>302.33062873661584</ele>
        <time>2026-08-01T07:40:35.363Z</time>
      </trkpt>
      <trkpt lat="41.9788537" lon="2.8676470999999992">
        <ele>302.06987624077476</ele>
        <time>2026-08-01T07:40:38.709Z</time>
      </trkpt>
      <trkpt lat="41.9788138" lon="2.8676129000000117">
        <ele>302.0595227451743</ele>
        <time>2026-08-01T07:40:41.644Z</time>
      </trkpt>
      <trkpt lat="41.9787707" lon="2.867593499999998">
        <ele>301.83823468657647</ele>
        <time>2026-08-01T07:40:44.628Z</time>
      </trkpt>
      <trkpt lat="41.9787294" lon="2.867568900000009">
        <ele>301.8561889380473</ele>
        <time>2026-08-01T07:40:47.548Z</time>
      </trkpt>
      <trkpt lat="41.9786861" lon="2.8675481999999874">
        <ele>301.7884798609831</ele>
        <time>2026-08-01T07:40:50.589Z</time>
      </trkpt>
      <trkpt lat="41.9786405" lon="2.867530600000009">
        <ele>301.64498503562993</ele>
        <time>2026-08-01T07:40:54.126Z</time>
      </trkpt>
      <trkpt lat="41.9785944" lon="2.8675177000000076">
        <ele>301.4028148724142</ele>
        <time>2026-08-01T07:40:57.543Z</time>
      </trkpt>
      <trkpt lat="41.9785466" lon="2.867508600000008">
        <ele>301.58024079415463</ele>
        <time>2026-08-01T07:41:01.128Z</time>
      </trkpt>
      <trkpt lat="41.9784998" lon="2.867510100000004">
        <ele>301.68754404620006</ele>
        <time>2026-08-01T07:41:04.147Z</time>
      </trkpt>
      <trkpt lat="41.9784538" lon="2.8675144000000046">
        <ele>301.73342202791855</ele>
        <time>2026-08-01T07:41:07.147Z</time>
      </trkpt>
      <trkpt lat="41.9784037" lon="2.867518899999993">
        <ele>301.79757899942507</ele>
        <time>2026-08-01T07:41:10.148Z</time>
      </trkpt>
      <trkpt lat="41.9783548" lon="2.867524099999997">
        <ele>301.8540839421877</ele>
        <time>2026-08-01T07:41:13.126Z</time>
      </trkpt>
      <trkpt lat="41.9783075" lon="2.867529999999988">
        <ele>301.90345275682773</ele>
        <time>2026-08-01T07:41:16.063Z</time>
      </trkpt>
      <trkpt lat="41.9782597" lon="2.8675336000000016">
        <ele>301.629841368332</ele>
        <time>2026-08-01T07:41:18.943Z</time>
      </trkpt>
      <trkpt lat="41.9782092" lon="2.8675389999999936">
        <ele>301.28912919179646</ele>
        <time>2026-08-01T07:41:21.945Z</time>
      </trkpt>
      <trkpt lat="41.9781568" lon="2.8675494999999955">
        <ele>300.8882520621438</ele>
        <time>2026-08-01T07:41:24.865Z</time>
      </trkpt>
      <trkpt lat="41.9781073" lon="2.8675507000000096">
        <ele>300.64902846581924</ele>
        <time>2026-08-01T07:41:28.266Z</time>
      </trkpt>
      <trkpt lat="41.9780589" lon="2.867544900000013">
        <ele>300.49124447560826</ele>
        <time>2026-08-01T07:41:31.185Z</time>
      </trkpt>
      <trkpt lat="41.9780116" lon="2.8675460000000044">
        <ele>300.1564522755858</ele>
        <time>2026-08-01T07:41:34.123Z</time>
      </trkpt>
      <trkpt lat="41.9779629" lon="2.867546900000008">
        <ele>299.5480660055247</ele>
        <time>2026-08-01T07:41:37.148Z</time>
      </trkpt>
      <trkpt lat="41.9779148" lon="2.867552499999988">
        <ele>298.9031065396329</ele>
        <time>2026-08-01T07:41:40.182Z</time>
      </trkpt>
      <trkpt lat="41.9778689" lon="2.8675574000000097">
        <ele>298.29116027472816</ele>
        <time>2026-08-01T07:41:43.088Z</time>
      </trkpt>
      <trkpt lat="41.9778204" lon="2.8675460000000044">
        <ele>297.80062798054803</ele>
        <time>2026-08-01T07:41:46.088Z</time>
      </trkpt>
      <trkpt lat="41.977771" lon="2.867544600000002">
        <ele>297.20528266740524</ele>
        <time>2026-08-01T07:41:49.162Z</time>
      </trkpt>
      <trkpt lat="41.9777222" lon="2.8675454000000116">
        <ele>296.7880044296291</ele>
        <time>2026-08-01T07:41:52.124Z</time>
      </trkpt>
      <trkpt lat="41.9776758" lon="2.8675494999999955">
        <ele>296.5422440887133</ele>
        <time>2026-08-01T07:41:55.046Z</time>
      </trkpt>
      <trkpt lat="41.9776306" lon="2.8675547999999935">
        <ele>296.2988090109895</ele>
        <time>2026-08-01T07:41:57.984Z</time>
      </trkpt>
      <trkpt lat="41.9775841" lon="2.867559699999987">
        <ele>296.0603336927283</ele>
        <time>2026-08-01T07:42:00.905Z</time>
      </trkpt>
      <trkpt lat="41.9775361" lon="2.867558400000007">
        <ele>295.8608232502618</ele>
        <time>2026-08-01T07:42:03.850Z</time>
      </trkpt>
      <trkpt lat="41.9774884" lon="2.867559099999994">
        <ele>295.6499175852259</ele>
        <time>2026-08-01T07:42:06.763Z</time>
      </trkpt>
      <trkpt lat="41.9774412" lon="2.867555100000004">
        <ele>295.6604504464429</ele>
        <time>2026-08-01T07:42:09.629Z</time>
      </trkpt>
      <trkpt lat="41.9773947" lon="2.867551600000013">
        <ele>295.79682012321547</ele>
        <time>2026-08-01T07:42:12.525Z</time>
      </trkpt>
      <trkpt lat="41.9773493" lon="2.8675479000000053">
        <ele>295.9189004742215</ele>
        <time>2026-08-01T07:42:15.345Z</time>
      </trkpt>
      <trkpt lat="41.9772977" lon="2.8675521000000117">
        <ele>296.0524524202837</ele>
        <time>2026-08-01T07:42:18.342Z</time>
      </trkpt>
      <trkpt lat="41.9772457" lon="2.8675594000000046">
        <ele>296.2119434147933</ele>
        <time>2026-08-01T07:42:21.246Z</time>
      </trkpt>
      <trkpt lat="41.9771963" lon="2.86756969999999">
        <ele>296.40471769211666</ele>
        <time>2026-08-01T07:42:24.166Z</time>
      </trkpt>
      <trkpt lat="41.9771503" lon="2.867581400000006">
        <ele>296.70782514186243</ele>
        <time>2026-08-01T07:42:27.127Z</time>
      </trkpt>
      <trkpt lat="41.9771036" lon="2.867598700000002">
        <ele>296.9859591372004</ele>
        <time>2026-08-01T07:42:30.355Z</time>
      </trkpt>
      <trkpt lat="41.9770542" lon="2.8676121000000023">
        <ele>297.19634672028155</ele>
        <time>2026-08-01T07:42:33.945Z</time>
      </trkpt>
      <trkpt lat="41.9770046" lon="2.867623699999996">
        <ele>297.40763443900516</ele>
        <time>2026-08-01T07:42:37.370Z</time>
      </trkpt>
      <trkpt lat="41.9769544" lon="2.8676352999999892">
        <ele>297.6157245274139</ele>
        <time>2026-08-01T07:42:40.866Z</time>
      </trkpt>
      <trkpt lat="41.9769076" lon="2.8676414999999906">
        <ele>297.82945720773915</ele>
        <time>2026-08-01T07:42:43.764Z</time>
      </trkpt>
      <trkpt lat="41.9768612" lon="2.8676504999999963">
        <ele>298.07197474193384</ele>
        <time>2026-08-01T07:42:46.645Z</time>
      </trkpt>
      <trkpt lat="41.9768163" lon="2.8676590000000033">
        <ele>298.3102488811408</ele>
        <time>2026-08-01T07:42:49.549Z</time>
      </trkpt>
      <trkpt lat="41.9767671" lon="2.867668600000002">
        <ele>298.5732476493801</ele>
        <time>2026-08-01T07:42:52.823Z</time>
      </trkpt>
      <trkpt lat="41.976721" lon="2.8676737000000116">
        <ele>298.83724855248556</ele>
        <time>2026-08-01T07:42:55.783Z</time>
      </trkpt>
      <trkpt lat="41.9766713" lon="2.8676756000000125">
        <ele>299.1365675321166</ele>
        <time>2026-08-01T07:42:58.650Z</time>
      </trkpt>
      <trkpt lat="41.976623" lon="2.867674099999988">
        <ele>299.4147283972695</ele>
        <time>2026-08-01T07:43:01.570Z</time>
      </trkpt>
      <trkpt lat="41.976575" lon="2.8676737000000116">
        <ele>299.6054384248391</ele>
        <time>2026-08-01T07:43:04.442Z</time>
      </trkpt>
      <trkpt lat="41.9765291" lon="2.8676745999999866">
        <ele>299.78479320314557</ele>
        <time>2026-08-01T07:43:07.326Z</time>
      </trkpt>
      <trkpt lat="41.9764808" lon="2.8676771000000087">
        <ele>299.97285453151255</ele>
        <time>2026-08-01T07:43:10.269Z</time>
      </trkpt>
      <trkpt lat="41.9764328" lon="2.8676810999999987">
        <ele>300.16231450565556</ele>
        <time>2026-08-01T07:43:13.375Z</time>
      </trkpt>
      <trkpt lat="41.9763838" lon="2.8676842000000136">
        <ele>300.3612632046992</ele>
        <time>2026-08-01T07:43:16.547Z</time>
      </trkpt>
      <trkpt lat="41.9763384" lon="2.8676868000000013">
        <ele>300.46546969626945</ele>
        <time>2026-08-01T07:43:19.605Z</time>
      </trkpt>
      <trkpt lat="41.9762903" lon="2.8676914000000124">
        <ele>300.4372308246403</ele>
        <time>2026-08-01T07:43:22.929Z</time>
      </trkpt>
      <trkpt lat="41.9762399" lon="2.867701799999992">
        <ele>300.40638548337927</ele>
        <time>2026-08-01T07:43:26.373Z</time>
      </trkpt>
      <trkpt lat="41.9761931" lon="2.867713699999996">
        <ele>300.37403130589536</ele>
        <time>2026-08-01T07:43:29.287Z</time>
      </trkpt>
      <trkpt lat="41.9761433" lon="2.8677294000000018">
        <ele>300.3341876759999</ele>
        <time>2026-08-01T07:43:32.364Z</time>
      </trkpt>
      <trkpt lat="41.9760986" lon="2.8677485000000047">
        <ele>300.2912301684888</ele>
        <time>2026-08-01T07:43:35.309Z</time>
      </trkpt>
      <trkpt lat="41.9760552" lon="2.8677648999999974">
        <ele>300.29370011318736</ele>
        <time>2026-08-01T07:43:38.222Z</time>
      </trkpt>
      <trkpt lat="41.9760109" lon="2.8677835000000016">
        <ele>300.3440313402735</ele>
        <time>2026-08-01T07:43:41.389Z</time>
      </trkpt>
      <trkpt lat="41.9759675" lon="2.86780379999999">
        <ele>300.3986786980028</ele>
        <time>2026-08-01T07:43:44.509Z</time>
      </trkpt>
      <trkpt lat="41.9759246" lon="2.867822799999999">
        <ele>300.4587438125511</ele>
        <time>2026-08-01T07:43:47.486Z</time>
      </trkpt>
      <trkpt lat="41.9758807" lon="2.8678428000000054">
        <ele>300.5262250223945</ele>
        <time>2026-08-01T07:43:50.487Z</time>
      </trkpt>
      <trkpt lat="41.9758339" lon="2.8678640999999914">
        <ele>300.60493736524904</ele>
        <time>2026-08-01T07:43:53.270Z</time>
      </trkpt>
      <trkpt lat="41.9757849" lon="2.867883400000011">
        <ele>300.5554446263924</ele>
        <time>2026-08-01T07:43:57.009Z</time>
      </trkpt>
      <trkpt lat="41.9757358" lon="2.867898999999994">
        <ele>300.59973279394274</ele>
        <time>2026-08-01T07:43:59.986Z</time>
      </trkpt>
      <trkpt lat="41.9756877" lon="2.8679122000000064">
        <ele>300.6518880278672</ele>
        <time>2026-08-01T07:44:02.965Z</time>
      </trkpt>
      <trkpt lat="41.9756396" lon="2.8679294000000084">
        <ele>300.5782869151105</ele>
        <time>2026-08-01T07:44:05.926Z</time>
      </trkpt>
      <trkpt lat="41.9755921" lon="2.8679408000000137">
        <ele>300.6021750170759</ele>
        <time>2026-08-01T07:44:08.863Z</time>
      </trkpt>
      <trkpt lat="41.975542" lon="2.8679440999999883">
        <ele>300.8236258560933</ele>
        <time>2026-08-01T07:44:12.223Z</time>
      </trkpt>
      <trkpt lat="41.9754968" lon="2.867943800000006">
        <ele>300.9403809712882</ele>
        <time>2026-08-01T07:44:15.290Z</time>
      </trkpt>
      <trkpt lat="41.975451" lon="2.8679274000000134">
        <ele>301.3666566975656</ele>
        <time>2026-08-01T07:44:19.349Z</time>
      </trkpt>
      <trkpt lat="41.9754044" lon="2.867917299999988">
        <ele>301.64001226538875</ele>
        <time>2026-08-01T07:44:23.298Z</time>
      </trkpt>
      <trkpt lat="41.9753637" lon="2.8678898000000004">
        <ele>302.4374735790663</ele>
        <time>2026-08-01T07:44:27.333Z</time>
      </trkpt>
      <trkpt lat="41.9753293" lon="2.867843999999991">
        <ele>303.2297238672242</ele>
        <time>2026-08-01T07:44:31.266Z</time>
      </trkpt>
      <trkpt lat="41.9752883" lon="2.867817599999995">
        <ele>303.53723862797193</ele>
        <time>2026-08-01T07:44:35.446Z</time>
      </trkpt>
      <trkpt lat="41.9752507" lon="2.867782599999998">
        <ele>303.96975151264235</ele>
        <time>2026-08-01T07:44:39.225Z</time>
      </trkpt>
      <trkpt lat="41.9752031" lon="2.8677697999999907">
        <ele>304.1034612995279</ele>
        <time>2026-08-01T07:44:43.284Z</time>
      </trkpt>
      <trkpt lat="41.9751566" lon="2.8677773">
        <ele>304.01541160799394</ele>
        <time>2026-08-01T07:44:47.408Z</time>
      </trkpt>
      <trkpt lat="41.9751103" lon="2.867785800000007">
        <ele>303.9357946045148</ele>
        <time>2026-08-01T07:44:50.826Z</time>
      </trkpt>
      <trkpt lat="41.9750644" lon="2.867792900000012">
        <ele>303.8833358933553</ele>
        <time>2026-08-01T07:44:54.344Z</time>
      </trkpt>
      <trkpt lat="41.9750227" lon="2.867816000000005">
        <ele>303.75578723594737</ele>
        <time>2026-08-01T07:44:57.510Z</time>
      </trkpt>
      <trkpt lat="41.9749776" lon="2.867814299999992">
        <ele>303.788746979126</ele>
        <time>2026-08-01T07:45:00.488Z</time>
      </trkpt>
      <trkpt lat="41.9749311" lon="2.8678317000000106">
        <ele>303.46656359356973</ele>
        <time>2026-08-01T07:45:03.466Z</time>
      </trkpt>
      <trkpt lat="41.9748856" lon="2.8678533000000073">
        <ele>303.05717260611937</ele>
        <time>2026-08-01T07:45:06.788Z</time>
      </trkpt>
      <trkpt lat="41.9748346" lon="2.8678639000000032">
        <ele>302.6633779236373</ele>
        <time>2026-08-01T07:45:10.369Z</time>
      </trkpt>
      <trkpt lat="41.9747888" lon="2.8678693999999894">
        <ele>302.32955823489374</ele>
        <time>2026-08-01T07:45:13.283Z</time>
      </trkpt>
      <trkpt lat="41.9747377" lon="2.867878300000001">
        <ele>301.8106321650322</ele>
        <time>2026-08-01T07:45:16.786Z</time>
      </trkpt>
      <trkpt lat="41.9746849" lon="2.867881799999992">
        <ele>301.3249480446423</ele>
        <time>2026-08-01T07:45:20.166Z</time>
      </trkpt>
      <trkpt lat="41.9746361" lon="2.86787480000001">
        <ele>300.52515080640666</ele>
        <time>2026-08-01T07:45:23.608Z</time>
      </trkpt>
      <trkpt lat="41.9745842" lon="2.867871000000008">
        <ele>299.5576421538926</ele>
        <time>2026-08-01T07:45:26.908Z</time>
      </trkpt>
      <trkpt lat="41.9745346" lon="2.867855999999989">
        <ele>298.6426807428826</ele>
        <time>2026-08-01T07:45:31.165Z</time>
      </trkpt>
      <trkpt lat="41.9744864" lon="2.867841999999996">
        <ele>297.79212604937163</ele>
        <time>2026-08-01T07:45:35.024Z</time>
      </trkpt>
      <trkpt lat="41.9744425" lon="2.8678243999999893">
        <ele>297.09117791658747</ele>
        <time>2026-08-01T07:45:38.546Z</time>
      </trkpt>
      <trkpt lat="41.974395" lon="2.8678179999999998">
        <ele>296.243307748861</ele>
        <time>2026-08-01T07:45:41.970Z</time>
      </trkpt>
      <trkpt lat="41.9743477" lon="2.8678130000000124">
        <ele>295.35018819723456</ele>
        <time>2026-08-01T07:45:46.348Z</time>
      </trkpt>
      <trkpt lat="41.9743042" lon="2.8677860999999893">
        <ele>294.82667902869565</ele>
        <time>2026-08-01T07:45:49.280Z</time>
      </trkpt>
      <trkpt lat="41.974264" lon="2.867757299999994">
        <ele>294.4720189989263</ele>
        <time>2026-08-01T07:45:52.982Z</time>
      </trkpt>
      <trkpt lat="41.9742181" lon="2.8677450000000135">
        <ele>293.8431904763138</ele>
        <time>2026-08-01T07:45:55.864Z</time>
      </trkpt>
      <trkpt lat="41.9741796" lon="2.8677087000000085">
        <ele>293.79072710312363</ele>
        <time>2026-08-01T07:45:58.729Z</time>
      </trkpt>
      <trkpt lat="41.9741398" lon="2.8676742000000104">
        <ele>293.784318358277</ele>
        <time>2026-08-01T07:46:01.586Z</time>
      </trkpt>
      <trkpt lat="41.9741004" lon="2.8676434999999856">
        <ele>293.9975480669006</ele>
        <time>2026-08-01T07:46:04.288Z</time>
      </trkpt>
      <trkpt lat="41.9740584" lon="2.867614599999996">
        <ele>294.32709741323856</ele>
        <time>2026-08-01T07:46:07.315Z</time>
      </trkpt>
      <trkpt lat="41.9740152" lon="2.8675811999999894">
        <ele>294.626026958228</ele>
        <time>2026-08-01T07:46:10.305Z</time>
      </trkpt>
      <trkpt lat="41.9739762" lon="2.8675432">
        <ele>294.7590674880414</ele>
        <time>2026-08-01T07:46:13.244Z</time>
      </trkpt>
      <trkpt lat="41.9739373" lon="2.8675063000000023">
        <ele>295.1250494889047</ele>
        <time>2026-08-01T07:46:16.231Z</time>
      </trkpt>
      <trkpt lat="41.9739051" lon="2.8674626000000103">
        <ele>295.7859062918991</ele>
        <time>2026-08-01T07:46:19.309Z</time>
      </trkpt>
      <trkpt lat="41.9738657" lon="2.867418799999996">
        <ele>296.7485874703462</ele>
        <time>2026-08-01T07:46:23.111Z</time>
      </trkpt>
      <trkpt lat="41.9738374" lon="2.8673668000000134">
        <ele>297.9585493184777</ele>
        <time>2026-08-01T07:46:26.049Z</time>
      </trkpt>
      <trkpt lat="41.9738033" lon="2.8673235999999918">
        <ele>299.10916984155983</ele>
        <time>2026-08-01T07:46:29.030Z</time>
      </trkpt>
      <trkpt lat="41.9737641" lon="2.867284000000012">
        <ele>299.2998010708816</ele>
        <time>2026-08-01T07:46:31.968Z</time>
      </trkpt>
      <trkpt lat="41.9737262" lon="2.867239799999993">
        <ele>299.28770926744124</ele>
        <time>2026-08-01T07:46:34.924Z</time>
      </trkpt>
      <trkpt lat="41.9736833" lon="2.867208599999998">
        <ele>299.59678493601785</ele>
        <time>2026-08-01T07:46:37.903Z</time>
      </trkpt>
      <trkpt lat="41.9736435" lon="2.8671740999999997">
        <ele>299.93171992699587</ele>
        <time>2026-08-01T07:46:40.842Z</time>
      </trkpt>
      <trkpt lat="41.9736078" lon="2.86713069999999">
        <ele>300.2428020662113</ele>
        <time>2026-08-01T07:46:44.182Z</time>
      </trkpt>
      <trkpt lat="41.9735681" lon="2.867099599999989">
        <ele>300.88849930501635</ele>
        <time>2026-08-01T07:46:47.105Z</time>
      </trkpt>
      <trkpt lat="41.9735277" lon="2.867067899999995">
        <ele>302.0851386163835</ele>
        <time>2026-08-01T07:46:50.067Z</time>
      </trkpt>
      <trkpt lat="41.9734919" lon="2.867029699999989">
        <ele>303.121226194122</ele>
        <time>2026-08-01T07:46:53.063Z</time>
      </trkpt>
      <trkpt lat="41.9734609" lon="2.8669808999999873">
        <ele>303.5277220095834</ele>
        <time>2026-08-01T07:46:56.546Z</time>
      </trkpt>
      <trkpt lat="41.973436" lon="2.8669227999999976">
        <ele>303.596672324026</ele>
        <time>2026-08-01T07:47:00.320Z</time>
      </trkpt>
      <trkpt lat="41.9734248" lon="2.866864200000009">
        <ele>303.18569434834853</ele>
        <time>2026-08-01T07:47:03.783Z</time>
      </trkpt>
      <trkpt lat="41.9734276" lon="2.866800600000005">
        <ele>302.22357463981683</ele>
        <time>2026-08-01T07:47:07.718Z</time>
      </trkpt>
      <trkpt lat="41.9734442" lon="2.8667422000000045">
        <ele>301.00178821664497</ele>
        <time>2026-08-01T07:47:11.527Z</time>
      </trkpt>
      <trkpt lat="41.9734731" lon="2.866693199999986">
        <ele>299.824930550467</ele>
        <time>2026-08-01T07:47:15.508Z</time>
      </trkpt>
      <trkpt lat="41.9735109" lon="2.8666537000000005">
        <ele>298.5114632131024</ele>
        <time>2026-08-01T07:47:19.343Z</time>
      </trkpt>
      <trkpt lat="41.9735477" lon="2.8666086000000064">
        <ele>297.33246307734765</ele>
        <time>2026-08-01T07:47:23.163Z</time>
      </trkpt>
      <trkpt lat="41.9735822" lon="2.8665635000000123">
        <ele>296.30504431098166</ele>
        <time>2026-08-01T07:47:26.687Z</time>
      </trkpt>
      <trkpt lat="41.9736138" lon="2.8665154999999913">
        <ele>295.2436593244506</ele>
        <time>2026-08-01T07:47:30.123Z</time>
      </trkpt>
      <trkpt lat="41.9736436" lon="2.8664665000000014">
        <ele>294.37266372234114</ele>
        <time>2026-08-01T07:47:33.045Z</time>
      </trkpt>
      <trkpt lat="41.9736735" lon="2.866414700000007">
        <ele>293.960576487331</ele>
        <time>2026-08-01T07:47:35.887Z</time>
      </trkpt>
      <trkpt lat="41.9736959" lon="2.8663583000000017">
        <ele>293.8211460464648</ele>
        <time>2026-08-01T07:47:38.242Z</time>
      </trkpt>
      <trkpt lat="41.9737086" lon="2.8662985999999933">
        <ele>294.03450884784957</ele>
        <time>2026-08-01T07:47:41.070Z</time>
      </trkpt>
      <trkpt lat="41.9737283" lon="2.8662376999999992">
        <ele>293.97659955992407</ele>
        <time>2026-08-01T07:47:43.864Z</time>
      </trkpt>
      <trkpt lat="41.9737467" lon="2.86617609999999">
        <ele>293.850783842346</ele>
        <time>2026-08-01T07:47:46.706Z</time>
      </trkpt>
      <trkpt lat="41.9737617" lon="2.8661117000000047">
        <ele>293.7274740897768</ele>
        <time>2026-08-01T07:47:49.988Z</time>
      </trkpt>
      <trkpt lat="41.9737707" lon="2.866044499999987">
        <ele>293.83464879737403</ele>
        <time>2026-08-01T07:47:52.806Z</time>
      </trkpt>
      <trkpt lat="41.9737826" lon="2.8659815000000037">
        <ele>293.7733093373274</ele>
        <time>2026-08-01T07:47:56.248Z</time>
      </trkpt>
      <trkpt lat="41.9737921" lon="2.8659225000000106">
        <ele>293.7487320177942</ele>
        <time>2026-08-01T07:47:59.162Z</time>
      </trkpt>
      <trkpt lat="41.9738039" lon="2.8658617000000106">
        <ele>293.2726281623229</ele>
        <time>2026-08-01T07:48:02.124Z</time>
      </trkpt>
      <trkpt lat="41.9738187" lon="2.865800799999988">
        <ele>292.6795090184036</ele>
        <time>2026-08-01T07:48:05.329Z</time>
      </trkpt>
      <trkpt lat="41.9738351" lon="2.865740499999987">
        <ele>292.0301043775759</ele>
        <time>2026-08-01T07:48:08.355Z</time>
      </trkpt>
      <trkpt lat="41.9738525" lon="2.8656805999999904">
        <ele>291.3506850310139</ele>
        <time>2026-08-01T07:48:11.268Z</time>
      </trkpt>
      <trkpt lat="41.973868" lon="2.8656164999999874">
        <ele>290.92561239892035</ele>
        <time>2026-08-01T07:48:14.305Z</time>
      </trkpt>
      <trkpt lat="41.9738802" lon="2.8655563000000086">
        <ele>290.7130392393399</ele>
        <time>2026-08-01T07:48:17.227Z</time>
      </trkpt>
      <trkpt lat="41.9738865" lon="2.8654959000000133">
        <ele>290.71222721223535</ele>
        <time>2026-08-01T07:48:20.203Z</time>
      </trkpt>
      <trkpt lat="41.9738875" lon="2.8654333000000065">
        <ele>290.9246982517286</ele>
        <time>2026-08-01T07:48:23.345Z</time>
      </trkpt>
      <trkpt lat="41.9738942" lon="2.8653725000000065">
        <ele>290.8880167101432</ele>
        <time>2026-08-01T07:48:26.070Z</time>
      </trkpt>
      <trkpt lat="41.973897" lon="2.865308700000014">
        <ele>290.4583155202746</ele>
        <time>2026-08-01T07:48:28.967Z</time>
      </trkpt>
      <trkpt lat="41.9738831" lon="2.865242099999989">
        <ele>290.65071855230286</ele>
        <time>2026-08-01T07:48:32.008Z</time>
      </trkpt>
      <trkpt lat="41.9738653" lon="2.8651783999999907">
        <ele>290.981302809102</ele>
        <time>2026-08-01T07:48:34.848Z</time>
      </trkpt>
      <trkpt lat="41.973849" lon="2.8651207000000056">
        <ele>291.2110107187255</ele>
        <time>2026-08-01T07:48:37.409Z</time>
      </trkpt>
      <trkpt lat="41.973834" lon="2.865060199999988">
        <ele>290.95147401331</ele>
        <time>2026-08-01T07:48:40.322Z</time>
      </trkpt>
      <trkpt lat="41.9738178" lon="2.8650002999999913">
        <ele>290.4493991305018</ele>
        <time>2026-08-01T07:48:43.228Z</time>
      </trkpt>
      <trkpt lat="41.9738057" lon="2.8649383999999998">
        <ele>289.7939633258524</ele>
        <time>2026-08-01T07:48:46.109Z</time>
      </trkpt>
      <trkpt lat="41.9737986" lon="2.8648766999999964">
        <ele>289.0089960870179</ele>
        <time>2026-08-01T07:48:49.062Z</time>
      </trkpt>
      <trkpt lat="41.9737947" lon="2.8648139999999955">
        <ele>288.1277583563907</ele>
        <time>2026-08-01T07:48:52.327Z</time>
      </trkpt>
      <trkpt lat="41.9737813" lon="2.8647530000000074">
        <ele>287.461923346982</ele>
        <time>2026-08-01T07:48:55.864Z</time>
      </trkpt>
      <trkpt lat="41.973786" lon="2.8646904999999947">
        <ele>286.40827847240735</ele>
        <time>2026-08-01T07:48:59.769Z</time>
      </trkpt>
      <trkpt lat="41.9738034" lon="2.864633099999992">
        <ele>285.26636518532615</ele>
        <time>2026-08-01T07:49:03.665Z</time>
      </trkpt>
      <trkpt lat="41.9738213" lon="2.8645777000000123">
        <ele>284.2190041248127</ele>
        <time>2026-08-01T07:49:07.270Z</time>
      </trkpt>
      <trkpt lat="41.9738447" lon="2.864519999999999">
        <ele>283.21106738530887</ele>
        <time>2026-08-01T07:49:10.804Z</time>
      </trkpt>
      <trkpt lat="41.9738663" lon="2.864466099999987">
        <ele>282.3124921931611</ele>
        <time>2026-08-01T07:49:13.806Z</time>
      </trkpt>
      <trkpt lat="41.9738877" lon="2.8644128999999907">
        <ele>281.3894520766131</ele>
        <time>2026-08-01T07:49:16.743Z</time>
      </trkpt>
      <trkpt lat="41.9739121" lon="2.864352800000006">
        <ele>280.4581544758113</ele>
        <time>2026-08-01T07:49:19.688Z</time>
      </trkpt>
      <trkpt lat="41.9739408" lon="2.8642844000000025">
        <ele>279.5332923487241</ele>
        <time>2026-08-01T07:49:23.146Z</time>
      </trkpt>
      <trkpt lat="41.9739599" lon="2.864222500000011">
        <ele>278.7792321161243</ele>
        <time>2026-08-01T07:49:26.122Z</time>
      </trkpt>
      <trkpt lat="41.973983" lon="2.8641667999999925">
        <ele>278.0163742026947</ele>
        <time>2026-08-01T07:49:29.068Z</time>
      </trkpt>
      <trkpt lat="41.9739985" lon="2.864109500000012">
        <ele>277.44536622722546</ele>
        <time>2026-08-01T07:49:32.003Z</time>
      </trkpt>
      <trkpt lat="41.9740095" lon="2.864040799999998">
        <ele>276.92150316025453</ele>
        <time>2026-08-01T07:49:34.908Z</time>
      </trkpt>
      <trkpt lat="41.9740198" lon="2.8639770000000055">
        <ele>276.5059384806032</ele>
        <time>2026-08-01T07:49:38.269Z</time>
      </trkpt>
      <trkpt lat="41.9740263" lon="2.8639111999999898">
        <ele>275.8336781675716</ele>
        <time>2026-08-01T07:49:41.206Z</time>
      </trkpt>
      <trkpt lat="41.974035" lon="2.8638414000000125">
        <ele>275.175223171859</ele>
        <time>2026-08-01T07:49:44.166Z</time>
      </trkpt>
      <trkpt lat="41.9740261" lon="2.8637765">
        <ele>274.46504288125846</ele>
        <time>2026-08-01T07:49:46.927Z</time>
      </trkpt>
      <trkpt lat="41.9740176" lon="2.8637133000000006">
        <ele>273.7227936059362</ele>
        <time>2026-08-01T07:49:49.341Z</time>
      </trkpt>
      <trkpt lat="41.9740095" lon="2.8636451000000136">
        <ele>272.8533792972004</ele>
        <time>2026-08-01T07:49:52.650Z</time>
      </trkpt>
      <trkpt lat="41.9739877" lon="2.8635850000000005">
        <ele>271.78602052574024</ele>
        <time>2026-08-01T07:49:55.563Z</time>
      </trkpt>
      <trkpt lat="41.9739709" lon="2.8635280999999964">
        <ele>270.74744417032895</ele>
        <time>2026-08-01T07:49:58.353Z</time>
      </trkpt>
      <trkpt lat="41.9739621" lon="2.8634606999999903">
        <ele>269.663139455189</ele>
        <time>2026-08-01T07:50:00.942Z</time>
      </trkpt>
      <trkpt lat="41.9739498" lon="2.863400100000007">
        <ele>268.7294823911429</ele>
        <time>2026-08-01T07:50:04.225Z</time>
      </trkpt>
      <trkpt lat="41.9739534" lon="2.8633371999999895">
        <ele>268.5165107645079</ele>
        <time>2026-08-01T07:50:07.107Z</time>
      </trkpt>
      <trkpt lat="41.9739485" lon="2.863273300000003">
        <ele>268.0862066632692</ele>
        <time>2026-08-01T07:50:10.351Z</time>
      </trkpt>
      <trkpt lat="41.9739414" lon="2.8632096000000047">
        <ele>267.59682884701965</ele>
        <time>2026-08-01T07:50:13.483Z</time>
      </trkpt>
      <trkpt lat="41.9739409" lon="2.863146400000005">
        <ele>267.276568186942</ele>
        <time>2026-08-01T07:50:16.428Z</time>
      </trkpt>
      <trkpt lat="41.9739445" lon="2.863067099999995">
        <ele>266.90405361562955</ele>
        <time>2026-08-01T07:50:20.363Z</time>
      </trkpt>
      <trkpt lat="41.9739456" lon="2.8630052999999975">
        <ele>266.56722455291214</ele>
        <time>2026-08-01T07:50:23.363Z</time>
      </trkpt>
      <trkpt lat="41.9739521" lon="2.862943400000006">
        <ele>266.37449220669134</ele>
        <time>2026-08-01T07:50:26.883Z</time>
      </trkpt>
      <trkpt lat="41.9739632" lon="2.862881200000004">
        <ele>266.30647304127615</ele>
        <time>2026-08-01T07:50:30.344Z</time>
      </trkpt>
      <trkpt lat="41.9739822" lon="2.862823999999989">
        <ele>266.810527478857</ele>
        <time>2026-08-01T07:50:33.546Z</time>
      </trkpt>
      <trkpt lat="41.9739983" lon="2.862761000000006">
        <ele>267.4044586776619</ele>
        <time>2026-08-01T07:50:37.066Z</time>
      </trkpt>
      <trkpt lat="41.9740142" lon="2.862704100000002">
        <ele>268.010090362288</ele>
        <time>2026-08-01T07:50:40.310Z</time>
      </trkpt>
      <trkpt lat="41.9740264" lon="2.8626441000000113">
        <ele>268.5413447693202</ele>
        <time>2026-08-01T07:50:43.642Z</time>
      </trkpt>
      <trkpt lat="41.9740295" lon="2.862579799999992">
        <ele>268.8464915853686</ele>
        <time>2026-08-01T07:50:47.082Z</time>
      </trkpt>
      <trkpt lat="41.9740268" lon="2.862517700000012">
        <ele>269.1566194143958</ele>
        <time>2026-08-01T07:50:50.327Z</time>
      </trkpt>
      <trkpt lat="41.9740357" lon="2.8624583000000143">
        <ele>269.8275557057985</ele>
        <time>2026-08-01T07:50:53.352Z</time>
      </trkpt>
      <trkpt lat="41.9740526" lon="2.862402199999991">
        <ele>270.75487155456597</ele>
        <time>2026-08-01T07:50:56.376Z</time>
      </trkpt>
      <trkpt lat="41.9740745" lon="2.862344699999994">
        <ele>271.8806465642106</ele>
        <time>2026-08-01T07:50:59.206Z</time>
      </trkpt>
      <trkpt lat="41.9741037" lon="2.8622886999999935">
        <ele>273.2838166952979</ele>
        <time>2026-08-01T07:51:03.298Z</time>
      </trkpt>
      <trkpt lat="41.9741423" lon="2.862253399999986">
        <ele>274.40988152151715</ele>
        <time>2026-08-01T07:51:06.323Z</time>
      </trkpt>
      <trkpt lat="41.9741843" lon="2.8622193999999865">
        <ele>274.3915568723514</ele>
        <time>2026-08-01T07:51:10.009Z</time>
      </trkpt>
      <trkpt lat="41.9742234" lon="2.862186699999995">
        <ele>274.41670505126694</ele>
        <time>2026-08-01T07:51:12.947Z</time>
      </trkpt>
      <trkpt lat="41.9742623" lon="2.862153599999999">
        <ele>274.47948840945816</ele>
        <time>2026-08-01T07:51:15.948Z</time>
      </trkpt>
      <trkpt lat="41.9743034" lon="2.8621175000000108">
        <ele>274.5928497415227</ele>
        <time>2026-08-01T07:51:19.321Z</time>
      </trkpt>
      <trkpt lat="41.9743401" lon="2.8620819999999867">
        <ele>274.7604613216095</ele>
        <time>2026-08-01T07:51:22.470Z</time>
      </trkpt>
      <trkpt lat="41.974373" lon="2.8620366000000104">
        <ele>275.0877670773551</ele>
        <time>2026-08-01T07:51:25.847Z</time>
      </trkpt>
      <trkpt lat="41.9744006" lon="2.8619845999999995">
        <ele>275.44808326198586</ele>
        <time>2026-08-01T07:51:28.809Z</time>
      </trkpt>
      <trkpt lat="41.9744217" lon="2.861928699999993">
        <ele>275.8569825254746</ele>
        <time>2026-08-01T07:51:31.883Z</time>
      </trkpt>
      <trkpt lat="41.9744387" lon="2.8618703999999866">
        <ele>276.35391896901</ele>
        <time>2026-08-01T07:51:34.845Z</time>
      </trkpt>
      <trkpt lat="41.9744501" lon="2.861803199999997">
        <ele>277.0133973319421</ele>
        <time>2026-08-01T07:51:37.926Z</time>
      </trkpt>
      <trkpt lat="41.9744579" lon="2.861736900000011">
        <ele>277.3614982144105</ele>
        <time>2026-08-01T07:51:40.887Z</time>
      </trkpt>
      <trkpt lat="41.9744664" lon="2.8616772999999966">
        <ele>276.7195021623011</ele>
        <time>2026-08-01T07:51:43.488Z</time>
      </trkpt>
      <trkpt lat="41.9744793" lon="2.8616129000000115">
        <ele>276.15937866901044</ele>
        <time>2026-08-01T07:51:46.825Z</time>
      </trkpt>
      <trkpt lat="41.9744951" lon="2.861544000000009">
        <ele>275.7417741050889</ele>
        <time>2026-08-01T07:51:50.357Z</time>
      </trkpt>
      <trkpt lat="41.9745154" lon="2.861483700000008">
        <ele>275.6603796152925</ele>
        <time>2026-08-01T07:51:54.306Z</time>
      </trkpt>
      <trkpt lat="41.9745344" lon="2.861428499999988">
        <ele>275.2696795574855</ele>
        <time>2026-08-01T07:51:57.304Z</time>
      </trkpt>
      <trkpt lat="41.9745552" lon="2.861370099999988">
        <ele>274.88261314670007</ele>
        <time>2026-08-01T07:52:00.335Z</time>
      </trkpt>
      <trkpt lat="41.974576" lon="2.861315100000013">
        <ele>274.66146087896084</ele>
        <time>2026-08-01T07:52:03.028Z</time>
      </trkpt>
      <trkpt lat="41.9745963" lon="2.8612572000000114">
        <ele>274.49512074830824</ele>
        <time>2026-08-01T07:52:05.949Z</time>
      </trkpt>
      <trkpt lat="41.9746133" lon="2.861199599999992">
        <ele>274.32797200650015</ele>
        <time>2026-08-01T07:52:08.910Z</time>
      </trkpt>
      <trkpt lat="41.9746262" lon="2.8611306999999897">
        <ele>274.19692874027396</ele>
        <time>2026-08-01T07:52:11.847Z</time>
      </trkpt>
      <trkpt lat="41.974634" lon="2.8610703999999885">
        <ele>274.0040345000432</ele>
        <time>2026-08-01T07:52:15.209Z</time>
      </trkpt>
      <trkpt lat="41.9746396" lon="2.861008599999991">
        <ele>273.7388165378766</ele>
        <time>2026-08-01T07:52:18.357Z</time>
      </trkpt>
      <trkpt lat="41.974645" lon="2.8609447999999986">
        <ele>273.47318657430304</ele>
        <time>2026-08-01T07:52:21.270Z</time>
      </trkpt>
      <trkpt lat="41.9746539" lon="2.8608840999999927">
        <ele>273.638004493606</ele>
        <time>2026-08-01T07:52:24.043Z</time>
      </trkpt>
      <trkpt lat="41.9746662" lon="2.860824600000001">
        <ele>274.15410194326455</ele>
        <time>2026-08-01T07:52:26.485Z</time>
      </trkpt>
      <trkpt lat="41.9746809" lon="2.860765799999996">
        <ele>274.8000984719657</ele>
        <time>2026-08-01T07:52:29.339Z</time>
      </trkpt>
      <trkpt lat="41.9747019" lon="2.8607059999999933">
        <ele>275.1836425100127</ele>
        <time>2026-08-01T07:52:32.329Z</time>
      </trkpt>
      <trkpt lat="41.9747272" lon="2.8606478000000095">
        <ele>275.3389133646156</ele>
        <time>2026-08-01T07:52:35.226Z</time>
      </trkpt>
      <trkpt lat="41.9747491" lon="2.860586699999999">
        <ele>275.9583920035342</ele>
        <time>2026-08-01T07:52:39.125Z</time>
      </trkpt>
      <trkpt lat="41.9747777" lon="2.860539999999986">
        <ele>276.5912661379167</ele>
        <time>2026-08-01T07:52:42.527Z</time>
      </trkpt>
      <trkpt lat="41.974818" lon="2.8605029999999942">
        <ele>277.24165425391084</ele>
        <time>2026-08-01T07:52:46.326Z</time>
      </trkpt>
      <trkpt lat="41.9748526" lon="2.8604574000000014">
        <ele>277.9300050764034</ele>
        <time>2026-08-01T07:52:49.351Z</time>
      </trkpt>
      <trkpt lat="41.974894" lon="2.860422800000009">
        <ele>278.5849260032675</ele>
        <time>2026-08-01T07:52:53.206Z</time>
      </trkpt>
      <trkpt lat="41.9749342" lon="2.860393700000003">
        <ele>279.1873864157008</ele>
        <time>2026-08-01T07:52:56.308Z</time>
      </trkpt>
      <trkpt lat="41.9749755" lon="2.8603696000000127">
        <ele>279.4405742100438</ele>
        <time>2026-08-01T07:52:59.505Z</time>
      </trkpt>
      <trkpt lat="41.9750258" lon="2.860344199999986">
        <ele>278.55995181175547</ele>
        <time>2026-08-01T07:53:03.304Z</time>
      </trkpt>
      <trkpt lat="41.9750715" lon="2.8603257999999983">
        <ele>277.7466853519495</ele>
        <time>2026-08-01T07:53:06.846Z</time>
      </trkpt>
      <trkpt lat="41.9751201" lon="2.860314299999999">
        <ele>276.8126581610726</ele>
        <time>2026-08-01T07:53:10.746Z</time>
      </trkpt>
      <trkpt lat="41.975165" lon="2.8603042000000016">
        <ele>275.95839424697226</ele>
        <time>2026-08-01T07:53:14.148Z</time>
      </trkpt>
      <trkpt lat="41.9752164" lon="2.8602903000000026">
        <ele>275.02948603958635</ele>
        <time>2026-08-01T07:53:18.064Z</time>
      </trkpt>
      <trkpt lat="41.9752631" lon="2.860274599999997">
        <ele>274.2634241655124</ele>
        <time>2026-08-01T07:53:21.403Z</time>
      </trkpt>
      <trkpt lat="41.9753082" lon="2.860261500000007">
        <ele>273.55214957688895</ele>
        <time>2026-08-01T07:53:24.885Z</time>
      </trkpt>
      <trkpt lat="41.9753528" lon="2.8602491000000043">
        <ele>272.8819797759196</ele>
        <time>2026-08-01T07:53:28.370Z</time>
      </trkpt>
      <trkpt lat="41.9753956" lon="2.8602207000000135">
        <ele>272.60236464831</ele>
        <time>2026-08-01T07:53:31.609Z</time>
      </trkpt>
      <trkpt lat="41.9754369" lon="2.8601865999999916">
        <ele>272.56042312148844</ele>
        <time>2026-08-01T07:53:34.484Z</time>
      </trkpt>
      <trkpt lat="41.9754774" lon="2.860147000000012">
        <ele>272.76113541583766</ele>
        <time>2026-08-01T07:53:37.326Z</time>
      </trkpt>
      <trkpt lat="41.9755084" lon="2.8600978999999995">
        <ele>273.44417066749776</ele>
        <time>2026-08-01T07:53:39.664Z</time>
      </trkpt>
      <trkpt lat="41.9755352" lon="2.8600436000000116">
        <ele>274.09609038551594</ele>
        <time>2026-08-01T07:53:42.129Z</time>
      </trkpt>
      <trkpt lat="41.9755573" lon="2.8599873999999943">
        <ele>274.75373496813575</ele>
        <time>2026-08-01T07:53:44.467Z</time>
      </trkpt>
      <trkpt lat="41.9755772" lon="2.859930899999995">
        <ele>275.4625419688127</ele>
        <time>2026-08-01T07:53:46.949Z</time>
      </trkpt>
      <trkpt lat="41.9755975" lon="2.859875299999999">
        <ele>276.1671101935616</ele>
        <time>2026-08-01T07:53:49.302Z</time>
      </trkpt>
      <trkpt lat="41.9756139" lon="2.8598144000000048">
        <ele>277.02698986765245</ele>
        <time>2026-08-01T07:53:51.786Z</time>
      </trkpt>
      <trkpt lat="41.9756264" lon="2.8597533999999882">
        <ele>277.10083359349443</ele>
        <time>2026-08-01T07:53:54.326Z</time>
      </trkpt>
      <trkpt lat="41.9756337" lon="2.859690400000005">
        <ele>277.1198062933846</ele>
        <time>2026-08-01T07:53:57.044Z</time>
      </trkpt>
      <trkpt lat="41.9756315" lon="2.859621599999997">
        <ele>277.2323829797798</ele>
        <time>2026-08-01T07:53:59.966Z</time>
      </trkpt>
      <trkpt lat="41.975625" lon="2.8595617999999945">
        <ele>277.3370839449893</ele>
        <time>2026-08-01T07:54:02.808Z</time>
      </trkpt>
      <trkpt lat="41.9756117" lon="2.8594936000000075">
        <ele>276.837210441876</ele>
        <time>2026-08-01T07:54:06.331Z</time>
      </trkpt>
      <trkpt lat="41.9755982" lon="2.8594334999999944">
        <ele>275.80503438085344</ele>
        <time>2026-08-01T07:54:09.203Z</time>
      </trkpt>
      <trkpt lat="41.9755841" lon="2.859369500000014">
        <ele>274.64802356713295</ele>
        <time>2026-08-01T07:54:12.165Z</time>
      </trkpt>
      <trkpt lat="41.975573" lon="2.8593031999999994">
        <ele>273.4051072181405</ele>
        <time>2026-08-01T07:54:15.183Z</time>
      </trkpt>
      <trkpt lat="41.9755678" lon="2.859240800000009">
        <ele>272.1862426297264</ele>
        <time>2026-08-01T07:54:18.170Z</time>
      </trkpt>
      <trkpt lat="41.9755649" lon="2.8591792">
        <ele>270.6971270837504</ele>
        <time>2026-08-01T07:54:21.107Z</time>
      </trkpt>
      <trkpt lat="41.9755701" lon="2.859114799999986">
        <ele>269.2347366574296</ele>
        <time>2026-08-01T07:54:24.549Z</time>
      </trkpt>
      <trkpt lat="41.9755775" lon="2.8590427000000034">
        <ele>267.6655990223047</ele>
        <time>2026-08-01T07:54:28.048Z</time>
      </trkpt>
      <trkpt lat="41.9755813" lon="2.858979199999993">
        <ele>266.27228317901205</ele>
        <time>2026-08-01T07:54:31.929Z</time>
      </trkpt>
      <trkpt lat="41.9755929" lon="2.8589197999999953">
        <ele>265.90313123107126</ele>
        <time>2026-08-01T07:54:35.342Z</time>
      </trkpt>
      <trkpt lat="41.9756039" lon="2.8588576999999873">
        <ele>265.6638154335506</ele>
        <time>2026-08-01T07:54:39.392Z</time>
      </trkpt>
      <trkpt lat="41.9756189" lon="2.8587947000000042">
        <ele>265.57071414092394</ele>
        <time>2026-08-01T07:54:43.046Z</time>
      </trkpt>
      <trkpt lat="41.9756374" lon="2.85873620000001">
        <ele>265.6722652238002</ele>
        <time>2026-08-01T07:54:46.569Z</time>
      </trkpt>
      <trkpt lat="41.9756562" lon="2.858677699999987">
        <ele>266.0211727655862</ele>
        <time>2026-08-01T07:54:50.165Z</time>
      </trkpt>
      <trkpt lat="41.975674" lon="2.8586210999999935">
        <ele>266.8506617692704</ele>
        <time>2026-08-01T07:54:53.726Z</time>
      </trkpt>
      <trkpt lat="41.9756916" lon="2.8585648000000106">
        <ele>267.6833184753975</ele>
        <time>2026-08-01T07:54:56.888Z</time>
      </trkpt>
      <trkpt lat="41.975703" lon="2.858505000000008">
        <ele>268.3507326880203</ele>
        <time>2026-08-01T07:55:00.587Z</time>
      </trkpt>
      <trkpt lat="41.9757119" lon="2.8584433000000047">
        <ele>268.95637401085116</ele>
        <time>2026-08-01T07:55:03.698Z</time>
      </trkpt>
      <trkpt lat="41.9757231" lon="2.8583797000000004">
        <ele>269.81222685721417</ele>
        <time>2026-08-01T07:55:07.210Z</time>
      </trkpt>
      <trkpt lat="41.9757279" lon="2.858313399999986">
        <ele>270.63419251185826</ele>
        <time>2026-08-01T07:55:11.310Z</time>
      </trkpt>
      <trkpt lat="41.9757523" lon="2.8582576000000017">
        <ele>272.0375227463709</ele>
        <time>2026-08-01T07:55:14.428Z</time>
      </trkpt>
      <trkpt lat="41.9757656" lon="2.8581987999999967">
        <ele>273.125514975949</ele>
        <time>2026-08-01T07:55:17.308Z</time>
      </trkpt>
      <trkpt lat="41.9757847" lon="2.8581345000000056">
        <ele>274.51636802807934</ele>
        <time>2026-08-01T07:55:20.242Z</time>
      </trkpt>
      <trkpt lat="41.9758052" lon="2.8580690999999945">
        <ele>275.88320880495087</ele>
        <time>2026-08-01T07:55:23.263Z</time>
      </trkpt>
      <trkpt lat="41.975824" lon="2.8580049999999915">
        <ele>276.56433727328624</ele>
        <time>2026-08-01T07:55:26.279Z</time>
      </trkpt>
      <trkpt lat="41.9758476" lon="2.8579469000000017">
        <ele>277.1164940574</ele>
        <time>2026-08-01T07:55:28.942Z</time>
      </trkpt>
      <trkpt lat="41.9758648" lon="2.857891099999989">
        <ele>277.6880055382834</ele>
        <time>2026-08-01T07:55:31.570Z</time>
      </trkpt>
      <trkpt lat="41.9758829" lon="2.8578323000000125">
        <ele>278.27715516599585</ele>
        <time>2026-08-01T07:55:34.354Z</time>
      </trkpt>
      <trkpt lat="41.9759018" lon="2.8577697000000057">
        <ele>278.90525343863834</ele>
        <time>2026-08-01T07:55:37.267Z</time>
      </trkpt>
      <trkpt lat="41.9759136" lon="2.857703700000002">
        <ele>279.64875743449824</ele>
        <time>2026-08-01T07:55:40.248Z</time>
      </trkpt>
      <trkpt lat="41.9759322" lon="2.8576413000000116">
        <ele>280.29860549393385</ele>
        <time>2026-08-01T07:55:43.227Z</time>
      </trkpt>
      <trkpt lat="41.9759436" lon="2.857578399999994">
        <ele>281.02316214166495</ele>
        <time>2026-08-01T07:55:46.047Z</time>
      </trkpt>
      <trkpt lat="41.9759638" lon="2.8575209999999913">
        <ele>281.6297882424388</ele>
        <time>2026-08-01T07:55:49.027Z</time>
      </trkpt>
      <trkpt lat="41.9759838" lon="2.8574648000000025">
        <ele>282.2261188499648</ele>
        <time>2026-08-01T07:55:51.988Z</time>
      </trkpt>
      <trkpt lat="41.9760066" lon="2.8574112000000014">
        <ele>282.7707640980166</ele>
        <time>2026-08-01T07:55:55.324Z</time>
      </trkpt>
      <trkpt lat="41.9760304" lon="2.8573576000000003">
        <ele>283.3124493622834</ele>
        <time>2026-08-01T07:55:58.809Z</time>
      </trkpt>
      <trkpt lat="41.976053" lon="2.857302400000009">
        <ele>283.889066414952</ele>
        <time>2026-08-01T07:56:02.268Z</time>
      </trkpt>
      <trkpt lat="41.9760678" lon="2.857237900000001">
        <ele>284.2464454946543</ele>
        <time>2026-08-01T07:56:05.886Z</time>
      </trkpt>
      <trkpt lat="41.9760783" lon="2.8571764000000144">
        <ele>284.59637225258916</ele>
        <time>2026-08-01T07:56:08.968Z</time>
      </trkpt>
      <trkpt lat="41.9760891" lon="2.857115499999992">
        <ele>284.7855308328853</ele>
        <time>2026-08-01T07:56:11.506Z</time>
      </trkpt>
      <trkpt lat="41.9760993" lon="2.8570503999999914">
        <ele>284.9750711713341</ele>
        <time>2026-08-01T07:56:14.964Z</time>
      </trkpt>
      <trkpt lat="41.9761147" lon="2.8569874000000084">
        <ele>284.69467461116625</ele>
        <time>2026-08-01T07:56:17.926Z</time>
      </trkpt>
      <trkpt lat="41.9761257" lon="2.856926399999992">
        <ele>284.3055843996041</ele>
        <time>2026-08-01T07:56:21.327Z</time>
      </trkpt>
      <trkpt lat="41.9761376" lon="2.856858299999999">
        <ele>283.87363740548903</ele>
        <time>2026-08-01T07:56:25.302Z</time>
      </trkpt>
      <trkpt lat="41.9761601" lon="2.8568056999999953">
        <ele>283.1847890338734</ele>
        <time>2026-08-01T07:56:28.642Z</time>
      </trkpt>
      <trkpt lat="41.9761903" lon="2.8567602999999906">
        <ele>282.2954631952885</ele>
        <time>2026-08-01T07:56:32.346Z</time>
      </trkpt>
      <trkpt lat="41.9762262" lon="2.856715699999995">
        <ele>281.3016310274585</ele>
        <time>2026-08-01T07:56:36.169Z</time>
      </trkpt>
      <trkpt lat="41.9762618" lon="2.856676499999992">
        <ele>280.4404087290256</ele>
        <time>2026-08-01T07:56:39.564Z</time>
      </trkpt>
      <trkpt lat="41.9762949" lon="2.856625000000008">
        <ele>279.77406934039624</ele>
        <time>2026-08-01T07:56:43.103Z</time>
      </trkpt>
      <trkpt lat="41.9763278" lon="2.856582500000002">
        <ele>279.2120689336289</ele>
        <time>2026-08-01T07:56:47.334Z</time>
      </trkpt>
      <trkpt lat="41.9763641" lon="2.8565373000000136">
        <ele>278.6211659908772</ele>
        <time>2026-08-01T07:56:51.109Z</time>
      </trkpt>
      <trkpt lat="41.9763876" lon="2.8564786999999967">
        <ele>278.23248258050035</ele>
        <time>2026-08-01T07:56:54.384Z</time>
      </trkpt>
      <trkpt lat="41.9764062" lon="2.856416800000005">
        <ele>278.2120648406691</ele>
        <time>2026-08-01T07:56:57.330Z</time>
      </trkpt>
      <trkpt lat="41.9764209" lon="2.8563513">
        <ele>278.411664797041</ele>
        <time>2026-08-01T07:57:00.268Z</time>
      </trkpt>
      <trkpt lat="41.9764323" lon="2.8562868999999864">
        <ele>278.7212241735483</ele>
        <time>2026-08-01T07:57:03.069Z</time>
      </trkpt>
      <trkpt lat="41.9764387" lon="2.8562240999999915">
        <ele>279.1633532252071</ele>
        <time>2026-08-01T07:57:05.869Z</time>
      </trkpt>
      <trkpt lat="41.9764376" lon="2.85615820000001">
        <ele>279.5724956933888</ele>
        <time>2026-08-01T07:57:09.063Z</time>
      </trkpt>
      <trkpt lat="41.9764288" lon="2.8560931000000096">
        <ele>279.89895705176326</ele>
        <time>2026-08-01T07:57:12.305Z</time>
      </trkpt>
      <trkpt lat="41.9764267" lon="2.8560309000000075">
        <ele>280.0663044537571</ele>
        <time>2026-08-01T07:57:15.310Z</time>
      </trkpt>
      <trkpt lat="41.9764235" lon="2.855964699999987">
        <ele>280.27933115847253</ele>
        <time>2026-08-01T07:57:17.949Z</time>
      </trkpt>
      <trkpt lat="41.9764207" lon="2.8558993000000044">
        <ele>280.3625523007021</ele>
        <time>2026-08-01T07:57:21.289Z</time>
      </trkpt>
      <trkpt lat="41.9764127" lon="2.8558300999999915">
        <ele>280.00772977715206</ele>
        <time>2026-08-01T07:57:24.266Z</time>
      </trkpt>
      <trkpt lat="41.976408" lon="2.855764800000003">
        <ele>279.6028190122103</ele>
        <time>2026-08-01T07:57:27.244Z</time>
      </trkpt>
      <trkpt lat="41.9764064" lon="2.855700899999988">
        <ele>279.1152998983352</ele>
        <time>2026-08-01T07:57:30.204Z</time>
      </trkpt>
      <trkpt lat="41.9764104" lon="2.8556383000000096">
        <ele>278.4352995829818</ele>
        <time>2026-08-01T07:57:33.167Z</time>
      </trkpt>
      <trkpt lat="41.9764177" lon="2.8555743000000007">
        <ele>277.60106542105564</ele>
        <time>2026-08-01T07:57:36.317Z</time>
      </trkpt>
      <trkpt lat="41.976427" lon="2.8555146999999863">
        <ele>276.7308323173989</ele>
        <time>2026-08-01T07:57:39.344Z</time>
      </trkpt>
      <trkpt lat="41.976432" lon="2.85545239999999">
        <ele>275.99831011789956</ele>
        <time>2026-08-01T07:57:42.302Z</time>
      </trkpt>
      <trkpt lat="41.9764382" lon="2.855388099999999">
        <ele>275.2044398790597</ele>
        <time>2026-08-01T07:57:45.289Z</time>
      </trkpt>
      <trkpt lat="41.976443" lon="2.8553277000000037">
        <ele>274.47993439780896</ele>
        <time>2026-08-01T07:57:48.045Z</time>
      </trkpt>
      <trkpt lat="41.9764432" lon="2.855264500000004">
        <ele>273.8782310481687</ele>
        <time>2026-08-01T07:57:50.985Z</time>
      </trkpt>
      <trkpt lat="41.9764382" lon="2.8551995999999917">
        <ele>273.44855743554336</ele>
        <time>2026-08-01T07:57:53.830Z</time>
      </trkpt>
      <trkpt lat="41.9764236" lon="2.8551390000000083">
        <ele>273.39864339030726</ele>
        <time>2026-08-01T07:57:56.648Z</time>
      </trkpt>
      <trkpt lat="41.9764058" lon="2.855081299999995">
        <ele>273.4786911424542</ele>
        <time>2026-08-01T07:57:59.283Z</time>
      </trkpt>
      <trkpt lat="41.9763853" lon="2.8550195999999914">
        <ele>272.98434826999346</ele>
        <time>2026-08-01T07:58:02.165Z</time>
      </trkpt>
      <trkpt lat="41.9763644" lon="2.8549602999999877">
        <ele>272.4121918869443</ele>
        <time>2026-08-01T07:58:05.104Z</time>
      </trkpt>
      <trkpt lat="41.9763368" lon="2.8549116000000083">
        <ele>271.80792626191703</ele>
        <time>2026-08-01T07:58:08.109Z</time>
      </trkpt>
      <trkpt lat="41.9763128" lon="2.854859199999993">
        <ele>270.916235873357</ele>
        <time>2026-08-01T07:58:10.888Z</time>
      </trkpt>
      <trkpt lat="41.9762786" lon="2.8548112999999944">
        <ele>270.2311591174196</ele>
        <time>2026-08-01T07:58:14.163Z</time>
      </trkpt>
      <trkpt lat="41.9762395" lon="2.8547767999999962">
        <ele>269.6511765125971</ele>
        <time>2026-08-01T07:58:17.298Z</time>
      </trkpt>
      <trkpt lat="41.9762002" lon="2.854738300000008">
        <ele>268.8113073343689</ele>
        <time>2026-08-01T07:58:20.386Z</time>
      </trkpt>
      <trkpt lat="41.9761681" lon="2.8546935999999903">
        <ele>267.709543910036</ele>
        <time>2026-08-01T07:58:23.590Z</time>
      </trkpt>
      <trkpt lat="41.9761451" lon="2.854641700000002">
        <ele>266.2911117900444</ele>
        <time>2026-08-01T07:58:27.642Z</time>
      </trkpt>
      <trkpt lat="41.9761301" lon="2.8545818000000054">
        <ele>264.5382943403621</ele>
        <time>2026-08-01T07:58:32.328Z</time>
      </trkpt>
      <trkpt lat="41.9761476" lon="2.8545216999999923">
        <ele>262.4114974016116</ele>
        <time>2026-08-01T07:58:36.968Z</time>
      </trkpt>
      <trkpt lat="41.9761696" lon="2.854465199999993">
        <ele>260.44707966662844</ele>
        <time>2026-08-01T07:58:41.296Z</time>
      </trkpt>
      <trkpt lat="41.9762015" lon="2.854416200000003">
        <ele>258.6338958552649</ele>
        <time>2026-08-01T07:58:44.889Z</time>
      </trkpt>
      <trkpt lat="41.9762343" lon="2.8543723999999884">
        <ele>256.999586941157</ele>
        <time>2026-08-01T07:58:47.269Z</time>
      </trkpt>
      <trkpt lat="41.9762673" lon="2.85432560000001">
        <ele>255.30764404289098</ele>
        <time>2026-08-01T07:58:51.084Z</time>
      </trkpt>
      <trkpt lat="41.9762945" lon="2.854265199999986">
        <ele>253.30945155041786</ele>
        <time>2026-08-01T07:58:54.785Z</time>
      </trkpt>
      <trkpt lat="41.9763178" lon="2.854211499999991">
        <ele>251.6230923099311</ele>
        <time>2026-08-01T07:58:58.548Z</time>
      </trkpt>
      <trkpt lat="41.9763405" lon="2.854138000000006">
        <ele>249.48726037978977</ele>
        <time>2026-08-01T07:59:02.292Z</time>
      </trkpt>
      <trkpt lat="41.9763544" lon="2.8540787000000023">
        <ele>247.8242416141009</ele>
        <time>2026-08-01T07:59:05.746Z</time>
      </trkpt>
      <trkpt lat="41.9763735" lon="2.854007899999999">
        <ele>245.9243307714224</ele>
        <time>2026-08-01T07:59:09.262Z</time>
      </trkpt>
      <trkpt lat="41.9763923" lon="2.853947099999999">
        <ele>244.3768687076827</ele>
        <time>2026-08-01T07:59:13.228Z</time>
      </trkpt>
      <trkpt lat="41.9764113" lon="2.853889400000014">
        <ele>243.07758939082325</ele>
        <time>2026-08-01T07:59:16.526Z</time>
      </trkpt>
      <trkpt lat="41.9764309" lon="2.853834000000006">
        <ele>241.94763039372788</ele>
        <time>2026-08-01T07:59:20.507Z</time>
      </trkpt>
      <trkpt lat="41.9764572" lon="2.853777799999989">
        <ele>240.97872167395056</ele>
        <time>2026-08-01T07:59:24.045Z</time>
      </trkpt>
      <trkpt lat="41.9764765" lon="2.8537171000000114">
        <ele>239.9924836685474</ele>
        <time>2026-08-01T07:59:27.929Z</time>
      </trkpt>
      <trkpt lat="41.9764922" lon="2.85365010000001">
        <ele>239.1581656167799</ele>
        <time>2026-08-01T07:59:31.227Z</time>
      </trkpt>
      <trkpt lat="41.9765019" lon="2.853588599999995">
        <ele>238.5678976499931</ele>
        <time>2026-08-01T07:59:34.750Z</time>
      </trkpt>
      <trkpt lat="41.9765096" lon="2.853529100000003">
        <ele>238.0243350127811</ele>
        <time>2026-08-01T07:59:37.690Z</time>
      </trkpt>
      <trkpt lat="41.9765131" lon="2.8534607999999935">
        <ele>237.3200188340227</ele>
        <time>2026-08-01T07:59:40.987Z</time>
      </trkpt>
      <trkpt lat="41.9765114" lon="2.8533960999999977">
        <ele>236.52834234456924</ele>
        <time>2026-08-01T07:59:43.983Z</time>
      </trkpt>
      <trkpt lat="41.9765087" lon="2.8533291999999904">
        <ele>235.70562795017656</ele>
        <time>2026-08-01T07:59:46.968Z</time>
      </trkpt>
      <trkpt lat="41.9765008" lon="2.853264800000005">
        <ele>234.7363038859231</ele>
        <time>2026-08-01T07:59:49.803Z</time>
      </trkpt>
      <trkpt lat="41.9764876" lon="2.8531977000000097">
        <ele>233.5455711617276</ele>
        <time>2026-08-01T07:59:52.710Z</time>
      </trkpt>
      <trkpt lat="41.9764699" lon="2.8531236999999976">
        <ele>232.1349411801449</ele>
        <time>2026-08-01T07:59:56.048Z</time>
      </trkpt>
      <trkpt lat="41.976453" lon="2.853059099999996">
        <ele>231.25501436712145</ele>
        <time>2026-08-01T07:59:58.923Z</time>
      </trkpt>
      <trkpt lat="41.9764366" lon="2.8529991999999993">
        <ele>230.43562152657952</ele>
        <time>2026-08-01T08:00:01.783Z</time>
      </trkpt>
      <trkpt lat="41.9764081" lon="2.8529327999999907">
        <ele>229.21797814444125</ele>
        <time>2026-08-01T08:00:05.228Z</time>
      </trkpt>
      <trkpt lat="41.9763929" lon="2.8528717000000086">
        <ele>228.48209986209008</ele>
        <time>2026-08-01T08:00:07.926Z</time>
      </trkpt>
      <trkpt lat="41.97638" lon="2.8528094000000124">
        <ele>228.12048827711382</ele>
        <time>2026-08-01T08:00:11.025Z</time>
      </trkpt>
      <trkpt lat="41.9763681" lon="2.8527441999999894">
        <ele>227.98383577288473</ele>
        <time>2026-08-01T08:00:14.269Z</time>
      </trkpt>
      <trkpt lat="41.9763598" lon="2.8526827999999966">
        <ele>227.97618751021895</ele>
        <time>2026-08-01T08:00:17.283Z</time>
      </trkpt>
      <trkpt lat="41.9763542" lon="2.852621699999986">
        <ele>228.03500158853998</ele>
        <time>2026-08-01T08:00:20.305Z</time>
      </trkpt>
      <trkpt lat="41.9763523" lon="2.852553999999998">
        <ele>228.0195216585473</ele>
        <time>2026-08-01T08:00:23.724Z</time>
      </trkpt>
      <trkpt lat="41.9763447" lon="2.8524864999999977">
        <ele>227.284706564947</ele>
        <time>2026-08-01T08:00:27.184Z</time>
      </trkpt>
      <trkpt lat="41.9763327" lon="2.8524256000000037">
        <ele>226.3922300742117</ele>
        <time>2026-08-01T08:00:30.203Z</time>
      </trkpt>
      <trkpt lat="41.9763242" lon="2.852364200000011">
        <ele>225.64155442422228</ele>
        <time>2026-08-01T08:00:33.306Z</time>
      </trkpt>
      <trkpt lat="41.9763167" lon="2.852302900000012">
        <ele>224.92945393543263</ele>
        <time>2026-08-01T08:00:36.625Z</time>
      </trkpt>
      <trkpt lat="41.9763254" lon="2.852239200000014">
        <ele>225.03880258563098</ele>
        <time>2026-08-01T08:00:40.084Z</time>
      </trkpt>
      <trkpt lat="41.976343" lon="2.852178600000002">
        <ele>225.57682858054127</ele>
        <time>2026-08-01T08:00:43.702Z</time>
      </trkpt>
      <trkpt lat="41.9763674" lon="2.8521274999999946">
        <ele>226.19961566181914</ele>
        <time>2026-08-01T08:00:47.011Z</time>
      </trkpt>
      <trkpt lat="41.9763972" lon="2.852081300000009">
        <ele>226.6129585804946</ele>
        <time>2026-08-01T08:00:50.312Z</time>
      </trkpt>
      <trkpt lat="41.9764305" lon="2.852035199999989">
        <ele>227.02603767679747</ele>
        <time>2026-08-01T08:00:53.687Z</time>
      </trkpt>
      <trkpt lat="41.9764591" lon="2.8519784000000072">
        <ele>226.92393028472512</ele>
        <time>2026-08-01T08:00:57.282Z</time>
      </trkpt>
      <trkpt lat="41.9764916" lon="2.8519344999999987">
        <ele>226.92421995687448</ele>
        <time>2026-08-01T08:01:00.314Z</time>
      </trkpt>
      <trkpt lat="41.9765252" lon="2.851890300000008">
        <ele>226.93912267918589</ele>
        <time>2026-08-01T08:01:03.487Z</time>
      </trkpt>
      <trkpt lat="41.9765554" lon="2.8518450999999914">
        <ele>226.874060321506</ele>
        <time>2026-08-01T08:01:06.026Z</time>
      </trkpt>
      <trkpt lat="41.9765909" lon="2.8517908999999975">
        <ele>226.78024594686937</ele>
        <time>2026-08-01T08:01:09.909Z</time>
      </trkpt>
      <trkpt lat="41.9766223" lon="2.851742900000005">
        <ele>226.69428142817685</ele>
        <time>2026-08-01T08:01:12.807Z</time>
      </trkpt>
      <trkpt lat="41.9766543" lon="2.851694600000002">
        <ele>226.6822812342181</ele>
        <time>2026-08-01T08:01:15.729Z</time>
      </trkpt>
      <trkpt lat="41.9766889" lon="2.8516486000000043">
        <ele>226.57090591335444</ele>
        <time>2026-08-01T08:01:18.645Z</time>
      </trkpt>
      <trkpt lat="41.9767267" lon="2.851609499999995">
        <ele>226.46846673353392</ele>
        <time>2026-08-01T08:01:21.584Z</time>
      </trkpt>
      <trkpt lat="41.9767638" lon="2.8515722999999866">
        <ele>226.29424845216838</ele>
        <time>2026-08-01T08:01:24.426Z</time>
      </trkpt>
      <trkpt lat="41.9768076" lon="2.8515375000000063">
        <ele>226.1092077371341</ele>
        <time>2026-08-01T08:01:27.389Z</time>
      </trkpt>
      <trkpt lat="41.976853" lon="2.8515047999999865">
        <ele>225.87087520896688</ele>
        <time>2026-08-01T08:01:31.167Z</time>
      </trkpt>
      <trkpt lat="41.9768908" lon="2.851472000000001">
        <ele>225.5082086956924</ele>
        <time>2026-08-01T08:01:34.130Z</time>
      </trkpt>
      <trkpt lat="41.976931" lon="2.8514409">
        <ele>225.47809981736285</ele>
        <time>2026-08-01T08:01:37.295Z</time>
      </trkpt>
      <trkpt lat="41.9769683" lon="2.851406400000002">
        <ele>225.6193053212873</ele>
        <time>2026-08-01T08:01:40.267Z</time>
      </trkpt>
      <trkpt lat="41.9770031" lon="2.851368100000002">
        <ele>225.6515102478248</ele>
        <time>2026-08-01T08:01:43.128Z</time>
      </trkpt>
      <trkpt lat="41.97704" lon="2.8513237999999888">
        <ele>225.58240613351077</ele>
        <time>2026-08-01T08:01:46.377Z</time>
      </trkpt>
      <trkpt lat="41.9770692" lon="2.8512772999999925">
        <ele>225.37468800437384</ele>
        <time>2026-08-01T08:01:49.291Z</time>
      </trkpt>
      <trkpt lat="41.9771003" lon="2.8512321000000043">
        <ele>225.11358435629333</ele>
        <time>2026-08-01T08:01:52.301Z</time>
      </trkpt>
      <trkpt lat="41.9771221" lon="2.851175699999999">
        <ele>224.7512069732677</ele>
        <time>2026-08-01T08:01:54.908Z</time>
      </trkpt>
      <trkpt lat="41.9771461" lon="2.851122199999992">
        <ele>225.11096340211353</ele>
        <time>2026-08-01T08:01:58.302Z</time>
      </trkpt>
      <trkpt lat="41.9771686" lon="2.8510685999999907">
        <ele>225.48249731335852</ele>
        <time>2026-08-01T08:02:01.064Z</time>
      </trkpt>
      <trkpt lat="41.9771987" lon="2.8510122000000138">
        <ele>225.74806854287925</ele>
        <time>2026-08-01T08:02:04.482Z</time>
      </trkpt>
      <trkpt lat="41.9772294" lon="2.8509630000000072">
        <ele>225.48884129835338</ele>
        <time>2026-08-01T08:02:06.428Z</time>
      </trkpt>
      <trkpt lat="41.9772666" lon="2.8509075000000053">
        <ele>225.05700864288696</ele>
        <time>2026-08-01T08:02:08.349Z</time>
      </trkpt>
      <trkpt lat="41.9773019" lon="2.850849199999999">
        <ele>224.78465644931038</ele>
        <time>2026-08-01T08:02:10.303Z</time>
      </trkpt>
      <trkpt lat="41.9773291" lon="2.850798999999995">
        <ele>224.50553694010236</ele>
        <time>2026-08-01T08:02:12.248Z</time>
      </trkpt>
      <trkpt lat="41.9773482" lon="2.850741499999998">
        <ele>224.36220227988414</ele>
        <time>2026-08-01T08:02:14.667Z</time>
      </trkpt>
      <trkpt lat="41.9773669" lon="2.8506801999999993">
        <ele>224.1588657319134</ele>
        <time>2026-08-01T08:02:17.328Z</time>
      </trkpt>
      <trkpt lat="41.9773818" lon="2.8506206000000134">
        <ele>223.9597551997497</ele>
        <time>2026-08-01T08:02:19.868Z</time>
      </trkpt>
      <trkpt lat="41.9773918" lon="2.8505605000000003">
        <ele>223.73313189047929</ele>
        <time>2026-08-01T08:02:23.189Z</time>
      </trkpt>
      <trkpt lat="41.9774046" lon="2.8504939999999976">
        <ele>223.41656452464773</ele>
        <time>2026-08-01T08:02:26.669Z</time>
      </trkpt>
      <trkpt lat="41.9774187" lon="2.8504365999999948">
        <ele>223.03481658759247</ele>
        <time>2026-08-01T08:02:29.965Z</time>
      </trkpt>
      <trkpt lat="41.9774359" lon="2.850377299999991">
        <ele>222.54148953743916</ele>
        <time>2026-08-01T08:02:32.789Z</time>
      </trkpt>
      <trkpt lat="41.9774494" lon="2.850314499999996">
        <ele>221.93020860610403</ele>
        <time>2026-08-01T08:02:35.685Z</time>
      </trkpt>
      <trkpt lat="41.977459" lon="2.850250200000005">
        <ele>221.2344947447978</ele>
        <time>2026-08-01T08:02:43.710Z</time>
      </trkpt>
      <trkpt lat="41.9774731" lon="2.85018740000001">
        <ele>220.39644827860926</ele>
        <time>2026-08-01T08:02:47.262Z</time>
      </trkpt>
      <trkpt lat="41.977473" lon="2.850120599999997">
        <ele>220.00218450545586</ele>
        <time>2026-08-01T08:02:50.704Z</time>
      </trkpt>
      <trkpt lat="41.9774674" lon="2.850057200000009">
        <ele>219.75207187329502</ele>
        <time>2026-08-01T08:02:53.643Z</time>
      </trkpt>
      <trkpt lat="41.9774637" lon="2.8499932">
        <ele>219.14900617160913</ele>
        <time>2026-08-01T08:02:56.588Z</time>
      </trkpt>
      <trkpt lat="41.9774565" lon="2.8499319000000014">
        <ele>218.68387869917115</ele>
        <time>2026-08-01T08:02:59.486Z</time>
      </trkpt>
      <trkpt lat="41.9774631" lon="2.8498716999999942">
        <ele>217.79800593969154</ele>
        <time>2026-08-01T08:03:02.546Z</time>
      </trkpt>
      <trkpt lat="41.9774709" lon="2.8498041">
        <ele>216.79934791069215</ele>
        <time>2026-08-01T08:03:05.809Z</time>
      </trkpt>
      <trkpt lat="41.9774933" lon="2.849750300000011">
        <ele>215.5549570942622</ele>
        <time>2026-08-01T08:03:08.665Z</time>
      </trkpt>
      <trkpt lat="41.9774948" lon="2.8496887999999956">
        <ele>214.83464522836127</ele>
        <time>2026-08-01T08:03:11.483Z</time>
      </trkpt>
      <trkpt lat="41.977502" lon="2.8496207999999967">
        <ele>213.89746235954414</ele>
        <time>2026-08-01T08:03:14.790Z</time>
      </trkpt>
      <trkpt lat="41.977512" lon="2.8495599999999968">
        <ele>212.9843542303796</ele>
        <time>2026-08-01T08:03:17.727Z</time>
      </trkpt>
      <trkpt lat="41.9775284" lon="2.8495014000000083">
        <ele>211.89870699585066</ele>
        <time>2026-08-01T08:03:20.728Z</time>
      </trkpt>
      <trkpt lat="41.9775497" lon="2.8494383000000028">
        <ele>210.4463270782326</ele>
        <time>2026-08-01T08:03:24.067Z</time>
      </trkpt>
      <trkpt lat="41.9775602" lon="2.849373799999995">
        <ele>209.27829353273862</ele>
        <time>2026-08-01T08:03:26.948Z</time>
      </trkpt>
      <trkpt lat="41.977576" lon="2.84930940000001">
        <ele>208.0707356160715</ele>
        <time>2026-08-01T08:03:30.189Z</time>
      </trkpt>
      <trkpt lat="41.9775919" lon="2.849248999999986">
        <ele>206.98870872898001</ele>
        <time>2026-08-01T08:03:32.149Z</time>
      </trkpt>
      <trkpt lat="41.9776083" lon="2.8491788999999983">
        <ele>205.79410642751137</ele>
        <time>2026-08-01T08:03:33.766Z</time>
      </trkpt>
      <trkpt lat="41.9776165" lon="2.849113299999999">
        <ele>204.79049854140047</ele>
        <time>2026-08-01T08:03:35.623Z</time>
      </trkpt>
      <trkpt lat="41.9776205" lon="2.8490461000000096">
        <ele>203.82978087928544</ele>
        <time>2026-08-01T08:03:37.944Z</time>
      </trkpt>
      <trkpt lat="41.9776197" lon="2.8489832999999862">
        <ele>202.98568345410737</ele>
        <time>2026-08-01T08:03:40.449Z</time>
      </trkpt>
      <trkpt lat="41.9776016" lon="2.8489219999999875">
        <ele>202.4637535904963</ele>
        <time>2026-08-01T08:03:43.765Z</time>
      </trkpt>
      <trkpt lat="41.9775908" lon="2.848851300000007">
        <ele>201.85135429471237</ele>
        <time>2026-08-01T08:03:47.263Z</time>
      </trkpt>
      <trkpt lat="41.977598" lon="2.8487796999999944">
        <ele>201.10429089920623</ele>
        <time>2026-08-01T08:03:50.185Z</time>
      </trkpt>
      <trkpt lat="41.9776066" lon="2.8487135999999964">
        <ele>200.43577402245228</ele>
        <time>2026-08-01T08:03:53.091Z</time>
      </trkpt>
      <trkpt lat="41.9776032" lon="2.8486508999999955">
        <ele>199.79846532681614</ele>
        <time>2026-08-01T08:03:56.304Z</time>
      </trkpt>
      <trkpt lat="41.9776015" lon="2.8485828000000026">
        <ele>199.03470813707946</ele>
        <time>2026-08-01T08:03:59.885Z</time>
      </trkpt>
      <trkpt lat="41.9776126" lon="2.848521699999992">
        <ele>198.39609430102502</ele>
        <time>2026-08-01T08:04:08.144Z</time>
      </trkpt>
      <trkpt lat="41.9776081" lon="2.8484578999999997">
        <ele>197.67621830725</ele>
        <time>2026-08-01T08:04:11.705Z</time>
      </trkpt>
      <trkpt lat="41.9776051" lon="2.848391200000009">
        <ele>196.92016480959663</ele>
        <time>2026-08-01T08:04:15.049Z</time>
      </trkpt>
      <trkpt lat="41.9776055" lon="2.848323399999998">
        <ele>196.20124300127148</ele>
        <time>2026-08-01T08:04:18.358Z</time>
      </trkpt>
      <trkpt lat="41.9776009" lon="2.848259899999988">
        <ele>195.4651991342557</ele>
        <time>2026-08-01T08:04:21.280Z</time>
      </trkpt>
      <trkpt lat="41.9775821" lon="2.848200899999995">
        <ele>194.55427335849933</ele>
        <time>2026-08-01T08:04:24.229Z</time>
      </trkpt>
      <trkpt lat="41.9775736" lon="2.848141400000003">
        <ele>193.74145759501965</ele>
        <time>2026-08-01T08:04:26.967Z</time>
      </trkpt>
      <trkpt lat="41.977574" lon="2.8480750999999884">
        <ele>193.15382379379153</ele>
        <time>2026-08-01T08:04:30.264Z</time>
      </trkpt>
      <trkpt lat="41.9775904" lon="2.848010600000009">
        <ele>192.9029942851528</ele>
        <time>2026-08-01T08:04:33.268Z</time>
      </trkpt>
      <trkpt lat="41.9776146" lon="2.847957100000002">
        <ele>192.84299426008755</ele>
        <time>2026-08-01T08:04:37.381Z</time>
      </trkpt>
      <trkpt lat="41.9776364" lon="2.847904199999988">
        <ele>192.72885464750829</ele>
        <time>2026-08-01T08:04:41.300Z</time>
      </trkpt>
      <trkpt lat="41.9776804" lon="2.8478695999999957">
        <ele>193.0756858105723</ele>
        <time>2026-08-01T08:04:44.969Z</time>
      </trkpt>
      <trkpt lat="41.9777211" lon="2.8478430000000117">
        <ele>193.41565546004733</ele>
        <time>2026-08-01T08:04:47.787Z</time>
      </trkpt>
      <trkpt lat="41.9777629" lon="2.8478196000000082">
        <ele>193.3310571547125</ele>
        <time>2026-08-01T08:04:51.318Z</time>
      </trkpt>
      <trkpt lat="41.9778029" lon="2.847787399999987">
        <ele>192.58396913773365</ele>
        <time>2026-08-01T08:04:54.272Z</time>
      </trkpt>
      <trkpt lat="41.9778385" lon="2.8477450999999974">
        <ele>191.70790618128262</ele>
        <time>2026-08-01T08:04:57.297Z</time>
      </trkpt>
      <trkpt lat="41.9778635" lon="2.847690499999999">
        <ele>190.71137654332924</ele>
        <time>2026-08-01T08:05:00.322Z</time>
      </trkpt>
      <trkpt lat="41.9778921" lon="2.8476408999999876">
        <ele>189.75811021134967</ele>
        <time>2026-08-01T08:05:03.287Z</time>
      </trkpt>
      <trkpt lat="41.9779147" lon="2.8475797000000114">
        <ele>188.66372632379642</ele>
        <time>2026-08-01T08:05:06.372Z</time>
      </trkpt>
      <trkpt lat="41.9779211" lon="2.847514700000005">
        <ele>187.65650281557097</ele>
        <time>2026-08-01T08:05:09.826Z</time>
      </trkpt>
      <trkpt lat="41.9779376" lon="2.8474584999999877">
        <ele>186.71932067181814</ele>
        <time>2026-08-01T08:05:13.008Z</time>
      </trkpt>
      <trkpt lat="41.9779698" lon="2.84741249999999">
        <ele>185.83130246829867</ele>
        <time>2026-08-01T08:05:16.167Z</time>
      </trkpt>
      <trkpt lat="41.9780099" lon="2.847368899999992">
        <ele>184.93649924081413</ele>
        <time>2026-08-01T08:05:20.049Z</time>
      </trkpt>
      <trkpt lat="41.9780485" lon="2.8473242000000027">
        <ele>184.03820132448772</ele>
        <time>2026-08-01T08:05:23.963Z</time>
      </trkpt>
      <trkpt lat="41.9780789" lon="2.8472791000000086">
        <ele>183.21450849540932</ele>
        <time>2026-08-01T08:05:27.285Z</time>
      </trkpt>
      <trkpt lat="41.9781127" lon="2.847226400000011">
        <ele>182.34925532645863</ele>
        <time>2026-08-01T08:05:30.831Z</time>
      </trkpt>
      <trkpt lat="41.9781494" lon="2.8471910000000094">
        <ele>181.75967272891322</ele>
        <time>2026-08-01T08:05:33.767Z</time>
      </trkpt>
      <trkpt lat="41.97818" lon="2.8471385">
        <ele>181.07022441087884</ele>
        <time>2026-08-01T08:05:36.607Z</time>
      </trkpt>
      <trkpt lat="41.9782021" lon="2.8470853999999974">
        <ele>180.46670860150562</ele>
        <time>2026-08-01T08:05:39.285Z</time>
      </trkpt>
      <trkpt lat="41.9782326" lon="2.8470226999999966">
        <ele>179.8285325852604</ele>
        <time>2026-08-01T08:05:42.402Z</time>
      </trkpt>
      <trkpt lat="41.9782531" lon="2.8469653999999878">
        <ele>179.24975463700224</ele>
        <time>2026-08-01T08:05:45.628Z</time>
      </trkpt>
      <trkpt lat="41.9782726" lon="2.846910600000001">
        <ele>178.68786663476337</ele>
        <time>2026-08-01T08:05:48.322Z</time>
      </trkpt>
      <trkpt lat="41.9782929" lon="2.8468507000000045">
        <ele>178.07833231928595</ele>
        <time>2026-08-01T08:05:51.128Z</time>
      </trkpt>
      <trkpt lat="41.9783138" lon="2.8467885999999964">
        <ele>177.4480173447099</ele>
        <time>2026-08-01T08:05:54.009Z</time>
      </trkpt>
      <trkpt lat="41.9783251" lon="2.846721599999995">
        <ele>176.7503399545575</ele>
        <time>2026-08-01T08:05:56.908Z</time>
      </trkpt>
      <trkpt lat="41.9783342" lon="2.846659499999987">
        <ele>175.94278572282553</ele>
        <time>2026-08-01T08:05:59.790Z</time>
      </trkpt>
      <trkpt lat="41.9783329" lon="2.8465941999999984">
        <ele>175.07050294310022</ele>
        <time>2026-08-01T08:06:02.607Z</time>
      </trkpt>
      <trkpt lat="41.9783324" lon="2.8465332000000103">
        <ele>174.25638154326168</ele>
        <time>2026-08-01T08:06:05.329Z</time>
      </trkpt>
      <trkpt lat="41.9783247" lon="2.8464697">
        <ele>173.34620369212638</ele>
        <time>2026-08-01T08:06:08.090Z</time>
      </trkpt>
      <trkpt lat="41.9783188" lon="2.846407699999986">
        <ele>172.6265389991947</ele>
        <time>2026-08-01T08:06:10.868Z</time>
      </trkpt>
      <trkpt lat="41.9783134" lon="2.8463398000000097">
        <ele>171.90878023266643</ele>
        <time>2026-08-01T08:06:14.046Z</time>
      </trkpt>
      <trkpt lat="41.9783031" lon="2.846271900000005">
        <ele>171.13350440194094</ele>
        <time>2026-08-01T08:06:17.368Z</time>
      </trkpt>
      <trkpt lat="41.9782912" lon="2.846211100000005">
        <ele>170.56801341238682</ele>
        <time>2026-08-01T08:06:20.168Z</time>
      </trkpt>
      <trkpt lat="41.9782797" lon="2.8461507000000097">
        <ele>169.92745495433618</ele>
        <time>2026-08-01T08:06:23.065Z</time>
      </trkpt>
      <trkpt lat="41.978277" lon="2.846084700000006">
        <ele>169.06853722437313</ele>
        <time>2026-08-01T08:06:26.310Z</time>
      </trkpt>
      <trkpt lat="41.9782701" lon="2.846021900000011">
        <ele>168.26097099260582</ele>
        <time>2026-08-01T08:06:29.336Z</time>
      </trkpt>
      <trkpt lat="41.9782719" lon="2.8459603999999956">
        <ele>167.44684417168497</ele>
        <time>2026-08-01T08:06:32.274Z</time>
      </trkpt>
      <trkpt lat="41.9782832" lon="2.845898500000004">
        <ele>166.60899181764094</ele>
        <time>2026-08-01T08:06:35.248Z</time>
      </trkpt>
      <trkpt lat="41.9782913" lon="2.8458358000000032">
        <ele>165.5906314503945</ele>
        <time>2026-08-01T08:06:38.108Z</time>
      </trkpt>
      <trkpt lat="41.9782954" lon="2.845770299999998">
        <ele>164.5461406526368</ele>
        <time>2026-08-01T08:06:41.338Z</time>
      </trkpt>
      <trkpt lat="41.9783081" lon="2.8457109000000003">
        <ele>163.70469705639175</ele>
        <time>2026-08-01T08:06:44.381Z</time>
      </trkpt>
      <trkpt lat="41.9783251" lon="2.8456533000000093">
        <ele>163.09188563138687</ele>
        <time>2026-08-01T08:06:47.347Z</time>
      </trkpt>
      <trkpt lat="41.9783404" lon="2.8455940000000055">
        <ele>162.6274812188353</ele>
        <time>2026-08-01T08:06:50.326Z</time>
      </trkpt>
      <trkpt lat="41.9783515" lon="2.845534299999997">
        <ele>162.32845006371403</ele>
        <time>2026-08-01T08:06:53.184Z</time>
      </trkpt>
      <trkpt lat="41.9783603" lon="2.8454737000000137">
        <ele>161.9705585124327</ele>
        <time>2026-08-01T08:06:56.107Z</time>
      </trkpt>
      <trkpt lat="41.9783687" lon="2.845412500000009">
        <ele>161.5894205149954</ele>
        <time>2026-08-01T08:06:59.126Z</time>
      </trkpt>
      <trkpt lat="41.9783806" lon="2.845351899999997">
        <ele>161.25187615583604</ele>
        <time>2026-08-01T08:07:02.169Z</time>
      </trkpt>
      <trkpt lat="41.9783936" lon="2.845291000000003">
        <ele>160.71281176025525</ele>
        <time>2026-08-01T08:07:05.327Z</time>
      </trkpt>
      <trkpt lat="41.978412" lon="2.845230700000002">
        <ele>160.2215266966925</ele>
        <time>2026-08-01T08:07:08.790Z</time>
      </trkpt>
      <trkpt lat="41.9784443" lon="2.8451848999999925">
        <ele>160.12897933952428</ele>
        <time>2026-08-01T08:07:12.358Z</time>
      </trkpt>
      <trkpt lat="41.9784889" lon="2.8451565000000016">
        <ele>160.4487413933411</ele>
        <time>2026-08-01T08:07:15.950Z</time>
      </trkpt>
      <trkpt lat="41.9785362" lon="2.845138300000002">
        <ele>160.9434418514869</ele>
        <time>2026-08-01T08:07:19.289Z</time>
      </trkpt>
      <trkpt lat="41.978583" lon="2.8451273999999955">
        <ele>161.49866020624</ele>
        <time>2026-08-01T08:07:22.644Z</time>
      </trkpt>
      <trkpt lat="41.9786278" lon="2.845134300000012">
        <ele>161.55496684165533</ele>
        <time>2026-08-01T08:07:25.583Z</time>
      </trkpt>
      <trkpt lat="41.9786752" lon="2.8451459999999997">
        <ele>161.6573037367058</ele>
        <time>2026-08-01T08:07:29.107Z</time>
      </trkpt>
      <trkpt lat="41.9787234" lon="2.845157400000005">
        <ele>161.7465797739014</ele>
        <time>2026-08-01T08:07:33.023Z</time>
      </trkpt>
      <trkpt lat="41.9787721" lon="2.8451531000000045">
        <ele>161.66627016736723</ele>
        <time>2026-08-01T08:07:37.335Z</time>
      </trkpt>
      <trkpt lat="41.9788098" lon="2.845117799999997">
        <ele>161.29083460030319</ele>
        <time>2026-08-01T08:07:41.314Z</time>
      </trkpt>
      <trkpt lat="41.9788462" lon="2.845074100000005">
        <ele>160.8574482536737</ele>
        <time>2026-08-01T08:07:45.128Z</time>
      </trkpt>
      <trkpt lat="41.9788664" lon="2.8450164999999856">
        <ele>160.01315213312554</ele>
        <time>2026-08-01T08:07:48.146Z</time>
      </trkpt>
      <trkpt lat="41.9788761" lon="2.8449560999999903">
        <ele>159.0729318641223</ele>
        <time>2026-08-01T08:07:51.206Z</time>
      </trkpt>
      <trkpt lat="41.9788875" lon="2.84489769999999">
        <ele>158.18127903847983</ele>
        <time>2026-08-01T08:07:54.205Z</time>
      </trkpt>
      <trkpt lat="41.9788923" lon="2.844834100000014">
        <ele>157.307109850514</ele>
        <time>2026-08-01T08:07:57.528Z</time>
      </trkpt>
      <trkpt lat="41.9788874" lon="2.844766099999987">
        <ele>156.40975146494466</ele>
        <time>2026-08-01T08:08:00.505Z</time>
      </trkpt>
      <trkpt lat="41.9788814" lon="2.8447001000000114">
        <ele>155.45386682384304</ele>
        <time>2026-08-01T08:08:03.947Z</time>
      </trkpt>
      <trkpt lat="41.9788743" lon="2.84463310000001">
        <ele>154.46972834933865</ele>
        <time>2026-08-01T08:08:06.868Z</time>
      </trkpt>
      <trkpt lat="41.9788653" lon="2.8445662999999968">
        <ele>153.4714297643831</ele>
        <time>2026-08-01T08:08:09.765Z</time>
      </trkpt>
      <trkpt lat="41.9788536" lon="2.8445045999999934">
        <ele>152.55143186388045</ele>
        <time>2026-08-01T08:08:12.410Z</time>
      </trkpt>
      <trkpt lat="41.9788411" lon="2.844442600000008">
        <ele>152.41338414701715</ele>
        <time>2026-08-01T08:08:15.325Z</time>
      </trkpt>
      <trkpt lat="41.9788286" lon="2.8443830999999875">
        <ele>152.30518430699357</ele>
        <time>2026-08-01T08:08:17.946Z</time>
      </trkpt>
      <trkpt lat="41.9788132" lon="2.844323800000012">
        <ele>152.22971692298415</ele>
        <time>2026-08-01T08:08:20.708Z</time>
      </trkpt>
      <trkpt lat="41.9787912" lon="2.8442698000000064">
        <ele>152.21694796700487</ele>
        <time>2026-08-01T08:08:23.666Z</time>
      </trkpt>
      <trkpt lat="41.9787699" lon="2.8442124999999976">
        <ele>152.05859356718315</ele>
        <time>2026-08-01T08:08:26.823Z</time>
      </trkpt>
      <trkpt lat="41.978754" lon="2.8441554999999994">
        <ele>151.36059663027453</ele>
        <time>2026-08-01T08:08:30.947Z</time>
      </trkpt>
      <trkpt lat="41.9787765" lon="2.844100900000001">
        <ele>150.68611227664533</ele>
        <time>2026-08-01T08:08:37.524Z</time>
      </trkpt>
      <trkpt lat="41.9788195" lon="2.8440702999999985">
        <ele>150.48183529037394</ele>
        <time>2026-08-01T08:08:41.926Z</time>
      </trkpt>
      <trkpt lat="41.9788692" lon="2.8440477000000044">
        <ele>150.44782697379944</ele>
        <time>2026-08-01T08:08:45.783Z</time>
      </trkpt>
      <trkpt lat="41.9789128" lon="2.8440313000000117">
        <ele>150.2735950078179</ele>
        <time>2026-08-01T08:08:48.849Z</time>
      </trkpt>
      <trkpt lat="41.9789609" lon="2.844018900000009">
        <ele>150.14486350683114</ele>
        <time>2026-08-01T08:08:52.210Z</time>
      </trkpt>
      <trkpt lat="41.9790061" lon="2.8440009999999916">
        <ele>150.01235612141798</ele>
        <time>2026-08-01T08:08:55.334Z</time>
      </trkpt>
      <trkpt lat="41.9790509" lon="2.8439782000000093">
        <ele>149.8888656354108</ele>
        <time>2026-08-01T08:08:58.268Z</time>
      </trkpt>
      <trkpt lat="41.979092" lon="2.843947799999995">
        <ele>149.7575502890971</ele>
        <time>2026-08-01T08:09:02.028Z</time>
      </trkpt>
      <trkpt lat="41.9791358" lon="2.843902000000014">
        <ele>149.26431494251506</ele>
        <time>2026-08-01T08:09:05.965Z</time>
      </trkpt>
      <trkpt lat="41.9791739" lon="2.843861299999986">
        <ele>148.4678875694262</ele>
        <time>2026-08-01T08:09:10.353Z</time>
      </trkpt>
      <trkpt lat="41.9792069" lon="2.8438169000000073">
        <ele>147.6836805288577</ele>
        <time>2026-08-01T08:09:13.787Z</time>
      </trkpt>
      <trkpt lat="41.9792399" lon="2.8437714000000085">
        <ele>146.91164993474283</ele>
        <time>2026-08-01T08:09:17.123Z</time>
      </trkpt>
      <trkpt lat="41.9792785" lon="2.8437264000000084">
        <ele>146.12085578823434</ele>
        <time>2026-08-01T08:09:20.083Z</time>
      </trkpt>
      <trkpt lat="41.9793127" lon="2.843683999999996">
        <ele>145.41897524788777</ele>
        <time>2026-08-01T08:09:23.287Z</time>
      </trkpt>
      <trkpt lat="41.9793497" lon="2.843642799999998">
        <ele>144.6172419852278</ele>
        <time>2026-08-01T08:09:26.044Z</time>
      </trkpt>
      <trkpt lat="41.9793871" lon="2.843600500000008">
        <ele>143.84573067592336</ele>
        <time>2026-08-01T08:09:29.028Z</time>
      </trkpt>
      <trkpt lat="41.9794209" lon="2.8435527000000036">
        <ele>143.15589473088758</ele>
        <time>2026-08-01T08:09:31.908Z</time>
      </trkpt>
      <trkpt lat="41.9794605" lon="2.8435183999999936">
        <ele>142.77288948159767</ele>
        <time>2026-08-01T08:09:35.564Z</time>
      </trkpt>
      <trkpt lat="41.9794903" lon="2.843465600000002">
        <ele>142.23398450574535</ele>
        <time>2026-08-01T08:09:39.326Z</time>
      </trkpt>
      <trkpt lat="41.9795017" lon="2.843403599999988">
        <ele>141.62203373994404</ele>
        <time>2026-08-01T08:09:43.806Z</time>
      </trkpt>
      <trkpt lat="41.9794995" lon="2.8433410000000094">
        <ele>140.2849397909748</ele>
        <time>2026-08-01T08:09:47.527Z</time>
      </trkpt>
      <trkpt lat="41.9794878" lon="2.8432752999999877">
        <ele>138.7079731760358</ele>
        <time>2026-08-01T08:09:51.363Z</time>
      </trkpt>
      <trkpt lat="41.9794794" lon="2.8432115999999894">
        <ele>137.16944463954692</ele>
        <time>2026-08-01T08:09:55.104Z</time>
      </trkpt>
      <trkpt lat="41.9794851" lon="2.843147200000004">
        <ele>135.66643223044198</ele>
        <time>2026-08-01T08:09:58.969Z</time>
      </trkpt>
      <trkpt lat="41.979501" lon="2.843089099999986">
        <ele>134.3868040193233</ele>
        <time>2026-08-01T08:10:03.162Z</time>
      </trkpt>
      <trkpt lat="41.9795316" lon="2.843041999999997">
        <ele>133.466919601951</ele>
        <time>2026-08-01T08:10:06.987Z</time>
      </trkpt>
      <trkpt lat="41.9795712" lon="2.8430031999999983">
        <ele>132.80481275111978</ele>
        <time>2026-08-01T08:10:10.308Z</time>
      </trkpt>
      <trkpt lat="41.9796041" lon="2.8429570000000126">
        <ele>131.95108962661902</ele>
        <time>2026-08-01T08:10:13.685Z</time>
      </trkpt>
      <trkpt lat="41.9796341" lon="2.8429055999999946">
        <ele>130.97837282935492</ele>
        <time>2026-08-01T08:10:17.109Z</time>
      </trkpt>
      <trkpt lat="41.9796684" lon="2.8428486999999905">
        <ele>129.9280925926622</ele>
        <time>2026-08-01T08:10:21.103Z</time>
      </trkpt>
      <trkpt lat="41.9797001" lon="2.8428016999999954">
        <ele>129.53097729613884</ele>
        <time>2026-08-01T08:10:24.317Z</time>
      </trkpt>
      <trkpt lat="41.9797306" lon="2.8427567999999894">
        <ele>129.17756565886233</ele>
        <time>2026-08-01T08:10:28.084Z</time>
      </trkpt>
      <trkpt lat="41.9797275" lon="2.8426937000000123">
        <ele>128.53679503864709</ele>
        <time>2026-08-01T08:10:31.566Z</time>
      </trkpt>
      <trkpt lat="41.9797031" lon="2.842623400000008">
        <ele>127.83294866982656</ele>
        <time>2026-08-01T08:10:35.145Z</time>
      </trkpt>
      <trkpt lat="41.979668" lon="2.842571899999996">
        <ele>127.14750316663992</ele>
        <time>2026-08-01T08:10:38.227Z</time>
      </trkpt>
      <trkpt lat="41.9796487" lon="2.8425128000000086">
        <ele>126.74927838221382</ele>
        <time>2026-08-01T08:10:41.355Z</time>
      </trkpt>
      <trkpt lat="41.9796045" lon="2.842495200000002">
        <ele>126.36348102357765</ele>
        <time>2026-08-01T08:10:44.208Z</time>
      </trkpt>
      <trkpt lat="41.9795647" lon="2.842454900000007">
        <ele>125.95743443374819</ele>
        <time>2026-08-01T08:10:47.267Z</time>
      </trkpt>
      <trkpt lat="41.9795207" lon="2.842419299999989">
        <ele>125.53903215238702</ele>
        <time>2026-08-01T08:10:50.367Z</time>
      </trkpt>
      <trkpt lat="41.979478" lon="2.842385500000006">
        <ele>125.14178778542752</ele>
        <time>2026-08-01T08:10:53.408Z</time>
      </trkpt>
      <trkpt lat="41.9794289" lon="2.842347200000006">
        <ele>124.69465997171817</ele>
        <time>2026-08-01T08:10:56.375Z</time>
      </trkpt>
      <trkpt lat="41.979389" lon="2.842316100000005">
        <ele>124.40887225659839</ele>
        <time>2026-08-01T08:10:59.430Z</time>
      </trkpt>
      <trkpt lat="41.9793508" lon="2.8422808999999916">
        <ele>124.15996399234707</ele>
        <time>2026-08-01T08:11:02.316Z</time>
      </trkpt>
      <trkpt lat="41.9793093" lon="2.842244700000009">
        <ele>124.03932776555303</ele>
        <time>2026-08-01T08:11:05.343Z</time>
      </trkpt>
      <trkpt lat="41.9792649" lon="2.8422094999999956">
        <ele>123.8766836992276</ele>
        <time>2026-08-01T08:11:08.406Z</time>
      </trkpt>
      <trkpt lat="41.9792291" lon="2.8421696000000054">
        <ele>123.73991715093199</ele>
        <time>2026-08-01T08:11:11.288Z</time>
      </trkpt>
      <trkpt lat="41.9792016" lon="2.842120399999999">
        <ele>123.63613867374839</ele>
        <time>2026-08-01T08:11:14.311Z</time>
      </trkpt>
      <trkpt lat="41.9791698" lon="2.842073599999992">
        <ele>123.4804955511147</ele>
        <time>2026-08-01T08:11:17.337Z</time>
      </trkpt>
      <trkpt lat="41.9791316" lon="2.8420366">
        <ele>123.24460243991126</ele>
        <time>2026-08-01T08:11:20.985Z</time>
      </trkpt>
      <trkpt lat="41.979106" lon="2.841982800000011">
        <ele>123.15317696343268</ele>
        <time>2026-08-01T08:11:24.130Z</time>
      </trkpt>
      <trkpt lat="41.9790967" lon="2.841918899999996">
        <ele>123.38326110807184</ele>
        <time>2026-08-01T08:11:28.162Z</time>
      </trkpt>
      <trkpt lat="41.9790744" lon="2.841861999999992">
        <ele>123.46996379146627</ele>
        <time>2026-08-01T08:11:32.405Z</time>
      </trkpt>
      <trkpt lat="41.9790491" lon="2.841805999999991">
        <ele>123.52075281192738</ele>
        <time>2026-08-01T08:11:36.702Z</time>
      </trkpt>
      <trkpt lat="41.9790452" lon="2.8417439000000115">
        <ele>123.77505258414828</ele>
        <time>2026-08-01T08:11:40.865Z</time>
      </trkpt>
      <trkpt lat="41.9790529" lon="2.8416791999999873">
        <ele>124.31185122371528</ele>
        <time>2026-08-01T08:11:44.108Z</time>
      </trkpt>
      <trkpt lat="41.9790622" lon="2.841618799999992">
        <ele>124.90490190507975</ele>
        <time>2026-08-01T08:11:47.887Z</time>
      </trkpt>
      <trkpt lat="41.9790622" lon="2.8415569000000005">
        <ele>125.42816547242091</ele>
        <time>2026-08-01T08:11:51.292Z</time>
      </trkpt>
      <trkpt lat="41.9790703" lon="2.841495699999996">
        <ele>126.02606588127175</ele>
        <time>2026-08-01T08:11:55.186Z</time>
      </trkpt>
      <trkpt lat="41.9790875" lon="2.8414372999999955">
        <ele>126.71338254382196</ele>
        <time>2026-08-01T08:12:00.027Z</time>
      </trkpt>
      <trkpt lat="41.9791051" lon="2.8413810000000126">
        <ele>127.46480806033102</ele>
        <time>2026-08-01T08:12:04.543Z</time>
      </trkpt>
      <trkpt lat="41.9791237" lon="2.8413242000000025">
        <ele>128.23421147838684</ele>
        <time>2026-08-01T08:12:10.268Z</time>
      </trkpt>
      <trkpt lat="41.9791496" lon="2.8412687000000005">
        <ele>129.08110217167757</ele>
        <time>2026-08-01T08:12:15.388Z</time>
      </trkpt>
      <trkpt lat="41.9791901" lon="2.84123790000001">
        <ele>129.84686312958166</ele>
        <time>2026-08-01T08:12:19.589Z</time>
      </trkpt>
      <trkpt lat="41.9792344" lon="2.8412183000000084">
        <ele>130.53044839236057</ele>
        <time>2026-08-01T08:12:23.348Z</time>
      </trkpt>
      <trkpt lat="41.9792818" lon="2.841202100000004">
        <ele>131.2045741305469</ele>
        <time>2026-08-01T08:12:28.069Z</time>
      </trkpt>
      <trkpt lat="41.9793276" lon="2.8411801999999966">
        <ele>131.90095006727287</ele>
        <time>2026-08-01T08:12:33.250Z</time>
      </trkpt>
      <trkpt lat="41.9793563" lon="2.841132799999997">
        <ele>132.847281929822</ele>
        <time>2026-08-01T08:12:40.276Z</time>
      </trkpt>
      <trkpt lat="41.979366" lon="2.8410730999999885">
        <ele>133.86875426416134</ele>
        <time>2026-08-01T08:12:44.787Z</time>
      </trkpt>
      <trkpt lat="41.979352" lon="2.841013000000004">
        <ele>134.58456093946367</ele>
        <time>2026-08-01T08:12:48.869Z</time>
      </trkpt>
      <trkpt lat="41.9793315" lon="2.840951600000011">
        <ele>135.17919669714001</ele>
        <time>2026-08-01T08:12:53.145Z</time>
      </trkpt>
      <trkpt lat="41.9793112" lon="2.840896200000003">
        <ele>135.63602082996468</ele>
        <time>2026-08-01T08:12:56.268Z</time>
      </trkpt>
      <trkpt lat="41.9792835" lon="2.84083720000001">
        <ele>135.65376582215157</ele>
        <time>2026-08-01T08:13:00.422Z</time>
      </trkpt>
      <trkpt lat="41.9792569" lon="2.8407780999999943">
        <ele>135.5630729983369</ele>
        <time>2026-08-01T08:13:03.584Z</time>
      </trkpt>
      <trkpt lat="41.9792401" lon="2.8407192999999893">
        <ele>135.59364104070406</ele>
        <time>2026-08-01T08:13:07.187Z</time>
      </trkpt>
      <trkpt lat="41.9792278" lon="2.8406479999999874">
        <ele>135.74754728585887</ele>
        <time>2026-08-01T08:13:10.845Z</time>
      </trkpt>
      <trkpt lat="41.9792263" lon="2.8405773000000067">
        <ele>135.97830838755948</ele>
        <time>2026-08-01T08:13:14.889Z</time>
      </trkpt>
      <trkpt lat="41.9792284" lon="2.8405103000000054">
        <ele>136.13414684530358</ele>
        <time>2026-08-01T08:13:18.266Z</time>
      </trkpt>
      <trkpt lat="41.9792339" lon="2.8404478999999867">
        <ele>136.36875983654375</ele>
        <time>2026-08-01T08:13:21.404Z</time>
      </trkpt>
      <trkpt lat="41.9792411" lon="2.840377200000006">
        <ele>136.65838668747952</ele>
        <time>2026-08-01T08:13:24.928Z</time>
      </trkpt>
      <trkpt lat="41.9792436" lon="2.8403107000000034">
        <ele>136.66113189782047</ele>
        <time>2026-08-01T08:13:28.308Z</time>
      </trkpt>
      <trkpt lat="41.979259" lon="2.8402531000000124">
        <ele>136.72758342410341</ele>
        <time>2026-08-01T08:13:31.410Z</time>
      </trkpt>
      <trkpt lat="41.9792769" lon="2.8401885000000107">
        <ele>136.80563822292595</ele>
        <time>2026-08-01T08:13:34.771Z</time>
      </trkpt>
      <trkpt lat="41.9792847" lon="2.8401216999999974">
        <ele>136.61543889801294</ele>
        <time>2026-08-01T08:13:38.085Z</time>
      </trkpt>
      <trkpt lat="41.9792989" lon="2.8400569000000075">
        <ele>136.58233507132246</ele>
        <time>2026-08-01T08:13:41.383Z</time>
      </trkpt>
      <trkpt lat="41.9793208" lon="2.840000599999996">
        <ele>136.40976175251078</ele>
        <time>2026-08-01T08:13:44.387Z</time>
      </trkpt>
      <trkpt lat="41.9793449" lon="2.8399492000000066">
        <ele>136.3044366243275</ele>
        <time>2026-08-01T08:13:47.365Z</time>
      </trkpt>
      <trkpt lat="41.9793702" lon="2.839891999999992">
        <ele>136.11262441843692</ele>
        <time>2026-08-01T08:13:50.808Z</time>
      </trkpt>
      <trkpt lat="41.9793888" lon="2.839831800000013">
        <ele>135.70157552370927</ele>
        <time>2026-08-01T08:13:53.924Z</time>
      </trkpt>
      <trkpt lat="41.9794111" lon="2.8397742999999878">
        <ele>135.37148875953736</ele>
        <time>2026-08-01T08:13:57.305Z</time>
      </trkpt>
      <trkpt lat="41.9794401" lon="2.8397222000000113">
        <ele>135.02015858694986</ele>
        <time>2026-08-01T08:14:01.104Z</time>
      </trkpt>
      <trkpt lat="41.9794709" lon="2.8396748000000116">
        <ele>134.77689307458394</ele>
        <time>2026-08-01T08:14:04.163Z</time>
      </trkpt>
      <trkpt lat="41.979502" lon="2.8396299999999997">
        <ele>134.66073041893677</ele>
        <time>2026-08-01T08:14:07.394Z</time>
      </trkpt>
      <trkpt lat="41.9795272" lon="2.839572699999991">
        <ele>134.45443229265737</ele>
        <time>2026-08-01T08:14:10.945Z</time>
      </trkpt>
      <trkpt lat="41.9795367" lon="2.8395087000000103">
        <ele>134.04938115165757</ele>
        <time>2026-08-01T08:14:14.345Z</time>
      </trkpt>
      <trkpt lat="41.9795402" lon="2.839447299999989">
        <ele>133.8623791697374</ele>
        <time>2026-08-01T08:14:17.543Z</time>
      </trkpt>
      <trkpt lat="41.9795553" lon="2.8393900000000087">
        <ele>133.98021831695178</ele>
        <time>2026-08-01T08:14:21.187Z</time>
      </trkpt>
      <trkpt lat="41.9795772" lon="2.8393269999999973">
        <ele>134.29819978659154</ele>
        <time>2026-08-01T08:14:25.304Z</time>
      </trkpt>
      <trkpt lat="41.9795963" lon="2.8392722000000106">
        <ele>134.6563891544077</ele>
        <time>2026-08-01T08:14:28.867Z</time>
      </trkpt>
      <trkpt lat="41.9796192" lon="2.8392139999999984">
        <ele>135.16008427399498</ele>
        <time>2026-08-01T08:14:32.394Z</time>
      </trkpt>
      <trkpt lat="41.9796397" lon="2.8391598999999985">
        <ele>135.45446965056254</ele>
        <time>2026-08-01T08:14:35.745Z</time>
      </trkpt>
      <trkpt lat="41.9796674" lon="2.8391077999999936">
        <ele>135.91436677297034</ele>
        <time>2026-08-01T08:14:39.387Z</time>
      </trkpt>
      <trkpt lat="41.9796966" lon="2.839056599999992">
        <ele>136.33665415736667</ele>
        <time>2026-08-01T08:14:43.189Z</time>
      </trkpt>
      <trkpt lat="41.9797211" lon="2.839004799999998">
        <ele>136.2796803559508</ele>
        <time>2026-08-01T08:14:47.412Z</time>
      </trkpt>
      <trkpt lat="41.9797525" lon="2.838954699999988">
        <ele>136.4365072521511</ele>
        <time>2026-08-01T08:14:52.344Z</time>
      </trkpt>
      <trkpt lat="41.9797833" lon="2.838903899999991">
        <ele>137.02835237531573</ele>
        <time>2026-08-01T08:14:56.744Z</time>
      </trkpt>
      <trkpt lat="41.97982" lon="2.8388663000000065">
        <ele>137.71889252518406</ele>
        <time>2026-08-01T08:15:01.069Z</time>
      </trkpt>
      <trkpt lat="41.9798542" lon="2.8388248999999917">
        <ele>138.43203290490501</ele>
        <time>2026-08-01T08:15:04.728Z</time>
      </trkpt>
      <trkpt lat="41.9798691" lon="2.8387626999999895">
        <ele>139.09024720436165</ele>
        <time>2026-08-01T08:15:08.906Z</time>
      </trkpt>
      <trkpt lat="41.979876" lon="2.8387016000000074">
        <ele>139.6509526309698</ele>
        <time>2026-08-01T08:15:12.245Z</time>
      </trkpt>
      <trkpt lat="41.979872" lon="2.838633499999986">
        <ele>140.3506653502668</ele>
        <time>2026-08-01T08:15:15.905Z</time>
      </trkpt>
      <trkpt lat="41.9798586" lon="2.83857119999999">
        <ele>141.16773555168686</ele>
        <time>2026-08-01T08:15:19.188Z</time>
      </trkpt>
      <trkpt lat="41.9798402" lon="2.838508499999989">
        <ele>142.0524315582429</ele>
        <time>2026-08-01T08:15:23.063Z</time>
      </trkpt>
      <trkpt lat="41.9798135" lon="2.838454799999994">
        <ele>142.87935039814468</ele>
        <time>2026-08-01T08:15:26.706Z</time>
      </trkpt>
      <trkpt lat="41.9797731" lon="2.838421699999998">
        <ele>143.44668125442692</ele>
        <time>2026-08-01T08:15:30.503Z</time>
      </trkpt>
      <trkpt lat="41.9797264" lon="2.8384034999999983">
        <ele>143.82406755337192</ele>
        <time>2026-08-01T08:15:34.381Z</time>
      </trkpt>
      <trkpt lat="41.9796799" lon="2.8384043000000077">
        <ele>143.79789692747786</ele>
        <time>2026-08-01T08:15:37.883Z</time>
      </trkpt>
      <trkpt lat="41.9796341" lon="2.8384222999999906">
        <ele>143.29055097819997</ele>
        <time>2026-08-01T08:15:41.086Z</time>
      </trkpt>
      <trkpt lat="41.9795916" lon="2.8384485999999924">
        <ele>142.532788626613</ele>
        <time>2026-08-01T08:15:44.316Z</time>
      </trkpt>
      <trkpt lat="41.9795462" lon="2.838464899999991">
        <ele>141.9935376430754</ele>
        <time>2026-08-01T08:15:47.267Z</time>
      </trkpt>
      <trkpt lat="41.9794968" lon="2.838476700000001">
        <ele>141.53957667757223</ele>
        <time>2026-08-01T08:15:51.246Z</time>
      </trkpt>
      <trkpt lat="41.9794435" lon="2.8384900000000073">
        <ele>141.0040686921898</ele>
        <time>2026-08-01T08:15:54.684Z</time>
      </trkpt>
      <trkpt lat="41.9793989" lon="2.8385020999999995">
        <ele>140.6405291630808</ele>
        <time>2026-08-01T08:15:58.330Z</time>
      </trkpt>
      <trkpt lat="41.9793538" lon="2.8385121000000026">
        <ele>140.57240971702356</ele>
        <time>2026-08-01T08:16:01.357Z</time>
      </trkpt>
      <trkpt lat="41.9793101" lon="2.8385292000000106">
        <ele>140.30985288499443</ele>
        <time>2026-08-01T08:16:04.385Z</time>
      </trkpt>
      <trkpt lat="41.9792635" lon="2.8385346000000027">
        <ele>140.4145171191567</ele>
        <time>2026-08-01T08:16:07.570Z</time>
      </trkpt>
      <trkpt lat="41.9792164" lon="2.838525500000003">
        <ele>140.9210251588862</ele>
        <time>2026-08-01T08:16:11.063Z</time>
      </trkpt>
      <trkpt lat="41.9791709" lon="2.8385102000000018">
        <ele>141.56617741716343</ele>
        <time>2026-08-01T08:16:14.404Z</time>
      </trkpt>
      <trkpt lat="41.9791223" lon="2.8384909000000107">
        <ele>142.1834111189988</ele>
        <time>2026-08-01T08:16:17.891Z</time>
      </trkpt>
      <trkpt lat="41.979078" lon="2.8384795999999994">
        <ele>142.31453877834784</ele>
        <time>2026-08-01T08:16:20.886Z</time>
      </trkpt>
      <trkpt lat="41.9790251" lon="2.8384749999999883">
        <ele>142.23250024502968</ele>
        <time>2026-08-01T08:16:23.849Z</time>
      </trkpt>
      <trkpt lat="41.9789778" lon="2.838467900000012">
        <ele>142.20260743362203</ele>
        <time>2026-08-01T08:16:27.245Z</time>
      </trkpt>
      <trkpt lat="41.9789292" lon="2.8384642999999983">
        <ele>142.08012041148172</ele>
        <time>2026-08-01T08:16:30.248Z</time>
      </trkpt>
      <trkpt lat="41.978883" lon="2.838459599999993">
        <ele>141.97233712827244</ele>
        <time>2026-08-01T08:16:33.309Z</time>
      </trkpt>
      <trkpt lat="41.9788379" lon="2.8384533999999917">
        <ele>141.8710542911153</ele>
        <time>2026-08-01T08:16:36.330Z</time>
      </trkpt>
      <trkpt lat="41.9787907" lon="2.838446900000008">
        <ele>141.7476459468095</ele>
        <time>2026-08-01T08:16:39.326Z</time>
      </trkpt>
      <trkpt lat="41.9787452" lon="2.838436999999999">
        <ele>141.66754525968145</ele>
        <time>2026-08-01T08:16:42.362Z</time>
      </trkpt>
      <trkpt lat="41.9786998" lon="2.8384291000000132">
        <ele>141.54766880618152</ele>
        <time>2026-08-01T08:16:45.287Z</time>
      </trkpt>
      <trkpt lat="41.9786547" lon="2.838414599999993">
        <ele>141.49555945814714</ele>
        <time>2026-08-01T08:16:48.250Z</time>
      </trkpt>
      <trkpt lat="41.9786127" lon="2.8383824000000004">
        <ele>141.57947294266066</ele>
        <time>2026-08-01T08:16:51.270Z</time>
      </trkpt>
      <trkpt lat="41.9785792" lon="2.8383316999999977">
        <ele>141.11754585189237</ele>
        <time>2026-08-01T08:16:55.306Z</time>
      </trkpt>
      <trkpt lat="41.9785546" lon="2.8382747999999935">
        <ele>140.13891927660563</ele>
        <time>2026-08-01T08:16:59.969Z</time>
      </trkpt>
      <trkpt lat="41.9785592" lon="2.8382105000000024">
        <ele>139.90212769136582</ele>
        <time>2026-08-01T08:17:04.344Z</time>
      </trkpt>
      <trkpt lat="41.9785815" lon="2.8381524000000127">
        <ele>140.40112346987993</ele>
        <time>2026-08-01T08:17:08.336Z</time>
      </trkpt>
      <trkpt lat="41.9786223" lon="2.8381120999999894">
        <ele>141.24586635008976</ele>
        <time>2026-08-01T08:17:12.848Z</time>
      </trkpt>
      <trkpt lat="41.9786703" lon="2.838107199999996">
        <ele>142.4469833609027</ele>
        <time>2026-08-01T08:17:16.228Z</time>
      </trkpt>
      <trkpt lat="41.9787155" lon="2.8381028999999955">
        <ele>143.5826737210361</ele>
        <time>2026-08-01T08:17:20.327Z</time>
      </trkpt>
      <trkpt lat="41.9787605" lon="2.838088099999993">
        <ele>144.73061817600893</ele>
        <time>2026-08-01T08:17:25.068Z</time>
      </trkpt>
      <trkpt lat="41.9788089" lon="2.8380783000000065">
        <ele>146.00952059608628</ele>
        <time>2026-08-01T08:17:30.203Z</time>
      </trkpt>
      <trkpt lat="41.9788594" lon="2.838074199999994">
        <ele>147.35802462622075</ele>
        <time>2026-08-01T08:17:35.331Z</time>
      </trkpt>
      <trkpt lat="41.9789047" lon="2.8380659999999978">
        <ele>148.08422611596797</ele>
        <time>2026-08-01T08:17:40.292Z</time>
      </trkpt>
      <trkpt lat="41.9789494" lon="2.838039699999996">
        <ele>148.97257081153762</ele>
        <time>2026-08-01T08:17:45.027Z</time>
      </trkpt>
      <trkpt lat="41.9789912" lon="2.838017000000008">
        <ele>149.87489808920813</ele>
        <time>2026-08-01T08:17:50.267Z</time>
      </trkpt>
      <trkpt lat="41.9790095" lon="2.837959799999993">
        <ele>150.78484517856342</ele>
        <time>2026-08-01T08:17:55.310Z</time>
      </trkpt>
      <trkpt lat="41.9790327" lon="2.83790350000001">
        <ele>151.88154093010343</ele>
        <time>2026-08-01T08:18:00.743Z</time>
      </trkpt>
      <trkpt lat="41.979053" lon="2.837843200000009">
        <ele>153.06620800371277</ele>
        <time>2026-08-01T08:18:04.388Z</time>
      </trkpt>
      <trkpt lat="41.9790638" lon="2.837782599999997">
        <ele>153.37403440036434</ele>
        <time>2026-08-01T08:18:07.767Z</time>
      </trkpt>
      <trkpt lat="41.9790728" lon="2.837721899999991">
        <ele>153.4763010751623</ele>
        <time>2026-08-01T08:18:10.842Z</time>
      </trkpt>
      <trkpt lat="41.9790815" lon="2.837658199999993">
        <ele>153.5970277413688</ele>
        <time>2026-08-01T08:18:13.829Z</time>
      </trkpt>
      <trkpt lat="41.979093" lon="2.83759409999999">
        <ele>153.84208166180576</ele>
        <time>2026-08-01T08:18:16.743Z</time>
      </trkpt>
      <trkpt lat="41.979102" lon="2.837530799999996">
        <ele>153.81647186694303</ele>
        <time>2026-08-01T08:18:19.729Z</time>
      </trkpt>
      <trkpt lat="41.9791122" lon="2.8374662999999885">
        <ele>153.34420561362643</ele>
        <time>2026-08-01T08:18:22.787Z</time>
      </trkpt>
      <trkpt lat="41.9791246" lon="2.8374072000000012">
        <ele>152.95892711964513</ele>
        <time>2026-08-01T08:18:25.671Z</time>
      </trkpt>
      <trkpt lat="41.9791315" lon="2.837333599999994">
        <ele>152.18431222551115</ele>
        <time>2026-08-01T08:18:28.768Z</time>
      </trkpt>
      <trkpt lat="41.9791405" lon="2.8372714999999857">
        <ele>151.65548162979067</ele>
        <time>2026-08-01T08:18:32.170Z</time>
      </trkpt>
      <trkpt lat="41.9791422" lon="2.837209400000006">
        <ele>151.87338118437776</ele>
        <time>2026-08-01T08:18:35.085Z</time>
      </trkpt>
      <trkpt lat="41.9791367" lon="2.837143800000007">
        <ele>151.8788711347702</ele>
        <time>2026-08-01T08:18:38.354Z</time>
      </trkpt>
      <trkpt lat="41.9791284" lon="2.8370827999999904">
        <ele>151.84417244252697</ele>
        <time>2026-08-01T08:18:40.968Z</time>
      </trkpt>
      <trkpt lat="41.9791154" lon="2.8370218999999963">
        <ele>151.6929515009728</ele>
        <time>2026-08-01T08:18:44.346Z</time>
      </trkpt>
      <trkpt lat="41.9790958" lon="2.836965499999991">
        <ele>151.50885271235492</ele>
        <time>2026-08-01T08:18:47.206Z</time>
      </trkpt>
      <trkpt lat="41.9790683" lon="2.8369083000000046">
        <ele>151.22163145675177</ele>
        <time>2026-08-01T08:18:50.167Z</time>
      </trkpt>
      <trkpt lat="41.9790429" lon="2.836855899999989">
        <ele>150.90916505003958</ele>
        <time>2026-08-01T08:18:52.728Z</time>
      </trkpt>
      <trkpt lat="41.9790173" lon="2.8368011000000024">
        <ele>150.56375682821275</ele>
        <time>2026-08-01T08:18:55.747Z</time>
      </trkpt>
      <trkpt lat="41.9789982" lon="2.8367422999999974">
        <ele>150.38204909446605</ele>
        <time>2026-08-01T08:18:58.709Z</time>
      </trkpt>
      <trkpt lat="41.9789826" lon="2.836680300000012">
        <ele>150.35355983215595</ele>
        <time>2026-08-01T08:19:01.664Z</time>
      </trkpt>
      <trkpt lat="41.978975" lon="2.8366202999999928">
        <ele>150.5889924769924</ele>
        <time>2026-08-01T08:19:04.610Z</time>
      </trkpt>
      <trkpt lat="41.9789667" lon="2.836559099999988">
        <ele>150.82587174872205</ele>
        <time>2026-08-01T08:19:07.564Z</time>
      </trkpt>
      <trkpt lat="41.9789579" lon="2.836499400000008">
        <ele>151.05049140087314</ele>
        <time>2026-08-01T08:19:10.503Z</time>
      </trkpt>
      <trkpt lat="41.9789615" lon="2.836439200000001">
        <ele>151.6077824797179</ele>
        <time>2026-08-01T08:19:13.466Z</time>
      </trkpt>
      <trkpt lat="41.9789713" lon="2.8363792000000103">
        <ele>152.30949189872123</ele>
        <time>2026-08-01T08:19:16.445Z</time>
      </trkpt>
      <trkpt lat="41.9789909" lon="2.836316199999999">
        <ele>153.21442773025151</ele>
        <time>2026-08-01T08:19:19.888Z</time>
      </trkpt>
      <trkpt lat="41.9790117" lon="2.8362596999999994">
        <ele>154.0314313517234</ele>
        <time>2026-08-01T08:19:23.266Z</time>
      </trkpt>
      <trkpt lat="41.9790307" lon="2.8361983000000066">
        <ele>154.77611504752923</ele>
        <time>2026-08-01T08:19:26.806Z</time>
      </trkpt>
      <trkpt lat="41.9790591" lon="2.836145700000003">
        <ele>155.63478277486976</ele>
        <time>2026-08-01T08:19:30.344Z</time>
      </trkpt>
      <trkpt lat="41.9790985" lon="2.8360997000000054">
        <ele>156.64342252393132</ele>
        <time>2026-08-01T08:19:34.227Z</time>
      </trkpt>
      <trkpt lat="41.9791396" lon="2.83607090000001">
        <ele>157.39411579540607</ele>
        <time>2026-08-01T08:19:37.564Z</time>
      </trkpt>
      <trkpt lat="41.9791831" lon="2.8360460000000103">
        <ele>157.68267293806423</ele>
        <time>2026-08-01T08:19:41.063Z</time>
      </trkpt>
      <trkpt lat="41.9792261" lon="2.836025400000011">
        <ele>157.92365707546696</ele>
        <time>2026-08-01T08:19:44.386Z</time>
      </trkpt>
      <trkpt lat="41.9792747" lon="2.836016900000004">
        <ele>158.1095988043971</ele>
        <time>2026-08-01T08:19:47.869Z</time>
      </trkpt>
      <trkpt lat="41.9793241" lon="2.836007499999994">
        <ele>158.2912041865738</ele>
        <time>2026-08-01T08:19:51.224Z</time>
      </trkpt>
      <trkpt lat="41.9793686" lon="2.835992800000014">
        <ele>158.46407708058516</ele>
        <time>2026-08-01T08:19:54.309Z</time>
      </trkpt>
      <trkpt lat="41.9794117" lon="2.8359735999999884">
        <ele>158.62903699961745</ele>
        <time>2026-08-01T08:19:56.963Z</time>
      </trkpt>
      <trkpt lat="41.9794572" lon="2.835953200000006">
        <ele>158.4357740165419</ele>
        <time>2026-08-01T08:20:00.405Z</time>
      </trkpt>
      <trkpt lat="41.979501" lon="2.835934000000009">
        <ele>158.22782797402536</ele>
        <time>2026-08-01T08:20:03.328Z</time>
      </trkpt>
      <trkpt lat="41.9795463" lon="2.835914400000007">
        <ele>158.02661356990578</ele>
        <time>2026-08-01T08:20:06.288Z</time>
      </trkpt>
      <trkpt lat="41.9795901" lon="2.8358953000000042">
        <ele>157.84673237116598</ele>
        <time>2026-08-01T08:20:09.326Z</time>
      </trkpt>
      <trkpt lat="41.9796325" lon="2.8358705999999927">
        <ele>157.7033487189261</ele>
        <time>2026-08-01T08:20:12.564Z</time>
      </trkpt>
      <trkpt lat="41.9796772" lon="2.8358360999999945">
        <ele>157.55734105867415</ele>
        <time>2026-08-01T08:20:16.048Z</time>
      </trkpt>
      <trkpt lat="41.9797185" lon="2.8358030999999926">
        <ele>157.31571301467176</ele>
        <time>2026-08-01T08:20:19.362Z</time>
      </trkpt>
      <trkpt lat="41.9797571" lon="2.835765500000008">
        <ele>157.0911172498368</ele>
        <time>2026-08-01T08:20:22.366Z</time>
      </trkpt>
      <trkpt lat="41.9797964" lon="2.835727200000008">
        <ele>156.91267194658428</ele>
        <time>2026-08-01T08:20:26.208Z</time>
      </trkpt>
      <trkpt lat="41.9798358" lon="2.8356957999999963">
        <ele>156.74725838263564</ele>
        <time>2026-08-01T08:20:29.319Z</time>
      </trkpt>
      <trkpt lat="41.9798774" lon="2.8356708000000026">
        <ele>156.5685701883776</ele>
        <time>2026-08-01T08:20:32.687Z</time>
      </trkpt>
      <trkpt lat="41.9799252" lon="2.8356561999999883">
        <ele>156.30985493447835</ele>
        <time>2026-08-01T08:20:36.608Z</time>
      </trkpt>
      <trkpt lat="41.9799762" lon="2.8356523999999865">
        <ele>155.9404735344273</ele>
        <time>2026-08-01T08:20:40.302Z</time>
      </trkpt>
      <trkpt lat="41.9800218" lon="2.8356588999999985">
        <ele>155.225398086636</ele>
        <time>2026-08-01T08:20:43.443Z</time>
      </trkpt>
      <trkpt lat="41.9800675" lon="2.835664400000013">
        <ele>154.49672306678642</ele>
        <time>2026-08-01T08:20:46.365Z</time>
      </trkpt>
      <trkpt lat="41.9801133" lon="2.8356699999999933">
        <ele>153.7452744320074</ele>
        <time>2026-08-01T08:20:49.329Z</time>
      </trkpt>
      <trkpt lat="41.9801606" lon="2.8356727999999976">
        <ele>152.9929079959906</ele>
        <time>2026-08-01T08:20:52.284Z</time>
      </trkpt>
      <trkpt lat="41.9802097" lon="2.835671700000006">
        <ele>152.2691125377464</ele>
        <time>2026-08-01T08:20:55.725Z</time>
      </trkpt>
      <trkpt lat="41.9802626" lon="2.8356708999999967">
        <ele>151.75582130892576</ele>
        <time>2026-08-01T08:20:59.184Z</time>
      </trkpt>
      <trkpt lat="41.9803147" lon="2.8356746000000044">
        <ele>152.0483026129847</ele>
        <time>2026-08-01T08:21:03.165Z</time>
      </trkpt>
      <trkpt lat="41.9803614" lon="2.8356774000000087">
        <ele>152.32153606388007</ele>
        <time>2026-08-01T08:21:06.570Z</time>
      </trkpt>
      <trkpt lat="41.9804085" lon="2.8356793000000096">
        <ele>152.61498310056956</ele>
        <time>2026-08-01T08:21:10.345Z</time>
      </trkpt>
      <trkpt lat="41.9804591" lon="2.835677099999998">
        <ele>153.00578241133607</ele>
        <time>2026-08-01T08:21:14.025Z</time>
      </trkpt>
      <trkpt lat="41.9805049" lon="2.8356699999999933">
        <ele>153.44699443259552</ele>
        <time>2026-08-01T08:21:16.868Z</time>
      </trkpt>
      <trkpt lat="41.9805563" lon="2.8356679999999983">
        <ele>153.91377772224547</ele>
        <time>2026-08-01T08:21:20.049Z</time>
      </trkpt>
      <trkpt lat="41.980606" lon="2.8356669000000068">
        <ele>154.41253493021495</ele>
        <time>2026-08-01T08:21:23.353Z</time>
      </trkpt>
      <trkpt lat="41.9806523" lon="2.8356656999999927">
        <ele>154.87784631782588</ele>
        <time>2026-08-01T08:21:26.425Z</time>
      </trkpt>
      <trkpt lat="41.9807006" lon="2.8356660999999974">
        <ele>155.33808022797487</ele>
        <time>2026-08-01T08:21:29.965Z</time>
      </trkpt>
      <trkpt lat="41.9807479" lon="2.835670300000004">
        <ele>155.74029929179622</ele>
        <time>2026-08-01T08:21:33.304Z</time>
      </trkpt>
      <trkpt lat="41.9807933" lon="2.835670599999986">
        <ele>156.17856337854764</ele>
        <time>2026-08-01T08:21:36.268Z</time>
      </trkpt>
      <trkpt lat="41.9808385" lon="2.835670399999998">
        <ele>156.4331574825692</ele>
        <time>2026-08-01T08:21:39.305Z</time>
      </trkpt>
      <trkpt lat="41.9808843" lon="2.8356641999999965">
        <ele>156.67486128534816</ele>
        <time>2026-08-01T08:21:42.205Z</time>
      </trkpt>
      <trkpt lat="41.980932" lon="2.8356569999999977">
        <ele>156.92540891586245</ele>
        <time>2026-08-01T08:21:45.007Z</time>
      </trkpt>
      <trkpt lat="41.9809778" lon="2.835650600000008">
        <ele>157.15197097257374</ele>
        <time>2026-08-01T08:21:47.563Z</time>
      </trkpt>
      <trkpt lat="41.9810277" lon="2.8356411000000037">
        <ele>157.41110709066845</ele>
        <time>2026-08-01T08:21:50.266Z</time>
      </trkpt>
      <trkpt lat="41.9810741" lon="2.83563190000001">
        <ele>157.64286114447702</ele>
        <time>2026-08-01T08:21:52.850Z</time>
      </trkpt>
      <trkpt lat="41.9811187" lon="2.835623499999997">
        <ele>157.857066863587</ele>
        <time>2026-08-01T08:21:55.366Z</time>
      </trkpt>
      <trkpt lat="41.9811693" lon="2.8356124000000023">
        <ele>158.11347458366902</ele>
        <time>2026-08-01T08:21:58.289Z</time>
      </trkpt>
      <trkpt lat="41.9812189" lon="2.8356031000000144">
        <ele>158.36257866232208</ele>
        <time>2026-08-01T08:22:01.230Z</time>
      </trkpt>
      <trkpt lat="41.9812665" lon="2.835592200000008">
        <ele>158.6508569247725</ele>
        <time>2026-08-01T08:22:03.585Z</time>
      </trkpt>
      <trkpt lat="41.9813147" lon="2.835580499999992">
        <ele>158.9275691855299</ele>
        <time>2026-08-01T08:22:07.062Z</time>
      </trkpt>
      <trkpt lat="41.9813619" lon="2.8355623999999864">
        <ele>159.24144714488554</ele>
        <time>2026-08-01T08:22:09.963Z</time>
      </trkpt>
      <trkpt lat="41.9814079" lon="2.835538799999995">
        <ele>159.46807188402417</ele>
        <time>2026-08-01T08:22:12.927Z</time>
      </trkpt>
      <trkpt lat="41.9814523" lon="2.835517600000003">
        <ele>159.6509267862874</ele>
        <time>2026-08-01T08:22:15.786Z</time>
      </trkpt>
      <trkpt lat="41.9814972" lon="2.8355015999999864">
        <ele>159.77097408850193</ele>
        <time>2026-08-01T08:22:18.743Z</time>
      </trkpt>
      <trkpt lat="41.9815451" lon="2.835490099999987">
        <ele>159.83851477684476</ele>
        <time>2026-08-01T08:22:22.083Z</time>
      </trkpt>
      <trkpt lat="41.9815936" lon="2.8354835000000094">
        <ele>159.8571825888152</ele>
        <time>2026-08-01T08:22:25.030Z</time>
      </trkpt>
      <trkpt lat="41.9816429" lon="2.835474299999987">
        <ele>159.8760580193169</ele>
        <time>2026-08-01T08:22:27.962Z</time>
      </trkpt>
      <trkpt lat="41.981691" lon="2.8354632999999865">
        <ele>159.59706173900915</ele>
        <time>2026-08-01T08:22:30.903Z</time>
      </trkpt>
      <trkpt lat="41.9817376" lon="2.835444899999999">
        <ele>159.46360306599635</ele>
        <time>2026-08-01T08:22:33.827Z</time>
      </trkpt>
      <trkpt lat="41.9817821" lon="2.835430699999989">
        <ele>159.36235673901766</ele>
        <time>2026-08-01T08:22:36.744Z</time>
      </trkpt>
      <trkpt lat="41.9818291" lon="2.8354203000000098">
        <ele>159.24454601832352</ele>
        <time>2026-08-01T08:22:39.684Z</time>
      </trkpt>
      <trkpt lat="41.9818844" lon="2.8354084999999998">
        <ele>159.15469403824594</ele>
        <time>2026-08-01T08:22:43.184Z</time>
      </trkpt>
      <trkpt lat="41.981936" lon="2.8353985999999907">
        <ele>158.9089436119392</ele>
        <time>2026-08-01T08:22:47.102Z</time>
      </trkpt>
      <trkpt lat="41.9819866" lon="2.8353826999999967">
        <ele>158.41550741607975</ele>
        <time>2026-08-01T08:22:50.003Z</time>
      </trkpt>
      <trkpt lat="41.98203" lon="2.835364800000008">
        <ele>158.08320415677903</ele>
        <time>2026-08-01T08:22:53.289Z</time>
      </trkpt>
      <trkpt lat="41.9820768" lon="2.835341199999988">
        <ele>157.81863449014145</ele>
        <time>2026-08-01T08:22:56.308Z</time>
      </trkpt>
      <trkpt lat="41.9821175" lon="2.8353092000000117">
        <ele>157.81898852165378</ele>
        <time>2026-08-01T08:22:59.225Z</time>
      </trkpt>
      <trkpt lat="41.9821703" lon="2.83528179999999">
        <ele>157.70263129020847</ele>
        <time>2026-08-01T08:23:02.845Z</time>
      </trkpt>
      <trkpt lat="41.982215" lon="2.835266499999989">
        <ele>157.6731914870107</ele>
        <time>2026-08-01T08:23:07.964Z</time>
      </trkpt>
      <trkpt lat="41.9822601" lon="2.835238299999986">
        <ele>158.13363530391192</ele>
        <time>2026-08-01T08:23:12.826Z</time>
      </trkpt>
      <trkpt lat="41.982296" lon="2.835199100000011">
        <ele>158.8278854168889</ele>
        <time>2026-08-01T08:23:16.290Z</time>
      </trkpt>
      <trkpt lat="41.9823411" lon="2.835173900000001">
        <ele>159.06239308499482</ele>
        <time>2026-08-01T08:23:19.730Z</time>
      </trkpt>
      <trkpt lat="41.9823881" lon="2.8351499000000047">
        <ele>159.1880491055687</ele>
        <time>2026-08-01T08:23:23.270Z</time>
      </trkpt>
      <trkpt lat="41.9824356" lon="2.835121500000014">
        <ele>159.3226997919081</ele>
        <time>2026-08-01T08:23:26.769Z</time>
      </trkpt>
      <trkpt lat="41.9824805" lon="2.835092199999991">
        <ele>159.46394648903924</ele>
        <time>2026-08-01T08:23:30.366Z</time>
      </trkpt>
      <trkpt lat="41.9825236" lon="2.83506220000001">
        <ele>159.97115023045285</ele>
        <time>2026-08-01T08:23:34.065Z</time>
      </trkpt>
      <trkpt lat="41.9825638" lon="2.8350341999999955">
        <ele>160.6074212460185</ele>
        <time>2026-08-01T08:23:37.267Z</time>
      </trkpt>
      <trkpt lat="41.9826134" lon="2.834996799999999">
        <ele>161.60074797164523</ele>
        <time>2026-08-01T08:23:41.142Z</time>
      </trkpt>
      <trkpt lat="41.9826536" lon="2.834953899999988">
        <ele>162.67664900605547</ele>
        <time>2026-08-01T08:23:44.268Z</time>
      </trkpt>
      <trkpt lat="41.9826849" lon="2.8349019999999996">
        <ele>163.93625438841323</ele>
        <time>2026-08-01T08:23:47.887Z</time>
      </trkpt>
      <trkpt lat="41.9827163" lon="2.834845300000012">
        <ele>165.2404402742355</ele>
        <time>2026-08-01T08:23:51.271Z</time>
      </trkpt>
      <trkpt lat="41.9827396" lon="2.8347923000000037">
        <ele>166.42292618939857</ele>
        <time>2026-08-01T08:23:55.128Z</time>
      </trkpt>
      <trkpt lat="41.9827645" lon="2.8347372000000064">
        <ele>167.91025065825318</ele>
        <time>2026-08-01T08:23:58.748Z</time>
      </trkpt>
      <trkpt lat="41.9827954" lon="2.8346865000000037">
        <ele>169.23516026912577</ele>
        <time>2026-08-01T08:24:02.373Z</time>
      </trkpt>
      <trkpt lat="41.9828216" lon="2.8346348999999975">
        <ele>170.50740364192865</ele>
        <time>2026-08-01T08:24:05.668Z</time>
      </trkpt>
      <trkpt lat="41.9828463" lon="2.834581700000001">
        <ele>171.72029901529106</ele>
        <time>2026-08-01T08:24:09.324Z</time>
      </trkpt>
      <trkpt lat="41.9828645" lon="2.834521300000006">
        <ele>173.15494287014386</ele>
        <time>2026-08-01T08:24:12.963Z</time>
      </trkpt>
      <trkpt lat="41.982879" lon="2.8344634999999982">
        <ele>174.3045886388569</ele>
        <time>2026-08-01T08:24:16.275Z</time>
      </trkpt>
      <trkpt lat="41.9829025" lon="2.834408599999989">
        <ele>175.00203011319766</ele>
        <time>2026-08-01T08:24:19.303Z</time>
      </trkpt>
      <trkpt lat="41.9829251" lon="2.8343551000000105">
        <ele>175.73766197278488</ele>
        <time>2026-08-01T08:24:23.464Z</time>
      </trkpt>
      <trkpt lat="41.9829485" lon="2.834302000000008">
        <ele>176.49639903258276</ele>
        <time>2026-08-01T08:24:27.725Z</time>
      </trkpt>
      <trkpt lat="41.9829666" lon="2.8342413999999962">
        <ele>177.5835826719501</ele>
        <time>2026-08-01T08:24:31.302Z</time>
      </trkpt>
      <trkpt lat="41.9829928" lon="2.834183700000011">
        <ele>178.0058830417489</ele>
        <time>2026-08-01T08:24:34.150Z</time>
      </trkpt>
      <trkpt lat="41.9830264" lon="2.834139399999998">
        <ele>177.83859119376382</ele>
        <time>2026-08-01T08:24:37.609Z</time>
      </trkpt>
      <trkpt lat="41.9830627" lon="2.8340995000000078">
        <ele>177.18205018627748</ele>
        <time>2026-08-01T08:24:41.003Z</time>
      </trkpt>
      <trkpt lat="41.9831007" lon="2.8340597000000116">
        <ele>176.53560543041658</ele>
        <time>2026-08-01T08:24:44.751Z</time>
      </trkpt>
      <trkpt lat="41.9831356" lon="2.8340188999999896">
        <ele>176.1491150000835</ele>
        <time>2026-08-01T08:24:48.117Z</time>
      </trkpt>
      <trkpt lat="41.9831723" lon="2.8339783000000125">
        <ele>175.8692298759337</ele>
        <time>2026-08-01T08:24:51.245Z</time>
      </trkpt>
      <trkpt lat="41.9832077" lon="2.833939500000014">
        <ele>175.74464007083552</ele>
        <time>2026-08-01T08:24:54.667Z</time>
      </trkpt>
      <trkpt lat="41.9832468" lon="2.833902099999989">
        <ele>175.31869823814347</ele>
        <time>2026-08-01T08:24:58.662Z</time>
      </trkpt>
      <trkpt lat="41.9832788" lon="2.8338463000000047">
        <ele>175.32877868703102</ele>
        <time>2026-08-01T08:25:02.844Z</time>
      </trkpt>
      <trkpt lat="41.9833124" lon="2.833798300000012">
        <ele>175.3347518220213</ele>
        <time>2026-08-01T08:25:07.278Z</time>
      </trkpt>
      <trkpt lat="41.9833477" lon="2.8337549999999965">
        <ele>175.21544437076062</ele>
        <time>2026-08-01T08:25:10.765Z</time>
      </trkpt>
      <trkpt lat="41.9833842" lon="2.833710400000001">
        <ele>175.25198273070248</ele>
        <time>2026-08-01T08:25:15.225Z</time>
      </trkpt>
      <trkpt lat="41.9834226" lon="2.8336631999999895">
        <ele>175.47368504554072</ele>
        <time>2026-08-01T08:25:20.144Z</time>
      </trkpt>
      <trkpt lat="41.9834677" lon="2.8336385000000064">
        <ele>174.89101657349653</ele>
        <time>2026-08-01T08:25:24.083Z</time>
      </trkpt>
      <trkpt lat="41.9835136" lon="2.8336352000000034">
        <ele>174.23264848587573</ele>
        <time>2026-08-01T08:25:27.844Z</time>
      </trkpt>
      <trkpt lat="41.9835533" lon="2.8336057999999866">
        <ele>173.69756767111463</ele>
        <time>2026-08-01T08:25:31.002Z</time>
      </trkpt>
      <trkpt lat="41.983596" lon="2.8335723000000144">
        <ele>173.1694288222145</ele>
        <time>2026-08-01T08:25:33.983Z</time>
      </trkpt>
      <trkpt lat="41.9836373" lon="2.8335473999999863">
        <ele>172.67871452001643</ele>
        <time>2026-08-01T08:25:36.289Z</time>
      </trkpt>
      <trkpt lat="41.9836811" lon="2.833517999999998">
        <ele>172.32149080751304</ele>
        <time>2026-08-01T08:25:38.989Z</time>
      </trkpt>
      <trkpt lat="41.9837263" lon="2.8334804000000133">
        <ele>172.19751565923633</ele>
        <time>2026-08-01T08:25:41.970Z</time>
      </trkpt>
      <trkpt lat="41.9837713" lon="2.833453700000007">
        <ele>172.14208739038716</ele>
        <time>2026-08-01T08:25:44.965Z</time>
      </trkpt>
      <trkpt lat="41.9838193" lon="2.8334354000000133">
        <ele>172.08240327044655</ele>
        <time>2026-08-01T08:25:47.905Z</time>
      </trkpt>
      <trkpt lat="41.983867" lon="2.833422899999988">
        <ele>172.02036621089673</ele>
        <time>2026-08-01T08:25:50.908Z</time>
      </trkpt>
      <trkpt lat="41.9839116" lon="2.8334041999999897">
        <ele>172.0178289300909</ele>
        <time>2026-08-01T08:25:52.967Z</time>
      </trkpt>
      <trkpt lat="41.9839559" lon="2.833383800000007">
        <ele>172.13124327349422</ele>
        <time>2026-08-01T08:25:56.363Z</time>
      </trkpt>
      <trkpt lat="41.984009" lon="2.833360599999992">
        <ele>171.94962758871702</ele>
        <time>2026-08-01T08:25:59.368Z</time>
      </trkpt>
      <trkpt lat="41.9840547" lon="2.8333382000000142">
        <ele>171.83181529023759</ele>
        <time>2026-08-01T08:26:03.245Z</time>
      </trkpt>
      <trkpt lat="41.9840998" lon="2.8333120000000065">
        <ele>171.8495638712962</ele>
        <time>2026-08-01T08:26:06.209Z</time>
      </trkpt>
      <trkpt lat="41.9841446" lon="2.833295700000008">
        <ele>171.86642116555</ele>
        <time>2026-08-01T08:26:09.345Z</time>
      </trkpt>
      <trkpt lat="41.9841852" lon="2.833268099999998">
        <ele>171.74438190935368</ele>
        <time>2026-08-01T08:26:11.969Z</time>
      </trkpt>
      <trkpt lat="41.9842297" lon="2.8332451999999932">
        <ele>171.6329205818657</ele>
        <time>2026-08-01T08:26:14.965Z</time>
      </trkpt>
      <trkpt lat="41.9842713" lon="2.8332182000000046">
        <ele>171.73399172701272</ele>
        <time>2026-08-01T08:26:17.695Z</time>
      </trkpt>
      <trkpt lat="41.9843159" lon="2.833182999999991">
        <ele>172.11121617515516</ele>
        <time>2026-08-01T08:26:20.366Z</time>
      </trkpt>
      <trkpt lat="41.984349" lon="2.8331388999999945">
        <ele>172.91315678051512</ele>
        <time>2026-08-01T08:26:23.283Z</time>
      </trkpt>
      <trkpt lat="41.9843882" lon="2.8330934999999897">
        <ele>173.74707007410458</ele>
        <time>2026-08-01T08:26:26.206Z</time>
      </trkpt>
      <trkpt lat="41.9844286" lon="2.8330601000000115">
        <ele>173.85915847326237</ele>
        <time>2026-08-01T08:26:29.106Z</time>
      </trkpt>
      <trkpt lat="41.9844675" lon="2.8330171000000064">
        <ele>173.6824450677383</ele>
        <time>2026-08-01T08:26:32.343Z</time>
      </trkpt>
      <trkpt lat="41.9845033" lon="2.8329728999999872">
        <ele>173.68585617681305</ele>
        <time>2026-08-01T08:26:35.323Z</time>
      </trkpt>
      <trkpt lat="41.984533" lon="2.832917100000003">
        <ele>174.00699751967272</ele>
        <time>2026-08-01T08:26:38.783Z</time>
      </trkpt>
      <trkpt lat="41.9845617" lon="2.8328697999999974">
        <ele>174.3580018531547</ele>
        <time>2026-08-01T08:26:41.682Z</time>
      </trkpt>
      <trkpt lat="41.9845748" lon="2.8328105999999877">
        <ele>174.86886828495315</ele>
        <time>2026-08-01T08:26:44.589Z</time>
      </trkpt>
      <trkpt lat="41.9845967" lon="2.8327535999999895">
        <ele>174.74726031746894</ele>
        <time>2026-08-01T08:26:47.529Z</time>
      </trkpt>
      <trkpt lat="41.9846043" lon="2.8326940000000036">
        <ele>174.7258279028308</ele>
        <time>2026-08-01T08:26:50.328Z</time>
      </trkpt>
      <trkpt lat="41.9846423" lon="2.8326504999999997">
        <ele>174.79102333673947</ele>
        <time>2026-08-01T08:26:53.048Z</time>
      </trkpt>
      <trkpt lat="41.9846861" lon="2.832618200000013">
        <ele>174.97270652713885</ele>
        <time>2026-08-01T08:26:56.230Z</time>
      </trkpt>
      <trkpt lat="41.984727" lon="2.8325882000000036">
        <ele>174.60141721995922</ele>
        <time>2026-08-01T08:26:59.343Z</time>
      </trkpt>
      <trkpt lat="41.984773" lon="2.8325949999999978">
        <ele>173.62537076460032</ele>
        <time>2026-08-01T08:27:02.327Z</time>
      </trkpt>
      <trkpt lat="41.9848186" lon="2.8326054000000056">
        <ele>172.6182952483065</ele>
        <time>2026-08-01T08:27:05.148Z</time>
      </trkpt>
      <trkpt lat="41.9848634" lon="2.83259799999999">
        <ele>171.74313277891682</ele>
        <time>2026-08-01T08:27:09.429Z</time>
      </trkpt>
      <trkpt lat="41.9849074" lon="2.8325641000000132">
        <ele>171.1349123939455</ele>
        <time>2026-08-01T08:27:12.748Z</time>
      </trkpt>
      <trkpt lat="41.9849362" lon="2.8325068000000044">
        <ele>170.9621446878213</ele>
        <time>2026-08-01T08:27:15.129Z</time>
      </trkpt>
      <trkpt lat="41.9849759" lon="2.832466299999993">
        <ele>170.53806339903366</ele>
        <time>2026-08-01T08:27:18.028Z</time>
      </trkpt>
      <trkpt lat="41.9850213" lon="2.8324306000000092">
        <ele>169.4879175912299</ele>
        <time>2026-08-01T08:27:21.333Z</time>
      </trkpt>
      <trkpt lat="41.9850712" lon="2.8323971000000085">
        <ele>168.33616818070738</ele>
        <time>2026-08-01T08:27:24.366Z</time>
      </trkpt>
      <trkpt lat="41.9851171" lon="2.832365699999997">
        <ele>167.3708136447572</ele>
        <time>2026-08-01T08:27:28.242Z</time>
      </trkpt>
      <trkpt lat="41.9851605" lon="2.8323402000000044">
        <ele>166.48377039708487</ele>
        <time>2026-08-01T08:27:31.230Z</time>
      </trkpt>
      <trkpt lat="41.985204" lon="2.8323067000000037">
        <ele>165.77079335826852</ele>
        <time>2026-08-01T08:27:35.146Z</time>
      </trkpt>
      <trkpt lat="41.9852375" lon="2.8322620000000143">
        <ele>165.55890423627773</ele>
        <time>2026-08-01T08:27:38.069Z</time>
      </trkpt>
      <trkpt lat="41.9852678" lon="2.8322115999999937">
        <ele>165.64080233593097</ele>
        <time>2026-08-01T08:27:41.318Z</time>
      </trkpt>
      <trkpt lat="41.9852951" lon="2.8321545999999955">
        <ele>165.9723273586045</ele>
        <time>2026-08-01T08:27:44.302Z</time>
      </trkpt>
      <trkpt lat="41.9853237" lon="2.832096699999994">
        <ele>166.2667830232537</ele>
        <time>2026-08-01T08:27:47.788Z</time>
      </trkpt>
      <trkpt lat="41.9853448" lon="2.832037200000002">
        <ele>166.71313619738757</ele>
        <time>2026-08-01T08:27:51.128Z</time>
      </trkpt>
      <trkpt lat="41.9853603" lon="2.831980200000004">
        <ele>167.1806987323814</ele>
        <time>2026-08-01T08:27:54.525Z</time>
      </trkpt>
      <trkpt lat="41.9853781" lon="2.8319178000000136">
        <ele>167.38900367179338</ele>
        <time>2026-08-01T08:27:58.289Z</time>
      </trkpt>
      <trkpt lat="41.9853935" lon="2.8318610000000035">
        <ele>167.55082524574803</ele>
        <time>2026-08-01T08:28:01.590Z</time>
      </trkpt>
      <trkpt lat="41.9854065" lon="2.8317989999999895">
        <ele>167.77624458480224</ele>
        <time>2026-08-01T08:28:04.971Z</time>
      </trkpt>
      <trkpt lat="41.9854289" lon="2.8317439999999863">
        <ele>167.6505981067792</ele>
        <time>2026-08-01T08:28:08.845Z</time>
      </trkpt>
      <trkpt lat="41.9854534" lon="2.831692299999986">
        <ele>167.20509218903868</ele>
        <time>2026-08-01T08:28:12.586Z</time>
      </trkpt>
      <trkpt lat="41.9854552" lon="2.831626699999987">
        <ele>167.03040110919076</ele>
        <time>2026-08-01T08:28:15.845Z</time>
      </trkpt>
      <trkpt lat="41.9854609" lon="2.8315623999999957">
        <ele>166.78191889879554</ele>
        <time>2026-08-01T08:28:19.129Z</time>
      </trkpt>
      <trkpt lat="41.985483" lon="2.8315014000000076">
        <ele>166.2469723283131</ele>
        <time>2026-08-01T08:28:21.868Z</time>
      </trkpt>
      <trkpt lat="41.9855104" lon="2.831451500000014">
        <ele>165.7244726648987</ele>
        <time>2026-08-01T08:28:25.025Z</time>
      </trkpt>
      <trkpt lat="41.9855459" lon="2.831414300000006">
        <ele>164.74507000723213</ele>
        <time>2026-08-01T08:28:29.244Z</time>
      </trkpt>
      <trkpt lat="41.9855836" lon="2.831373500000012">
        <ele>163.06281835813112</ele>
        <time>2026-08-01T08:28:32.047Z</time>
      </trkpt>
      <trkpt lat="41.9856197" lon="2.8313320000000033">
        <ele>161.5518486899021</ele>
        <time>2026-08-01T08:28:36.244Z</time>
      </trkpt>
      <trkpt lat="41.9856548" lon="2.8312845000000095">
        <ele>160.1578818911689</ele>
        <time>2026-08-01T08:28:39.967Z</time>
      </trkpt>
      <trkpt lat="41.9856876" lon="2.83123470000001">
        <ele>158.95364289350837</ele>
        <time>2026-08-01T08:28:42.802Z</time>
      </trkpt>
      <trkpt lat="41.9857204" lon="2.831188999999995">
        <ele>157.8959450604088</ele>
        <time>2026-08-01T08:28:45.991Z</time>
      </trkpt>
      <trkpt lat="41.985756" lon="2.831145300000003">
        <ele>156.82526331659074</ele>
        <time>2026-08-01T08:28:49.625Z</time>
      </trkpt>
      <trkpt lat="41.9857918" lon="2.8310993999999994">
        <ele>155.54567656809186</ele>
        <time>2026-08-01T08:28:52.828Z</time>
      </trkpt>
      <trkpt lat="41.9858254" lon="2.831056200000006">
        <ele>154.30734691326444</ele>
        <time>2026-08-01T08:28:57.024Z</time>
      </trkpt>
      <trkpt lat="41.9858613" lon="2.8310108999999954">
        <ele>152.88771522136287</ele>
        <time>2026-08-01T08:29:01.186Z</time>
      </trkpt>
      <trkpt lat="41.9858987" lon="2.830974900000001">
        <ele>151.58229371626908</ele>
        <time>2026-08-01T08:29:05.448Z</time>
      </trkpt>
      <trkpt lat="41.9859436" lon="2.8309591999999952">
        <ele>150.24781559897957</ele>
        <time>2026-08-01T08:29:10.102Z</time>
      </trkpt>
      <trkpt lat="41.9859886" lon="2.8309448999999915">
        <ele>148.95901919069397</ele>
        <time>2026-08-01T08:29:14.283Z</time>
      </trkpt>
      <trkpt lat="41.9860096" lon="2.8308892999999955">
        <ele>148.25720417330663</ele>
        <time>2026-08-01T08:29:17.487Z</time>
      </trkpt>
      <trkpt lat="41.986041" lon="2.830843299999998">
        <ele>147.1423893908898</ele>
        <time>2026-08-01T08:29:20.763Z</time>
      </trkpt>
      <trkpt lat="41.9860881" lon="2.830816199999987">
        <ele>145.76696332873104</ele>
        <time>2026-08-01T08:29:25.185Z</time>
      </trkpt>
      <trkpt lat="41.9861283" lon="2.83078230000001">
        <ele>144.35387530355774</ele>
        <time>2026-08-01T08:29:29.340Z</time>
      </trkpt>
      <trkpt lat="41.9861602" lon="2.8307298000000003">
        <ele>143.045979739374</ele>
        <time>2026-08-01T08:29:32.990Z</time>
      </trkpt>
      <trkpt lat="41.9861846" lon="2.8306723000000034">
        <ele>141.942513404185</ele>
        <time>2026-08-01T08:29:36.843Z</time>
      </trkpt>
      <trkpt lat="41.9862056" lon="2.830618500000014">
        <ele>140.9843814737962</ele>
        <time>2026-08-01T08:29:40.729Z</time>
      </trkpt>
      <trkpt lat="41.9862264" lon="2.830563600000005">
        <ele>140.00583004714153</ele>
        <time>2026-08-01T08:29:44.370Z</time>
      </trkpt>
      <trkpt lat="41.9862557" lon="2.8305138000000056">
        <ele>138.87170981966807</ele>
        <time>2026-08-01T08:29:47.963Z</time>
      </trkpt>
      <trkpt lat="41.9862858" lon="2.830461000000014">
        <ele>137.76054457403922</ele>
        <time>2026-08-01T08:29:51.323Z</time>
      </trkpt>
      <trkpt lat="41.9863227" lon="2.8304014999999936">
        <ele>136.52187897808912</ele>
        <time>2026-08-01T08:29:54.350Z</time>
      </trkpt>
      <trkpt lat="41.9863561" lon="2.8303476000000103">
        <ele>135.48134215900586</ele>
        <time>2026-08-01T08:29:58.304Z</time>
      </trkpt>
      <trkpt lat="41.9863922" lon="2.830308699999989">
        <ele>134.38305548251557</ele>
        <time>2026-08-01T08:30:00.266Z</time>
      </trkpt>
      <trkpt lat="41.9864195" lon="2.8302592999999945">
        <ele>133.57850440431767</ele>
        <time>2026-08-01T08:30:03.320Z</time>
      </trkpt>
      <trkpt lat="41.9864505" lon="2.830214500000011">
        <ele>132.8351872977688</ele>
        <time>2026-08-01T08:30:05.983Z</time>
      </trkpt>
      <trkpt lat="41.986491" lon="2.830166399999996">
        <ele>132.0623234573957</ele>
        <time>2026-08-01T08:30:08.906Z</time>
      </trkpt>
      <trkpt lat="41.9865177" lon="2.830108700000011">
        <ele>131.79070595168983</ele>
        <time>2026-08-01T08:30:11.805Z</time>
      </trkpt>
      <trkpt lat="41.9865554" lon="2.83006180000001">
        <ele>131.46504592219793</ele>
        <time>2026-08-01T08:30:14.689Z</time>
      </trkpt>
      <trkpt lat="41.9865835" lon="2.8300140000000056">
        <ele>131.0691004670312</ele>
        <time>2026-08-01T08:30:17.603Z</time>
      </trkpt>
      <trkpt lat="41.9866187" lon="2.829957900000011">
        <ele>130.343974741336</ele>
        <time>2026-08-01T08:30:21.265Z</time>
      </trkpt>
      <trkpt lat="41.9866554" lon="2.8299084999999877">
        <ele>129.61872116305355</ele>
        <time>2026-08-01T08:30:24.725Z</time>
      </trkpt>
      <trkpt lat="41.9866759" lon="2.8298479000000043">
        <ele>128.9356670318815</ele>
        <time>2026-08-01T08:30:27.624Z</time>
      </trkpt>
      <trkpt lat="41.9866956" lon="2.829784100000012">
        <ele>128.34946941966976</ele>
        <time>2026-08-01T08:30:31.042Z</time>
      </trkpt>
      <trkpt lat="41.9867399" lon="2.8297523999999896">
        <ele>127.41657814254857</ele>
        <time>2026-08-01T08:30:34.350Z</time>
      </trkpt>
      <trkpt lat="41.986776" lon="2.8297101">
        <ele>126.52436481297538</ele>
        <time>2026-08-01T08:30:38.169Z</time>
      </trkpt>
      <trkpt lat="41.9868046" lon="2.8296608999999933">
        <ele>125.78112111711552</ele>
        <time>2026-08-01T08:30:41.510Z</time>
      </trkpt>
      <trkpt lat="41.9868414" lon="2.8296100000000024">
        <ele>124.96458024500951</ele>
        <time>2026-08-01T08:30:44.785Z</time>
      </trkpt>
      <trkpt lat="41.9868751" lon="2.829562199999998">
        <ele>124.27999702252187</ele>
        <time>2026-08-01T08:30:47.685Z</time>
      </trkpt>
      <trkpt lat="41.9868916" lon="2.8294984999999997">
        <ele>123.83305998413248</ele>
        <time>2026-08-01T08:30:50.968Z</time>
      </trkpt>
      <trkpt lat="41.9869065" lon="2.829437899999988">
        <ele>123.95919973775443</ele>
        <time>2026-08-01T08:30:54.227Z</time>
      </trkpt>
      <trkpt lat="41.986929" lon="2.8293805000000134">
        <ele>124.16025004769526</ele>
        <time>2026-08-01T08:30:57.630Z</time>
      </trkpt>
      <trkpt lat="41.9869476" lon="2.8293237999999974">
        <ele>124.16154479209536</ele>
        <time>2026-08-01T08:31:00.905Z</time>
      </trkpt>
      <trkpt lat="41.9869731" lon="2.8292690000000107">
        <ele>123.89583851563256</ele>
        <time>2026-08-01T08:31:04.227Z</time>
      </trkpt>
      <trkpt lat="41.9870055" lon="2.8292228999999907">
        <ele>123.29202588130762</ele>
        <time>2026-08-01T08:31:07.339Z</time>
      </trkpt>
      <trkpt lat="41.9870322" lon="2.8291725999999926">
        <ele>122.70750570745479</ele>
        <time>2026-08-01T08:31:10.249Z</time>
      </trkpt>
      <trkpt lat="41.9870623" lon="2.8291246">
        <ele>121.9843996235826</ele>
        <time>2026-08-01T08:31:13.278Z</time>
      </trkpt>
      <trkpt lat="41.9870862" lon="2.8290718000000084">
        <ele>121.46284172157033</ele>
        <time>2026-08-01T08:31:16.305Z</time>
      </trkpt>
      <trkpt lat="41.9871051" lon="2.829012799999987">
        <ele>121.11078871283519</ele>
        <time>2026-08-01T08:31:19.488Z</time>
      </trkpt>
      <trkpt lat="41.9871205" lon="2.828947900000003">
        <ele>120.88359720716637</ele>
        <time>2026-08-01T08:31:22.845Z</time>
      </trkpt>
      <trkpt lat="41.9871325" lon="2.8288868999999863">
        <ele>120.82496261607325</ele>
        <time>2026-08-01T08:31:25.808Z</time>
      </trkpt>
      <trkpt lat="41.9871433" lon="2.8288214000000096">
        <ele>120.91972344931959</ele>
        <time>2026-08-01T08:31:28.748Z</time>
      </trkpt>
      <trkpt lat="41.9871554" lon="2.8287575999999888">
        <ele>121.05479158524439</ele>
        <time>2026-08-01T08:31:31.303Z</time>
      </trkpt>
      <trkpt lat="41.9871648" lon="2.828692999999987">
        <ele>121.31734870290288</ele>
        <time>2026-08-01T08:31:34.665Z</time>
      </trkpt>
      <trkpt lat="41.9871701" lon="2.8286311999999896">
        <ele>121.59678346685314</ele>
        <time>2026-08-01T08:31:37.588Z</time>
      </trkpt>
      <trkpt lat="41.9871757" lon="2.8285662000000116">
        <ele>121.75671964086361</ele>
        <time>2026-08-01T08:31:40.607Z</time>
      </trkpt>
      <trkpt lat="41.987182" lon="2.828505699999994">
        <ele>121.93034478390975</ele>
        <time>2026-08-01T08:31:43.266Z</time>
      </trkpt>
      <trkpt lat="41.987191" lon="2.828442499999994">
        <ele>122.14357771380503</ele>
        <time>2026-08-01T08:31:46.068Z</time>
      </trkpt>
      <trkpt lat="41.987202" lon="2.8283790000000124">
        <ele>122.41268508513235</ele>
        <time>2026-08-01T08:31:49.009Z</time>
      </trkpt>
      <trkpt lat="41.9872267" lon="2.8283222999999964">
        <ele>121.43906330033988</ele>
        <time>2026-08-01T08:31:52.343Z</time>
      </trkpt>
      <trkpt lat="41.9872641" lon="2.8282826999999884">
        <ele>119.82843347253713</ele>
        <time>2026-08-01T08:31:56.310Z</time>
      </trkpt>
      <trkpt lat="41.9872813" lon="2.8282236999999952">
        <ele>119.2727845833968</ele>
        <time>2026-08-01T08:31:59.809Z</time>
      </trkpt>
      <trkpt lat="41.9872943" lon="2.828161899999998">
        <ele>118.97780544502179</ele>
        <time>2026-08-01T08:32:04.087Z</time>
      </trkpt>
      <trkpt lat="41.9873322" lon="2.828114999999997">
        <ele>117.7428850271312</ele>
        <time>2026-08-01T08:32:09.027Z</time>
      </trkpt>
      <trkpt lat="41.9873772" lon="2.8281015999999966">
        <ele>116.14965158629762</ele>
        <time>2026-08-01T08:32:11.446Z</time>
      </trkpt>
      <trkpt lat="41.9874096" lon="2.8280559000000096">
        <ele>115.45763970232672</ele>
        <time>2026-08-01T08:32:14.988Z</time>
      </trkpt>
      <trkpt lat="41.9874381" lon="2.8280024000000026">
        <ele>115.06466404026463</ele>
        <time>2026-08-01T08:32:18.344Z</time>
      </trkpt>
      <trkpt lat="41.9874593" lon="2.8279454999999984">
        <ele>115.00940312015497</ele>
        <time>2026-08-01T08:32:21.325Z</time>
      </trkpt>
      <trkpt lat="41.9874739" lon="2.827885699999996">
        <ele>115.24766570081349</ele>
        <time>2026-08-01T08:32:24.264Z</time>
      </trkpt>
      <trkpt lat="41.9874973" lon="2.827819699999992">
        <ele>115.13211481619027</ele>
        <time>2026-08-01T08:32:27.764Z</time>
      </trkpt>
      <trkpt lat="41.9875215" lon="2.827765400000004">
        <ele>114.16904394880689</ele>
        <time>2026-08-01T08:32:31.701Z</time>
      </trkpt>
      <trkpt lat="41.9875454" lon="2.8277048999999863">
        <ele>113.35663422241072</ele>
        <time>2026-08-01T08:32:35.044Z</time>
      </trkpt>
      <trkpt lat="41.987563" lon="2.8276486999999975">
        <ele>112.91922294073451</ele>
        <time>2026-08-01T08:32:37.927Z</time>
      </trkpt>
      <trkpt lat="41.9875813" lon="2.8275913999999887">
        <ele>112.5894204453094</ele>
        <time>2026-08-01T08:32:40.844Z</time>
      </trkpt>
      <trkpt lat="41.9876064" lon="2.8275298000000078">
        <ele>112.19168739636217</ele>
        <time>2026-08-01T08:32:44.207Z</time>
      </trkpt>
      <trkpt lat="41.9876244" lon="2.827470599999998">
        <ele>111.83479109494945</ele>
        <time>2026-08-01T08:32:47.289Z</time>
      </trkpt>
      <trkpt lat="41.9876436" lon="2.8274121999999977">
        <ele>111.54668891188446</ele>
        <time>2026-08-01T08:32:50.344Z</time>
      </trkpt>
      <trkpt lat="41.9876663" lon="2.8273513000000037">
        <ele>111.3049841707443</ele>
        <time>2026-08-01T08:32:53.245Z</time>
      </trkpt>
      <trkpt lat="41.987688" lon="2.827292099999994">
        <ele>111.19594452207726</ele>
        <time>2026-08-01T08:32:56.665Z</time>
      </trkpt>
      <trkpt lat="41.9877108" lon="2.8272354000000064">
        <ele>111.01797172497935</ele>
        <time>2026-08-01T08:32:59.289Z</time>
      </trkpt>
      <trkpt lat="41.9877339" lon="2.8271747999999945">
        <ele>110.67839445220335</ele>
        <time>2026-08-01T08:33:02.947Z</time>
      </trkpt>
      <trkpt lat="41.9877564" lon="2.8271138000000064">
        <ele>110.3657904368365</ele>
        <time>2026-08-01T08:33:06.305Z</time>
      </trkpt>
      <trkpt lat="41.9877784" lon="2.8270517999999925">
        <ele>109.63564804945814</ele>
        <time>2026-08-01T08:33:09.268Z</time>
      </trkpt>
      <trkpt lat="41.9877964" lon="2.826994500000012">
        <ele>109.01260656594378</ele>
        <time>2026-08-01T08:33:12.247Z</time>
      </trkpt>
      <trkpt lat="41.9878202" lon="2.8269349999999918">
        <ele>107.86716086539391</ele>
        <time>2026-08-01T08:33:15.604Z</time>
      </trkpt>
      <trkpt lat="41.9878451" lon="2.8268640000000005">
        <ele>106.58613884097666</ele>
        <time>2026-08-01T08:33:19.363Z</time>
      </trkpt>
      <trkpt lat="41.987857" lon="2.826798300000007">
        <ele>105.8286902512926</ele>
        <time>2026-08-01T08:33:22.278Z</time>
      </trkpt>
      <trkpt lat="41.9878789" lon="2.826743399999998">
        <ele>104.86799759059497</ele>
        <time>2026-08-01T08:33:25.306Z</time>
      </trkpt>
      <trkpt lat="41.987898" lon="2.8266795000000116">
        <ele>104.02364472271897</ele>
        <time>2026-08-01T08:33:28.265Z</time>
      </trkpt>
      <trkpt lat="41.9879108" lon="2.826618499999995">
        <ele>103.41832684784912</ele>
        <time>2026-08-01T08:33:31.785Z</time>
      </trkpt>
      <trkpt lat="41.9879215" lon="2.826557600000001">
        <ele>102.87323129614114</ele>
        <time>2026-08-01T08:33:35.109Z</time>
      </trkpt>
      <trkpt lat="41.9879308" lon="2.826496700000007">
        <ele>102.36789566460125</ele>
        <time>2026-08-01T08:33:38.730Z</time>
      </trkpt>
      <trkpt lat="41.9879404" lon="2.826434599999999">
        <ele>101.84833640885489</ele>
        <time>2026-08-01T08:33:42.744Z</time>
      </trkpt>
      <trkpt lat="41.9879567" lon="2.8263661000000013">
        <ele>101.79810816775925</ele>
        <time>2026-08-01T08:33:47.245Z</time>
      </trkpt>
      <trkpt lat="41.9879689" lon="2.826293800000002">
        <ele>102.090486825387</ele>
        <time>2026-08-01T08:33:51.065Z</time>
      </trkpt>
      <trkpt lat="41.9879585" lon="2.826225800000003">
        <ele>102.84965144190109</ele>
        <time>2026-08-01T08:33:55.102Z</time>
      </trkpt>
      <trkpt lat="41.9879417" lon="2.826168200000012">
        <ele>103.5499057801186</ele>
        <time>2026-08-01T08:33:58.507Z</time>
      </trkpt>
      <trkpt lat="41.9879648" lon="2.826115499999986">
        <ele>102.46873001468424</ele>
        <time>2026-08-01T08:34:01.867Z</time>
      </trkpt>
      <trkpt lat="41.9879758" lon="2.826055700000012">
        <ele>100.61557311813489</ele>
        <time>2026-08-01T08:34:08.027Z</time>
      </trkpt>
      <trkpt lat="41.9880067" lon="2.8260098000000085">
        <ele>98.87869853728267</ele>
        <time>2026-08-01T08:34:23.280Z</time>
      </trkpt>
      <trkpt lat="41.9880517" lon="2.8260045000000105">
        <ele>97.6732005055481</ele>
        <time>2026-08-01T08:34:30.010Z</time>
      </trkpt>
      <trkpt lat="41.988095" lon="2.8260238999999956">
        <ele>96.10791700709531</ele>
        <time>2026-08-01T08:34:35.206Z</time>
      </trkpt>
      <trkpt lat="41.9881314" lon="2.826060500000011">
        <ele>95.17696596875516</ele>
        <time>2026-08-01T08:34:40.262Z</time>
      </trkpt>
      <trkpt lat="41.9881745" lon="2.8260779999999954">
        <ele>93.34000670973295</ele>
        <time>2026-08-01T08:34:45.331Z</time>
      </trkpt>
      <trkpt lat="41.9882224" lon="2.8260693000000003">
        <ele>90.70247758339823</ele>
        <time>2026-08-01T08:34:49.310Z</time>
      </trkpt>
      <trkpt lat="41.9882619" lon="2.8260402999999883">
        <ele>88.24090549810661</ele>
        <time>2026-08-01T08:34:54.265Z</time>
      </trkpt>
      <trkpt lat="41.9883082" lon="2.8260171999999955">
        <ele>85.6657629891511</ele>
        <time>2026-08-01T08:34:58.068Z</time>
      </trkpt>
      <trkpt lat="41.9883536" lon="2.8259663000000046">
        <ele>83.7493092485978</ele>
        <time>2026-08-01T08:35:02.082Z</time>
      </trkpt>
      <trkpt lat="41.9883911" lon="2.825929599999995">
        <ele>82.57919800950893</ele>
        <time>2026-08-01T08:35:05.928Z</time>
      </trkpt>
      <trkpt lat="41.9884242" lon="2.8258874999999932">
        <ele>81.65350909097042</ele>
        <time>2026-08-01T08:35:08.469Z</time>
      </trkpt>
      <trkpt lat="41.9884569" lon="2.8258460000000127">
        <ele>80.93344671659933</ele>
        <time>2026-08-01T08:35:12.265Z</time>
      </trkpt>
      <trkpt lat="41.9884915" lon="2.8258022999999923">
        <ele>80.39319099348428</ele>
        <time>2026-08-01T08:35:14.727Z</time>
      </trkpt>
      <trkpt lat="41.9885209" lon="2.8257553999999914">
        <ele>80.13516052634212</ele>
        <time>2026-08-01T08:35:17.302Z</time>
      </trkpt>
      <trkpt lat="41.9885628" lon="2.825725299999988">
        <ele>79.89330045973878</ele>
        <time>2026-08-01T08:35:20.331Z</time>
      </trkpt>
      <trkpt lat="41.9886054" lon="2.825698700000004">
        <ele>79.7247746921871</ele>
        <time>2026-08-01T08:35:24.869Z</time>
      </trkpt>
      <trkpt lat="41.9886585" lon="2.825669099999999">
        <ele>79.23442963803245</ele>
        <time>2026-08-01T08:35:28.294Z</time>
      </trkpt>
      <trkpt lat="41.9887036" lon="2.825665100000009">
        <ele>78.63857613532679</ele>
        <time>2026-08-01T08:35:31.324Z</time>
      </trkpt>
      <trkpt lat="41.9887485" lon="2.825660400000004">
        <ele>78.04290983884167</ele>
        <time>2026-08-01T08:35:34.266Z</time>
      </trkpt>
      <trkpt lat="41.9887934" lon="2.8256357999999864">
        <ele>77.53445594990109</ele>
        <time>2026-08-01T08:35:37.828Z</time>
      </trkpt>
      <trkpt lat="41.9888238" lon="2.8255808000000115">
        <ele>77.34790325525245</ele>
        <time>2026-08-01T08:35:40.786Z</time>
      </trkpt>
      <trkpt lat="41.9888551" lon="2.8255359999999996">
        <ele>77.1731519180651</ele>
        <time>2026-08-01T08:35:43.727Z</time>
      </trkpt>
      <trkpt lat="41.9888911" lon="2.825490500000001">
        <ele>76.92101834622753</ele>
        <time>2026-08-01T08:35:47.163Z</time>
      </trkpt>
      <trkpt lat="41.9889327" lon="2.8254630000000134">
        <ele>76.31847636179923</ele>
        <time>2026-08-01T08:35:50.265Z</time>
      </trkpt>
      <trkpt lat="41.9889667" lon="2.82542269999999">
        <ele>75.80048092958805</ele>
        <time>2026-08-01T08:35:53.242Z</time>
      </trkpt>
      <trkpt lat="41.9889867" lon="2.8253655000000037">
        <ele>75.50274908777708</ele>
        <time>2026-08-01T08:35:56.068Z</time>
      </trkpt>
      <trkpt lat="41.9890121" lon="2.8253110999999933">
        <ele>74.95505723721884</ele>
        <time>2026-08-01T08:35:59.265Z</time>
      </trkpt>
      <trkpt lat="41.9890441" lon="2.8252682000000107">
        <ele>73.97321146004761</ele>
        <time>2026-08-01T08:36:01.490Z</time>
      </trkpt>
      <trkpt lat="41.989088" lon="2.825243900000004">
        <ele>72.80096238489912</ele>
        <time>2026-08-01T08:36:04.726Z</time>
      </trkpt>
      <trkpt lat="41.9891315" lon="2.8252650000000017">
        <ele>71.80592525535283</ele>
        <time>2026-08-01T08:36:07.664Z</time>
      </trkpt>
      <trkpt lat="41.9891832" lon="2.8252787000000126">
        <ele>71.26123289136538</ele>
        <time>2026-08-01T08:36:11.124Z</time>
      </trkpt>
      <trkpt lat="41.9892307" lon="2.8252792000000113">
        <ele>71.1273606459743</ele>
        <time>2026-08-01T08:36:15.129Z</time>
      </trkpt>
      <trkpt lat="41.9892762" lon="2.825297699999993">
        <ele>71.03943686199462</ele>
        <time>2026-08-01T08:36:19.028Z</time>
      </trkpt>
      <trkpt lat="41.9893099" lon="2.825346499999995">
        <ele>71.24228487771568</ele>
        <time>2026-08-01T08:36:22.304Z</time>
      </trkpt>
      <trkpt lat="41.9893486" lon="2.825388099999998">
        <ele>71.5097901895933</ele>
        <time>2026-08-01T08:36:25.924Z</time>
      </trkpt>
      <trkpt lat="41.9893872" lon="2.825419199999999">
        <ele>71.7334222491871</ele>
        <time>2026-08-01T08:36:29.373Z</time>
      </trkpt>
      <trkpt lat="41.9894282" lon="2.8254465999999923">
        <ele>71.95872831215057</ele>
        <time>2026-08-01T08:36:32.868Z</time>
      </trkpt>
      <trkpt lat="41.9894678" lon="2.825482700000009">
        <ele>72.41791506658569</ele>
        <time>2026-08-01T08:36:36.248Z</time>
      </trkpt>
      <trkpt lat="41.9895116" lon="2.8255181000000107">
        <ele>72.92200797456496</ele>
        <time>2026-08-01T08:36:39.709Z</time>
      </trkpt>
      <trkpt lat="41.9895511" lon="2.8255500999999867">
        <ele>73.41078872994522</ele>
        <time>2026-08-01T08:36:43.319Z</time>
      </trkpt>
      <trkpt lat="41.9895922" lon="2.825585899999993">
        <ele>73.98336651689277</ele>
        <time>2026-08-01T08:36:46.347Z</time>
      </trkpt>
      <trkpt lat="41.9896304" lon="2.8256216999999992">
        <ele>74.28606711421662</ele>
        <time>2026-08-01T08:36:49.334Z</time>
      </trkpt>
      <trkpt lat="41.9896692" lon="2.8256536000000096">
        <ele>74.64094043379075</ele>
        <time>2026-08-01T08:36:51.925Z</time>
      </trkpt>
      <trkpt lat="41.9897131" lon="2.8256871000000103">
        <ele>75.04904711641827</ele>
        <time>2026-08-01T08:36:54.889Z</time>
      </trkpt>
      <trkpt lat="41.9897533" lon="2.8257150000000024">
        <ele>74.69988145943262</ele>
        <time>2026-08-01T08:36:57.428Z</time>
      </trkpt>
      <trkpt lat="41.9898034" lon="2.825714699999992">
        <ele>74.03774766445967</ele>
        <time>2026-08-01T08:37:00.345Z</time>
      </trkpt>
      <trkpt lat="41.9898514" lon="2.8257118999999875">
        <ele>73.38783278837437</ele>
        <time>2026-08-01T08:37:03.710Z</time>
      </trkpt>
      <trkpt lat="41.9898946" lon="2.8257356000000016">
        <ele>72.96384437802575</ele>
        <time>2026-08-01T08:37:06.225Z</time>
      </trkpt>
      <trkpt lat="41.9899382" lon="2.825771500000002">
        <ele>72.60421178274187</ele>
        <time>2026-08-01T08:37:08.605Z</time>
      </trkpt>
      <trkpt lat="41.9899812" lon="2.825813399999987">
        <ele>72.28222638077447</ele>
        <time>2026-08-01T08:37:11.168Z</time>
      </trkpt>
      <trkpt lat="41.9900239" lon="2.825847699999997">
        <ele>72.23758652044292</ele>
        <time>2026-08-01T08:37:14.266Z</time>
      </trkpt>
      <trkpt lat="41.9900679" lon="2.825872099999998">
        <ele>72.15930496133932</ele>
        <time>2026-08-01T08:37:17.266Z</time>
      </trkpt>
      <trkpt lat="41.9901157" lon="2.825887300000005">
        <ele>71.9760978219871</ele>
        <time>2026-08-01T08:37:20.165Z</time>
      </trkpt>
      <trkpt lat="41.9901604" lon="2.825908499999997">
        <ele>71.84617924981617</ele>
        <time>2026-08-01T08:37:23.309Z</time>
      </trkpt>
      <trkpt lat="41.9902076" lon="2.825931099999991">
        <ele>71.73501210537599</ele>
        <time>2026-08-01T08:37:27.110Z</time>
      </trkpt>
      <trkpt lat="41.9902503" lon="2.82595409999999">
        <ele>71.66895949088482</ele>
        <time>2026-08-01T08:37:30.506Z</time>
      </trkpt>
      <trkpt lat="41.9902981" lon="2.8259750999999937">
        <ele>71.82402032234071</ele>
        <time>2026-08-01T08:37:34.047Z</time>
      </trkpt>
      <trkpt lat="41.9903474" lon="2.825996400000008">
        <ele>72.08926313827509</ele>
        <time>2026-08-01T08:37:37.986Z</time>
      </trkpt>
      <trkpt lat="41.9903948" lon="2.8260150000000124">
        <ele>72.3422975540199</ele>
        <time>2026-08-01T08:37:41.287Z</time>
      </trkpt>
      <trkpt lat="41.990443" lon="2.8260285000000067">
        <ele>72.57658414265468</ele>
        <time>2026-08-01T08:37:44.867Z</time>
      </trkpt>
      <trkpt lat="41.990486" lon="2.8260488999999893">
        <ele>72.83879608001835</ele>
        <time>2026-08-01T08:37:47.824Z</time>
      </trkpt>
      <trkpt lat="41.9905311" lon="2.826063199999993">
        <ele>73.07902446206162</ele>
        <time>2026-08-01T08:37:51.165Z</time>
      </trkpt>
      <trkpt lat="41.9905774" lon="2.8260722999999928">
        <ele>73.83237011840984</ele>
        <time>2026-08-01T08:37:54.265Z</time>
      </trkpt>
      <trkpt lat="41.9906236" lon="2.8260794999999916">
        <ele>74.75026357152481</ele>
        <time>2026-08-01T08:37:57.583Z</time>
      </trkpt>
      <trkpt lat="41.9906688" lon="2.826080300000001">
        <ele>75.60945715025088</ele>
        <time>2026-08-01T08:38:00.318Z</time>
      </trkpt>
      <trkpt lat="41.9907168" lon="2.8260760000000005">
        <ele>76.48490899113632</ele>
        <time>2026-08-01T08:38:03.567Z</time>
      </trkpt>
      <trkpt lat="41.9907612" lon="2.8260553000000073">
        <ele>77.16499467182304</ele>
        <time>2026-08-01T08:38:05.930Z</time>
      </trkpt>
      <trkpt lat="41.9908124" lon="2.8260468999999944">
        <ele>78.05629558794354</ele>
        <time>2026-08-01T08:38:09.292Z</time>
      </trkpt>
      <trkpt lat="41.9908582" lon="2.826047499999987">
        <ele>77.95124211694538</ele>
        <time>2026-08-01T08:38:12.265Z</time>
      </trkpt>
      <trkpt lat="41.9909032" lon="2.8260559">
        <ele>77.7204699746458</ele>
        <time>2026-08-01T08:38:15.286Z</time>
      </trkpt>
      <trkpt lat="41.9909559" lon="2.8260779000000014">
        <ele>77.60762225968537</ele>
        <time>2026-08-01T08:38:19.187Z</time>
      </trkpt>
      <trkpt lat="41.9910018" lon="2.826064599999995">
        <ele>77.15728008151738</ele>
        <time>2026-08-01T08:38:22.299Z</time>
      </trkpt>
      <trkpt lat="41.9910482" lon="2.8260680999999863">
        <ele>76.89800978481331</ele>
        <time>2026-08-01T08:38:26.264Z</time>
      </trkpt>
      <trkpt lat="41.9910866" lon="2.8260256000000084">
        <ele>76.0476812027104</ele>
        <time>2026-08-01T08:38:34.292Z</time>
      </trkpt>
      <trkpt lat="41.9911088" lon="2.8259702000000004">
        <ele>75.2251799967991</ele>
        <time>2026-08-01T08:38:42.704Z</time>
      </trkpt>
      <trkpt lat="41.9911142" lon="2.8259056999999927">
        <ele>74.3149994478359</ele>
        <time>2026-08-01T08:38:46.264Z</time>
      </trkpt>
      <trkpt lat="41.991126" lon="2.8258380000000045">
        <ele>73.66797809988529</ele>
        <time>2026-08-01T08:38:50.264Z</time>
      </trkpt>
      <trkpt lat="41.9911317" lon="2.8257680000000107">
        <ele>73.30818312029707</ele>
        <time>2026-08-01T08:38:53.046Z</time>
      </trkpt>
      <trkpt lat="41.991119" lon="2.825710100000009">
        <ele>72.94439951380922</ele>
        <time>2026-08-01T08:38:55.301Z</time>
      </trkpt>
      <trkpt lat="41.9910978" lon="2.825648699999988">
        <ele>72.56066048134454</ele>
        <time>2026-08-01T08:38:58.265Z</time>
      </trkpt>
      <trkpt lat="41.9910973" lon="2.825582499999996">
        <ele>72.3070081533261</ele>
        <time>2026-08-01T08:39:01.289Z</time>
      </trkpt>
      <trkpt lat="41.9910739" lon="2.825526800000006">
        <ele>72.72611876529427</ele>
        <time>2026-08-01T08:39:04.271Z</time>
      </trkpt>
      <trkpt lat="41.9910711" lon="2.8254563000000132">
        <ele>73.07570922360343</ele>
        <time>2026-08-01T08:39:06.289Z</time>
      </trkpt>
      <trkpt lat="41.9910587" lon="2.825390700000014">
        <ele>73.42822133929631</ele>
        <time>2026-08-01T08:39:09.318Z</time>
      </trkpt>
      <trkpt lat="41.9910433" lon="2.825318199999998">
        <ele>73.79039151112701</ele>
        <time>2026-08-01T08:39:12.264Z</time>
      </trkpt>
      <trkpt lat="41.9910422" lon="2.825255800000008">
        <ele>73.36072313787501</ele>
        <time>2026-08-01T08:39:15.282Z</time>
      </trkpt>
      <trkpt lat="41.9910314" lon="2.8251888000000065">
        <ele>72.8786581206316</ele>
        <time>2026-08-01T08:39:18.224Z</time>
      </trkpt>
      <trkpt lat="41.9910121" lon="2.8251315999999917">
        <ele>72.55094688188167</ele>
        <time>2026-08-01T08:39:21.229Z</time>
      </trkpt>
      <trkpt lat="41.9909862" lon="2.825079499999987">
        <ele>72.35140474183966</ele>
        <time>2026-08-01T08:39:24.129Z</time>
      </trkpt>
      <trkpt lat="41.9909632" lon="2.8250261999999964">
        <ele>72.25456957885939</ele>
        <time>2026-08-01T08:39:28.705Z</time>
      </trkpt>
      <trkpt lat="41.990933" lon="2.8249801000000048">
        <ele>72.59500094046899</ele>
        <time>2026-08-01T08:39:32.184Z</time>
      </trkpt>
      <trkpt lat="41.9908908" lon="2.8249284999999986">
        <ele>72.98287603657107</ele>
        <time>2026-08-01T08:39:36.064Z</time>
      </trkpt>
      <trkpt lat="41.9908534" lon="2.8248922999999877">
        <ele>73.26396375383267</ele>
        <time>2026-08-01T08:39:40.345Z</time>
      </trkpt>
      <trkpt lat="41.9908222" lon="2.824846799999989">
        <ele>73.47892829055523</ele>
        <time>2026-08-01T08:39:46.264Z</time>
      </trkpt>
      <trkpt lat="41.9907845" lon="2.8248120000000085">
        <ele>73.48556563451179</ele>
        <time>2026-08-01T08:39:59.842Z</time>
      </trkpt>
      <trkpt lat="41.9907501" lon="2.824770099999995">
        <ele>73.49681395927843</ele>
        <time>2026-08-01T08:40:04.188Z</time>
      </trkpt>
    </trkseg>
  </trk>
</gpx>
