<?xml version="1.0" encoding="UTF-8"?>
<gpx version="1.1" creator="STrack Rec" xmlns="http://www.topografix.com/GPX/1/1">
<bounds minlat="0.0" minlon="0.0" maxlat="0.0" maxlon="0.0" />
<trk><name>angels cotxe-2026-08-28</name><trkseg>
<trkpt lat="41.9903833" lon="2.8244320999999957">
<ele>87.40443912360854</ele>
<time>2026-08-28T06:22:59.143Z</time>
</trkpt>
<trkpt lat="41.9903506" lon="2.8243899">
<ele>87.48810946030156</ele>
<time>2026-08-28T06:23:01.767Z</time>
</trkpt>
<trkpt lat="41.9903137" lon="2.8243524000000093">
<ele>87.05780737079796</ele>
<time>2026-08-28T06:23:05.002Z</time>
</trkpt>
<trkpt lat="41.9903241" lon="2.824292200000002">
<ele>87.47764057403695</ele>
<time>2026-08-28T06:23:10.265Z</time>
</trkpt>
<trkpt lat="41.9902789" lon="2.824268499999988">
<ele>88.687528924731</ele>
<time>2026-08-28T06:23:17.182Z</time>
</trkpt>
<trkpt lat="41.9902386" lon="2.8242400999999973">
<ele>88.04282552335438</ele>
<time>2026-08-28T06:23:23.904Z</time>
</trkpt>
<trkpt lat="41.990202" lon="2.8242046000000016">
<ele>86.89453643984547</ele>
<time>2026-08-28T06:23:29.256Z</time>
</trkpt>
<trkpt lat="41.9901733" lon="2.8241547000000082">
<ele>88.21341523954759</ele>
<time>2026-08-28T06:23:35.467Z</time>
</trkpt>
<trkpt lat="41.9901358" lon="2.824118700000014">
<ele>88.16416383101428</ele>
<time>2026-08-28T06:23:41.925Z</time>
</trkpt>
<trkpt lat="41.990095" lon="2.824086599999987">
<ele>87.03640793337863</ele>
<time>2026-08-28T06:23:50.847Z</time>
</trkpt>
<trkpt lat="41.9900541" lon="2.8240556000000083">
<ele>87.24832779266418</ele>
<time>2026-08-28T06:23:57.145Z</time>
</trkpt>
<trkpt lat="41.9900216" lon="2.824009700000005">
<ele>87.27361386175872</ele>
<time>2026-08-28T06:24:02.124Z</time>
</trkpt>
<trkpt lat="41.9900204" lon="2.8239413000000013">
<ele>87.11891469455932</ele>
<time>2026-08-28T06:24:07.589Z</time>
</trkpt>
<trkpt lat="41.9900137" lon="2.8238800999999967">
<ele>87.36387795151248</ele>
<time>2026-08-28T06:24:19.684Z</time>
</trkpt>
<trkpt lat="41.9899773" lon="2.8238436999999976">
<ele>85.67286442837657</ele>
<time>2026-08-28T06:24:28.426Z</time>
</trkpt>
<trkpt lat="41.9899346" lon="2.823812199999992">
<ele>89.12350543619316</ele>
<time>2026-08-28T06:24:35.683Z</time>
</trkpt>
<trkpt lat="41.9898889" lon="2.823808299999996">
<ele>86.56591391782597</ele>
<time>2026-08-28T06:24:39.908Z</time>
</trkpt>
<trkpt lat="41.9898443" lon="2.823780599999992">
<ele>88.40493714294881</ele>
<time>2026-08-28T06:24:46.163Z</time>
</trkpt>
<trkpt lat="41.9897999" lon="2.8237549000000115">
<ele>88.65851879009846</ele>
<time>2026-08-28T06:24:51.522Z</time>
</trkpt>
<trkpt lat="41.9897574" lon="2.8237258999999995">
<ele>88.53414973096531</ele>
<time>2026-08-28T06:24:56.784Z</time>
</trkpt>
<trkpt lat="41.9897124" lon="2.8236934999999903">
<ele>88.89666812137317</ele>
<time>2026-08-28T06:25:01.969Z</time>
</trkpt>
<trkpt lat="41.9896672" lon="2.823667999999998">
<ele>88.7923576592042</ele>
<time>2026-08-28T06:25:07.227Z</time>
</trkpt>
<trkpt lat="41.9896284" lon="2.8236352000000124">
<ele>88.64600971893408</ele>
<time>2026-08-28T06:25:12.196Z</time>
</trkpt>
<trkpt lat="41.9895831" lon="2.8236287000000004">
<ele>88.8749367651518</ele>
<time>2026-08-28T06:25:17.238Z</time>
</trkpt>
<trkpt lat="41.9895401" lon="2.8236038000000008">
<ele>88.19830643821413</ele>
<time>2026-08-28T06:25:22.447Z</time>
</trkpt>
<trkpt lat="41.9894916" lon="2.8235969000000125">
<ele>86.40482695817165</ele>
<time>2026-08-28T06:25:28.168Z</time>
</trkpt>
<trkpt lat="41.9894436" lon="2.8235984000000087">
<ele>88.02105805957957</ele>
<time>2026-08-28T06:25:33.625Z</time>
</trkpt>
<trkpt lat="41.9893936" lon="2.8236004999999977">
<ele>87.36843192571048</ele>
<time>2026-08-28T06:25:39.908Z</time>
</trkpt>
<trkpt lat="41.9893479" lon="2.82359679999999">
<ele>87.92085651629364</ele>
<time>2026-08-28T06:25:44.927Z</time>
</trkpt>
<trkpt lat="41.9893017" lon="2.823594500000013">
<ele>86.07595257968428</ele>
<time>2026-08-28T06:25:50.180Z</time>
</trkpt>
<trkpt lat="41.9892527" lon="2.823599300000012">
<ele>87.1588469059686</ele>
<time>2026-08-28T06:25:56.231Z</time>
</trkpt>
<trkpt lat="41.9892057" lon="2.823603999999989">
<ele>85.48853800806855</ele>
<time>2026-08-28T06:26:01.747Z</time>
</trkpt>
<trkpt lat="41.9891557" lon="2.823610599999995">
<ele>87.71889560080052</ele>
<time>2026-08-28T06:26:07.214Z</time>
</trkpt>
<trkpt lat="41.9891109" lon="2.8236167999999964">
<ele>86.89628430283653</ele>
<time>2026-08-28T06:26:12.426Z</time>
</trkpt>
<trkpt lat="41.9890644" lon="2.8236213000000134">
<ele>85.33071881729579</ele>
<time>2026-08-28T06:26:17.988Z</time>
</trkpt>
<trkpt lat="41.9890167" lon="2.8236306000000013">
<ele>86.5847262106142</ele>
<time>2026-08-28T06:26:23.845Z</time>
</trkpt>
<trkpt lat="41.9889663" lon="2.823638499999987">
<ele>87.2003052373217</ele>
<time>2026-08-28T06:26:30.224Z</time>
</trkpt>
<trkpt lat="41.9889203" lon="2.8236460999999906">
<ele>87.03328721391829</ele>
<time>2026-08-28T06:26:35.506Z</time>
</trkpt>
<trkpt lat="41.9888747" lon="2.823656800000009">
<ele>84.85214560877455</ele>
<time>2026-08-28T06:26:41.101Z</time>
</trkpt>
<trkpt lat="41.9888289" lon="2.8236625000000117">
<ele>84.92062251694493</ele>
<time>2026-08-28T06:26:46.209Z</time>
</trkpt>
<trkpt lat="41.9887815" lon="2.8236505000000136">
<ele>86.90181074961872</ele>
<time>2026-08-28T06:26:52.508Z</time>
</trkpt>
<trkpt lat="41.9887363" lon="2.82364179999999">
<ele>84.33087783175097</ele>
<time>2026-08-28T06:26:58.265Z</time>
</trkpt>
<trkpt lat="41.9886875" lon="2.8236386000000095">
<ele>86.65319686833011</ele>
<time>2026-08-28T06:27:04.245Z</time>
</trkpt>
<trkpt lat="41.9886415" lon="2.8236405000000104">
<ele>84.44128460929932</ele>
<time>2026-08-28T06:27:09.921Z</time>
</trkpt>
<trkpt lat="41.9885946" lon="2.823646999999994">
<ele>86.41487284975595</ele>
<time>2026-08-28T06:27:16.004Z</time>
</trkpt>
<trkpt lat="41.9885487" lon="2.823654099999999">
<ele>86.58929186256802</ele>
<time>2026-08-28T06:27:21.126Z</time>
</trkpt>
<trkpt lat="41.9885009" lon="2.8236652999999876">
<ele>86.43265271151695</ele>
<time>2026-08-28T06:27:26.265Z</time>
</trkpt>
<trkpt lat="41.9884546" lon="2.8236764000000107">
<ele>86.13128055959466</ele>
<time>2026-08-28T06:27:31.563Z</time>
</trkpt>
<trkpt lat="41.988404" lon="2.8236908000000085">
<ele>86.06651058016261</ele>
<time>2026-08-28T06:27:38.045Z</time>
</trkpt>
<trkpt lat="41.9883592" lon="2.823705899999993">
<ele>86.53786941521393</ele>
<time>2026-08-28T06:27:43.106Z</time>
</trkpt>
<trkpt lat="41.9883118" lon="2.8237205000000074">
<ele>83.85155646232477</ele>
<time>2026-08-28T06:27:48.685Z</time>
</trkpt>
<trkpt lat="41.9882667" lon="2.8237317999999902">
<ele>84.05089083443187</ele>
<time>2026-08-28T06:27:53.802Z</time>
</trkpt>
<trkpt lat="41.9882202" lon="2.823743900000011">
<ele>84.36126085203422</ele>
<time>2026-08-28T06:27:59.125Z</time>
</trkpt>
<trkpt lat="41.9881775" lon="2.823766000000006">
<ele>85.84313978112203</ele>
<time>2026-08-28T06:28:05.343Z</time>
</trkpt>
<trkpt lat="41.9881368" lon="2.8238024000000053">
<ele>84.78986993107138</ele>
<time>2026-08-28T06:28:10.803Z</time>
</trkpt>
<trkpt lat="41.9881061" lon="2.8238468000000125">
<ele>85.43716823002518</ele>
<time>2026-08-28T06:28:15.101Z</time>
</trkpt>
<trkpt lat="41.9880839" lon="2.82389950000001">
<ele>85.14128381330198</ele>
<time>2026-08-28T06:28:19.825Z</time>
</trkpt>
<trkpt lat="41.98806" lon="2.823958900000008">
<ele>84.87234311994365</ele>
<time>2026-08-28T06:28:26.146Z</time>
</trkpt>
<trkpt lat="41.9880359" lon="2.8240115000000117">
<ele>83.59444402761795</ele>
<time>2026-08-28T06:28:31.782Z</time>
</trkpt>
<trkpt lat="41.9880134" lon="2.82406739999999">
<ele>84.55008400053944</ele>
<time>2026-08-28T06:28:36.807Z</time>
</trkpt>
<trkpt lat="41.987978" lon="2.8241060999999945">
<ele>85.03715711749153</ele>
<time>2026-08-28T06:28:44.064Z</time>
</trkpt>
<trkpt lat="41.9879411" lon="2.8241438000000016">
<ele>85.67937288183441</ele>
<time>2026-08-28T06:28:50.161Z</time>
</trkpt>
<trkpt lat="41.9878975" lon="2.8241601000000003">
<ele>84.3130584713542</ele>
<time>2026-08-28T06:28:55.842Z</time>
</trkpt>
<trkpt lat="41.9878506" lon="2.824155399999995">
<ele>86.37637695469375</ele>
<time>2026-08-28T06:29:00.482Z</time>
</trkpt>
<trkpt lat="41.9878028" lon="2.824144799999999">
<ele>86.92759457230375</ele>
<time>2026-08-28T06:29:04.461Z</time>
</trkpt>
<trkpt lat="41.9877552" lon="2.8241457000000025">
<ele>84.14327041895979</ele>
<time>2026-08-28T06:29:08.943Z</time>
</trkpt>
<trkpt lat="41.9877034" lon="2.8241442000000063">
<ele>84.61045425304341</ele>
<time>2026-08-28T06:29:14.223Z</time>
</trkpt>
<trkpt lat="41.9876544" lon="2.824141999999995">
<ele>85.00990286647499</ele>
<time>2026-08-28T06:29:18.208Z</time>
</trkpt>
<trkpt lat="41.9876083" lon="2.824137900000011">
<ele>85.05730005232309</ele>
<time>2026-08-28T06:29:22.241Z</time>
</trkpt>
<trkpt lat="41.9875604" lon="2.8241332000000057">
<ele>86.85497796947907</ele>
<time>2026-08-28T06:29:28.986Z</time>
</trkpt>
<trkpt lat="41.9875099" lon="2.824138099999999">
<ele>86.60870070917996</ele>
<time>2026-08-28T06:29:34.627Z</time>
</trkpt>
<trkpt lat="41.9874612" lon="2.8241524999999967">
<ele>87.78673403210647</ele>
<time>2026-08-28T06:29:38.205Z</time>
</trkpt>
<trkpt lat="41.9874164" lon="2.824169100000006">
<ele>87.5047036330066</ele>
<time>2026-08-28T06:29:42.608Z</time>
</trkpt>
<trkpt lat="41.9873753" lon="2.824196900000004">
<ele>88.25271621930617</ele>
<time>2026-08-28T06:29:49.189Z</time>
</trkpt>
<trkpt lat="41.9873262" lon="2.8242170999999985">
<ele>88.11057105419002</ele>
<time>2026-08-28T06:29:56.122Z</time>
</trkpt>
<trkpt lat="41.9872832" lon="2.8242382999999904">
<ele>87.64838540143764</ele>
<time>2026-08-28T06:29:58.948Z</time>
</trkpt>
<trkpt lat="41.9872387" lon="2.8242573999999934">
<ele>88.47742825367231</ele>
<time>2026-08-28T06:30:03.046Z</time>
</trkpt>
<trkpt lat="41.9871931" lon="2.8242746999999895">
<ele>88.3006452747096</ele>
<time>2026-08-28T06:30:13.887Z</time>
</trkpt>
<trkpt lat="41.9871456" lon="2.824278399999997">
<ele>88.07713945637872</ele>
<time>2026-08-28T06:30:20.723Z</time>
</trkpt>
<trkpt lat="41.9871003" lon="2.8242810000000134">
<ele>88.82104409462961</ele>
<time>2026-08-28T06:30:27.183Z</time>
</trkpt>
<trkpt lat="41.9870556" lon="2.824298199999987">
<ele>86.54459089679865</ele>
<time>2026-08-28T06:30:32.948Z</time>
</trkpt>
<trkpt lat="41.9870075" lon="2.824318699999992">
<ele>86.54841046158151</ele>
<time>2026-08-28T06:30:36.767Z</time>
</trkpt>
<trkpt lat="41.9869622" lon="2.824344499999995">
<ele>89.82365793487041</ele>
<time>2026-08-28T06:30:41.195Z</time>
</trkpt>
<trkpt lat="41.9869184" lon="2.8243640000000028">
<ele>89.15183256285637</ele>
<time>2026-08-28T06:30:45.229Z</time>
</trkpt>
<trkpt lat="41.9868726" lon="2.824389300000007">
<ele>88.57168318111871</ele>
<time>2026-08-28T06:30:49.129Z</time>
</trkpt>
<trkpt lat="41.9868295" lon="2.8244128999999987">
<ele>86.54497625955445</ele>
<time>2026-08-28T06:30:53.483Z</time>
</trkpt>
<trkpt lat="41.9867881" lon="2.82443760000001">
<ele>86.81788570451478</ele>
<time>2026-08-28T06:30:58.688Z</time>
</trkpt>
<trkpt lat="41.9867447" lon="2.8244574">
<ele>86.8001720658265</ele>
<time>2026-08-28T06:31:03.867Z</time>
</trkpt>
<trkpt lat="41.9867014" lon="2.824481600000013">
<ele>88.48976143838684</ele>
<time>2026-08-28T06:31:13.860Z</time>
</trkpt>
<trkpt lat="41.9866566" lon="2.824472700000001">
<ele>88.45881830853902</ele>
<time>2026-08-28T06:31:24.144Z</time>
</trkpt>
<trkpt lat="41.9866177" lon="2.8244775000000004">
<ele>88.53940015134125</ele>
<time>2026-08-28T06:31:52.934Z</time>
</trkpt>
<trkpt lat="41.9866186" lon="2.8244893000000104">
<ele>88.48081759138557</ele>
<time>2026-08-28T06:31:56.597Z</time>
</trkpt>
<trkpt lat="41.9866033" lon="2.824547899999999">
<ele>87.60859274660693</ele>
<time>2026-08-28T06:32:41.060Z</time>
</trkpt>
<trkpt lat="41.9866043" lon="2.824564900000013">
<ele>88.11861790768766</ele>
<time>2026-08-28T06:33:22.714Z</time>
</trkpt>
<trkpt lat="41.9866037" lon="2.8245673000000124">
<ele>87.85684033000126</ele>
<time>2026-08-28T06:33:53.291Z</time>
</trkpt>
<trkpt lat="41.9866054" lon="2.8245729999999867">
<ele>87.92813224268919</ele>
<time>2026-08-28T06:34:50.336Z</time>
</trkpt>
<trkpt lat="41.9865727" lon="2.8245958999999914">
<ele>87.82133834240366</ele>
<time>2026-08-28T06:35:06.182Z</time>
</trkpt>
<trkpt lat="41.986529" lon="2.8246176000000105">
<ele>87.57444269009973</ele>
<time>2026-08-28T06:35:09.439Z</time>
</trkpt>
<trkpt lat="41.9864804" lon="2.824630500000012">
<ele>87.72723602161253</ele>
<time>2026-08-28T06:35:16.182Z</time>
</trkpt>
<trkpt lat="41.9864337" lon="2.8246441000000004">
<ele>88.23641958773953</ele>
<time>2026-08-28T06:35:22.518Z</time>
</trkpt>
<trkpt lat="41.9863893" lon="2.824660300000005">
<ele>87.84085679618724</ele>
<time>2026-08-28T06:35:28.502Z</time>
</trkpt>
<trkpt lat="41.9863407" lon="2.824679500000002">
<ele>87.96867760186238</ele>
<time>2026-08-28T06:35:33.143Z</time>
</trkpt>
<trkpt lat="41.9862964" lon="2.8246923000000095">
<ele>87.18168296309287</ele>
<time>2026-08-28T06:35:39.618Z</time>
</trkpt>
<trkpt lat="41.9862505" lon="2.824714699999987">
<ele>87.73258433174382</ele>
<time>2026-08-28T06:35:48.121Z</time>
</trkpt>
<trkpt lat="41.9862029" lon="2.8247347999999874">
<ele>88.47396584210101</ele>
<time>2026-08-28T06:35:53.153Z</time>
</trkpt>
<trkpt lat="41.9861569" lon="2.8247512000000086">
<ele>87.8006157996857</ele>
<time>2026-08-28T06:35:59.057Z</time>
</trkpt>
<trkpt lat="41.9861109" lon="2.8247684000000106">
<ele>87.98468487392422</ele>
<time>2026-08-28T06:36:04.143Z</time>
</trkpt>
<trkpt lat="41.9860663" lon="2.8247877000000017">
<ele>88.5703047068968</ele>
<time>2026-08-28T06:36:10.175Z</time>
</trkpt>
<trkpt lat="41.9860226" lon="2.8248055999999906">
<ele>87.98430463787044</ele>
<time>2026-08-28T06:36:15.958Z</time>
</trkpt>
<trkpt lat="41.9859768" lon="2.824820100000011">
<ele>88.1425780353099</ele>
<time>2026-08-28T06:36:25.186Z</time>
</trkpt>
<trkpt lat="41.9859293" lon="2.824832200000003">
<ele>88.93470817735458</ele>
<time>2026-08-28T06:36:33.143Z</time>
</trkpt>
<trkpt lat="41.9858861" lon="2.8248531000000128">
<ele>88.02903361515303</ele>
<time>2026-08-28T06:36:39.543Z</time>
</trkpt>
<trkpt lat="41.9858405" lon="2.8248643000000015">
<ele>88.27545665068813</ele>
<time>2026-08-28T06:36:46.143Z</time>
</trkpt>
<trkpt lat="41.9857966" lon="2.8248801999999955">
<ele>87.40130007493408</ele>
<time>2026-08-28T06:36:52.189Z</time>
</trkpt>
<trkpt lat="41.9857522" lon="2.824893599999996">
<ele>88.25339092970162</ele>
<time>2026-08-28T06:36:57.558Z</time>
</trkpt>
<trkpt lat="41.9857086" lon="2.8249093000000016">
<ele>88.01734422652524</ele>
<time>2026-08-28T06:37:01.943Z</time>
</trkpt>
<trkpt lat="41.9856644" lon="2.8249236999999994">
<ele>88.10336621499302</ele>
<time>2026-08-28T06:37:06.192Z</time>
</trkpt>
<trkpt lat="41.9856203" lon="2.8249361999999962">
<ele>88.25003304850577</ele>
<time>2026-08-28T06:37:10.226Z</time>
</trkpt>
<trkpt lat="41.9855735" lon="2.824936699999995">
<ele>88.34008126491993</ele>
<time>2026-08-28T06:37:15.122Z</time>
</trkpt>
<trkpt lat="41.9855281" lon="2.824934000000013">
<ele>88.11855137878776</ele>
<time>2026-08-28T06:37:20.579Z</time>
</trkpt>
<trkpt lat="41.9854816" lon="2.8249304999999936">
<ele>88.23034245632269</ele>
<time>2026-08-28T06:37:25.881Z</time>
</trkpt>
<trkpt lat="41.9854353" lon="2.824936799999989">
<ele>88.1812422829727</ele>
<time>2026-08-28T06:37:32.179Z</time>
</trkpt>
<trkpt lat="41.9853903" lon="2.8249456000000066">
<ele>88.56900602911352</ele>
<time>2026-08-28T06:37:39.143Z</time>
</trkpt>
<trkpt lat="41.9853452" lon="2.8249546000000123">
<ele>88.31386343062914</ele>
<time>2026-08-28T06:37:47.721Z</time>
</trkpt>
<trkpt lat="41.9852965" lon="2.8249581999999975">
<ele>88.79540507584402</ele>
<time>2026-08-28T06:37:53.537Z</time>
</trkpt>
<trkpt lat="41.9852503" lon="2.8249669999999867">
<ele>88.5835480685318</ele>
<time>2026-08-28T06:37:59.178Z</time>
</trkpt>
<trkpt lat="41.9852049" lon="2.8249707999999885">
<ele>88.98115334264747</ele>
<time>2026-08-28T06:38:07.139Z</time>
</trkpt>
<trkpt lat="41.9851591" lon="2.824983099999997">
<ele>88.94885477461688</ele>
<time>2026-08-28T06:38:13.180Z</time>
</trkpt>
<trkpt lat="41.9851143" lon="2.8249911999999995">
<ele>89.4936367284138</ele>
<time>2026-08-28T06:38:17.215Z</time>
</trkpt>
<trkpt lat="41.985067" lon="2.8249983000000043">
<ele>89.18084315157623</ele>
<time>2026-08-28T06:38:23.150Z</time>
</trkpt>
<trkpt lat="41.9850218" lon="2.825008099999991">
<ele>89.25354574186844</ele>
<time>2026-08-28T06:38:29.461Z</time>
</trkpt>
<trkpt lat="41.9849756" lon="2.8250270000000057">
<ele>89.60449569451544</ele>
<time>2026-08-28T06:38:34.143Z</time>
</trkpt>
<trkpt lat="41.9849252" lon="2.8250380000000064">
<ele>89.30077678501394</ele>
<time>2026-08-28T06:38:39.898Z</time>
</trkpt>
<trkpt lat="41.9848787" lon="2.8250468999999896">
<ele>88.48047566903078</ele>
<time>2026-08-28T06:38:46.227Z</time>
</trkpt>
<trkpt lat="41.9848295" lon="2.8250401999999895">
<ele>89.2682380748249</ele>
<time>2026-08-28T06:38:56.781Z</time>
</trkpt>
<trkpt lat="41.9848028" lon="2.8250934000000143">
<ele>89.7182367553949</ele>
<time>2026-08-28T06:39:02.143Z</time>
</trkpt>
<trkpt lat="41.9847854" lon="2.8251505000000066">
<ele>90.26081853259558</ele>
<time>2026-08-28T06:39:08.182Z</time>
</trkpt>
<trkpt lat="41.9847621" lon="2.825202499999989">
<ele>90.62778511039973</ele>
<time>2026-08-28T06:39:17.143Z</time>
</trkpt>
<trkpt lat="41.9847565" lon="2.8252630000000067">
<ele>89.74492260015289</ele>
<time>2026-08-28T06:39:25.403Z</time>
</trkpt>
<trkpt lat="41.9847564" lon="2.825323999999995">
<ele>89.79281380032775</ele>
<time>2026-08-28T06:39:33.153Z</time>
</trkpt>
<trkpt lat="41.9847453" lon="2.825382700000006">
<ele>88.86230140999648</ele>
<time>2026-08-28T06:39:43.143Z</time>
</trkpt>
<trkpt lat="41.9847455" lon="2.8254440999999986">
<ele>90.09084483444721</ele>
<time>2026-08-28T06:39:49.177Z</time>
</trkpt>
<trkpt lat="41.9847435" lon="2.825515700000011">
<ele>89.61700749927915</ele>
<time>2026-08-28T06:39:54.203Z</time>
</trkpt>
<trkpt lat="41.9847489" lon="2.8255757999999958">
<ele>88.58612169615351</ele>
<time>2026-08-28T06:40:00.157Z</time>
</trkpt>
<trkpt lat="41.9847196" lon="2.8256283999999994">
<ele>90.01986687082083</ele>
<time>2026-08-28T06:40:13.079Z</time>
</trkpt>
<trkpt lat="41.9846729" lon="2.825645299999991">
<ele>90.34894861843401</ele>
<time>2026-08-28T06:40:18.539Z</time>
</trkpt>
<trkpt lat="41.9846273" lon="2.8256430000000137">
<ele>90.1747625434929</ele>
<time>2026-08-28T06:40:22.229Z</time>
</trkpt>
<trkpt lat="41.9845815" lon="2.8256394">
<ele>90.23008047961319</ele>
<time>2026-08-28T06:40:27.160Z</time>
</trkpt>
<trkpt lat="41.9845366" lon="2.8256312000000037">
<ele>90.53259632201885</ele>
<time>2026-08-28T06:40:32.681Z</time>
</trkpt>
<trkpt lat="41.9844892" lon="2.8256283000000053">
<ele>90.7079168988139</ele>
<time>2026-08-28T06:40:38.143Z</time>
</trkpt>
<trkpt lat="41.9844449" lon="2.8256154000000038">
<ele>90.12698040886373</ele>
<time>2026-08-28T06:40:44.184Z</time>
</trkpt>
<trkpt lat="41.9844002" lon="2.825603000000001">
<ele>91.0315387246596</ele>
<time>2026-08-28T06:40:50.234Z</time>
</trkpt>
<trkpt lat="41.9843533" lon="2.825583800000004">
<ele>91.41491376247113</ele>
<time>2026-08-28T06:40:55.161Z</time>
</trkpt>
<trkpt lat="41.9843056" lon="2.8255669000000125">
<ele>90.55476692513126</ele>
<time>2026-08-28T06:41:00.242Z</time>
</trkpt>
<trkpt lat="41.984263" lon="2.825546099999997">
<ele>90.4926474209433</ele>
<time>2026-08-28T06:41:05.121Z</time>
</trkpt>
<trkpt lat="41.9842203" lon="2.8255188999999916">
<ele>90.90960284922397</ele>
<time>2026-08-28T06:41:10.617Z</time>
</trkpt>
<trkpt lat="41.9841797" lon="2.8254871999999978">
<ele>91.0015552753816</ele>
<time>2026-08-28T06:41:16.539Z</time>
</trkpt>
<trkpt lat="41.9841424" lon="2.8254525000000115">
<ele>90.63554015625853</ele>
<time>2026-08-28T06:41:22.157Z</time>
</trkpt>
<trkpt lat="41.9841054" lon="2.8254143000000056">
<ele>91.2363530539731</ele>
<time>2026-08-28T06:41:27.197Z</time>
</trkpt>
<trkpt lat="41.9840664" lon="2.825382300000001">
<ele>91.1375940225592</ele>
<time>2026-08-28T06:41:32.618Z</time>
</trkpt>
<trkpt lat="41.9840274" lon="2.825347800000003">
<ele>90.9945021158857</ele>
<time>2026-08-28T06:41:39.083Z</time>
</trkpt>
<trkpt lat="41.9839855" lon="2.8253229999999974">
<ele>90.8494535218844</ele>
<time>2026-08-28T06:41:44.899Z</time>
</trkpt>
<trkpt lat="41.9839444" lon="2.825294299999996">
<ele>91.06724969184796</ele>
<time>2026-08-28T06:41:50.521Z</time>
</trkpt>
<trkpt lat="41.9839043" lon="2.825262600000002">
<ele>90.69763729300603</ele>
<time>2026-08-28T06:41:57.210Z</time>
</trkpt>
<trkpt lat="41.9838614" lon="2.825235399999997">
<ele>91.42785164602333</ele>
<time>2026-08-28T06:42:03.778Z</time>
</trkpt>
<trkpt lat="41.9838186" lon="2.825199900000001">
<ele>91.93122125108525</ele>
<time>2026-08-28T06:42:10.201Z</time>
</trkpt>
<trkpt lat="41.983778" lon="2.8251718999999866">
<ele>91.45050620273457</ele>
<time>2026-08-28T06:42:15.937Z</time>
</trkpt>
<trkpt lat="41.9837372" lon="2.8251407999999856">
<ele>90.95472003410937</ele>
<time>2026-08-28T06:42:20.697Z</time>
</trkpt>
<trkpt lat="41.9836972" lon="2.8251121000000126">
<ele>90.44090804520184</ele>
<time>2026-08-28T06:42:25.209Z</time>
</trkpt>
<trkpt lat="41.9836543" lon="2.825087400000001">
<ele>91.36944636922347</ele>
<time>2026-08-28T06:42:32.082Z</time>
</trkpt>
<trkpt lat="41.983609" lon="2.825063499999999">
<ele>92.62047838538028</ele>
<time>2026-08-28T06:42:39.208Z</time>
</trkpt>
<trkpt lat="41.983568" lon="2.8250360000000114">
<ele>91.81222781125683</ele>
<time>2026-08-28T06:42:44.758Z</time>
</trkpt>
<trkpt lat="41.983528" lon="2.8250015000000133">
<ele>92.80204109900856</ele>
<time>2026-08-28T06:42:49.941Z</time>
</trkpt>
<trkpt lat="41.9834895" lon="2.8249700000000075">
<ele>91.57840009754969</ele>
<time>2026-08-28T06:42:54.755Z</time>
</trkpt>
<trkpt lat="41.98345" lon="2.82493869999999">
<ele>91.72191449056834</ele>
<time>2026-08-28T06:43:00.139Z</time>
</trkpt>
<trkpt lat="41.9834106" lon="2.8249064999999973">
<ele>91.54774898634457</ele>
<time>2026-08-28T06:43:05.722Z</time>
</trkpt>
<trkpt lat="41.9833692" lon="2.8248767999999984">
<ele>91.73239552426315</ele>
<time>2026-08-28T06:43:12.202Z</time>
</trkpt>
<trkpt lat="41.9833299" lon="2.8248577999999895">
<ele>91.4553226766173</ele>
<time>2026-08-28T06:43:44.156Z</time>
</trkpt>
<trkpt lat="41.9833341" lon="2.8248581">
<ele>91.01813496592037</ele>
<time>2026-08-28T06:44:40.143Z</time>
</trkpt>
<trkpt lat="41.9833377" lon="2.8248614999999972">
<ele>90.96011787917955</ele>
<time>2026-08-28T06:45:34.291Z</time>
</trkpt>
<trkpt lat="41.9833383" lon="2.8248596999999904">
<ele>90.90853503230318</ele>
<time>2026-08-28T06:46:30.181Z</time>
</trkpt>
<trkpt lat="41.9833214" lon="2.8248505999999907">
<ele>90.96199908710297</ele>
<time>2026-08-28T06:47:24.196Z</time>
</trkpt>
<trkpt lat="41.9833261" lon="2.8248561999999993">
<ele>90.0104166365227</ele>
<time>2026-08-28T06:48:18.203Z</time>
</trkpt>
<trkpt lat="41.9833314" lon="2.824858799999987">
<ele>89.115984949153</ele>
<time>2026-08-28T06:49:12.235Z</time>
</trkpt>
<trkpt lat="41.9833332" lon="2.824865399999993">
<ele>89.08582383830607</ele>
<time>2026-08-28T06:50:06.612Z</time>
</trkpt>
<trkpt lat="41.9833275" lon="2.824862599999989">
<ele>88.69385085285934</ele>
<time>2026-08-28T06:51:01.614Z</time>
</trkpt>
<trkpt lat="41.9833334" lon="2.8248570000000086">
<ele>91.12579506832309</ele>
<time>2026-08-28T06:51:56.239Z</time>
</trkpt>
<trkpt lat="41.9833287" lon="2.824860199999989">
<ele>89.57147888905482</ele>
<time>2026-08-28T06:52:50.833Z</time>
</trkpt>
<trkpt lat="41.9833182" lon="2.824865200000005">
<ele>90.10414311927308</ele>
<time>2026-08-28T06:53:45.035Z</time>
</trkpt>
<trkpt lat="41.9833204" lon="2.8248681999999974">
<ele>89.64877579011785</ele>
<time>2026-08-28T06:54:39.517Z</time>
</trkpt>
<trkpt lat="41.9833166" lon="2.8248710000000017">
<ele>90.14534478565983</ele>
<time>2026-08-28T06:55:34.021Z</time>
</trkpt>
<trkpt lat="41.9833235" lon="2.824868600000002">
<ele>90.5513006466474</ele>
<time>2026-08-28T06:56:28.456Z</time>
</trkpt>
<trkpt lat="41.9833362" lon="2.8248689000000127">
<ele>92.08247562332843</ele>
<time>2026-08-28T06:57:23.217Z</time>
</trkpt>
<trkpt lat="41.9833387" lon="2.8248643000000015">
<ele>91.34671286859755</ele>
<time>2026-08-28T06:58:18.281Z</time>
</trkpt>
<trkpt lat="41.9833292" lon="2.8248714000000064">
<ele>89.96263254554499</ele>
<time>2026-08-28T06:59:12.997Z</time>
</trkpt>
<trkpt lat="41.9833257" lon="2.8248641000000134">
<ele>89.8732825562396</ele>
<time>2026-08-28T07:00:07.164Z</time>
</trkpt>
<trkpt lat="41.9833295" lon="2.8248689000000127">
<ele>88.22854871475307</ele>
<time>2026-08-28T07:01:01.179Z</time>
</trkpt>
<trkpt lat="41.9833339" lon="2.8248702999999864">
<ele>90.0763874787882</ele>
<time>2026-08-28T07:01:56.073Z</time>
</trkpt>
<trkpt lat="41.9833315" lon="2.824868699999996">
<ele>89.44750065125322</ele>
<time>2026-08-28T07:02:50.977Z</time>
</trkpt>
<trkpt lat="41.9833276" lon="2.824865499999987">
<ele>90.21286616495456</ele>
<time>2026-08-28T07:03:45.185Z</time>
</trkpt>
<trkpt lat="41.9833279" lon="2.824863399999998">
<ele>90.30973030663988</ele>
<time>2026-08-28T07:04:39.777Z</time>
</trkpt>
<trkpt lat="41.9833291" lon="2.824865499999987">
<ele>90.25924903709102</ele>
<time>2026-08-28T07:05:34.251Z</time>
</trkpt>
<trkpt lat="41.9833279" lon="2.8248649999999884">
<ele>89.86955269682306</ele>
<time>2026-08-28T07:06:28.654Z</time>
</trkpt>
<trkpt lat="41.9833392" lon="2.824863399999998">
<ele>89.90363488244805</ele>
<time>2026-08-28T07:07:23.223Z</time>
</trkpt>
<trkpt lat="41.9833343" lon="2.8248642000000075">
<ele>90.41959670355597</ele>
<time>2026-08-28T07:08:17.499Z</time>
</trkpt>
<trkpt lat="41.9833352" lon="2.8248643000000015">
<ele>88.8618563149021</ele>
<time>2026-08-28T07:09:11.992Z</time>
</trkpt>
<trkpt lat="41.9833301" lon="2.8248657000000037">
<ele>88.96539405241971</ele>
<time>2026-08-28T07:10:06.854Z</time>
</trkpt>
<trkpt lat="41.9833384" lon="2.8248591999999917">
<ele>90.30074784754133</ele>
<time>2026-08-28T07:11:01.273Z</time>
</trkpt>
<trkpt lat="41.9833416" lon="2.824863300000004">
<ele>89.06391435520794</ele>
<time>2026-08-28T07:11:56.137Z</time>
</trkpt>
<trkpt lat="41.9833375" lon="2.8248662000000024">
<ele>88.77395542424013</ele>
<time>2026-08-28T07:12:50.616Z</time>
</trkpt>
<trkpt lat="41.9833308" lon="2.824868400000014">
<ele>88.81716974907027</ele>
<time>2026-08-28T07:13:45.195Z</time>
</trkpt>
<trkpt lat="41.9833347" lon="2.8248657999999978">
<ele>88.34253849634315</ele>
<time>2026-08-28T07:14:39.458Z</time>
</trkpt>
<trkpt lat="41.9833363" lon="2.8248584000000108">
<ele>89.0861057920776</ele>
<time>2026-08-28T07:15:34.249Z</time>
</trkpt>
<trkpt lat="41.9833364" lon="2.8248596999999904">
<ele>89.04567401506043</ele>
<time>2026-08-28T07:16:29.254Z</time>
</trkpt>
<trkpt lat="41.9833354" lon="2.8248648999999943">
<ele>90.19732676586763</ele>
<time>2026-08-28T07:17:24.141Z</time>
</trkpt>
<trkpt lat="41.9833319" lon="2.824863300000004">
<ele>89.66095135974818</ele>
<time>2026-08-28T07:18:18.258Z</time>
</trkpt>
<trkpt lat="41.9903614" lon="2.8244221999999866">
<ele>89.84370669940463</ele>
<time>2026-08-28T07:18:26.859Z</time>
</trkpt>
<trkpt lat="41.9903907" lon="2.8244774000000064">
<ele>90.25051580146325</ele>
<time>2026-08-28T07:18:32.017Z</time>
</trkpt>
<trkpt lat="41.99043" lon="2.8245139999999935">
<ele>89.780068257122</ele>
<time>2026-08-28T07:18:34.952Z</time>
</trkpt>
<trkpt lat="41.9904721" lon="2.824550700000003">
<ele>89.90569843129481</ele>
<time>2026-08-28T07:18:37.833Z</time>
</trkpt>
<trkpt lat="41.9905118" lon="2.824583700000005">
<ele>89.53362294870509</ele>
<time>2026-08-28T07:18:40.776Z</time>
</trkpt>
<trkpt lat="41.9905565" lon="2.8246182000000033">
<ele>88.76651866833271</ele>
<time>2026-08-28T07:18:44.209Z</time>
</trkpt>
<trkpt lat="41.9905965" lon="2.8246527000000015">
<ele>89.85052489287091</ele>
<time>2026-08-28T07:18:47.532Z</time>
</trkpt>
<trkpt lat="41.990615" lon="2.824710699999997">
<ele>89.55606426380815</ele>
<time>2026-08-28T07:18:52.165Z</time>
</trkpt>
<trkpt lat="41.9906095" lon="2.8247791000000007">
<ele>90.70206384742986</ele>
<time>2026-08-28T07:19:00.141Z</time>
</trkpt>
<trkpt lat="41.9906551" lon="2.8247910000000047">
<ele>93.11104943606414</ele>
<time>2026-08-28T07:19:23.754Z</time>
</trkpt>
<trkpt lat="41.9906246" lon="2.824870699999991">
<ele>94.30102801814904</ele>
<time>2026-08-28T07:19:32.826Z</time>
</trkpt>
<trkpt lat="41.9905928" lon="2.824891100000002">
<ele>90.69064339495989</ele>
<time>2026-08-28T07:20:07.138Z</time>
</trkpt>
<trkpt lat="41.9905822" lon="2.8248921999999936">
<ele>87.4312844997526</ele>
<time>2026-08-28T07:20:14.999Z</time>
</trkpt>
<trkpt lat="41.9906276" lon="2.8248730999999907">
<ele>87.44023232648433</ele>
<time>2026-08-28T07:20:21.799Z</time>
</trkpt>
<trkpt lat="41.9906701" lon="2.824799799999994">
<ele>86.57132245440306</ele>
<time>2026-08-28T07:20:24.879Z</time>
</trkpt>
<trkpt lat="41.9906962" lon="2.8247493000000077">
<ele>86.89563364255966</ele>
<time>2026-08-28T07:20:28.158Z</time>
</trkpt>
<trkpt lat="41.9907486" lon="2.824744399999986">
<ele>86.88247649457692</ele>
<time>2026-08-28T07:20:33.675Z</time>
</trkpt>
<trkpt lat="41.9907487" lon="2.8248060999999893">
<ele>86.6784160893764</ele>
<time>2026-08-28T07:20:38.137Z</time>
</trkpt>
<trkpt lat="41.9907344" lon="2.8248218999999892">
<ele>86.1513126593613</ele>
<time>2026-08-28T07:21:09.140Z</time>
</trkpt>
<trkpt lat="41.9907344" lon="2.8248218999999892">
<ele>86.17709688583619</ele>
<time>2026-08-28T07:21:09.140Z</time>
</trkpt>
<trkpt lat="41.9906854" lon="2.8248503000000085">
<ele>85.97576669561631</ele>
<time>2026-08-28T07:21:22.689Z</time>
</trkpt>
<trkpt lat="41.9906689" lon="2.8247902999999894">
<ele>85.52981241332131</ele>
<time>2026-08-28T07:21:45.237Z</time>
</trkpt>
<trkpt lat="41.990732" lon="2.8247590999999943">
<ele>85.60198270319022</ele>
<time>2026-08-28T07:21:47.141Z</time>
</trkpt>
<trkpt lat="41.9907966" lon="2.824799200000001">
<ele>85.82288405097846</ele>
<time>2026-08-28T07:21:49.154Z</time>
</trkpt>
<trkpt lat="41.9908291" lon="2.824867399999988">
<ele>86.16638613387768</ele>
<time>2026-08-28T07:21:50.163Z</time>
</trkpt>
<trkpt lat="41.9908627" lon="2.8249096000000122">
<ele>86.36359074336899</ele>
<time>2026-08-28T07:21:51.170Z</time>
</trkpt>
<trkpt lat="41.9909275" lon="2.8249840999999947">
<ele>86.19077273039649</ele>
<time>2026-08-28T07:21:53.185Z</time>
</trkpt>
<trkpt lat="41.9909522" lon="2.8250395999999967">
<ele>86.1616153941565</ele>
<time>2026-08-28T07:21:54.409Z</time>
</trkpt>
<trkpt lat="41.9909799" lon="2.825115399999987">
<ele>86.25110729693843</ele>
<time>2026-08-28T07:21:56.208Z</time>
</trkpt>
<trkpt lat="41.9910009" lon="2.825198300000011">
<ele>86.16107959432051</ele>
<time>2026-08-28T07:21:58.140Z</time>
</trkpt>
<trkpt lat="41.9910097" lon="2.8253211999999905">
<ele>85.71332448654621</ele>
<time>2026-08-28T07:22:00.141Z</time>
</trkpt>
<trkpt lat="41.9910159" lon="2.8253813000000036">
<ele>85.71136034747396</ele>
<time>2026-08-28T07:22:02.144Z</time>
</trkpt>
<trkpt lat="41.9910376" lon="2.8254652999999905">
<ele>85.87362872751143</ele>
<time>2026-08-28T07:22:04.159Z</time>
</trkpt>
<trkpt lat="41.9910821" lon="2.8255842000000087">
<ele>86.19770418340488</ele>
<time>2026-08-28T07:22:05.141Z</time>
</trkpt>
<trkpt lat="41.9911505" lon="2.8256577999999877">
<ele>84.83182875355243</ele>
<time>2026-08-28T07:22:07.141Z</time>
</trkpt>
<trkpt lat="41.9912098" lon="2.825703599999997">
<ele>85.5087782785306</ele>
<time>2026-08-28T07:22:09.141Z</time>
</trkpt>
<trkpt lat="41.9912633" lon="2.8257045999999946">
<ele>85.66260625628149</ele>
<time>2026-08-28T07:22:36.141Z</time>
</trkpt>
<trkpt lat="41.9913053" lon="2.825747799999988">
<ele>85.72962722321756</ele>
<time>2026-08-28T07:22:37.141Z</time>
</trkpt>
<trkpt lat="41.991348" lon="2.825784999999996">
<ele>85.7414681257395</ele>
<time>2026-08-28T07:22:38.141Z</time>
</trkpt>
<trkpt lat="41.9913923" lon="2.8258175999999935">
<ele>85.91890375939425</ele>
<time>2026-08-28T07:22:39.141Z</time>
</trkpt>
<trkpt lat="41.9914397" lon="2.8258511999999882">
<ele>86.11794323822556</ele>
<time>2026-08-28T07:22:40.140Z</time>
</trkpt>
<trkpt lat="41.9914941" lon="2.825874099999993">
<ele>86.5034218563835</ele>
<time>2026-08-28T07:22:41.141Z</time>
</trkpt>
<trkpt lat="41.9915575" lon="2.8258869000000004">
<ele>86.62934593131236</ele>
<time>2026-08-28T07:22:42.141Z</time>
</trkpt>
<trkpt lat="41.9916233" lon="2.8259112000000073">
<ele>86.76746046902421</ele>
<time>2026-08-28T07:22:43.141Z</time>
</trkpt>
<trkpt lat="41.9916931" lon="2.825931499999996">
<ele>86.9236737354447</ele>
<time>2026-08-28T07:22:44.141Z</time>
</trkpt>
<trkpt lat="41.9917644" lon="2.825946700000003">
<ele>87.00639647557797</ele>
<time>2026-08-28T07:22:45.141Z</time>
</trkpt>
<trkpt lat="41.9918348" lon="2.8259708999999873">
<ele>87.01203410913001</ele>
<time>2026-08-28T07:22:46.141Z</time>
</trkpt>
<trkpt lat="41.9919074" lon="2.8259913999999924">
<ele>87.07449714197</ele>
<time>2026-08-28T07:22:47.140Z</time>
</trkpt>
<trkpt lat="41.9919851" lon="2.8260166000000027">
<ele>87.23973113608206</ele>
<time>2026-08-28T07:22:48.140Z</time>
</trkpt>
<trkpt lat="41.9920623" lon="2.8260535000000004">
<ele>87.20239093830165</ele>
<time>2026-08-28T07:22:49.141Z</time>
</trkpt>
<trkpt lat="41.9921344" lon="2.8260832999999934">
<ele>87.03101169599294</ele>
<time>2026-08-28T07:22:50.141Z</time>
</trkpt>
<trkpt lat="41.9922089" lon="2.8261124999999936">
<ele>86.9104655031909</ele>
<time>2026-08-28T07:22:51.141Z</time>
</trkpt>
<trkpt lat="41.992281" lon="2.8261329999999987">
<ele>86.99711491527768</ele>
<time>2026-08-28T07:22:52.141Z</time>
</trkpt>
<trkpt lat="41.9923521" lon="2.826151100000004">
<ele>86.9999524333516</ele>
<time>2026-08-28T07:22:53.141Z</time>
</trkpt>
<trkpt lat="41.992436" lon="2.826161799999994">
<ele>86.84165736839914</ele>
<time>2026-08-28T07:22:54.140Z</time>
</trkpt>
<trkpt lat="41.9925148" lon="2.8261679999999956">
<ele>86.81518580407415</ele>
<time>2026-08-28T07:22:55.139Z</time>
</trkpt>
<trkpt lat="41.9925909" lon="2.82618149999999">
<ele>86.82147868662554</ele>
<time>2026-08-28T07:22:56.140Z</time>
</trkpt>
<trkpt lat="41.9926622" lon="2.8261956999999995">
<ele>86.90169769595599</ele>
<time>2026-08-28T07:22:57.140Z</time>
</trkpt>
<trkpt lat="41.992748" lon="2.8262041000000124">
<ele>86.86689578259315</ele>
<time>2026-08-28T07:22:58.140Z</time>
</trkpt>
<trkpt lat="41.9928206" lon="2.8262077999999917">
<ele>86.80946571796872</ele>
<time>2026-08-28T07:22:59.140Z</time>
</trkpt>
<trkpt lat="41.9928966" lon="2.826221099999998">
<ele>86.76744103155744</ele>
<time>2026-08-28T07:23:00.140Z</time>
</trkpt>
<trkpt lat="41.9929753" lon="2.8262142000000097">
<ele>86.80528194514943</ele>
<time>2026-08-28T07:23:01.140Z</time>
</trkpt>
<trkpt lat="41.9930509" lon="2.8262041000000124">
<ele>86.74519919753536</ele>
<time>2026-08-28T07:23:02.140Z</time>
</trkpt>
<trkpt lat="41.9931266" lon="2.826201400000002">
<ele>86.72752649358435</ele>
<time>2026-08-28T07:23:03.140Z</time>
</trkpt>
<trkpt lat="41.9932049" lon="2.826188699999989">
<ele>86.75731211231587</ele>
<time>2026-08-28T07:23:04.140Z</time>
</trkpt>
<trkpt lat="41.9932833" lon="2.826178900000002">
<ele>86.72967139374771</ele>
<time>2026-08-28T07:23:05.140Z</time>
</trkpt>
<trkpt lat="41.9933682" lon="2.8261628999999857">
<ele>86.86287798876387</ele>
<time>2026-08-28T07:23:06.139Z</time>
</trkpt>
<trkpt lat="41.9934497" lon="2.8261400000000094">
<ele>86.87594572249363</ele>
<time>2026-08-28T07:23:07.140Z</time>
</trkpt>
<trkpt lat="41.9935315" lon="2.8261110999999914">
<ele>86.60752469042396</ele>
<time>2026-08-28T07:23:08.140Z</time>
</trkpt>
<trkpt lat="41.9936248" lon="2.826090700000009">
<ele>86.35741000486975</ele>
<time>2026-08-28T07:23:09.139Z</time>
</trkpt>
<trkpt lat="41.9937126" lon="2.826076999999998">
<ele>86.06614492209651</ele>
<time>2026-08-28T07:23:10.139Z</time>
</trkpt>
<trkpt lat="41.9937901" lon="2.826047899999992">
<ele>86.01493250462585</ele>
<time>2026-08-28T07:23:11.140Z</time>
</trkpt>
<trkpt lat="41.9938793" lon="2.8260310999999945">
<ele>85.87930630946335</ele>
<time>2026-08-28T07:23:12.140Z</time>
</trkpt>
<trkpt lat="41.9939604" lon="2.8259999999999934">
<ele>85.82620385427462</ele>
<time>2026-08-28T07:23:13.140Z</time>
</trkpt>
<trkpt lat="41.9940444" lon="2.82596860000001">
<ele>85.75291152444707</ele>
<time>2026-08-28T07:23:14.140Z</time>
</trkpt>
<trkpt lat="41.9941284" lon="2.825937699999997">
<ele>85.64275378405802</ele>
<time>2026-08-28T07:23:15.140Z</time>
</trkpt>
<trkpt lat="41.9942129" lon="2.8259028999999884">
<ele>85.33230221026201</ele>
<time>2026-08-28T07:23:16.140Z</time>
</trkpt>
<trkpt lat="41.9942969" lon="2.8258736999999883">
<ele>85.21857047882415</ele>
<time>2026-08-28T07:23:17.140Z</time>
</trkpt>
<trkpt lat="41.9943804" lon="2.8258346000000074">
<ele>85.23421017670921</ele>
<time>2026-08-28T07:23:18.140Z</time>
</trkpt>
<trkpt lat="41.9944617" lon="2.825804099999999">
<ele>85.18229937837013</ele>
<time>2026-08-28T07:23:19.140Z</time>
</trkpt>
<trkpt lat="41.9945476" lon="2.8257758000000024">
<ele>85.05486597519848</ele>
<time>2026-08-28T07:23:20.139Z</time>
</trkpt>
<trkpt lat="41.9946342" lon="2.8257442000000026">
<ele>85.02223835333908</ele>
<time>2026-08-28T07:23:21.140Z</time>
</trkpt>
<trkpt lat="41.9947174" lon="2.8256992999999966">
<ele>84.93900328670723</ele>
<time>2026-08-28T07:23:22.140Z</time>
</trkpt>
<trkpt lat="41.9948033" lon="2.82566700000001">
<ele>85.09651066524918</ele>
<time>2026-08-28T07:23:23.140Z</time>
</trkpt>
<trkpt lat="41.994878" lon="2.8256337999999914">
<ele>84.84873389266629</ele>
<time>2026-08-28T07:23:24.139Z</time>
</trkpt>
<trkpt lat="41.9949667" lon="2.82560620000001">
<ele>84.92456839449346</ele>
<time>2026-08-28T07:23:25.139Z</time>
</trkpt>
<trkpt lat="41.9950585" lon="2.8255790000000047">
<ele>84.84776305384868</ele>
<time>2026-08-28T07:23:26.140Z</time>
</trkpt>
<trkpt lat="41.9951426" lon="2.8255494">
<ele>85.06642962028667</ele>
<time>2026-08-28T07:23:27.139Z</time>
</trkpt>
<trkpt lat="41.9952338" lon="2.825512300000014">
<ele>85.42692587052726</ele>
<time>2026-08-28T07:23:28.140Z</time>
</trkpt>
<trkpt lat="41.9953236" lon="2.825474299999996">
<ele>85.72295990111763</ele>
<time>2026-08-28T07:23:29.140Z</time>
</trkpt>
<trkpt lat="41.9954105" lon="2.8254321999999945">
<ele>85.71736678190094</ele>
<time>2026-08-28T07:23:30.140Z</time>
</trkpt>
<trkpt lat="41.9954977" lon="2.825386100000003">
<ele>85.58911225808775</ele>
<time>2026-08-28T07:23:31.140Z</time>
</trkpt>
<trkpt lat="41.9955882" lon="2.8253429000000096">
<ele>85.52975044050565</ele>
<time>2026-08-28T07:23:32.139Z</time>
</trkpt>
<trkpt lat="41.9956811" lon="2.8252972999999884">
<ele>85.60442625075902</ele>
<time>2026-08-28T07:23:33.140Z</time>
</trkpt>
<trkpt lat="41.9957722" lon="2.825246800000002">
<ele>85.73163480706054</ele>
<time>2026-08-28T07:23:34.140Z</time>
</trkpt>
<trkpt lat="41.9958605" lon="2.8251974000000075">
<ele>85.82118262347286</ele>
<time>2026-08-28T07:23:35.140Z</time>
</trkpt>
<trkpt lat="41.9959494" lon="2.825146399999994">
<ele>85.98178274299129</ele>
<time>2026-08-28T07:23:36.140Z</time>
</trkpt>
<trkpt lat="41.9960363" lon="2.825092100000006">
<ele>85.96191691150493</ele>
<time>2026-08-28T07:23:37.139Z</time>
</trkpt>
<trkpt lat="41.9961222" lon="2.825038599999999">
<ele>86.18351919590734</ele>
<time>2026-08-28T07:23:38.140Z</time>
</trkpt>
<trkpt lat="41.9962127" lon="2.824984900000004">
<ele>86.00517383474426</ele>
<time>2026-08-28T07:23:39.140Z</time>
</trkpt>
<trkpt lat="41.9963063" lon="2.8249391999999887">
<ele>86.07379262688204</ele>
<time>2026-08-28T07:23:40.140Z</time>
</trkpt>
<trkpt lat="41.9964012" lon="2.8248901000000046">
<ele>86.3128011783178</ele>
<time>2026-08-28T07:23:41.140Z</time>
</trkpt>
<trkpt lat="41.9964978" lon="2.8248471999999936">
<ele>85.6722764292871</ele>
<time>2026-08-28T07:23:42.140Z</time>
</trkpt>
<trkpt lat="41.996595" lon="2.824797899999993">
<ele>85.57707459179117</ele>
<time>2026-08-28T07:23:43.140Z</time>
</trkpt>
<trkpt lat="41.9966872" lon="2.8247499999999945">
<ele>85.7423618293423</ele>
<time>2026-08-28T07:23:44.140Z</time>
</trkpt>
<trkpt lat="41.9967831" lon="2.824710799999991">
<ele>85.61463060794834</ele>
<time>2026-08-28T07:23:45.140Z</time>
</trkpt>
<trkpt lat="41.9968771" lon="2.824672899999996">
<ele>85.51512537917012</ele>
<time>2026-08-28T07:23:46.140Z</time>
</trkpt>
<trkpt lat="41.9969689" lon="2.824636599999991">
<ele>85.31766484801658</ele>
<time>2026-08-28T07:23:47.139Z</time>
</trkpt>
<trkpt lat="41.9970653" lon="2.8246052000000077">
<ele>85.3003420971719</ele>
<time>2026-08-28T07:23:48.140Z</time>
</trkpt>
<trkpt lat="41.9971634" lon="2.824569700000012">
<ele>85.43058912986426</ele>
<time>2026-08-28T07:23:49.139Z</time>
</trkpt>
<trkpt lat="41.9972637" lon="2.8245397000000025">
<ele>85.4856105340573</ele>
<time>2026-08-28T07:23:50.140Z</time>
</trkpt>
<trkpt lat="41.9973669" lon="2.8245100999999977">
<ele>85.472359223888</ele>
<time>2026-08-28T07:23:51.139Z</time>
</trkpt>
<trkpt lat="41.997471" lon="2.824497699999995">
<ele>85.4153279164555</ele>
<time>2026-08-28T07:23:52.139Z</time>
</trkpt>
<trkpt lat="41.9975732" lon="2.8244965000000093">
<ele>85.20070878427859</ele>
<time>2026-08-28T07:23:53.140Z</time>
</trkpt>
<trkpt lat="41.997679" lon="2.8244929999999897">
<ele>85.1274037465911</ele>
<time>2026-08-28T07:23:54.140Z</time>
</trkpt>
<trkpt lat="41.9977713" lon="2.824502499999994">
<ele>85.14348911919978</ele>
<time>2026-08-28T07:23:55.140Z</time>
</trkpt>
<trkpt lat="41.9978672" lon="2.824512900000002">
<ele>85.24062065403473</ele>
<time>2026-08-28T07:23:56.140Z</time>
</trkpt>
<trkpt lat="41.9979758" lon="2.8245027000000107">
<ele>85.29573315202268</ele>
<time>2026-08-28T07:23:57.140Z</time>
</trkpt>
<trkpt lat="41.9980802" lon="2.824500499999999">
<ele>85.23939162368984</ele>
<time>2026-08-28T07:23:58.140Z</time>
</trkpt>
<trkpt lat="41.9981911" lon="2.824493100000012">
<ele>85.30969071426945</ele>
<time>2026-08-28T07:23:59.140Z</time>
</trkpt>
<trkpt lat="41.9982919" lon="2.8244827999999984">
<ele>85.35736733235987</ele>
<time>2026-08-28T07:24:00.139Z</time>
</trkpt>
<trkpt lat="41.9983919" lon="2.824480599999987">
<ele>85.62514555975392</ele>
<time>2026-08-28T07:24:01.140Z</time>
</trkpt>
<trkpt lat="41.998491" lon="2.824486400000012">
<ele>85.60716950893898</ele>
<time>2026-08-28T07:24:02.140Z</time>
</trkpt>
<trkpt lat="41.9985991" lon="2.8244953999999893">
<ele>85.79628248604602</ele>
<time>2026-08-28T07:24:03.140Z</time>
</trkpt>
<trkpt lat="41.9987056" lon="2.8244962999999927">
<ele>85.91936081045124</ele>
<time>2026-08-28T07:24:04.140Z</time>
</trkpt>
<trkpt lat="41.9988118" lon="2.8244957">
<ele>86.23740737852744</ele>
<time>2026-08-28T07:24:05.139Z</time>
</trkpt>
<trkpt lat="41.9989161" lon="2.824496900000014">
<ele>86.24936395176343</ele>
<time>2026-08-28T07:24:06.139Z</time>
</trkpt>
<trkpt lat="41.999015" lon="2.824495899999988">
<ele>86.33055461797042</ele>
<time>2026-08-28T07:24:07.140Z</time>
</trkpt>
<trkpt lat="41.9991171" lon="2.824493799999999">
<ele>86.26947369184558</ele>
<time>2026-08-28T07:24:08.140Z</time>
</trkpt>
<trkpt lat="41.9992184" lon="2.8244929999999897">
<ele>86.3326734527697</ele>
<time>2026-08-28T07:24:09.140Z</time>
</trkpt>
<trkpt lat="41.999323" lon="2.824491099999989">
<ele>86.4129277549338</ele>
<time>2026-08-28T07:24:10.140Z</time>
</trkpt>
<trkpt lat="41.9994261" lon="2.8244941000000097">
<ele>86.96699170160397</ele>
<time>2026-08-28T07:24:11.140Z</time>
</trkpt>
<trkpt lat="41.9995305" lon="2.82449059999999">
<ele>87.12499582079509</ele>
<time>2026-08-28T07:24:12.140Z</time>
</trkpt>
<trkpt lat="41.9996323" lon="2.8244912000000113">
<ele>87.24067597285254</ele>
<time>2026-08-28T07:24:13.140Z</time>
</trkpt>
<trkpt lat="41.9997334" lon="2.8244985999999983">
<ele>87.05909379908493</ele>
<time>2026-08-28T07:24:14.140Z</time>
</trkpt>
<trkpt lat="41.9998413" lon="2.8244974000000127">
<ele>86.80659527927932</ele>
<time>2026-08-28T07:24:15.140Z</time>
</trkpt>
<trkpt lat="41.9999486" lon="2.824492200000009">
<ele>86.99414279512445</ele>
<time>2026-08-28T07:24:16.140Z</time>
</trkpt>
<trkpt lat="42.0000624" lon="2.8244874000000095">
<ele>87.5282436353284</ele>
<time>2026-08-28T07:24:17.140Z</time>
</trkpt>
<trkpt lat="42.0001723" lon="2.824488400000007">
<ele>87.49710319195972</ele>
<time>2026-08-28T07:24:18.140Z</time>
</trkpt>
<trkpt lat="42.0002801" lon="2.824490400000002">
<ele>87.46851613512446</ele>
<time>2026-08-28T07:24:19.139Z</time>
</trkpt>
<trkpt lat="42.0003872" lon="2.8244846000000052">
<ele>87.4369834249554</ele>
<time>2026-08-28T07:24:20.140Z</time>
</trkpt>
<trkpt lat="42.0004906" lon="2.824479700000012">
<ele>87.4112509382794</ele>
<time>2026-08-28T07:24:21.139Z</time>
</trkpt>
<trkpt lat="42.000599" lon="2.8244741000000033">
<ele>87.69417524190405</ele>
<time>2026-08-28T07:24:22.140Z</time>
</trkpt>
<trkpt lat="42.0007048" lon="2.824476599999997">
<ele>87.94661908692412</ele>
<time>2026-08-28T07:24:23.140Z</time>
</trkpt>
<trkpt lat="42.000811" lon="2.824477800000011">
<ele>87.84888863648105</ele>
<time>2026-08-28T07:24:24.140Z</time>
</trkpt>
<trkpt lat="42.0009241" lon="2.82447719999999">
<ele>88.19701454590933</ele>
<time>2026-08-28T07:24:25.140Z</time>
</trkpt>
<trkpt lat="42.0010362" lon="2.8244803000000047">
<ele>88.19215576490646</ele>
<time>2026-08-28T07:24:26.140Z</time>
</trkpt>
<trkpt lat="42.0011411" lon="2.824481300000002">
<ele>88.01513264778283</ele>
<time>2026-08-28T07:24:27.140Z</time>
</trkpt>
<trkpt lat="42.0012503" lon="2.824480099999988">
<ele>87.88700690358995</ele>
<time>2026-08-28T07:24:28.140Z</time>
</trkpt>
<trkpt lat="42.0013601" lon="2.8244861000000014">
<ele>88.17192548691453</ele>
<time>2026-08-28T07:24:29.140Z</time>
</trkpt>
<trkpt lat="42.0014707" lon="2.824494399999992">
<ele>88.07862007177157</ele>
<time>2026-08-28T07:24:30.140Z</time>
</trkpt>
<trkpt lat="42.0015816" lon="2.8245047999999997">
<ele>88.13011879956265</ele>
<time>2026-08-28T07:24:31.140Z</time>
</trkpt>
<trkpt lat="42.0016906" lon="2.8245119000000045">
<ele>88.1067250018189</ele>
<time>2026-08-28T07:24:32.140Z</time>
</trkpt>
<trkpt lat="42.0018038" lon="2.8245206999999937">
<ele>88.29670189870906</ele>
<time>2026-08-28T07:24:33.140Z</time>
</trkpt>
<trkpt lat="42.0019141" lon="2.824531900000011">
<ele>88.13440517564891</ele>
<time>2026-08-28T07:24:34.139Z</time>
</trkpt>
<trkpt lat="42.002021" lon="2.824538600000011">
<ele>88.07715083089622</ele>
<time>2026-08-28T07:24:35.139Z</time>
</trkpt>
<trkpt lat="42.0021285" lon="2.824548099999987">
<ele>88.038355290518</ele>
<time>2026-08-28T07:24:36.140Z</time>
</trkpt>
<trkpt lat="42.0022368" lon="2.8245590999999877">
<ele>88.05304065579136</ele>
<time>2026-08-28T07:24:37.140Z</time>
</trkpt>
<trkpt lat="42.0023379" lon="2.824571899999995">
<ele>88.05394502587325</ele>
<time>2026-08-28T07:24:38.140Z</time>
</trkpt>
<trkpt lat="42.0024316" lon="2.824579199999988">
<ele>87.82051556476343</ele>
<time>2026-08-28T07:24:39.140Z</time>
</trkpt>
<trkpt lat="42.0025247" lon="2.8245860000000107">
<ele>87.65922558470822</ele>
<time>2026-08-28T07:24:40.139Z</time>
</trkpt>
<trkpt lat="42.0026126" lon="2.8245901999999887">
<ele>87.23386939577296</ele>
<time>2026-08-28T07:24:41.140Z</time>
</trkpt>
<trkpt lat="42.0026977" lon="2.824598199999997">
<ele>86.68849453933808</ele>
<time>2026-08-28T07:24:42.140Z</time>
</trkpt>
<trkpt lat="42.002773" lon="2.824606100000011">
<ele>86.62519642153768</ele>
<time>2026-08-28T07:24:43.139Z</time>
</trkpt>
<trkpt lat="42.0028444" lon="2.8246192000000008">
<ele>86.4159417893048</ele>
<time>2026-08-28T07:24:44.140Z</time>
</trkpt>
<trkpt lat="42.002907" lon="2.824653100000006">
<ele>86.4446593386661</ele>
<time>2026-08-28T07:24:45.140Z</time>
</trkpt>
<trkpt lat="42.002962" lon="2.824696700000004">
<ele>86.10328417713015</ele>
<time>2026-08-28T07:24:46.140Z</time>
</trkpt>
<trkpt lat="42.0030235" lon="2.824726400000003">
<ele>85.96879824049512</ele>
<time>2026-08-28T07:24:47.140Z</time>
</trkpt>
<trkpt lat="42.003093" lon="2.8247260999999924">
<ele>86.00723766416881</ele>
<time>2026-08-28T07:24:48.140Z</time>
</trkpt>
<trkpt lat="42.0031666" lon="2.824698699999999">
<ele>86.19420058708603</ele>
<time>2026-08-28T07:24:49.140Z</time>
</trkpt>
<trkpt lat="42.0032369" lon="2.824665699999997">
<ele>86.18405179504516</ele>
<time>2026-08-28T07:24:50.139Z</time>
</trkpt>
<trkpt lat="42.0033063" lon="2.824655299999989">
<ele>86.05371940078567</ele>
<time>2026-08-28T07:24:51.139Z</time>
</trkpt>
<trkpt lat="42.003378" lon="2.824658800000009">
<ele>85.96239594645805</ele>
<time>2026-08-28T07:24:52.140Z</time>
</trkpt>
<trkpt lat="42.0034505" lon="2.824672700000008">
<ele>86.20430175178869</ele>
<time>2026-08-28T07:24:53.140Z</time>
</trkpt>
<trkpt lat="42.0035293" lon="2.824674200000004">
<ele>86.39272826892302</ele>
<time>2026-08-28T07:24:54.140Z</time>
</trkpt>
<trkpt lat="42.0036019" lon="2.8246699000000035">
<ele>86.37230516220264</ele>
<time>2026-08-28T07:24:55.140Z</time>
</trkpt>
<trkpt lat="42.0036803" lon="2.8246738999999934">
<ele>86.30468035977574</ele>
<time>2026-08-28T07:24:56.140Z</time>
</trkpt>
<trkpt lat="42.0037667" lon="2.824680199999989">
<ele>86.29621636615546</ele>
<time>2026-08-28T07:24:57.140Z</time>
</trkpt>
<trkpt lat="42.0038565" lon="2.8246929999999963">
<ele>86.10612687252605</ele>
<time>2026-08-28T07:24:58.139Z</time>
</trkpt>
<trkpt lat="42.003943" lon="2.8247010000000046">
<ele>86.41767976975481</ele>
<time>2026-08-28T07:24:59.139Z</time>
</trkpt>
<trkpt lat="42.0040299" lon="2.8247153000000083">
<ele>86.36546635801585</ele>
<time>2026-08-28T07:25:00.140Z</time>
</trkpt>
<trkpt lat="42.0041175" lon="2.824719399999992">
<ele>86.15963170234845</ele>
<time>2026-08-28T07:25:01.139Z</time>
</trkpt>
<trkpt lat="42.0042024" lon="2.8247274000000004">
<ele>86.33168265978316</ele>
<time>2026-08-28T07:25:02.140Z</time>
</trkpt>
<trkpt lat="42.0042925" lon="2.824735199999992">
<ele>86.53913116374535</ele>
<time>2026-08-28T07:25:03.140Z</time>
</trkpt>
<trkpt lat="42.0043893" lon="2.8247425000000135">
<ele>86.69658869588233</ele>
<time>2026-08-28T07:25:04.140Z</time>
</trkpt>
<trkpt lat="42.0044842" lon="2.8247534999999857">
<ele>86.55230800640078</ele>
<time>2026-08-28T07:25:05.140Z</time>
</trkpt>
<trkpt lat="42.0045811" lon="2.8247650000000135">
<ele>86.72504525590392</ele>
<time>2026-08-28T07:25:06.140Z</time>
</trkpt>
<trkpt lat="42.004684" lon="2.824774700000006">
<ele>86.51727843224825</ele>
<time>2026-08-28T07:25:07.140Z</time>
</trkpt>
<trkpt lat="42.0047854" lon="2.8247795000000053">
<ele>86.46936102705546</ele>
<time>2026-08-28T07:25:08.140Z</time>
</trkpt>
<trkpt lat="42.0048845" lon="2.824785999999989">
<ele>86.72413321019678</ele>
<time>2026-08-28T07:25:09.139Z</time>
</trkpt>
<trkpt lat="42.0049849" lon="2.824794499999996">
<ele>86.62473333240617</ele>
<time>2026-08-28T07:25:10.140Z</time>
</trkpt>
<trkpt lat="42.0050828" lon="2.824797200000006">
<ele>86.59841849184204</ele>
<time>2026-08-28T07:25:11.139Z</time>
</trkpt>
<trkpt lat="42.0051817" lon="2.8248039000000063">
<ele>86.67912138542464</ele>
<time>2026-08-28T07:25:12.139Z</time>
</trkpt>
<trkpt lat="42.0052758" lon="2.8248154000000056">
<ele>86.5837870411516</ele>
<time>2026-08-28T07:25:13.140Z</time>
</trkpt>
<trkpt lat="42.0053725" lon="2.8248258000000135">
<ele>86.50288452622921</ele>
<time>2026-08-28T07:25:14.140Z</time>
</trkpt>
<trkpt lat="42.0054739" lon="2.8248327000000018">
<ele>86.31031431755551</ele>
<time>2026-08-28T07:25:15.140Z</time>
</trkpt>
<trkpt lat="42.0055741" lon="2.8248386999999866">
<ele>86.30313349061677</ele>
<time>2026-08-28T07:25:16.140Z</time>
</trkpt>
<trkpt lat="42.0056755" lon="2.8248472999999876">
<ele>86.04529070186078</ele>
<time>2026-08-28T07:25:17.140Z</time>
</trkpt>
<trkpt lat="42.0057747" lon="2.8248562999999933">
<ele>86.06256173831154</ele>
<time>2026-08-28T07:25:18.140Z</time>
</trkpt>
<trkpt lat="42.0058742" lon="2.824866500000013">
<ele>86.48395850080793</ele>
<time>2026-08-28T07:25:19.140Z</time>
</trkpt>
<trkpt lat="42.0059712" lon="2.824870400000009">
<ele>86.25606428066287</ele>
<time>2026-08-28T07:25:20.139Z</time>
</trkpt>
<trkpt lat="42.0060675" lon="2.8248786000000052">
<ele>86.16940609203961</ele>
<time>2026-08-28T07:25:21.140Z</time>
</trkpt>
<trkpt lat="42.0061617" lon="2.824888499999986">
<ele>86.26447080186014</ele>
<time>2026-08-28T07:25:22.140Z</time>
</trkpt>
<trkpt lat="42.0062554" lon="2.8248914000000127">
<ele>86.05258342435421</ele>
<time>2026-08-28T07:25:23.140Z</time>
</trkpt>
<trkpt lat="42.00635" lon="2.824901000000011">
<ele>85.94195127234816</ele>
<time>2026-08-28T07:25:24.140Z</time>
</trkpt>
<trkpt lat="42.0064492" lon="2.8249073000000067">
<ele>86.06769231323108</ele>
<time>2026-08-28T07:25:25.140Z</time>
</trkpt>
<trkpt lat="42.0065451" lon="2.824910200000005">
<ele>86.01102067526277</ele>
<time>2026-08-28T07:25:26.140Z</time>
</trkpt>
<trkpt lat="42.0066375" lon="2.8249190999999882">
<ele>85.60371188004945</ele>
<time>2026-08-28T07:25:27.140Z</time>
</trkpt>
<trkpt lat="42.0067326" lon="2.8249265999999977">
<ele>85.56375944367313</ele>
<time>2026-08-28T07:25:28.140Z</time>
</trkpt>
<trkpt lat="42.0068251" lon="2.8249337000000025">
<ele>85.47629297723174</ele>
<time>2026-08-28T07:25:29.140Z</time>
</trkpt>
<trkpt lat="42.0069155" lon="2.8249370999999996">
<ele>85.44208127774037</ele>
<time>2026-08-28T07:25:30.140Z</time>
</trkpt>
<trkpt lat="42.0070129" lon="2.824943399999995">
<ele>85.28860176183369</ele>
<time>2026-08-28T07:25:31.139Z</time>
</trkpt>
<trkpt lat="42.007109" lon="2.824949900000007">
<ele>85.1410442829069</ele>
<time>2026-08-28T07:25:32.140Z</time>
</trkpt>
<trkpt lat="42.0072031" lon="2.8249561000000085">
<ele>84.85178141912486</ele>
<time>2026-08-28T07:25:33.140Z</time>
</trkpt>
<trkpt lat="42.0072997" lon="2.824970900000011">
<ele>84.81810427423541</ele>
<time>2026-08-28T07:25:34.140Z</time>
</trkpt>
<trkpt lat="42.0073906" lon="2.8249840999999947">
<ele>84.80854293832107</ele>
<time>2026-08-28T07:25:35.140Z</time>
</trkpt>
<trkpt lat="42.0074845" lon="2.8249879999999905">
<ele>84.4914536804429</ele>
<time>2026-08-28T07:25:36.140Z</time>
</trkpt>
<trkpt lat="42.0075758" lon="2.824993500000005">
<ele>84.364911172082</ele>
<time>2026-08-28T07:25:37.139Z</time>
</trkpt>
<trkpt lat="42.0076676" lon="2.8249965999999915">
<ele>84.42268367463973</ele>
<time>2026-08-28T07:25:38.140Z</time>
</trkpt>
<trkpt lat="42.0077568" lon="2.824997400000001">
<ele>84.33134672997957</ele>
<time>2026-08-28T07:25:39.140Z</time>
</trkpt>
<trkpt lat="42.0078466" lon="2.824992000000009">
<ele>84.07267156641134</ele>
<time>2026-08-28T07:25:40.140Z</time>
</trkpt>
<trkpt lat="42.0079404" lon="2.825000899999992">
<ele>83.98457808084025</ele>
<time>2026-08-28T07:25:41.140Z</time>
</trkpt>
<trkpt lat="42.0080354" lon="2.825012799999996">
<ele>84.06158988918591</ele>
<time>2026-08-28T07:25:42.140Z</time>
</trkpt>
<trkpt lat="42.0081333" lon="2.8250227999999993">
<ele>84.03990058429335</ele>
<time>2026-08-28T07:25:43.140Z</time>
</trkpt>
<trkpt lat="42.0082292" lon="2.8250310999999897">
<ele>83.79473924576114</ele>
<time>2026-08-28T07:25:44.140Z</time>
</trkpt>
<trkpt lat="42.0083307" lon="2.8250381999999945">
<ele>83.94330582667975</ele>
<time>2026-08-28T07:25:45.140Z</time>
</trkpt>
<trkpt lat="42.0084333" lon="2.825050400000009">
<ele>84.04727619584402</ele>
<time>2026-08-28T07:25:46.140Z</time>
</trkpt>
<trkpt lat="42.008532" lon="2.8250571000000093">
<ele>83.87042720702534</ele>
<time>2026-08-28T07:25:47.140Z</time>
</trkpt>
<trkpt lat="42.0086333" lon="2.825068499999986">
<ele>83.85356285299882</ele>
<time>2026-08-28T07:25:48.140Z</time>
</trkpt>
<trkpt lat="42.008736" lon="2.8250777000000085">
<ele>83.45827699440369</ele>
<time>2026-08-28T07:25:49.139Z</time>
</trkpt>
<trkpt lat="42.0088335" lon="2.82508390000001">
<ele>82.99901389649999</ele>
<time>2026-08-28T07:25:50.140Z</time>
</trkpt>
<trkpt lat="42.0089262" lon="2.8250899999999888">
<ele>82.56977256349316</ele>
<time>2026-08-28T07:25:51.140Z</time>
</trkpt>
<trkpt lat="42.0090212" lon="2.825101399999994">
<ele>82.56072007434146</ele>
<time>2026-08-28T07:25:52.140Z</time>
</trkpt>
<trkpt lat="42.0091187" lon="2.8251107000000104">
<ele>82.30642860748763</ele>
<time>2026-08-28T07:25:53.140Z</time>
</trkpt>
<trkpt lat="42.0092158" lon="2.8251200999999924">
<ele>82.08307686383925</ele>
<time>2026-08-28T07:25:54.140Z</time>
</trkpt>
<trkpt lat="42.0093092" lon="2.8251193000000114">
<ele>81.87179887943573</ele>
<time>2026-08-28T07:25:55.140Z</time>
</trkpt>
<trkpt lat="42.0094016" lon="2.8251242000000047">
<ele>81.70073444320992</ele>
<time>2026-08-28T07:25:56.139Z</time>
</trkpt>
<trkpt lat="42.0094954" lon="2.8251346000000126">
<ele>81.63091217046554</ele>
<time>2026-08-28T07:25:57.140Z</time>
</trkpt>
<trkpt lat="42.0095848" lon="2.825141400000007">
<ele>81.49901245622816</ele>
<time>2026-08-28T07:25:58.140Z</time>
</trkpt>
<trkpt lat="42.0096795" lon="2.825146100000012">
<ele>81.44796809434902</ele>
<time>2026-08-28T07:25:59.140Z</time>
</trkpt>
<trkpt lat="42.0097749" lon="2.825144200000011">
<ele>81.34309102056737</ele>
<time>2026-08-28T07:26:00.140Z</time>
</trkpt>
<trkpt lat="42.0098673" lon="2.825152099999997">
<ele>81.1799949087152</ele>
<time>2026-08-28T07:26:01.139Z</time>
</trkpt>
<trkpt lat="42.0099623" lon="2.82516609999999">
<ele>78.95180981787529</ele>
<time>2026-08-28T07:26:02.140Z</time>
</trkpt>
<trkpt lat="42.0100576" lon="2.8251788000000033">
<ele>82.40758631459843</ele>
<time>2026-08-28T07:26:03.140Z</time>
</trkpt>
<trkpt lat="42.0101507" lon="2.8251870999999937">
<ele>81.6338128763222</ele>
<time>2026-08-28T07:26:04.140Z</time>
</trkpt>
<trkpt lat="42.0102458" lon="2.825197000000003">
<ele>80.70984603458507</ele>
<time>2026-08-28T07:26:05.140Z</time>
</trkpt>
<trkpt lat="42.0103456" lon="2.825204299999996">
<ele>80.79448212171982</ele>
<time>2026-08-28T07:26:06.139Z</time>
</trkpt>
<trkpt lat="42.0104413" lon="2.82521220000001">
<ele>80.7096030284268</ele>
<time>2026-08-28T07:26:07.140Z</time>
</trkpt>
<trkpt lat="42.0105337" lon="2.8252134999999896">
<ele>80.92782216053786</ele>
<time>2026-08-28T07:26:08.139Z</time>
</trkpt>
<trkpt lat="42.0106291" lon="2.825224100000014">
<ele>80.61805821544641</ele>
<time>2026-08-28T07:26:09.140Z</time>
</trkpt>
<trkpt lat="42.0107227" lon="2.8252337000000125">
<ele>79.99943244200597</ele>
<time>2026-08-28T07:26:10.140Z</time>
</trkpt>
<trkpt lat="42.0108011" lon="2.825250600000004">
<ele>79.48317673755331</ele>
<time>2026-08-28T07:26:11.140Z</time>
</trkpt>
<trkpt lat="42.0108596" lon="2.8252543000000117">
<ele>78.73102852572107</ele>
<time>2026-08-28T07:26:12.140Z</time>
</trkpt>
<trkpt lat="42.0109046" lon="2.825259399999993">
<ele>76.28324838875226</ele>
<time>2026-08-28T07:26:13.140Z</time>
</trkpt>
<trkpt lat="42.010972" lon="2.8252675999999894">
<ele>73.88461776724178</ele>
<time>2026-08-28T07:26:15.140Z</time>
</trkpt>
<trkpt lat="42.0110511" lon="2.8252589999999884">
<ele>76.43014915896758</ele>
<time>2026-08-28T07:26:40.139Z</time>
</trkpt>
<trkpt lat="42.0111014" lon="2.825260500000013">
<ele>76.57071202816978</ele>
<time>2026-08-28T07:26:41.140Z</time>
</trkpt>
<trkpt lat="42.0111571" lon="2.8252498999999887">
<ele>76.36948920641704</ele>
<time>2026-08-28T07:26:42.140Z</time>
</trkpt>
<trkpt lat="42.011211" lon="2.8252495000000124">
<ele>76.79344954023365</ele>
<time>2026-08-28T07:26:43.140Z</time>
</trkpt>
<trkpt lat="42.0112803" lon="2.825254199999989">
<ele>75.68155225335254</ele>
<time>2026-08-28T07:26:44.140Z</time>
</trkpt>
<trkpt lat="42.0113577" lon="2.825261899999987">
<ele>77.71755396166184</ele>
<time>2026-08-28T07:26:45.139Z</time>
</trkpt>
<trkpt lat="42.0114299" lon="2.8252715000000137">
<ele>76.51807575611402</ele>
<time>2026-08-28T07:26:46.140Z</time>
</trkpt>
<trkpt lat="42.0115059" lon="2.825278499999996">
<ele>77.02403294146792</ele>
<time>2026-08-28T07:26:47.140Z</time>
</trkpt>
<trkpt lat="42.0115772" lon="2.8252867999999864">
<ele>77.10456053913133</ele>
<time>2026-08-28T07:26:48.140Z</time>
</trkpt>
<trkpt lat="42.0116456" lon="2.8252926000000116">
<ele>76.86206815829495</ele>
<time>2026-08-28T07:26:49.140Z</time>
</trkpt>
<trkpt lat="42.0117229" lon="2.825302700000009">
<ele>76.83328181271007</ele>
<time>2026-08-28T07:26:50.140Z</time>
</trkpt>
<trkpt lat="42.0118011" lon="2.8253130999999883">
<ele>76.7865836286429</ele>
<time>2026-08-28T07:26:51.140Z</time>
</trkpt>
<trkpt lat="42.0118783" lon="2.8253434000000084">
<ele>76.90316714772536</ele>
<time>2026-08-28T07:26:52.140Z</time>
</trkpt>
<trkpt lat="42.0119511" lon="2.8253813999999977">
<ele>76.89141256379804</ele>
<time>2026-08-28T07:26:53.140Z</time>
</trkpt>
<trkpt lat="42.0120233" lon="2.825424499999997">
<ele>76.90253699113033</ele>
<time>2026-08-28T07:26:54.140Z</time>
</trkpt>
<trkpt lat="42.012099" lon="2.825469599999991">
<ele>76.84403804536288</ele>
<time>2026-08-28T07:26:55.140Z</time>
</trkpt>
<trkpt lat="42.0121667" lon="2.825512599999996">
<ele>76.98289129001381</ele>
<time>2026-08-28T07:26:56.140Z</time>
</trkpt>
<trkpt lat="42.0122406" lon="2.8255445000000066">
<ele>76.94959063832425</ele>
<time>2026-08-28T07:26:57.140Z</time>
</trkpt>
<trkpt lat="42.012315" lon="2.825584499999991">
<ele>76.91080129007999</ele>
<time>2026-08-28T07:26:58.139Z</time>
</trkpt>
<trkpt lat="42.0123927" lon="2.8256193999999937">
<ele>76.74273880729385</ele>
<time>2026-08-28T07:26:59.140Z</time>
</trkpt>
<trkpt lat="42.012467" lon="2.8256727000000126">
<ele>76.23092979258259</ele>
<time>2026-08-28T07:27:00.139Z</time>
</trkpt>
<trkpt lat="42.0125385" lon="2.825726599999996">
<ele>76.35181646402174</ele>
<time>2026-08-28T07:27:01.140Z</time>
</trkpt>
<trkpt lat="42.0126017" lon="2.8257619999999974">
<ele>76.29133135247066</ele>
<time>2026-08-28T07:27:02.140Z</time>
</trkpt>
<trkpt lat="42.0126723" lon="2.825796800000006">
<ele>76.80333336323172</ele>
<time>2026-08-28T07:27:03.140Z</time>
</trkpt>
<trkpt lat="42.0127352" lon="2.825828300000012">
<ele>76.5321090560137</ele>
<time>2026-08-28T07:27:04.140Z</time>
</trkpt>
<trkpt lat="42.0128053" lon="2.825865599999986">
<ele>76.59454042412548</ele>
<time>2026-08-28T07:27:05.140Z</time>
</trkpt>
<trkpt lat="42.0128762" lon="2.8259075999999936">
<ele>76.83126419053121</ele>
<time>2026-08-28T07:27:06.140Z</time>
</trkpt>
<trkpt lat="42.0129503" lon="2.8259529999999984">
<ele>76.65906301728107</ele>
<time>2026-08-28T07:27:07.140Z</time>
</trkpt>
<trkpt lat="42.0130107" lon="2.8259860000000003">
<ele>76.65863414395729</ele>
<time>2026-08-28T07:27:08.140Z</time>
</trkpt>
<trkpt lat="42.013077" lon="2.8260165000000086">
<ele>76.48431686270929</ele>
<time>2026-08-28T07:27:09.140Z</time>
</trkpt>
<trkpt lat="42.0131369" lon="2.826050500000008">
<ele>76.43087030793326</ele>
<time>2026-08-28T07:27:10.139Z</time>
</trkpt>
<trkpt lat="42.0132031" lon="2.8260873000000117">
<ele>77.26477024788318</ele>
<time>2026-08-28T07:27:11.140Z</time>
</trkpt>
<trkpt lat="42.0132682" lon="2.8261256000000117">
<ele>76.6384648334725</ele>
<time>2026-08-28T07:27:12.140Z</time>
</trkpt>
<trkpt lat="42.0133334" lon="2.826177300000012">
<ele>76.71644745505898</ele>
<time>2026-08-28T07:27:13.140Z</time>
</trkpt>
<trkpt lat="42.0133953" lon="2.8262321999999926">
<ele>77.55335205144694</ele>
<time>2026-08-28T07:27:14.140Z</time>
</trkpt>
<trkpt lat="42.0134598" lon="2.8263034999999945">
<ele>77.11781653406935</ele>
<time>2026-08-28T07:27:15.140Z</time>
</trkpt>
<trkpt lat="42.0135286" lon="2.826375200000001">
<ele>76.72849139379854</ele>
<time>2026-08-28T07:27:16.140Z</time>
</trkpt>
<trkpt lat="42.0135955" lon="2.826456500000006">
<ele>76.8255747292384</ele>
<time>2026-08-28T07:27:17.139Z</time>
</trkpt>
<trkpt lat="42.0136548" lon="2.8265400999999883">
<ele>77.1000434221408</ele>
<time>2026-08-28T07:27:18.140Z</time>
</trkpt>
<trkpt lat="42.0137124" lon="2.826628999999997">
<ele>76.0923600571904</ele>
<time>2026-08-28T07:27:19.139Z</time>
</trkpt>
<trkpt lat="42.0137703" lon="2.826737400000013">
<ele>76.75665881659269</ele>
<time>2026-08-28T07:27:20.140Z</time>
</trkpt>
<trkpt lat="42.013832" lon="2.826847100000009">
<ele>76.91370017832733</ele>
<time>2026-08-28T07:27:21.139Z</time>
</trkpt>
<trkpt lat="42.0138936" lon="2.8269629000000123">
<ele>76.52808093436151</ele>
<time>2026-08-28T07:27:22.140Z</time>
</trkpt>
<trkpt lat="42.0139654" lon="2.827085899999986">
<ele>76.75375104638086</ele>
<time>2026-08-28T07:27:23.139Z</time>
</trkpt>
<trkpt lat="42.0140325" lon="2.827223300000014">
<ele>76.57051580932114</ele>
<time>2026-08-28T07:27:24.140Z</time>
</trkpt>
<trkpt lat="42.0141052" lon="2.8273512000000096">
<ele>76.84336642935726</ele>
<time>2026-08-28T07:27:25.140Z</time>
</trkpt>
<trkpt lat="42.0141736" lon="2.827474599999988">
<ele>76.93335892886361</ele>
<time>2026-08-28T07:27:26.139Z</time>
</trkpt>
<trkpt lat="42.0142479" lon="2.827594299999987">
<ele>77.21661093435215</ele>
<time>2026-08-28T07:27:27.139Z</time>
</trkpt>
<trkpt lat="42.0143294" lon="2.827715000000012">
<ele>77.00157942785314</ele>
<time>2026-08-28T07:27:28.139Z</time>
</trkpt>
<trkpt lat="42.0144169" lon="2.8278237000000104">
<ele>77.10809975319395</ele>
<time>2026-08-28T07:27:29.140Z</time>
</trkpt>
<trkpt lat="42.0145108" lon="2.8279336999999884">
<ele>76.92601999789048</ele>
<time>2026-08-28T07:27:30.140Z</time>
</trkpt>
<trkpt lat="42.0146011" lon="2.8280326000000002">
<ele>76.94576076483438</ele>
<time>2026-08-28T07:27:31.139Z</time>
</trkpt>
<trkpt lat="42.014692" lon="2.8281313999999895">
<ele>77.49930190145304</ele>
<time>2026-08-28T07:27:32.140Z</time>
</trkpt>
<trkpt lat="42.0147803" lon="2.8282264999999995">
<ele>77.34431285322559</ele>
<time>2026-08-28T07:27:33.140Z</time>
</trkpt>
<trkpt lat="42.0148763" lon="2.82830229999999">
<ele>77.56038690942297</ele>
<time>2026-08-28T07:27:34.140Z</time>
</trkpt>
<trkpt lat="42.0149763" lon="2.8283651000000134">
<ele>77.88869444781331</ele>
<time>2026-08-28T07:27:35.140Z</time>
</trkpt>
<trkpt lat="42.0150954" lon="2.828414400000014">
<ele>77.83253368191633</ele>
<time>2026-08-28T07:27:36.140Z</time>
</trkpt>
<trkpt lat="42.0152154" lon="2.828444499999989">
<ele>77.56551148687628</ele>
<time>2026-08-28T07:27:37.140Z</time>
</trkpt>
<trkpt lat="42.0153396" lon="2.8284715000000062">
<ele>78.40941175019518</ele>
<time>2026-08-28T07:27:38.140Z</time>
</trkpt>
<trkpt lat="42.0154634" lon="2.8285008000000005">
<ele>78.62380614636503</ele>
<time>2026-08-28T07:27:39.140Z</time>
</trkpt>
<trkpt lat="42.0155946" lon="2.8285232000000065">
<ele>79.31685746556775</ele>
<time>2026-08-28T07:27:40.140Z</time>
</trkpt>
<trkpt lat="42.0157286" lon="2.8285458000000006">
<ele>79.66685860098028</ele>
<time>2026-08-28T07:27:41.140Z</time>
</trkpt>
<trkpt lat="42.0158625" lon="2.828567399999997">
<ele>79.87491603104446</ele>
<time>2026-08-28T07:27:42.140Z</time>
</trkpt>
<trkpt lat="42.0159999" lon="2.8285873000000095">
<ele>80.46873787183382</ele>
<time>2026-08-28T07:27:43.140Z</time>
</trkpt>
<trkpt lat="42.016141" lon="2.828609400000005">
<ele>80.88466424029178</ele>
<time>2026-08-28T07:27:44.140Z</time>
</trkpt>
<trkpt lat="42.0162846" lon="2.828624999999988">
<ele>80.47695377826946</ele>
<time>2026-08-28T07:27:45.140Z</time>
</trkpt>
<trkpt lat="42.0164209" lon="2.828637100000009">
<ele>80.98696053907506</ele>
<time>2026-08-28T07:27:46.140Z</time>
</trkpt>
<trkpt lat="42.016561" lon="2.8286550999999918">
<ele>81.87973549730366</ele>
<time>2026-08-28T07:27:47.140Z</time>
</trkpt>
<trkpt lat="42.0167014" lon="2.8286675999999886">
<ele>81.55188763105106</ele>
<time>2026-08-28T07:27:48.140Z</time>
</trkpt>
<trkpt lat="42.016847" lon="2.8286852999999894">
<ele>82.14404343877196</ele>
<time>2026-08-28T07:27:49.140Z</time>
</trkpt>
<trkpt lat="42.0169944" lon="2.828708799999987">
<ele>82.24409307633451</ele>
<time>2026-08-28T07:27:50.140Z</time>
</trkpt>
<trkpt lat="42.0171434" lon="2.8287368999999956">
<ele>83.1350047584771</ele>
<time>2026-08-28T07:27:51.140Z</time>
</trkpt>
<trkpt lat="42.0172881" lon="2.8287625000000105">
<ele>83.26639801697824</ele>
<time>2026-08-28T07:27:52.140Z</time>
</trkpt>
<trkpt lat="42.0174365" lon="2.8287948999999912">
<ele>84.03727443139624</ele>
<time>2026-08-28T07:27:53.140Z</time>
</trkpt>
<trkpt lat="42.0175806" lon="2.8288097999999877">
<ele>84.41447538305067</ele>
<time>2026-08-28T07:27:54.140Z</time>
</trkpt>
<trkpt lat="42.017724" lon="2.828830299999993">
<ele>85.58705989397794</ele>
<time>2026-08-28T07:27:55.140Z</time>
</trkpt>
<trkpt lat="42.0178668" lon="2.828844199999992">
<ele>86.64665461376498</ele>
<time>2026-08-28T07:27:56.140Z</time>
</trkpt>
<trkpt lat="42.0180117" lon="2.828864699999997">
<ele>87.07971842759167</ele>
<time>2026-08-28T07:27:57.140Z</time>
</trkpt>
<trkpt lat="42.0181566" lon="2.8288843999999926">
<ele>88.88036172315171</ele>
<time>2026-08-28T07:27:58.140Z</time>
</trkpt>
<trkpt lat="42.0183083" lon="2.8289082000000008">
<ele>89.72181947845965</ele>
<time>2026-08-28T07:27:59.140Z</time>
</trkpt>
<trkpt lat="42.0184601" lon="2.8289345999999966">
<ele>90.17660858889882</ele>
<time>2026-08-28T07:28:00.139Z</time>
</trkpt>
<trkpt lat="42.0186148" lon="2.8289642000000015">
<ele>90.53276787904821</ele>
<time>2026-08-28T07:28:01.140Z</time>
</trkpt>
<trkpt lat="42.0187581" lon="2.828987899999987">
<ele>91.10489235706193</ele>
<time>2026-08-28T07:28:02.140Z</time>
</trkpt>
<trkpt lat="42.0188931" lon="2.8290090000000134">
<ele>91.73874096423572</ele>
<time>2026-08-28T07:28:03.140Z</time>
</trkpt>
<trkpt lat="42.0190178" lon="2.8290301000000113">
<ele>92.21351462567905</ele>
<time>2026-08-28T07:28:04.139Z</time>
</trkpt>
<trkpt lat="42.0191418" lon="2.829049900000001">
<ele>92.2444544084949</ele>
<time>2026-08-28T07:28:05.139Z</time>
</trkpt>
<trkpt lat="42.0192612" lon="2.829072499999995">
<ele>91.95462736868384</ele>
<time>2026-08-28T07:28:06.140Z</time>
</trkpt>
<trkpt lat="42.019377" lon="2.8291131999999948">
<ele>91.93300826850503</ele>
<time>2026-08-28T07:28:07.139Z</time>
</trkpt>
<trkpt lat="42.0194903" lon="2.8291759999999897">
<ele>92.66061102440162</ele>
<time>2026-08-28T07:28:08.140Z</time>
</trkpt>
<trkpt lat="42.019582" lon="2.829255399999994">
<ele>93.23856397635453</ele>
<time>2026-08-28T07:28:09.140Z</time>
</trkpt>
<trkpt lat="42.0196644" lon="2.8293668000000025">
<ele>92.76497142903047</ele>
<time>2026-08-28T07:28:10.140Z</time>
</trkpt>
<trkpt lat="42.0197271" lon="2.8294817999999964">
<ele>93.33106227269425</ele>
<time>2026-08-28T07:28:11.139Z</time>
</trkpt>
<trkpt lat="42.0197747" lon="2.829629799999992">
<ele>93.93925917023164</ele>
<time>2026-08-28T07:28:12.140Z</time>
</trkpt>
<trkpt lat="42.0198057" lon="2.82977919999999">
<ele>93.73582733765262</ele>
<time>2026-08-28T07:28:13.139Z</time>
</trkpt>
<trkpt lat="42.0198249" lon="2.829923199999996">
<ele>93.68851557749373</ele>
<time>2026-08-28T07:28:14.140Z</time>
</trkpt>
<trkpt lat="42.0198422" lon="2.830061300000011">
<ele>93.44777886550752</ele>
<time>2026-08-28T07:28:15.139Z</time>
</trkpt>
<trkpt lat="42.0198676" lon="2.830192699999998">
<ele>94.14812937573777</ele>
<time>2026-08-28T07:28:16.140Z</time>
</trkpt>
<trkpt lat="42.0198993" lon="2.8303213000000085">
<ele>93.39458690130778</ele>
<time>2026-08-28T07:28:17.140Z</time>
</trkpt>
<trkpt lat="42.019946" lon="2.83044799999999">
<ele>93.92135335977528</ele>
<time>2026-08-28T07:28:18.139Z</time>
</trkpt>
<trkpt lat="42.0200116" lon="2.830555699999991">
<ele>92.97799275845792</ele>
<time>2026-08-28T07:28:19.140Z</time>
</trkpt>
<trkpt lat="42.020101" lon="2.830652399999991">
<ele>92.36614293959128</ele>
<time>2026-08-28T07:28:20.140Z</time>
</trkpt>
<trkpt lat="42.0202047" lon="2.8307456999999943">
<ele>92.30138087062848</ele>
<time>2026-08-28T07:28:21.139Z</time>
</trkpt>
<trkpt lat="42.0203192" lon="2.8308179999999936">
<ele>96.20062972275515</ele>
<time>2026-08-28T07:28:22.140Z</time>
</trkpt>
<trkpt lat="42.020438" lon="2.8308906000000036">
<ele>93.74463267274587</ele>
<time>2026-08-28T07:28:23.140Z</time>
</trkpt>
<trkpt lat="42.0205517" lon="2.830982299999988">
<ele>96.25427115008097</ele>
<time>2026-08-28T07:28:24.140Z</time>
</trkpt>
<trkpt lat="42.0206619" lon="2.8310853000000122">
<ele>93.80268318302078</ele>
<time>2026-08-28T07:28:25.140Z</time>
</trkpt>
<trkpt lat="42.0207721" lon="2.8312070000000062">
<ele>96.27753735824058</ele>
<time>2026-08-28T07:28:26.140Z</time>
</trkpt>
<trkpt lat="42.0208733" lon="2.831335800000005">
<ele>93.78147370626215</ele>
<time>2026-08-28T07:28:27.140Z</time>
</trkpt>
<trkpt lat="42.0209644" lon="2.8314750000000117">
<ele>91.43798656189605</ele>
<time>2026-08-28T07:28:28.139Z</time>
</trkpt>
<trkpt lat="42.0210546" lon="2.8316230000000076">
<ele>91.00367404384795</ele>
<time>2026-08-28T07:28:29.140Z</time>
</trkpt>
<trkpt lat="42.0211323" lon="2.831787200000008">
<ele>90.22111539320325</ele>
<time>2026-08-28T07:28:30.140Z</time>
</trkpt>
<trkpt lat="42.0212049" lon="2.8319562000000076">
<ele>89.29719628964</ele>
<time>2026-08-28T07:28:31.140Z</time>
</trkpt>
<trkpt lat="42.0212691" lon="2.8321366000000125">
<ele>89.51765252085869</ele>
<time>2026-08-28T07:28:32.140Z</time>
</trkpt>
<trkpt lat="42.0213368" lon="2.8323192999999947">
<ele>88.59147883842155</ele>
<time>2026-08-28T07:28:33.140Z</time>
</trkpt>
<trkpt lat="42.0214038" lon="2.832502000000005">
<ele>87.97595471792302</ele>
<time>2026-08-28T07:28:34.140Z</time>
</trkpt>
<trkpt lat="42.0214722" lon="2.832681000000008">
<ele>87.88163133001912</ele>
<time>2026-08-28T07:28:35.139Z</time>
</trkpt>
<trkpt lat="42.0215424" lon="2.8328625000000045">
<ele>87.42487771611398</ele>
<time>2026-08-28T07:28:36.140Z</time>
</trkpt>
<trkpt lat="42.0216095" lon="2.833045300000009">
<ele>86.949634228264</ele>
<time>2026-08-28T07:28:37.140Z</time>
</trkpt>
<trkpt lat="42.0216766" lon="2.833223199999992">
<ele>86.50459654718072</ele>
<time>2026-08-28T07:28:38.140Z</time>
</trkpt>
<trkpt lat="42.0217456" lon="2.8333968999999968">
<ele>86.3135695842801</ele>
<time>2026-08-28T07:28:39.140Z</time>
</trkpt>
<trkpt lat="42.0218127" lon="2.83356839999999">
<ele>86.15256408986674</ele>
<time>2026-08-28T07:28:40.140Z</time>
</trkpt>
<trkpt lat="42.0218809" lon="2.833740299999988">
<ele>85.62348903267112</ele>
<time>2026-08-28T07:28:41.140Z</time>
</trkpt>
<trkpt lat="42.0219492" lon="2.8339167999999972">
<ele>84.36023505829607</ele>
<time>2026-08-28T07:28:42.140Z</time>
</trkpt>
<trkpt lat="42.022018" lon="2.8340928000000076">
<ele>84.66508852466356</ele>
<time>2026-08-28T07:28:43.140Z</time>
</trkpt>
<trkpt lat="42.0220831" lon="2.834267600000004">
<ele>83.81739452364017</ele>
<time>2026-08-28T07:28:44.140Z</time>
</trkpt>
<trkpt lat="42.0221521" lon="2.8344432000000097">
<ele>83.66733661011793</ele>
<time>2026-08-28T07:28:45.140Z</time>
</trkpt>
<trkpt lat="42.0222198" lon="2.8346203000000116">
<ele>83.39091192297617</ele>
<time>2026-08-28T07:28:46.139Z</time>
</trkpt>
<trkpt lat="42.0222887" lon="2.8347942999999987">
<ele>83.0647037961923</ele>
<time>2026-08-28T07:28:47.140Z</time>
</trkpt>
<trkpt lat="42.0223555" lon="2.8349712000000125">
<ele>83.20297440454974</ele>
<time>2026-08-28T07:28:48.139Z</time>
</trkpt>
<trkpt lat="42.0224247" lon="2.8351477999999872">
<ele>83.21073917283103</ele>
<time>2026-08-28T07:28:49.139Z</time>
</trkpt>
<trkpt lat="42.0224947" lon="2.8353218999999967">
<ele>83.84839879693646</ele>
<time>2026-08-28T07:28:50.140Z</time>
</trkpt>
<trkpt lat="42.0225625" lon="2.8354960000000062">
<ele>83.23792656516295</ele>
<time>2026-08-28T07:28:51.139Z</time>
</trkpt>
<trkpt lat="42.0226299" lon="2.835675500000008">
<ele>83.70901500221356</ele>
<time>2026-08-28T07:28:52.140Z</time>
</trkpt>
<trkpt lat="42.022699" lon="2.8358537000000013">
<ele>82.95686633942982</ele>
<time>2026-08-28T07:28:53.140Z</time>
</trkpt>
<trkpt lat="42.0227659" lon="2.8360271999999895">
<ele>83.49865682751712</ele>
<time>2026-08-28T07:28:54.140Z</time>
</trkpt>
<trkpt lat="42.0228317" lon="2.8361983000000066">
<ele>82.86428299530529</ele>
<time>2026-08-28T07:28:55.139Z</time>
</trkpt>
<trkpt lat="42.0229" lon="2.8363667000000135">
<ele>83.48007827700276</ele>
<time>2026-08-28T07:28:56.140Z</time>
</trkpt>
<trkpt lat="42.0229668" lon="2.836522699999989">
<ele>82.88908488865297</ele>
<time>2026-08-28T07:28:57.139Z</time>
</trkpt>
<trkpt lat="42.0230245" lon="2.8366760000000113">
<ele>81.9776313009309</ele>
<time>2026-08-28T07:28:58.140Z</time>
</trkpt>
<trkpt lat="42.0230817" lon="2.836826599999995">
<ele>80.91913976600662</ele>
<time>2026-08-28T07:28:59.140Z</time>
</trkpt>
<trkpt lat="42.0231416" lon="2.8369764999999916">
<ele>80.59623572218315</ele>
<time>2026-08-28T07:29:00.140Z</time>
</trkpt>
<trkpt lat="42.0231968" lon="2.8371199000000047">
<ele>80.18490343958729</ele>
<time>2026-08-28T07:29:01.140Z</time>
</trkpt>
<trkpt lat="42.0232494" lon="2.8372607000000016">
<ele>79.68916661605061</ele>
<time>2026-08-28T07:29:02.140Z</time>
</trkpt>
<trkpt lat="42.0232982" lon="2.837398400000012">
<ele>79.3199061548196</ele>
<time>2026-08-28T07:29:03.139Z</time>
</trkpt>
<trkpt lat="42.0233471" lon="2.8375282000000084">
<ele>78.83385826410779</ele>
<time>2026-08-28T07:29:04.140Z</time>
</trkpt>
<trkpt lat="42.0233968" lon="2.83765249999999">
<ele>77.95025476654423</ele>
<time>2026-08-28T07:29:05.140Z</time>
</trkpt>
<trkpt lat="42.0234436" lon="2.8377694000000133">
<ele>77.756245498857</ele>
<time>2026-08-28T07:29:06.140Z</time>
</trkpt>
<trkpt lat="42.0234875" lon="2.837869000000012">
<ele>77.6025998883098</ele>
<time>2026-08-28T07:29:07.140Z</time>
</trkpt>
<trkpt lat="42.0235207" lon="2.83796430000001">
<ele>75.87543320450673</ele>
<time>2026-08-28T07:29:08.140Z</time>
</trkpt>
<trkpt lat="42.023551" lon="2.8380438000000083">
<ele>77.35181472720933</ele>
<time>2026-08-28T07:29:09.139Z</time>
</trkpt>
<trkpt lat="42.0235754" lon="2.838111800000007">
<ele>76.5869653708187</ele>
<time>2026-08-28T07:29:10.140Z</time>
</trkpt>
<trkpt lat="42.0235988" lon="2.838165800000013">
<ele>76.0895044969683</ele>
<time>2026-08-28T07:29:11.140Z</time>
</trkpt>
<trkpt lat="42.0236328" lon="2.838253199999997">
<ele>75.68863420361286</ele>
<time>2026-08-28T07:29:13.140Z</time>
</trkpt>
<trkpt lat="42.0236497" lon="2.8383158000000037">
<ele>76.55984581181811</ele>
<time>2026-08-28T07:29:18.139Z</time>
</trkpt>
<trkpt lat="42.0236889" lon="2.838424599999996">
<ele>76.10131173871319</ele>
<time>2026-08-28T07:29:20.140Z</time>
</trkpt>
<trkpt lat="42.0237151" lon="2.8384867000000042">
<ele>76.82896275776145</ele>
<time>2026-08-28T07:29:21.140Z</time>
</trkpt>
<trkpt lat="42.0237406" lon="2.838555200000002">
<ele>77.90743775687417</ele>
<time>2026-08-28T07:29:22.140Z</time>
</trkpt>
<trkpt lat="42.0237717" lon="2.8386343999999895">
<ele>77.43589015338497</ele>
<time>2026-08-28T07:29:23.140Z</time>
</trkpt>
<trkpt lat="42.0238063" lon="2.8387376000000017">
<ele>78.11491365986583</ele>
<time>2026-08-28T07:29:24.139Z</time>
</trkpt>
<trkpt lat="42.0238486" lon="2.8388490000000104">
<ele>78.70246902721796</ele>
<time>2026-08-28T07:29:25.140Z</time>
</trkpt>
<trkpt lat="42.0238982" lon="2.8389674999999954">
<ele>78.79619591095779</ele>
<time>2026-08-28T07:29:26.140Z</time>
</trkpt>
<trkpt lat="42.0239528" lon="2.8390995999999973">
<ele>78.7332514730173</ele>
<time>2026-08-28T07:29:27.140Z</time>
</trkpt>
<trkpt lat="42.0240022" lon="2.8392259000000024">
<ele>78.65303740583336</ele>
<time>2026-08-28T07:29:28.140Z</time>
</trkpt>
<trkpt lat="42.0240559" lon="2.8393510999999876">
<ele>79.2642237869883</ele>
<time>2026-08-28T07:29:29.139Z</time>
</trkpt>
<trkpt lat="42.024112" lon="2.8394791999999995">
<ele>78.61541942923743</ele>
<time>2026-08-28T07:29:30.140Z</time>
</trkpt>
<trkpt lat="42.0241691" lon="2.8396200999999905">
<ele>78.62253177121691</ele>
<time>2026-08-28T07:29:31.140Z</time>
</trkpt>
<trkpt lat="42.0242301" lon="2.8397672000000114">
<ele>78.5437437078667</ele>
<time>2026-08-28T07:29:32.139Z</time>
</trkpt>
<trkpt lat="42.0242914" lon="2.8399182999999937">
<ele>78.77909823669876</ele>
<time>2026-08-28T07:29:33.140Z</time>
</trkpt>
<trkpt lat="42.0243524" lon="2.8400767999999914">
<ele>77.78189252063684</ele>
<time>2026-08-28T07:29:34.139Z</time>
</trkpt>
<trkpt lat="42.0244141" lon="2.8402343999999857">
<ele>78.51283725921476</ele>
<time>2026-08-28T07:29:35.140Z</time>
</trkpt>
<trkpt lat="42.0244825" lon="2.840397700000011">
<ele>78.23172012358624</ele>
<time>2026-08-28T07:29:36.140Z</time>
</trkpt>
<trkpt lat="42.0245471" lon="2.8405579999999873">
<ele>78.09435339956822</ele>
<time>2026-08-28T07:29:37.140Z</time>
</trkpt>
<trkpt lat="42.024612" lon="2.840725099999986">
<ele>77.90885970492937</ele>
<time>2026-08-28T07:29:38.140Z</time>
</trkpt>
<trkpt lat="42.0246774" lon="2.8408903000000123">
<ele>77.93297983482563</ele>
<time>2026-08-28T07:29:39.140Z</time>
</trkpt>
<trkpt lat="42.0247436" lon="2.841057400000011">
<ele>78.20054670506369</ele>
<time>2026-08-28T07:29:40.140Z</time>
</trkpt>
<trkpt lat="42.0248099" lon="2.8412289000000044">
<ele>79.03057422124819</ele>
<time>2026-08-28T07:29:41.140Z</time>
</trkpt>
<trkpt lat="42.0248744" lon="2.8414022999999986">
<ele>79.0412979734984</ele>
<time>2026-08-28T07:29:42.140Z</time>
</trkpt>
<trkpt lat="42.0249383" lon="2.841576400000008">
<ele>78.33697780694833</ele>
<time>2026-08-28T07:29:43.140Z</time>
</trkpt>
<trkpt lat="42.0250071" lon="2.841752000000014">
<ele>78.9158787807436</ele>
<time>2026-08-28T07:29:44.140Z</time>
</trkpt>
<trkpt lat="42.0250768" lon="2.8419344000000137">
<ele>79.18093774256478</ele>
<time>2026-08-28T07:29:45.139Z</time>
</trkpt>
<trkpt lat="42.0251472" lon="2.8421116000000097">
<ele>79.23003404019293</ele>
<time>2026-08-28T07:29:46.140Z</time>
</trkpt>
<trkpt lat="42.0252197" lon="2.842294299999992">
<ele>79.0043895586624</ele>
<time>2026-08-28T07:29:47.140Z</time>
</trkpt>
<trkpt lat="42.0252888" lon="2.8424764000000096">
<ele>79.88187244813558</ele>
<time>2026-08-28T07:29:48.139Z</time>
</trkpt>
<trkpt lat="42.0253613" lon="2.842659200000014">
<ele>80.20908789289317</ele>
<time>2026-08-28T07:29:49.139Z</time>
</trkpt>
<trkpt lat="42.0254361" lon="2.8428440000000137">
<ele>79.70568027188415</ele>
<time>2026-08-28T07:29:50.140Z</time>
</trkpt>
<trkpt lat="42.0255071" lon="2.8430318999999997">
<ele>79.44599918512843</ele>
<time>2026-08-28T07:29:51.140Z</time>
</trkpt>
<trkpt lat="42.025577" lon="2.843215399999991">
<ele>79.07235218151706</ele>
<time>2026-08-28T07:29:52.140Z</time>
</trkpt>
<trkpt lat="42.0256467" lon="2.843399000000005">
<ele>78.91316951076941</ele>
<time>2026-08-28T07:29:53.139Z</time>
</trkpt>
<trkpt lat="42.0257172" lon="2.8435756000000083">
<ele>78.0519019161534</ele>
<time>2026-08-28T07:29:54.139Z</time>
</trkpt>
<trkpt lat="42.025789" lon="2.843753499999991">
<ele>78.63030840584896</ele>
<time>2026-08-28T07:29:55.140Z</time>
</trkpt>
<trkpt lat="42.0258599" lon="2.8439320999999893">
<ele>78.75558082675568</ele>
<time>2026-08-28T07:29:56.139Z</time>
</trkpt>
<trkpt lat="42.0259327" lon="2.8441098000000125">
<ele>79.5796072158724</ele>
<time>2026-08-28T07:29:57.139Z</time>
</trkpt>
<trkpt lat="42.0260051" lon="2.8443081000000063">
<ele>80.25370061468016</ele>
<time>2026-08-28T07:29:58.140Z</time>
</trkpt>
<trkpt lat="42.0260689" lon="2.8445039000000065">
<ele>80.77956549811975</ele>
<time>2026-08-28T07:29:59.140Z</time>
</trkpt>
<trkpt lat="42.0261168" lon="2.844707999999997">
<ele>81.59159424071673</ele>
<time>2026-08-28T07:30:00.139Z</time>
</trkpt>
<trkpt lat="42.0261492" lon="2.844919500000003">
<ele>81.33021946239116</ele>
<time>2026-08-28T07:30:01.140Z</time>
</trkpt>
<trkpt lat="42.0261728" lon="2.8451364000000012">
<ele>81.98422643568024</ele>
<time>2026-08-28T07:30:02.140Z</time>
</trkpt>
<trkpt lat="42.0261853" lon="2.845350200000013">
<ele>81.25902746649277</ele>
<time>2026-08-28T07:30:03.140Z</time>
</trkpt>
<trkpt lat="42.0261829" lon="2.8455657000000087">
<ele>80.9099483133027</ele>
<time>2026-08-28T07:30:04.140Z</time>
</trkpt>
<trkpt lat="42.0261659" lon="2.8457885999999917">
<ele>81.12686863165862</ele>
<time>2026-08-28T07:30:05.140Z</time>
</trkpt>
<trkpt lat="42.0261272" lon="2.845998900000012">
<ele>81.17489209888508</ele>
<time>2026-08-28T07:30:06.140Z</time>
</trkpt>
<trkpt lat="42.0260723" lon="2.846212400000013">
<ele>80.6476893240054</ele>
<time>2026-08-28T07:30:07.140Z</time>
</trkpt>
<trkpt lat="42.0259973" lon="2.846419200000014">
<ele>81.48356909263607</ele>
<time>2026-08-28T07:30:08.140Z</time>
</trkpt>
<trkpt lat="42.0259013" lon="2.846614299999999">
<ele>81.11026075802774</ele>
<time>2026-08-28T07:30:09.139Z</time>
</trkpt>
<trkpt lat="42.0257957" lon="2.8468023000000073">
<ele>81.49728704245825</ele>
<time>2026-08-28T07:30:10.140Z</time>
</trkpt>
<trkpt lat="42.025683" lon="2.8469775000000084">
<ele>81.64360673575453</ele>
<time>2026-08-28T07:30:11.140Z</time>
</trkpt>
<trkpt lat="42.0255618" lon="2.8471490000000017">
<ele>81.22663493890487</ele>
<time>2026-08-28T07:30:12.140Z</time>
</trkpt>
<trkpt lat="42.0254315" lon="2.847315699999996">
<ele>81.13889253819988</ele>
<time>2026-08-28T07:30:13.139Z</time>
</trkpt>
<trkpt lat="42.0252979" lon="2.847477700000013">
<ele>82.67045481207242</ele>
<time>2026-08-28T07:30:14.140Z</time>
</trkpt>
<trkpt lat="42.0251575" lon="2.8476440000000025">
<ele>81.11114393593827</ele>
<time>2026-08-28T07:30:15.140Z</time>
</trkpt>
<trkpt lat="42.0250202" lon="2.847809500000011">
<ele>80.46626604044692</ele>
<time>2026-08-28T07:30:16.140Z</time>
</trkpt>
<trkpt lat="42.0248861" lon="2.847971000000001">
<ele>79.86134416762653</ele>
<time>2026-08-28T07:30:17.139Z</time>
</trkpt>
<trkpt lat="42.0247477" lon="2.848129599999993">
<ele>80.95498204686012</ele>
<time>2026-08-28T07:30:18.140Z</time>
</trkpt>
<trkpt lat="42.0246022" lon="2.8482878000000085">
<ele>80.80314422519294</ele>
<time>2026-08-28T07:30:19.140Z</time>
</trkpt>
<trkpt lat="42.0244586" lon="2.8484486000000118">
<ele>80.13722676595047</ele>
<time>2026-08-28T07:30:20.140Z</time>
</trkpt>
<trkpt lat="42.0243146" lon="2.848615499999994">
<ele>80.41093513188349</ele>
<time>2026-08-28T07:30:21.140Z</time>
</trkpt>
<trkpt lat="42.02417" lon="2.8487816999999893">
<ele>80.55746846649382</ele>
<time>2026-08-28T07:30:22.140Z</time>
</trkpt>
<trkpt lat="42.0240222" lon="2.8489547000000073">
<ele>79.9758788239622</ele>
<time>2026-08-28T07:30:23.140Z</time>
</trkpt>
<trkpt lat="42.0238734" lon="2.8491234999999904">
<ele>79.27362889695087</ele>
<time>2026-08-28T07:30:24.139Z</time>
</trkpt>
<trkpt lat="42.0237239" lon="2.8492976">
<ele>81.08273890436115</ele>
<time>2026-08-28T07:30:25.139Z</time>
</trkpt>
<trkpt lat="42.0235751" lon="2.849472100000014">
<ele>81.86617579798234</ele>
<time>2026-08-28T07:30:26.139Z</time>
</trkpt>
<trkpt lat="42.0234243" lon="2.8496442">
<ele>79.53804630355675</ele>
<time>2026-08-28T07:30:27.140Z</time>
</trkpt>
<trkpt lat="42.0232727" lon="2.8498150000000066">
<ele>79.10779353343287</ele>
<time>2026-08-28T07:30:28.140Z</time>
</trkpt>
<trkpt lat="42.0231233" lon="2.8499823999999876">
<ele>78.6142867219402</ele>
<time>2026-08-28T07:30:29.140Z</time>
</trkpt>
<trkpt lat="42.0229795" lon="2.850151699999998">
<ele>78.7570795734576</ele>
<time>2026-08-28T07:30:30.140Z</time>
</trkpt>
<trkpt lat="42.0228352" lon="2.8503233000000137">
<ele>79.21005774827172</ele>
<time>2026-08-28T07:30:31.140Z</time>
</trkpt>
<trkpt lat="42.0226993" lon="2.8504839000000004">
<ele>79.79581959419858</ele>
<time>2026-08-28T07:30:32.140Z</time>
</trkpt>
<trkpt lat="42.0225693" lon="2.850647600000002">
<ele>78.34035282505816</ele>
<time>2026-08-28T07:30:33.140Z</time>
</trkpt>
<trkpt lat="42.0224415" lon="2.850826799999993">
<ele>77.93013411136067</ele>
<time>2026-08-28T07:30:34.140Z</time>
</trkpt>
<trkpt lat="42.0223218" lon="2.851011099999994">
<ele>78.80464369880782</ele>
<time>2026-08-28T07:30:35.140Z</time>
</trkpt>
<trkpt lat="42.02221" lon="2.8512043000000062">
<ele>78.7086472606032</ele>
<time>2026-08-28T07:30:36.140Z</time>
</trkpt>
<trkpt lat="42.0221206" lon="2.8514155999999957">
<ele>78.99053326658091</ele>
<time>2026-08-28T07:30:37.140Z</time>
</trkpt>
<trkpt lat="42.0220404" lon="2.851637199999999">
<ele>78.66612551740111</ele>
<time>2026-08-28T07:30:38.139Z</time>
</trkpt>
<trkpt lat="42.0219759" lon="2.8518616000000065">
<ele>78.43531967479063</ele>
<time>2026-08-28T07:30:39.140Z</time>
</trkpt>
<trkpt lat="42.0219267" lon="2.852090199999992">
<ele>77.02533779018304</ele>
<time>2026-08-28T07:30:40.139Z</time>
</trkpt>
<trkpt lat="42.0218896" lon="2.8523237999999935">
<ele>76.76873851328223</ele>
<time>2026-08-28T07:30:41.140Z</time>
</trkpt>
<trkpt lat="42.0218646" lon="2.8525698999999918">
<ele>77.07565342307876</ele>
<time>2026-08-28T07:30:42.140Z</time>
</trkpt>
<trkpt lat="42.0218551" lon="2.852817799999997">
<ele>76.95581780922724</ele>
<time>2026-08-28T07:30:43.139Z</time>
</trkpt>
<trkpt lat="42.0218494" lon="2.8530700999999965">
<ele>77.4894648578304</ele>
<time>2026-08-28T07:30:44.139Z</time>
</trkpt>
<trkpt lat="42.0218495" lon="2.853327799999988">
<ele>77.25548849447273</ele>
<time>2026-08-28T07:30:45.140Z</time>
</trkpt>
<trkpt lat="42.0218496" lon="2.853586699999994">
<ele>76.71216561886045</ele>
<time>2026-08-28T07:30:46.140Z</time>
</trkpt>
<trkpt lat="42.0218577" lon="2.853837800000008">
<ele>77.34206973023694</ele>
<time>2026-08-28T07:30:47.140Z</time>
</trkpt>
<trkpt lat="42.0218717" lon="2.8540882000000067">
<ele>76.9785595175071</ele>
<time>2026-08-28T07:30:48.139Z</time>
</trkpt>
<trkpt lat="42.0218926" lon="2.854341000000005">
<ele>77.1403607316566</ele>
<time>2026-08-28T07:30:49.140Z</time>
</trkpt>
<trkpt lat="42.0219163" lon="2.854587699999996">
<ele>76.0627229455007</ele>
<time>2026-08-28T07:30:50.139Z</time>
</trkpt>
<trkpt lat="42.0219451" lon="2.854830600000014">
<ele>75.97428202759949</ele>
<time>2026-08-28T07:30:51.140Z</time>
</trkpt>
<trkpt lat="42.0219826" lon="2.855068799999998">
<ele>75.1165068502171</ele>
<time>2026-08-28T07:30:52.140Z</time>
</trkpt>
<trkpt lat="42.0220283" lon="2.8553092999999876">
<ele>75.68399328492906</ele>
<time>2026-08-28T07:30:53.140Z</time>
</trkpt>
<trkpt lat="42.0220845" lon="2.8555430000000115">
<ele>76.94811875988712</ele>
<time>2026-08-28T07:30:54.140Z</time>
</trkpt>
<trkpt lat="42.0221496" lon="2.85577090000001">
<ele>76.2587942956685</ele>
<time>2026-08-28T07:30:55.140Z</time>
</trkpt>
<trkpt lat="42.0222284" lon="2.85599160000001">
<ele>76.34547469186367</ele>
<time>2026-08-28T07:30:56.139Z</time>
</trkpt>
<trkpt lat="42.0223103" lon="2.856203899999997">
<ele>77.21637992565435</ele>
<time>2026-08-28T07:30:57.140Z</time>
</trkpt>
<trkpt lat="42.022397" lon="2.856418899999994">
<ele>76.07819440579756</ele>
<time>2026-08-28T07:30:58.139Z</time>
</trkpt>
<trkpt lat="42.0224926" lon="2.85662210000001">
<ele>75.8613592843508</ele>
<time>2026-08-28T07:30:59.139Z</time>
</trkpt>
<trkpt lat="42.0225985" lon="2.856823300000002">
<ele>76.29721986549295</ele>
<time>2026-08-28T07:31:00.140Z</time>
</trkpt>
<trkpt lat="42.0227077" lon="2.8570094000000097">
<ele>75.6411715896958</ele>
<time>2026-08-28T07:31:01.140Z</time>
</trkpt>
<trkpt lat="42.0228224" lon="2.8571905000000015">
<ele>75.61234423461731</ele>
<time>2026-08-28T07:31:02.140Z</time>
</trkpt>
<trkpt lat="42.0229395" lon="2.857375999999988">
<ele>76.50340828692693</ele>
<time>2026-08-28T07:31:03.139Z</time>
</trkpt>
<trkpt lat="42.0230569" lon="2.857559100000003">
<ele>75.62529013624402</ele>
<time>2026-08-28T07:31:04.140Z</time>
</trkpt>
<trkpt lat="42.0231751" lon="2.857744700000012">
<ele>75.5001837398609</ele>
<time>2026-08-28T07:31:05.140Z</time>
</trkpt>
<trkpt lat="42.0232893" lon="2.8579336999999896">
<ele>76.42381584241453</ele>
<time>2026-08-28T07:31:06.140Z</time>
</trkpt>
<trkpt lat="42.0234012" lon="2.8581364000000065">
<ele>76.33106419509215</ele>
<time>2026-08-28T07:31:07.140Z</time>
</trkpt>
<trkpt lat="42.0234965" lon="2.8583433000000014">
<ele>75.38434590897513</ele>
<time>2026-08-28T07:31:08.139Z</time>
</trkpt>
<trkpt lat="42.0235874" lon="2.8585640999999953">
<ele>75.19935503567038</ele>
<time>2026-08-28T07:31:09.140Z</time>
</trkpt>
<trkpt lat="42.0236723" lon="2.8587818999999968">
<ele>76.35394749620204</ele>
<time>2026-08-28T07:31:10.140Z</time>
</trkpt>
<trkpt lat="42.023754" lon="2.859006999999991">
<ele>76.03507801307295</ele>
<time>2026-08-28T07:31:11.140Z</time>
</trkpt>
<trkpt lat="42.023834" lon="2.8592324999999903">
<ele>75.96022627370539</ele>
<time>2026-08-28T07:31:12.139Z</time>
</trkpt>
<trkpt lat="42.023913" lon="2.859458399999994">
<ele>76.69504435975252</ele>
<time>2026-08-28T07:31:13.139Z</time>
</trkpt>
<trkpt lat="42.0239967" lon="2.859686399999987">
<ele>76.20969073981416</ele>
<time>2026-08-28T07:31:14.140Z</time>
</trkpt>
<trkpt lat="42.0240792" lon="2.859915099999995">
<ele>76.44942318715044</ele>
<time>2026-08-28T07:31:15.139Z</time>
</trkpt>
<trkpt lat="42.0241596" lon="2.8601461000000086">
<ele>77.37659854912724</ele>
<time>2026-08-28T07:31:16.140Z</time>
</trkpt>
<trkpt lat="42.0242398" lon="2.860377099999994">
<ele>77.58114729820986</ele>
<time>2026-08-28T07:31:17.140Z</time>
</trkpt>
<trkpt lat="42.0243129" lon="2.8606010999999967">
<ele>77.19652272230627</ele>
<time>2026-08-28T07:31:18.140Z</time>
</trkpt>
<trkpt lat="42.0243864" lon="2.860826099999997">
<ele>77.65140008071138</ele>
<time>2026-08-28T07:31:19.139Z</time>
</trkpt>
<trkpt lat="42.0244527" lon="2.861049900000012">
<ele>78.0415380702391</ele>
<time>2026-08-28T07:31:20.140Z</time>
</trkpt>
<trkpt lat="42.0245175" lon="2.861265500000002">
<ele>77.3590838509519</ele>
<time>2026-08-28T07:31:21.140Z</time>
</trkpt>
<trkpt lat="42.0245838" lon="2.8614694999999983">
<ele>77.77579964052717</ele>
<time>2026-08-28T07:31:22.140Z</time>
</trkpt>
<trkpt lat="42.0246451" lon="2.861678000000012">
<ele>77.03840323472703</ele>
<time>2026-08-28T07:31:23.139Z</time>
</trkpt>
<trkpt lat="42.0247066" lon="2.861879600000009">
<ele>75.86100745998392</ele>
<time>2026-08-28T07:31:24.140Z</time>
</trkpt>
<trkpt lat="42.0247653" lon="2.8620764000000065">
<ele>76.88516785308458</ele>
<time>2026-08-28T07:31:25.140Z</time>
</trkpt>
<trkpt lat="42.024822" lon="2.862266699999992">
<ele>76.35047503532718</ele>
<time>2026-08-28T07:31:26.140Z</time>
</trkpt>
<trkpt lat="42.0248723" lon="2.8624504">
<ele>76.13922617456595</ele>
<time>2026-08-28T07:31:27.140Z</time>
</trkpt>
<trkpt lat="42.0249215" lon="2.8626322000000073">
<ele>74.99503614886717</ele>
<time>2026-08-28T07:31:28.140Z</time>
</trkpt>
<trkpt lat="42.0249718" lon="2.8628062999999884">
<ele>76.1574778854789</ele>
<time>2026-08-28T07:31:29.140Z</time>
</trkpt>
<trkpt lat="42.0250144" lon="2.862969800000002">
<ele>75.35463737797672</ele>
<time>2026-08-28T07:31:30.139Z</time>
</trkpt>
<trkpt lat="42.025051" lon="2.8631335000000036">
<ele>75.34643735824088</ele>
<time>2026-08-28T07:31:31.140Z</time>
</trkpt>
<trkpt lat="42.0250881" lon="2.8632901999999945">
<ele>75.32748473780809</ele>
<time>2026-08-28T07:31:32.140Z</time>
</trkpt>
<trkpt lat="42.0251256" lon="2.8634460000000104">
<ele>75.02413293412438</ele>
<time>2026-08-28T07:31:33.140Z</time>
</trkpt>
<trkpt lat="42.0251575" lon="2.8635983000000067">
<ele>75.78708334026028</ele>
<time>2026-08-28T07:31:34.140Z</time>
</trkpt>
<trkpt lat="42.0251897" lon="2.8637435999999923">
<ele>75.16274822224855</ele>
<time>2026-08-28T07:31:35.140Z</time>
</trkpt>
<trkpt lat="42.0252205" lon="2.863882700000005">
<ele>74.90161325085904</ele>
<time>2026-08-28T07:31:36.140Z</time>
</trkpt>
<trkpt lat="42.0252512" lon="2.864009100000004">
<ele>74.38045033296767</ele>
<time>2026-08-28T07:31:37.140Z</time>
</trkpt>
<trkpt lat="42.025282" lon="2.864128800000003">
<ele>75.19284742177811</ele>
<time>2026-08-28T07:31:38.140Z</time>
</trkpt>
<trkpt lat="42.0253103" lon="2.8642335000000116">
<ele>74.74203822074537</ele>
<time>2026-08-28T07:31:39.140Z</time>
</trkpt>
<trkpt lat="42.0253375" lon="2.864342700000009">
<ele>74.9644679206649</ele>
<time>2026-08-28T07:31:40.140Z</time>
</trkpt>
<trkpt lat="42.0253616" lon="2.8644410999999934">
<ele>74.83998791194617</ele>
<time>2026-08-28T07:31:41.140Z</time>
</trkpt>
<trkpt lat="42.0253836" lon="2.8645295000000033">
<ele>75.15213333386052</ele>
<time>2026-08-28T07:31:42.140Z</time>
</trkpt>
<trkpt lat="42.0254069" lon="2.864613399999996">
<ele>75.2311572614401</ele>
<time>2026-08-28T07:31:43.140Z</time>
</trkpt>
<trkpt lat="42.0254293" lon="2.8646942999999965">
<ele>75.03222602933704</ele>
<time>2026-08-28T07:31:44.140Z</time>
</trkpt>
<trkpt lat="42.0254482" lon="2.864778000000001">
<ele>76.06429636241205</ele>
<time>2026-08-28T07:31:45.139Z</time>
</trkpt>
<trkpt lat="42.0254721" lon="2.864861200000007">
<ele>75.83595472098649</ele>
<time>2026-08-28T07:31:46.140Z</time>
</trkpt>
<trkpt lat="42.0254978" lon="2.8649461999999914">
<ele>75.84057244221474</ele>
<time>2026-08-28T07:31:47.140Z</time>
</trkpt>
<trkpt lat="42.0255239" lon="2.865040999999991">
<ele>75.86767436335872</ele>
<time>2026-08-28T07:31:48.140Z</time>
</trkpt>
<trkpt lat="42.0255528" lon="2.8651410999999882">
<ele>75.62123894090509</ele>
<time>2026-08-28T07:31:49.140Z</time>
</trkpt>
<trkpt lat="42.0255861" lon="2.8652481999999964">
<ele>75.36208301022475</ele>
<time>2026-08-28T07:31:50.140Z</time>
</trkpt>
<trkpt lat="42.025614" lon="2.8653553000000045">
<ele>76.64260319602462</ele>
<time>2026-08-28T07:31:51.139Z</time>
</trkpt>
<trkpt lat="42.0256437" lon="2.865472000000011">
<ele>76.03352070229461</ele>
<time>2026-08-28T07:31:52.140Z</time>
</trkpt>
<trkpt lat="42.0256774" lon="2.865592499999991">
<ele>75.5221579638912</ele>
<time>2026-08-28T07:31:53.140Z</time>
</trkpt>
<trkpt lat="42.025711" lon="2.8657183999999916">
<ele>74.99816827003437</ele>
<time>2026-08-28T07:31:54.139Z</time>
</trkpt>
<trkpt lat="42.0257472" lon="2.8658490999999913">
<ele>75.18376770977399</ele>
<time>2026-08-28T07:31:55.139Z</time>
</trkpt>
<trkpt lat="42.0257808" lon="2.8659806000000003">
<ele>75.34043183932559</ele>
<time>2026-08-28T07:31:56.139Z</time>
</trkpt>
<trkpt lat="42.0258234" lon="2.8661194000000023">
<ele>74.42580878359621</ele>
<time>2026-08-28T07:31:57.140Z</time>
</trkpt>
<trkpt lat="42.0258684" lon="2.8662525999999957">
<ele>74.42961386001033</ele>
<time>2026-08-28T07:31:58.139Z</time>
</trkpt>
<trkpt lat="42.0259195" lon="2.866387400000008">
<ele>73.80493131956864</ele>
<time>2026-08-28T07:31:59.140Z</time>
</trkpt>
<trkpt lat="42.0259848" lon="2.8665220999999974">
<ele>73.5840611890187</ele>
<time>2026-08-28T07:32:00.140Z</time>
</trkpt>
<trkpt lat="42.0260614" lon="2.8666561">
<ele>73.86651115685412</ele>
<time>2026-08-28T07:32:01.139Z</time>
</trkpt>
<trkpt lat="42.0261447" lon="2.8667813000000137">
<ele>73.53841089883642</ele>
<time>2026-08-28T07:32:02.140Z</time>
</trkpt>
<trkpt lat="42.0262326" lon="2.8668951999999877">
<ele>72.72716479425641</ele>
<time>2026-08-28T07:32:03.140Z</time>
</trkpt>
<trkpt lat="42.0263171" lon="2.867008900000002">
<ele>72.7643232916643</ele>
<time>2026-08-28T07:32:04.140Z</time>
</trkpt>
<trkpt lat="42.0263993" lon="2.867116600000003">
<ele>72.37056007606641</ele>
<time>2026-08-28T07:32:05.140Z</time>
</trkpt>
<trkpt lat="42.0264757" lon="2.8672201999999913">
<ele>72.42830992036832</ele>
<time>2026-08-28T07:32:06.140Z</time>
</trkpt>
<trkpt lat="42.0265527" lon="2.8673205000000053">
<ele>71.89996968573243</ele>
<time>2026-08-28T07:32:07.140Z</time>
</trkpt>
<trkpt lat="42.0266291" lon="2.867418100000009">
<ele>72.25715545873729</ele>
<time>2026-08-28T07:32:08.140Z</time>
</trkpt>
<trkpt lat="42.0267054" lon="2.8675202000000013">
<ele>72.1766208321177</ele>
<time>2026-08-28T07:32:09.140Z</time>
</trkpt>
<trkpt lat="42.0267827" lon="2.8676293999999984">
<ele>72.5378680568891</ele>
<time>2026-08-28T07:32:10.140Z</time>
</trkpt>
<trkpt lat="42.0268627" lon="2.8677093000000013">
<ele>72.36933986487333</ele>
<time>2026-08-28T07:32:11.140Z</time>
</trkpt>
<trkpt lat="42.0269328" lon="2.8678098000000034">
<ele>73.13608134328821</ele>
<time>2026-08-28T07:32:12.140Z</time>
</trkpt>
<trkpt lat="42.0269948" lon="2.867900800000001">
<ele>73.24450021033948</ele>
<time>2026-08-28T07:32:13.140Z</time>
</trkpt>
<trkpt lat="42.0270359" lon="2.867990600000013">
<ele>74.0539316335309</ele>
<time>2026-08-28T07:32:14.140Z</time>
</trkpt>
<trkpt lat="42.0270591" lon="2.8680921000000126">
<ele>75.0853294463128</ele>
<time>2026-08-28T07:32:15.140Z</time>
</trkpt>
<trkpt lat="42.027072" lon="2.868204700000007">
<ele>76.31887841914009</ele>
<time>2026-08-28T07:32:16.140Z</time>
</trkpt>
<trkpt lat="42.027076" lon="2.868314199999986">
<ele>75.68484219792605</ele>
<time>2026-08-28T07:32:17.139Z</time>
</trkpt>
<trkpt lat="42.0270837" lon="2.8684222999999918">
<ele>76.16652486468865</ele>
<time>2026-08-28T07:32:18.140Z</time>
</trkpt>
<trkpt lat="42.0271096" lon="2.8685161999999877">
<ele>75.76718439562505</ele>
<time>2026-08-28T07:32:19.140Z</time>
</trkpt>
<trkpt lat="42.0271659" lon="2.8685834999999997">
<ele>76.1302919318027</ele>
<time>2026-08-28T07:32:20.140Z</time>
</trkpt>
<trkpt lat="42.0272465" lon="2.868629900000002">
<ele>76.18120576818005</ele>
<time>2026-08-28T07:32:21.140Z</time>
</trkpt>
<trkpt lat="42.0273351" lon="2.8686433999999963">
<ele>76.2466289354217</ele>
<time>2026-08-28T07:32:22.140Z</time>
</trkpt>
<trkpt lat="42.0274191" lon="2.8686236000000065">
<ele>76.3977996365261</ele>
<time>2026-08-28T07:32:23.139Z</time>
</trkpt>
<trkpt lat="42.027494" lon="2.868598200000008">
<ele>76.88043640649757</ele>
<time>2026-08-28T07:32:24.140Z</time>
</trkpt>
<trkpt lat="42.0275891" lon="2.8685878000000002">
<ele>76.8442332236574</ele>
<time>2026-08-28T07:32:25.140Z</time>
</trkpt>
<trkpt lat="42.0276823" lon="2.8686084999999935">
<ele>77.02011455528866</ele>
<time>2026-08-28T07:32:26.139Z</time>
</trkpt>
<trkpt lat="42.0277672" lon="2.868641700000012">
<ele>76.44807900632911</ele>
<time>2026-08-28T07:32:27.139Z</time>
</trkpt>
<trkpt lat="42.027856" lon="2.8686850999999933">
<ele>75.63573571881322</ele>
<time>2026-08-28T07:32:28.140Z</time>
</trkpt>
<trkpt lat="42.0279368" lon="2.8687203000000068">
<ele>75.16881484809379</ele>
<time>2026-08-28T07:32:29.139Z</time>
</trkpt>
<trkpt lat="42.0280162" lon="2.8687468999999908">
<ele>74.56080916138757</ele>
<time>2026-08-28T07:32:30.140Z</time>
</trkpt>
<trkpt lat="42.0281004" lon="2.8687665999999865">
<ele>74.13684006394493</ele>
<time>2026-08-28T07:32:31.139Z</time>
</trkpt>
<trkpt lat="42.0281889" lon="2.868781299999995">
<ele>75.16662738418015</ele>
<time>2026-08-28T07:32:32.140Z</time>
</trkpt>
<trkpt lat="42.0282784" lon="2.868772799999988">
<ele>74.76590613881245</ele>
<time>2026-08-28T07:32:33.139Z</time>
</trkpt>
<trkpt lat="42.02837" lon="2.86875280000001">
<ele>73.2394296660207</ele>
<time>2026-08-28T07:32:34.140Z</time>
</trkpt>
<trkpt lat="42.0284652" lon="2.8687226000000123">
<ele>73.30877540907382</ele>
<time>2026-08-28T07:32:35.140Z</time>
</trkpt>
<trkpt lat="42.0285552" lon="2.8686846999999887">
<ele>72.07086600720437</ele>
<time>2026-08-28T07:32:36.140Z</time>
</trkpt>
<trkpt lat="42.0286485" lon="2.8686496999999918">
<ele>72.82593626107268</ele>
<time>2026-08-28T07:32:37.140Z</time>
</trkpt>
<trkpt lat="42.0287388" lon="2.8686096000000134">
<ele>73.26616654879277</ele>
<time>2026-08-28T07:32:38.140Z</time>
</trkpt>
<trkpt lat="42.0288404" lon="2.8685615999999925">
<ele>72.39820966869978</ele>
<time>2026-08-28T07:32:39.140Z</time>
</trkpt>
<trkpt lat="42.0289475" lon="2.868517499999996">
<ele>71.61510530563055</ele>
<time>2026-08-28T07:32:40.140Z</time>
</trkpt>
<trkpt lat="42.0290605" lon="2.8684604000000036">
<ele>71.90799336706874</ele>
<time>2026-08-28T07:32:41.139Z</time>
</trkpt>
<trkpt lat="42.0291711" lon="2.8684040999999922">
<ele>71.11497080961323</ele>
<time>2026-08-28T07:32:42.140Z</time>
</trkpt>
<trkpt lat="42.0292791" lon="2.8683583000000112">
<ele>71.31424787011139</ele>
<time>2026-08-28T07:32:43.140Z</time>
</trkpt>
<trkpt lat="42.0293944" lon="2.868296200000003">
<ele>71.7987022362668</ele>
<time>2026-08-28T07:32:44.140Z</time>
</trkpt>
<trkpt lat="42.0295127" lon="2.8682383000000016">
<ele>72.05430802636025</ele>
<time>2026-08-28T07:32:45.140Z</time>
</trkpt>
<trkpt lat="42.0296304" lon="2.868181800000002">
<ele>72.497941442364</ele>
<time>2026-08-28T07:32:46.139Z</time>
</trkpt>
<trkpt lat="42.0297455" lon="2.868122800000009">
<ele>72.3368709013613</ele>
<time>2026-08-28T07:32:47.140Z</time>
</trkpt>
<trkpt lat="42.0298598" lon="2.868065999999999">
<ele>70.6838155866564</ele>
<time>2026-08-28T07:32:48.139Z</time>
</trkpt>
<trkpt lat="42.0299691" lon="2.8680107000000135">
<ele>71.75071223144467</ele>
<time>2026-08-28T07:32:49.140Z</time>
</trkpt>
<trkpt lat="42.0300679" lon="2.867956399999997">
<ele>70.43021966981506</ele>
<time>2026-08-28T07:32:50.139Z</time>
</trkpt>
<trkpt lat="42.0301633" lon="2.867910800000004">
<ele>70.75641891737519</ele>
<time>2026-08-28T07:32:51.139Z</time>
</trkpt>
<trkpt lat="42.030255" lon="2.8678712999999902">
<ele>69.00448594149492</ele>
<time>2026-08-28T07:32:52.139Z</time>
</trkpt>
<trkpt lat="42.0303452" lon="2.8678567999999984">
<ele>70.0686676183577</ele>
<time>2026-08-28T07:32:53.140Z</time>
</trkpt>
<trkpt lat="42.0304404" lon="2.8678772000000095">
<ele>70.08270359625023</ele>
<time>2026-08-28T07:32:54.140Z</time>
</trkpt>
<trkpt lat="42.0305223" lon="2.867923899999994">
<ele>70.91266224676889</ele>
<time>2026-08-28T07:32:55.140Z</time>
</trkpt>
<trkpt lat="42.0306028" lon="2.8679921000000093">
<ele>67.95766397877932</ele>
<time>2026-08-28T07:32:56.139Z</time>
</trkpt>
<trkpt lat="42.0306746" lon="2.868078099999991">
<ele>68.6441118402292</ele>
<time>2026-08-28T07:32:57.140Z</time>
</trkpt>
<trkpt lat="42.0307274" lon="2.8681812000000093">
<ele>70.13446361132802</ele>
<time>2026-08-28T07:32:58.140Z</time>
</trkpt>
<trkpt lat="42.0307762" lon="2.868303300000008">
<ele>70.08449712975666</ele>
<time>2026-08-28T07:32:59.139Z</time>
</trkpt>
<trkpt lat="42.0308308" lon="2.8684240000000045">
<ele>69.7478780927716</ele>
<time>2026-08-28T07:33:00.140Z</time>
</trkpt>
<trkpt lat="42.0308888" lon="2.868546600000002">
<ele>70.04786296136903</ele>
<time>2026-08-28T07:33:01.140Z</time>
</trkpt>
<trkpt lat="42.0309498" lon="2.868674700000014">
<ele>69.92127467427095</ele>
<time>2026-08-28T07:33:02.140Z</time>
</trkpt>
<trkpt lat="42.0310081" lon="2.868803899999989">
<ele>70.33191741340896</ele>
<time>2026-08-28T07:33:03.140Z</time>
</trkpt>
<trkpt lat="42.0310693" lon="2.868933599999991">
<ele>70.48096526078798</ele>
<time>2026-08-28T07:33:04.139Z</time>
</trkpt>
<trkpt lat="42.0311232" lon="2.8690598000000023">
<ele>69.64545527839144</ele>
<time>2026-08-28T07:33:05.140Z</time>
</trkpt>
<trkpt lat="42.0311808" lon="2.869180599999993">
<ele>70.15485432533147</ele>
<time>2026-08-28T07:33:06.140Z</time>
</trkpt>
<trkpt lat="42.031235" lon="2.869301699999994">
<ele>67.00208567458489</ele>
<time>2026-08-28T07:33:07.139Z</time>
</trkpt>
<trkpt lat="42.0312871" lon="2.869419899999997">
<ele>67.2757444868255</ele>
<time>2026-08-28T07:33:08.140Z</time>
</trkpt>
<trkpt lat="42.031342" lon="2.869536299999993">
<ele>70.10813809355567</ele>
<time>2026-08-28T07:33:09.139Z</time>
</trkpt>
<trkpt lat="42.0313957" lon="2.869648000000012">
<ele>68.16360591990771</ele>
<time>2026-08-28T07:33:10.139Z</time>
</trkpt>
<trkpt lat="42.031446" lon="2.8697600000000136">
<ele>70.42248975194639</ele>
<time>2026-08-28T07:33:11.139Z</time>
</trkpt>
<trkpt lat="42.0315022" lon="2.8698666999999887">
<ele>70.02893738361283</ele>
<time>2026-08-28T07:33:12.140Z</time>
</trkpt>
<trkpt lat="42.0315489" lon="2.8699771">
<ele>68.9717318752269</ele>
<time>2026-08-28T07:33:13.140Z</time>
</trkpt>
<trkpt lat="42.0316045" lon="2.8700805000000003">
<ele>68.80940852616291</ele>
<time>2026-08-28T07:33:14.140Z</time>
</trkpt>
<trkpt lat="42.0316575" lon="2.8701882999999953">
<ele>67.90240595270011</ele>
<time>2026-08-28T07:33:15.140Z</time>
</trkpt>
<trkpt lat="42.0317091" lon="2.870301600000005">
<ele>67.73264703458878</ele>
<time>2026-08-28T07:33:16.140Z</time>
</trkpt>
<trkpt lat="42.0317612" lon="2.870411499999989">
<ele>69.15998941890238</ele>
<time>2026-08-28T07:33:17.140Z</time>
</trkpt>
<trkpt lat="42.0318121" lon="2.870518699999991">
<ele>68.66809839158914</ele>
<time>2026-08-28T07:33:18.140Z</time>
</trkpt>
<trkpt lat="42.0318617" lon="2.8706285000000094">
<ele>70.69186230247831</ele>
<time>2026-08-28T07:33:19.140Z</time>
</trkpt>
<trkpt lat="42.0319127" lon="2.870738100000011">
<ele>68.58955299350055</ele>
<time>2026-08-28T07:33:20.140Z</time>
</trkpt>
<trkpt lat="42.0319628" lon="2.870854400000013">
<ele>69.39021288602294</ele>
<time>2026-08-28T07:33:21.139Z</time>
</trkpt>
<trkpt lat="42.0320117" lon="2.870969400000007">
<ele>69.22447026222133</ele>
<time>2026-08-28T07:33:22.140Z</time>
</trkpt>
<trkpt lat="42.0320646" lon="2.8710883999999908">
<ele>68.55845820168689</ele>
<time>2026-08-28T07:33:23.140Z</time>
</trkpt>
<trkpt lat="42.0321189" lon="2.871209300000004">
<ele>68.10771393502473</ele>
<time>2026-08-28T07:33:24.140Z</time>
</trkpt>
<trkpt lat="42.0321718" lon="2.871335600000009">
<ele>69.06488506761713</ele>
<time>2026-08-28T07:33:25.139Z</time>
</trkpt>
<trkpt lat="42.0322306" lon="2.871458600000011">
<ele>68.95159776682141</ele>
<time>2026-08-28T07:33:26.140Z</time>
</trkpt>
<trkpt lat="42.0322925" lon="2.8715845000000115">
<ele>69.3362240519154</ele>
<time>2026-08-28T07:33:27.140Z</time>
</trkpt>
<trkpt lat="42.0323517" lon="2.871719200000001">
<ele>69.39978222813488</ele>
<time>2026-08-28T07:33:28.140Z</time>
</trkpt>
<trkpt lat="42.0324124" lon="2.871853299999998">
<ele>69.20023367102007</ele>
<time>2026-08-28T07:33:29.140Z</time>
</trkpt>
<trkpt lat="42.0324788" lon="2.8719852000000117">
<ele>68.58293313854928</ele>
<time>2026-08-28T07:33:30.139Z</time>
</trkpt>
<trkpt lat="42.0325407" lon="2.872118999999998">
<ele>68.82403894493964</ele>
<time>2026-08-28T07:33:31.139Z</time>
</trkpt>
<trkpt lat="42.0326018" lon="2.8722531999999887">
<ele>68.71757168934965</ele>
<time>2026-08-28T07:33:32.140Z</time>
</trkpt>
<trkpt lat="42.0326649" lon="2.8723870999999974">
<ele>68.88115064176135</ele>
<time>2026-08-28T07:33:33.139Z</time>
</trkpt>
<trkpt lat="42.0327272" lon="2.872516399999995">
<ele>68.90706855498246</ele>
<time>2026-08-28T07:33:34.139Z</time>
</trkpt>
<trkpt lat="42.0327894" lon="2.8726575000000025">
<ele>67.27481160243973</ele>
<time>2026-08-28T07:33:35.140Z</time>
</trkpt>
<trkpt lat="42.0328558" lon="2.872796099999988">
<ele>68.8177329663981</ele>
<time>2026-08-28T07:33:36.140Z</time>
</trkpt>
<trkpt lat="42.0329182" lon="2.8729339999999866">
<ele>69.04905480733919</ele>
<time>2026-08-28T07:33:37.140Z</time>
</trkpt>
<trkpt lat="42.0329768" lon="2.8730812000000014">
<ele>69.01952977481493</ele>
<time>2026-08-28T07:33:38.140Z</time>
</trkpt>
<trkpt lat="42.033032" lon="2.8732239999999933">
<ele>69.03544194454707</ele>
<time>2026-08-28T07:33:39.140Z</time>
</trkpt>
<trkpt lat="42.0330859" lon="2.8733748999999875">
<ele>68.87284516362858</ele>
<time>2026-08-28T07:33:40.140Z</time>
</trkpt>
<trkpt lat="42.0331391" lon="2.873521799999992">
<ele>68.77675070251716</ele>
<time>2026-08-28T07:33:41.140Z</time>
</trkpt>
<trkpt lat="42.0331905" lon="2.8736781000000065">
<ele>68.50168686664223</ele>
<time>2026-08-28T07:33:42.140Z</time>
</trkpt>
<trkpt lat="42.0332387" lon="2.8738381000000004">
<ele>68.12264139200929</ele>
<time>2026-08-28T07:33:43.140Z</time>
</trkpt>
<trkpt lat="42.0332851" lon="2.8739887000000124">
<ele>67.4353940371686</ele>
<time>2026-08-28T07:33:44.139Z</time>
</trkpt>
<trkpt lat="42.0333328" lon="2.8741414000000134">
<ele>67.77182933302018</ele>
<time>2026-08-28T07:33:45.140Z</time>
</trkpt>
<trkpt lat="42.0333798" lon="2.874297299999995">
<ele>67.07577538268752</ele>
<time>2026-08-28T07:33:46.139Z</time>
</trkpt>
<trkpt lat="42.0334219" lon="2.8744523999999956">
<ele>67.60673537320616</ele>
<time>2026-08-28T07:33:47.139Z</time>
</trkpt>
<trkpt lat="42.0334664" lon="2.8746029000000135">
<ele>68.16366484740779</ele>
<time>2026-08-28T07:33:48.140Z</time>
</trkpt>
<trkpt lat="42.0335065" lon="2.8747576000000095">
<ele>67.7170178295966</ele>
<time>2026-08-28T07:33:49.140Z</time>
</trkpt>
<trkpt lat="42.0335467" lon="2.874914799999999">
<ele>67.7506561543316</ele>
<time>2026-08-28T07:33:50.139Z</time>
</trkpt>
<trkpt lat="42.0335911" lon="2.8750702000000103">
<ele>68.58965057059103</ele>
<time>2026-08-28T07:33:51.140Z</time>
</trkpt>
<trkpt lat="42.0336324" lon="2.8752225000000067">
<ele>67.30854694673808</ele>
<time>2026-08-28T07:33:52.139Z</time>
</trkpt>
<trkpt lat="42.0336735" lon="2.875373400000001">
<ele>65.87145763691377</ele>
<time>2026-08-28T07:33:53.140Z</time>
</trkpt>
<trkpt lat="42.0337184" lon="2.8755266999999947">
<ele>69.24176513034028</ele>
<time>2026-08-28T07:33:54.139Z</time>
</trkpt>
<trkpt lat="42.0337606" lon="2.8756827999999928">
<ele>66.72651463080767</ele>
<time>2026-08-28T07:33:55.139Z</time>
</trkpt>
<trkpt lat="42.0338021" lon="2.875834999999995">
<ele>69.61710728566872</ele>
<time>2026-08-28T07:33:56.139Z</time>
</trkpt>
<trkpt lat="42.033844" lon="2.875992200000013">
<ele>70.16659754163355</ele>
<time>2026-08-28T07:33:57.139Z</time>
</trkpt>
<trkpt lat="42.0338877" lon="2.876143500000012">
<ele>69.25109427925437</ele>
<time>2026-08-28T07:33:58.140Z</time>
</trkpt>
<trkpt lat="42.0339235" lon="2.8762926999999934">
<ele>68.95946914710736</ele>
<time>2026-08-28T07:33:59.140Z</time>
</trkpt>
<trkpt lat="42.033968" lon="2.8764400000000023">
<ele>69.98264227804113</ele>
<time>2026-08-28T07:34:00.140Z</time>
</trkpt>
<trkpt lat="42.034007" lon="2.8765856999999926">
<ele>69.99452885964442</ele>
<time>2026-08-28T07:34:01.140Z</time>
</trkpt>
<trkpt lat="42.0340458" lon="2.876727299999999">
<ele>69.92616938010882</ele>
<time>2026-08-28T07:34:02.139Z</time>
</trkpt>
<trkpt lat="42.034085" lon="2.8768685999999946">
<ele>69.16136245986063</ele>
<time>2026-08-28T07:34:03.139Z</time>
</trkpt>
<trkpt lat="42.0341223" lon="2.877006999999992">
<ele>68.1055384497558</ele>
<time>2026-08-28T07:34:04.139Z</time>
</trkpt>
<trkpt lat="42.0341576" lon="2.8771348999999873">
<ele>67.81104727402784</ele>
<time>2026-08-28T07:34:05.140Z</time>
</trkpt>
<trkpt lat="42.0341936" lon="2.877259500000008">
<ele>68.05564060309777</ele>
<time>2026-08-28T07:34:06.140Z</time>
</trkpt>
<trkpt lat="42.0342302" lon="2.8773769000000016">
<ele>67.53157627505605</ele>
<time>2026-08-28T07:34:07.140Z</time>
</trkpt>
<trkpt lat="42.034262" lon="2.877494100000007">
<ele>67.46492355126026</ele>
<time>2026-08-28T07:34:08.140Z</time>
</trkpt>
<trkpt lat="42.0342927" lon="2.8776110000000017">
<ele>68.1178825151239</ele>
<time>2026-08-28T07:34:09.140Z</time>
</trkpt>
<trkpt lat="42.0343229" lon="2.8777225000000044">
<ele>67.85898545611221</ele>
<time>2026-08-28T07:34:10.140Z</time>
</trkpt>
<trkpt lat="42.0343518" lon="2.8778342999999893">
<ele>67.72215546261688</ele>
<time>2026-08-28T07:34:11.140Z</time>
</trkpt>
<trkpt lat="42.0343761" lon="2.8779388000000097">
<ele>67.85190858163514</ele>
<time>2026-08-28T07:34:12.140Z</time>
</trkpt>
<trkpt lat="42.0343973" lon="2.878035799999992">
<ele>66.00453374791105</ele>
<time>2026-08-28T07:34:13.140Z</time>
</trkpt>
<trkpt lat="42.0344061" lon="2.8781264000000135">
<ele>67.47820644188705</ele>
<time>2026-08-28T07:34:14.140Z</time>
</trkpt>
<trkpt lat="42.0344011" lon="2.8782145000000128">
<ele>67.3319561824122</ele>
<time>2026-08-28T07:34:15.140Z</time>
</trkpt>
<trkpt lat="42.0343976" lon="2.8783017000000086">
<ele>67.61928987605415</ele>
<time>2026-08-28T07:34:16.139Z</time>
</trkpt>
<trkpt lat="42.0344062" lon="2.8783917000000088">
<ele>67.75389547951023</ele>
<time>2026-08-28T07:34:17.140Z</time>
</trkpt>
<trkpt lat="42.0344381" lon="2.878479199999987">
<ele>67.2827112599606</ele>
<time>2026-08-28T07:34:18.140Z</time>
</trkpt>
<trkpt lat="42.0344671" lon="2.8785661999999945">
<ele>66.84568709047417</ele>
<time>2026-08-28T07:34:19.140Z</time>
</trkpt>
<trkpt lat="42.0344981" lon="2.8786499999999933">
<ele>66.96085221884073</ele>
<time>2026-08-28T07:34:20.140Z</time>
</trkpt>
<trkpt lat="42.0345315" lon="2.8787426000000096">
<ele>67.19797244257705</ele>
<time>2026-08-28T07:34:21.139Z</time>
</trkpt>
<trkpt lat="42.0345543" lon="2.878848000000005">
<ele>67.42407646401978</ele>
<time>2026-08-28T07:34:22.140Z</time>
</trkpt>
<trkpt lat="42.0345767" lon="2.878962699999988">
<ele>68.06336988808691</ele>
<time>2026-08-28T07:34:23.139Z</time>
</trkpt>
<trkpt lat="42.0345968" lon="2.879064800000009">
<ele>68.10177926269073</ele>
<time>2026-08-28T07:34:24.140Z</time>
</trkpt>
<trkpt lat="42.0346189" lon="2.879172799999992">
<ele>66.9504704885259</ele>
<time>2026-08-28T07:34:25.139Z</time>
</trkpt>
<trkpt lat="42.0346424" lon="2.8792746999999963">
<ele>66.79515952688864</ele>
<time>2026-08-28T07:34:26.140Z</time>
</trkpt>
<trkpt lat="42.0346613" lon="2.879382899999996">
<ele>67.72533113478029</ele>
<time>2026-08-28T07:34:27.140Z</time>
</trkpt>
<trkpt lat="42.0346856" lon="2.879494599999987">
<ele>68.30183452956375</ele>
<time>2026-08-28T07:34:28.140Z</time>
</trkpt>
<trkpt lat="42.034706" lon="2.879607099999987">
<ele>66.03500638099163</ele>
<time>2026-08-28T07:34:29.140Z</time>
</trkpt>
<trkpt lat="42.0347282" lon="2.8797255000000064">
<ele>67.30663500050649</ele>
<time>2026-08-28T07:34:30.140Z</time>
</trkpt>
<trkpt lat="42.0347516" lon="2.8798379000000125">
<ele>68.15089197238328</ele>
<time>2026-08-28T07:34:31.139Z</time>
</trkpt>
<trkpt lat="42.0347757" lon="2.879955499999994">
<ele>65.83609170822976</ele>
<time>2026-08-28T07:34:32.140Z</time>
</trkpt>
<trkpt lat="42.0347993" lon="2.880080399999997">
<ele>67.08923898020595</ele>
<time>2026-08-28T07:34:33.139Z</time>
</trkpt>
<trkpt lat="42.0348236" lon="2.8802089000000137">
<ele>68.31825519380497</ele>
<time>2026-08-28T07:34:34.139Z</time>
</trkpt>
<trkpt lat="42.0348531" lon="2.8803378000000066">
<ele>67.54166792692395</ele>
<time>2026-08-28T07:34:35.140Z</time>
</trkpt>
<trkpt lat="42.0348811" lon="2.8804694000000097">
<ele>68.56841245826698</ele>
<time>2026-08-28T07:34:36.140Z</time>
</trkpt>
<trkpt lat="42.0349078" lon="2.8805962000000136">
<ele>68.45562899997672</ele>
<time>2026-08-28T07:34:37.140Z</time>
</trkpt>
<trkpt lat="42.0349366" lon="2.880724200000003">
<ele>68.54561190858566</ele>
<time>2026-08-28T07:34:38.139Z</time>
</trkpt>
<trkpt lat="42.0349708" lon="2.8808573000000024">
<ele>69.51324763738188</ele>
<time>2026-08-28T07:34:39.139Z</time>
</trkpt>
<trkpt lat="42.0350047" lon="2.8809929999999895">
<ele>68.09452499932284</ele>
<time>2026-08-28T07:34:40.140Z</time>
</trkpt>
<trkpt lat="42.0350377" lon="2.8811257000000126">
<ele>68.5435636615442</ele>
<time>2026-08-28T07:34:41.140Z</time>
</trkpt>
<trkpt lat="42.0350737" lon="2.8812566000000004">
<ele>69.03777550451909</ele>
<time>2026-08-28T07:34:42.140Z</time>
</trkpt>
<trkpt lat="42.035106" lon="2.8813914000000125">
<ele>68.665684651146</ele>
<time>2026-08-28T07:34:43.140Z</time>
</trkpt>
<trkpt lat="42.0351365" lon="2.8815255000000093">
<ele>68.79007556805384</ele>
<time>2026-08-28T07:34:44.140Z</time>
</trkpt>
<trkpt lat="42.0351664" lon="2.8816610000000082">
<ele>68.70008335402271</ele>
<time>2026-08-28T07:34:45.140Z</time>
</trkpt>
<trkpt lat="42.0352005" lon="2.8817980999999975">
<ele>68.39221298129002</ele>
<time>2026-08-28T07:34:46.140Z</time>
</trkpt>
<trkpt lat="42.0352313" lon="2.881932400000011">
<ele>68.26694927603035</ele>
<time>2026-08-28T07:34:47.139Z</time>
</trkpt>
<trkpt lat="42.0352703" lon="2.8820755000000133">
<ele>69.17502048810825</ele>
<time>2026-08-28T07:34:48.139Z</time>
</trkpt>
<trkpt lat="42.0353066" lon="2.8822183999999993">
<ele>69.61195073827331</ele>
<time>2026-08-28T07:34:49.140Z</time>
</trkpt>
<trkpt lat="42.0353431" lon="2.882368899999989">
<ele>68.66026420694749</ele>
<time>2026-08-28T07:34:50.140Z</time>
</trkpt>
<trkpt lat="42.0353759" lon="2.8825184000000093">
<ele>68.76004188404112</ele>
<time>2026-08-28T07:34:51.140Z</time>
</trkpt>
<trkpt lat="42.0354058" lon="2.882669800000002">
<ele>68.5488949257949</ele>
<time>2026-08-28T07:34:52.139Z</time>
</trkpt>
<trkpt lat="42.0354411" lon="2.8828116999999907">
<ele>68.91249778590729</ele>
<time>2026-08-28T07:34:53.139Z</time>
</trkpt>
<trkpt lat="42.0354775" lon="2.8829595999999924">
<ele>68.19627836000384</ele>
<time>2026-08-28T07:34:54.139Z</time>
</trkpt>
<trkpt lat="42.0355104" lon="2.8831108999999913">
<ele>68.47396706601121</ele>
<time>2026-08-28T07:34:55.140Z</time>
</trkpt>
<trkpt lat="42.0355477" lon="2.8832543999999984">
<ele>68.05194815904872</ele>
<time>2026-08-28T07:34:56.140Z</time>
</trkpt>
<trkpt lat="42.0355802" lon="2.883394100000004">
<ele>68.57063719025673</ele>
<time>2026-08-28T07:34:57.140Z</time>
</trkpt>
<trkpt lat="42.035614" lon="2.8835302999999897">
<ele>67.75051835453655</ele>
<time>2026-08-28T07:34:58.140Z</time>
</trkpt>
<trkpt lat="42.0356435" lon="2.883645699999988">
<ele>66.7966154019405</ele>
<time>2026-08-28T07:34:59.140Z</time>
</trkpt>
<trkpt lat="42.0356666" lon="2.883749899999998">
<ele>66.57181001118089</ele>
<time>2026-08-28T07:35:00.140Z</time>
</trkpt>
<trkpt lat="42.0356907" lon="2.883850300000006">
<ele>66.68961323867443</ele>
<time>2026-08-28T07:35:01.140Z</time>
</trkpt>
<trkpt lat="42.0357107" lon="2.8839287000000127">
<ele>66.38934451473237</ele>
<time>2026-08-28T07:35:02.139Z</time>
</trkpt>
<trkpt lat="42.0357219" lon="2.8839882000000046">
<ele>66.18008330212564</ele>
<time>2026-08-28T07:35:03.140Z</time>
</trkpt>
<trkpt lat="42.0357453" lon="2.8840859000000023">
<ele>66.32896167896297</ele>
<time>2026-08-28T07:35:05.139Z</time>
</trkpt>
<trkpt lat="42.0357703" lon="2.884176300000007">
<ele>65.92720146038707</ele>
<time>2026-08-28T07:35:07.140Z</time>
</trkpt>
<trkpt lat="42.0357788" lon="2.884288099999992">
<ele>65.74916228854447</ele>
<time>2026-08-28T07:35:09.140Z</time>
</trkpt>
<trkpt lat="42.0357807" lon="2.8843841000000054">
<ele>66.2035689392417</ele>
<time>2026-08-28T07:35:11.140Z</time>
</trkpt>
<trkpt lat="42.0357929" lon="2.8844904999999983">
<ele>66.45481939613518</ele>
<time>2026-08-28T07:35:13.140Z</time>
</trkpt>
<trkpt lat="42.0358383" lon="2.8845884000000126">
<ele>66.20947779844877</ele>
<time>2026-08-28T07:35:15.139Z</time>
</trkpt>
<trkpt lat="42.0358865" lon="2.8846835999999882">
<ele>66.04630699646164</ele>
<time>2026-08-28T07:35:17.140Z</time>
</trkpt>
<trkpt lat="42.0359074" lon="2.8847437000000014">
<ele>65.96490613645214</ele>
<time>2026-08-28T07:35:18.140Z</time>
</trkpt>
<trkpt lat="42.0359277" lon="2.8848132999999905">
<ele>66.41748486953185</ele>
<time>2026-08-28T07:35:19.140Z</time>
</trkpt>
<trkpt lat="42.035947" lon="2.8848945999999955">
<ele>66.80700020814244</ele>
<time>2026-08-28T07:35:20.139Z</time>
</trkpt>
<trkpt lat="42.0359682" lon="2.8849797000000024">
<ele>67.34365499817025</ele>
<time>2026-08-28T07:35:21.140Z</time>
</trkpt>
<trkpt lat="42.0359888" lon="2.885067200000009">
<ele>66.97838171061622</ele>
<time>2026-08-28T07:35:22.140Z</time>
</trkpt>
<trkpt lat="42.0360125" lon="2.885162500000007">
<ele>66.70773888035049</ele>
<time>2026-08-28T07:35:23.140Z</time>
</trkpt>
<trkpt lat="42.0360343" lon="2.8852541999999914">
<ele>67.3152331894092</ele>
<time>2026-08-28T07:35:24.139Z</time>
</trkpt>
<trkpt lat="42.0360574" lon="2.885350299999999">
<ele>67.58178643389328</ele>
<time>2026-08-28T07:35:25.139Z</time>
</trkpt>
<trkpt lat="42.0360805" lon="2.8854517000000044">
<ele>67.03779223594941</ele>
<time>2026-08-28T07:35:26.140Z</time>
</trkpt>
<trkpt lat="42.0361078" lon="2.8855556000000036">
<ele>66.67194704542187</ele>
<time>2026-08-28T07:35:27.140Z</time>
</trkpt>
<trkpt lat="42.0361318" lon="2.8856619999999964">
<ele>67.05400405192027</ele>
<time>2026-08-28T07:35:28.139Z</time>
</trkpt>
<trkpt lat="42.0361559" lon="2.8857658999999956">
<ele>66.73089550506329</ele>
<time>2026-08-28T07:35:29.139Z</time>
</trkpt>
<trkpt lat="42.0361842" lon="2.885862199999991">
<ele>66.99414763785663</ele>
<time>2026-08-28T07:35:30.139Z</time>
</trkpt>
<trkpt lat="42.0362134" lon="2.885969899999992">
<ele>67.09716817987339</ele>
<time>2026-08-28T07:35:31.140Z</time>
</trkpt>
<trkpt lat="42.0362393" lon="2.8860865999999987">
<ele>66.79030500926314</ele>
<time>2026-08-28T07:35:32.140Z</time>
</trkpt>
<trkpt lat="42.0362649" lon="2.886203099999989">
<ele>67.35134324497763</ele>
<time>2026-08-28T07:35:33.140Z</time>
</trkpt>
<trkpt lat="42.0362919" lon="2.8863176000000124">
<ele>67.5685854137616</ele>
<time>2026-08-28T07:35:34.140Z</time>
</trkpt>
<trkpt lat="42.0363195" lon="2.8864301000000125">
<ele>66.64545989775503</ele>
<time>2026-08-28T07:35:35.139Z</time>
</trkpt>
<trkpt lat="42.036347" lon="2.8865466999999967">
<ele>67.71419671769253</ele>
<time>2026-08-28T07:35:36.140Z</time>
</trkpt>
<trkpt lat="42.0363738" lon="2.886674599999992">
<ele>68.1762420112262</ele>
<time>2026-08-28T07:35:37.140Z</time>
</trkpt>
<trkpt lat="42.0364094" lon="2.886804600000005">
<ele>68.58601816947915</ele>
<time>2026-08-28T07:35:38.140Z</time>
</trkpt>
<trkpt lat="42.0364428" lon="2.8869321999999897">
<ele>68.51739311075403</ele>
<time>2026-08-28T07:35:39.139Z</time>
</trkpt>
<trkpt lat="42.0364725" lon="2.8870616000000098">
<ele>67.89252041701364</ele>
<time>2026-08-28T07:35:40.140Z</time>
</trkpt>
<trkpt lat="42.036504" lon="2.8871890000000064">
<ele>67.74327075267395</ele>
<time>2026-08-28T07:35:41.140Z</time>
</trkpt>
<trkpt lat="42.0365369" lon="2.8873112999999933">
<ele>68.55084226736582</ele>
<time>2026-08-28T07:35:42.140Z</time>
</trkpt>
<trkpt lat="42.0365641" lon="2.8874356000000034">
<ele>67.32240496980907</ele>
<time>2026-08-28T07:35:43.139Z</time>
</trkpt>
<trkpt lat="42.0365951" lon="2.8875567999999987">
<ele>67.23750411038249</ele>
<time>2026-08-28T07:35:44.140Z</time>
</trkpt>
<trkpt lat="42.0366231" lon="2.887679100000014">
<ele>67.5464330248795</ele>
<time>2026-08-28T07:35:45.140Z</time>
</trkpt>
<trkpt lat="42.0366554" lon="2.8878031000000135">
<ele>66.6264500986274</ele>
<time>2026-08-28T07:35:46.140Z</time>
</trkpt>
<trkpt lat="42.0366861" lon="2.887920699999995">
<ele>67.41524487654014</ele>
<time>2026-08-28T07:35:47.139Z</time>
</trkpt>
<trkpt lat="42.0367171" lon="2.88803630000001">
<ele>67.33814079992516</ele>
<time>2026-08-28T07:35:48.140Z</time>
</trkpt>
<trkpt lat="42.0367441" lon="2.8881422000000043">
<ele>66.28392630875183</ele>
<time>2026-08-28T07:35:49.139Z</time>
</trkpt>
<trkpt lat="42.0367678" lon="2.8882447000000013">
<ele>66.60091445703364</ele>
<time>2026-08-28T07:35:50.139Z</time>
</trkpt>
<trkpt lat="42.0367877" lon="2.888339699999989">
<ele>66.97768793311435</ele>
<time>2026-08-28T07:35:51.139Z</time>
</trkpt>
<trkpt lat="42.0368063" lon="2.888427799999988">
<ele>66.56434748914408</ele>
<time>2026-08-28T07:35:52.140Z</time>
</trkpt>
<trkpt lat="42.0368221" lon="2.8885080999999957">
<ele>66.66404932250701</ele>
<time>2026-08-28T07:35:53.140Z</time>
</trkpt>
<trkpt lat="42.0368433" lon="2.8885966999999937">
<ele>66.53446324844091</ele>
<time>2026-08-28T07:35:54.140Z</time>
</trkpt>
<trkpt lat="42.0368611" lon="2.8886746999999957">
<ele>67.17267902289224</ele>
<time>2026-08-28T07:35:55.139Z</time>
</trkpt>
<trkpt lat="42.0368821" lon="2.8887566999999876">
<ele>66.38742464298224</ele>
<time>2026-08-28T07:35:56.140Z</time>
</trkpt>
<trkpt lat="42.0368988" lon="2.8888415000000123">
<ele>66.51004048352914</ele>
<time>2026-08-28T07:35:57.140Z</time>
</trkpt>
<trkpt lat="42.0369098" lon="2.8889318999999887">
<ele>67.40574556043748</ele>
<time>2026-08-28T07:35:58.140Z</time>
</trkpt>
<trkpt lat="42.0369054" lon="2.889016099999992">
<ele>68.13640217202484</ele>
<time>2026-08-28T07:35:59.139Z</time>
</trkpt>
<trkpt lat="42.0368984" lon="2.8890963000000056">
<ele>67.39253038248839</ele>
<time>2026-08-28T07:36:00.139Z</time>
</trkpt>
<trkpt lat="42.0369008" lon="2.889173999999997">
<ele>67.32168925659127</ele>
<time>2026-08-28T07:36:01.140Z</time>
</trkpt>
<trkpt lat="42.0369199" lon="2.8892495000000054">
<ele>67.67135630341252</ele>
<time>2026-08-28T07:36:02.140Z</time>
</trkpt>
<trkpt lat="42.0369436" lon="2.8893303000000117">
<ele>67.66104986463462</ele>
<time>2026-08-28T07:36:03.140Z</time>
</trkpt>
<trkpt lat="42.036975" lon="2.8894129999999905">
<ele>66.95481619221343</ele>
<time>2026-08-28T07:36:04.140Z</time>
</trkpt>
<trkpt lat="42.0369978" lon="2.8894956999999977">
<ele>67.02959870434387</ele>
<time>2026-08-28T07:36:05.140Z</time>
</trkpt>
<trkpt lat="42.0370173" lon="2.8895888000000127">
<ele>66.78773680704916</ele>
<time>2026-08-28T07:36:06.140Z</time>
</trkpt>
<trkpt lat="42.0370233" lon="2.8896818999999994">
<ele>66.44913899701636</ele>
<time>2026-08-28T07:36:07.140Z</time>
</trkpt>
<trkpt lat="42.0370283" lon="2.8897766999999988">
<ele>67.01181259516324</ele>
<time>2026-08-28T07:36:08.140Z</time>
</trkpt>
<trkpt lat="42.0370285" lon="2.8898737000000096">
<ele>66.8376117851807</ele>
<time>2026-08-28T07:36:09.139Z</time>
</trkpt>
<trkpt lat="42.0370326" lon="2.889973800000007">
<ele>67.42606733851282</ele>
<time>2026-08-28T07:36:10.139Z</time>
</trkpt>
<trkpt lat="42.0370344" lon="2.890077600000012">
<ele>66.96639229583093</ele>
<time>2026-08-28T07:36:11.140Z</time>
</trkpt>
<trkpt lat="42.0370386" lon="2.8901831000000016">
<ele>67.33320529276523</ele>
<time>2026-08-28T07:36:12.140Z</time>
</trkpt>
<trkpt lat="42.0370397" lon="2.8902907000000084">
<ele>66.99572705152303</ele>
<time>2026-08-28T07:36:13.139Z</time>
</trkpt>
<trkpt lat="42.0370442" lon="2.8903966000000025">
<ele>67.15523419581768</ele>
<time>2026-08-28T07:36:14.140Z</time>
</trkpt>
<trkpt lat="42.0370493" lon="2.8905081999999993">
<ele>67.40516852408284</ele>
<time>2026-08-28T07:36:15.140Z</time>
</trkpt>
<trkpt lat="42.0370521" lon="2.8906201000000067">
<ele>68.15028208320437</ele>
<time>2026-08-28T07:36:16.140Z</time>
</trkpt>
<trkpt lat="42.0370569" lon="2.890732000000014">
<ele>67.48975720018302</ele>
<time>2026-08-28T07:36:17.140Z</time>
</trkpt>
<trkpt lat="42.0370621" lon="2.8908447999999964">
<ele>67.64381936629705</ele>
<time>2026-08-28T07:36:18.140Z</time>
</trkpt>
<trkpt lat="42.0370639" lon="2.8909591000000034">
<ele>67.76313388328333</ele>
<time>2026-08-28T07:36:19.140Z</time>
</trkpt>
<trkpt lat="42.0370676" lon="2.8910768000000076">
<ele>67.49571855443652</ele>
<time>2026-08-28T07:36:20.140Z</time>
</trkpt>
<trkpt lat="42.0370681" lon="2.8911952999999926">
<ele>67.69562753512506</ele>
<time>2026-08-28T07:36:21.139Z</time>
</trkpt>
<trkpt lat="42.0370742" lon="2.891317799999996">
<ele>68.30375416095987</ele>
<time>2026-08-28T07:36:22.140Z</time>
</trkpt>
<trkpt lat="42.0370784" lon="2.891445500000003">
<ele>68.29399140380279</ele>
<time>2026-08-28T07:36:23.140Z</time>
</trkpt>
<trkpt lat="42.0370814" lon="2.8915791999999954">
<ele>68.23484884814488</ele>
<time>2026-08-28T07:36:24.140Z</time>
</trkpt>
<trkpt lat="42.0370821" lon="2.891711799999996">
<ele>68.56447762269624</ele>
<time>2026-08-28T07:36:25.140Z</time>
</trkpt>
<trkpt lat="42.0370867" lon="2.8918428000000063">
<ele>68.00736604768865</ele>
<time>2026-08-28T07:36:26.139Z</time>
</trkpt>
<trkpt lat="42.0370872" lon="2.8919816000000083">
<ele>68.61146265864829</ele>
<time>2026-08-28T07:36:27.140Z</time>
</trkpt>
<trkpt lat="42.0370904" lon="2.8921311999999944">
<ele>69.17774907363794</ele>
<time>2026-08-28T07:36:28.140Z</time>
</trkpt>
<trkpt lat="42.0370933" lon="2.8922814000000017">
<ele>68.77026690309154</ele>
<time>2026-08-28T07:36:29.139Z</time>
</trkpt>
<trkpt lat="42.0371005" lon="2.892433100000005">
<ele>69.28654265478782</ele>
<time>2026-08-28T07:36:30.140Z</time>
</trkpt>
<trkpt lat="42.0371038" lon="2.892588200000006">
<ele>68.69799337457891</ele>
<time>2026-08-28T07:36:31.139Z</time>
</trkpt>
<trkpt lat="42.03711" lon="2.8927367000000004">
<ele>68.32589636822905</ele>
<time>2026-08-28T07:36:32.140Z</time>
</trkpt>
<trkpt lat="42.0371151" lon="2.892876099999995">
<ele>68.50925602048773</ele>
<time>2026-08-28T07:36:33.140Z</time>
</trkpt>
<trkpt lat="42.0371191" lon="2.893018100000006">
<ele>68.57005861467819</ele>
<time>2026-08-28T07:36:34.140Z</time>
</trkpt>
<trkpt lat="42.0371238" lon="2.8931585999999925">
<ele>68.14943733228455</ele>
<time>2026-08-28T07:36:35.140Z</time>
</trkpt>
<trkpt lat="42.0371287" lon="2.893296399999997">
<ele>68.23351130718976</ele>
<time>2026-08-28T07:36:36.140Z</time>
</trkpt>
<trkpt lat="42.0371321" lon="2.893440300000009">
<ele>69.38984801406286</ele>
<time>2026-08-28T07:36:37.139Z</time>
</trkpt>
<trkpt lat="42.0371351" lon="2.893580799999995">
<ele>68.63972348704804</ele>
<time>2026-08-28T07:36:38.140Z</time>
</trkpt>
<trkpt lat="42.037141" lon="2.8937152000000026">
<ele>68.64039623474073</ele>
<time>2026-08-28T07:36:39.140Z</time>
</trkpt>
<trkpt lat="42.0371448" lon="2.89384849999999">
<ele>69.30294129920786</ele>
<time>2026-08-28T07:36:40.139Z</time>
</trkpt>
<trkpt lat="42.0371487" lon="2.893979800000011">
<ele>69.18177396414501</ele>
<time>2026-08-28T07:36:41.140Z</time>
</trkpt>
<trkpt lat="42.0371523" lon="2.894117399999999">
<ele>67.45611056941415</ele>
<time>2026-08-28T07:36:42.140Z</time>
</trkpt>
<trkpt lat="42.0371575" lon="2.8942451000000062">
<ele>68.54100515661995</ele>
<time>2026-08-28T07:36:43.140Z</time>
</trkpt>
<trkpt lat="42.0371623" lon="2.8943701999999973">
<ele>68.57716936984673</ele>
<time>2026-08-28T07:36:44.139Z</time>
</trkpt>
<trkpt lat="42.0371626" lon="2.894495500000005">
<ele>68.46909471381822</ele>
<time>2026-08-28T07:36:45.140Z</time>
</trkpt>
<trkpt lat="42.0371628" lon="2.8946149999999875">
<ele>68.61823825671011</ele>
<time>2026-08-28T07:36:46.140Z</time>
</trkpt>
<trkpt lat="42.0371646" lon="2.8947278999999924">
<ele>68.81906116872706</ele>
<time>2026-08-28T07:36:47.140Z</time>
</trkpt>
<trkpt lat="42.0371646" lon="2.8948422999999934">
<ele>68.20552746011485</ele>
<time>2026-08-28T07:36:48.140Z</time>
</trkpt>
<trkpt lat="42.0371591" lon="2.8949593000000107">
<ele>68.11936174814598</ele>
<time>2026-08-28T07:36:49.140Z</time>
</trkpt>
<trkpt lat="42.0371438" lon="2.8950697999999875">
<ele>68.70906184063108</ele>
<time>2026-08-28T07:36:50.140Z</time>
</trkpt>
<trkpt lat="42.0371078" lon="2.895167100000009">
<ele>68.30137015503374</ele>
<time>2026-08-28T07:36:51.140Z</time>
</trkpt>
<trkpt lat="42.03706" lon="2.8952549999999917">
<ele>68.16410786973282</ele>
<time>2026-08-28T07:36:52.139Z</time>
</trkpt>
<trkpt lat="42.0369973" lon="2.8953316999999856">
<ele>68.32774620925886</ele>
<time>2026-08-28T07:36:53.140Z</time>
</trkpt>
<trkpt lat="42.0369261" lon="2.8953974000000073">
<ele>68.24509987364056</ele>
<time>2026-08-28T07:36:54.140Z</time>
</trkpt>
<trkpt lat="42.0368477" lon="2.895449500000012">
<ele>68.65200235270993</ele>
<time>2026-08-28T07:36:55.140Z</time>
</trkpt>
<trkpt lat="42.036768" lon="2.895487800000012">
<ele>69.13552608625106</ele>
<time>2026-08-28T07:36:56.140Z</time>
</trkpt>
<trkpt lat="42.0366748" lon="2.895519699999994">
<ele>68.62574985344666</ele>
<time>2026-08-28T07:36:57.140Z</time>
</trkpt>
<trkpt lat="42.0365855" lon="2.8955608999999924">
<ele>68.44935599273005</ele>
<time>2026-08-28T07:36:58.140Z</time>
</trkpt>
<trkpt lat="42.0364964" lon="2.895598299999989">
<ele>69.72235765812437</ele>
<time>2026-08-28T07:36:59.140Z</time>
</trkpt>
<trkpt lat="42.0364096" lon="2.8956402999999966">
<ele>69.04874559656272</ele>
<time>2026-08-28T07:37:00.140Z</time>
</trkpt>
<trkpt lat="42.0363238" lon="2.895680900000002">
<ele>69.18217959047608</ele>
<time>2026-08-28T07:37:01.140Z</time>
</trkpt>
<trkpt lat="42.0362432" lon="2.895717899999994">
<ele>69.03874210602056</ele>
<time>2026-08-28T07:37:02.140Z</time>
</trkpt>
<trkpt lat="42.0361652" lon="2.8957492000000116">
<ele>69.57732788309237</ele>
<time>2026-08-28T07:37:03.140Z</time>
</trkpt>
<trkpt lat="42.0360909" lon="2.8957776999999965">
<ele>68.32997522338009</ele>
<time>2026-08-28T07:37:04.140Z</time>
</trkpt>
<trkpt lat="42.0360134" lon="2.8958069999999907">
<ele>68.37332868618871</ele>
<time>2026-08-28T07:37:05.140Z</time>
</trkpt>
<trkpt lat="42.0359347" lon="2.895840800000002">
<ele>68.83285531033322</ele>
<time>2026-08-28T07:37:06.140Z</time>
</trkpt>
<trkpt lat="42.0358588" lon="2.895875700000005">
<ele>69.0458747885519</ele>
<time>2026-08-28T07:37:07.139Z</time>
</trkpt>
<trkpt lat="42.0357879" lon="2.895913699999994">
<ele>68.10851997612475</ele>
<time>2026-08-28T07:37:08.140Z</time>
</trkpt>
<trkpt lat="42.0357237" lon="2.895943100000011">
<ele>68.74893206767989</ele>
<time>2026-08-28T07:37:09.140Z</time>
</trkpt>
<trkpt lat="42.0356588" lon="2.8959667000000024">
<ele>68.6643310364114</ele>
<time>2026-08-28T07:37:10.140Z</time>
</trkpt>
<trkpt lat="42.0355938" lon="2.895994099999996">
<ele>68.90282930640556</ele>
<time>2026-08-28T07:37:11.139Z</time>
</trkpt>
<trkpt lat="42.0355332" lon="2.8960203000000035">
<ele>68.21838722706099</ele>
<time>2026-08-28T07:37:12.140Z</time>
</trkpt>
<trkpt lat="42.0354749" lon="2.896045200000003">
<ele>68.09761138031118</ele>
<time>2026-08-28T07:37:13.140Z</time>
</trkpt>
<trkpt lat="42.03542" lon="2.896073300000012">
<ele>68.06443990884901</ele>
<time>2026-08-28T07:37:14.140Z</time>
</trkpt>
<trkpt lat="42.0353589" lon="2.896099800000002">
<ele>69.5142932636091</ele>
<time>2026-08-28T07:37:15.139Z</time>
</trkpt>
<trkpt lat="42.0352914" lon="2.8961282999999867">
<ele>67.86303831968573</ele>
<time>2026-08-28T07:37:16.139Z</time>
</trkpt>
<trkpt lat="42.0352219" lon="2.896154800000005">
<ele>69.50884820563944</ele>
<time>2026-08-28T07:37:17.140Z</time>
</trkpt>
<trkpt lat="42.0351471" lon="2.8961870999999917">
<ele>69.63420731971445</ele>
<time>2026-08-28T07:37:18.139Z</time>
</trkpt>
<trkpt lat="42.0350689" lon="2.896223600000013">
<ele>69.1037395550879</ele>
<time>2026-08-28T07:37:19.140Z</time>
</trkpt>
<trkpt lat="42.034987" lon="2.8962634000000094">
<ele>69.80021589646128</ele>
<time>2026-08-28T07:37:20.140Z</time>
</trkpt>
<trkpt lat="42.0349025" lon="2.896294299999994">
<ele>69.29210635471877</ele>
<time>2026-08-28T07:37:21.140Z</time>
</trkpt>
<trkpt lat="42.0348196" lon="2.8963277000000005">
<ele>69.26157837834457</ele>
<time>2026-08-28T07:37:22.140Z</time>
</trkpt>
<trkpt lat="42.0347336" lon="2.8963634000000127">
<ele>69.85683583225477</ele>
<time>2026-08-28T07:37:23.139Z</time>
</trkpt>
<trkpt lat="42.0346431" lon="2.8964039999999898">
<ele>70.57687902777725</ele>
<time>2026-08-28T07:37:24.140Z</time>
</trkpt>
<trkpt lat="42.0345533" lon="2.8964459999999974">
<ele>70.83719620142278</ele>
<time>2026-08-28T07:37:25.140Z</time>
</trkpt>
<trkpt lat="42.0344642" lon="2.8964863999999864">
<ele>69.3252517340341</ele>
<time>2026-08-28T07:37:26.140Z</time>
</trkpt>
<trkpt lat="42.0343752" lon="2.896523699999989">
<ele>70.6254497399403</ele>
<time>2026-08-28T07:37:27.140Z</time>
</trkpt>
<trkpt lat="42.0342817" lon="2.896560700000009">
<ele>70.5833671693986</ele>
<time>2026-08-28T07:37:28.140Z</time>
</trkpt>
<trkpt lat="42.0341916" lon="2.89660090000001">
<ele>72.61725848634204</ele>
<time>2026-08-28T07:37:29.140Z</time>
</trkpt>
<trkpt lat="42.0341012" lon="2.896642700000001">
<ele>69.21859332368703</ele>
<time>2026-08-28T07:37:30.140Z</time>
</trkpt>
<trkpt lat="42.0340143" lon="2.8966868999999917">
<ele>70.68754953994669</ele>
<time>2026-08-28T07:37:31.140Z</time>
</trkpt>
<trkpt lat="42.0339307" lon="2.8967255000000023">
<ele>71.60235210878831</ele>
<time>2026-08-28T07:37:32.139Z</time>
</trkpt>
<trkpt lat="42.0338569" lon="2.8967580999999996">
<ele>71.99056479747841</ele>
<time>2026-08-28T07:37:33.139Z</time>
</trkpt>
<trkpt lat="42.0337793" lon="2.896790799999991">
<ele>69.08732129953323</ele>
<time>2026-08-28T07:37:34.140Z</time>
</trkpt>
<trkpt lat="42.0337069" lon="2.896819899999997">
<ele>70.44022711901174</ele>
<time>2026-08-28T07:37:35.140Z</time>
</trkpt>
<trkpt lat="42.0336375" lon="2.8968375000000037">
<ele>70.20592029089943</ele>
<time>2026-08-28T07:37:36.140Z</time>
</trkpt>
<trkpt lat="42.0335718" lon="2.8968514000000027">
<ele>69.7992203964194</ele>
<time>2026-08-28T07:37:37.140Z</time>
</trkpt>
<trkpt lat="42.0335057" lon="2.896849500000002">
<ele>70.48764852455854</ele>
<time>2026-08-28T07:37:38.140Z</time>
</trkpt>
<trkpt lat="42.033438" lon="2.896825000000007">
<ele>70.90707402910004</ele>
<time>2026-08-28T07:37:39.139Z</time>
</trkpt>
<trkpt lat="42.0333739" lon="2.8967906000000028">
<ele>71.58617573815344</ele>
<time>2026-08-28T07:37:40.140Z</time>
</trkpt>
<trkpt lat="42.0332955" lon="2.896766299999996">
<ele>71.66223195823638</ele>
<time>2026-08-28T07:37:41.140Z</time>
</trkpt>
<trkpt lat="42.0332235" lon="2.896767000000011">
<ele>70.22477483877837</ele>
<time>2026-08-28T07:37:42.140Z</time>
</trkpt>
<trkpt lat="42.0331597" lon="2.8968043000000137">
<ele>70.5244528580919</ele>
<time>2026-08-28T07:37:43.139Z</time>
</trkpt>
<trkpt lat="42.0330932" lon="2.8968762000000083">
<ele>70.3216140538383</ele>
<time>2026-08-28T07:37:44.140Z</time>
</trkpt>
<trkpt lat="42.0330526" lon="2.896969100000007">
<ele>70.20853918625602</ele>
<time>2026-08-28T07:37:45.140Z</time>
</trkpt>
<trkpt lat="42.0330427" lon="2.89706240000001">
<ele>69.22173440254149</ele>
<time>2026-08-28T07:37:46.139Z</time>
</trkpt>
<trkpt lat="42.0330518" lon="2.897161699999998">
<ele>69.8909392310459</ele>
<time>2026-08-28T07:37:47.139Z</time>
</trkpt>
<trkpt lat="42.0330949" lon="2.897258999999991">
<ele>69.54777278839143</ele>
<time>2026-08-28T07:37:48.140Z</time>
</trkpt>
<trkpt lat="42.0331504" lon="2.8973413999999877">
<ele>69.99227856977986</ele>
<time>2026-08-28T07:37:49.140Z</time>
</trkpt>
<trkpt lat="42.0332123" lon="2.8974058999999954">
<ele>70.17453880109399</ele>
<time>2026-08-28T07:37:50.140Z</time>
</trkpt>
<trkpt lat="42.0332816" lon="2.8974707000000137">
<ele>69.87718830945</ele>
<time>2026-08-28T07:37:51.140Z</time>
</trkpt>
<trkpt lat="42.0333343" lon="2.8975551999999993">
<ele>70.10471364031355</ele>
<time>2026-08-28T07:37:52.139Z</time>
</trkpt>
<trkpt lat="42.033382" lon="2.897649599999994">
<ele>69.65246134479979</ele>
<time>2026-08-28T07:37:53.139Z</time>
</trkpt>
<trkpt lat="42.0334198" lon="2.8977635999999904">
<ele>70.40246566700611</ele>
<time>2026-08-28T07:37:54.140Z</time>
</trkpt>
<trkpt lat="42.0334493" lon="2.8978883000000053">
<ele>70.3244344868363</ele>
<time>2026-08-28T07:37:55.140Z</time>
</trkpt>
<trkpt lat="42.0334762" lon="2.8980232000000115">
<ele>69.82223746500351</ele>
<time>2026-08-28T07:37:56.140Z</time>
</trkpt>
<trkpt lat="42.0335039" lon="2.8981451999999877">
<ele>71.575321331971</ele>
<time>2026-08-28T07:37:57.140Z</time>
</trkpt>
<trkpt lat="42.0335371" lon="2.898278900000008">
<ele>70.98551810643369</ele>
<time>2026-08-28T07:37:58.140Z</time>
</trkpt>
<trkpt lat="42.033573" lon="2.8984227999999916">
<ele>71.4783799757018</ele>
<time>2026-08-28T07:37:59.140Z</time>
</trkpt>
<trkpt lat="42.033608" lon="2.8985672999999963">
<ele>71.1452545340143</ele>
<time>2026-08-28T07:38:00.139Z</time>
</trkpt>
<trkpt lat="42.0336434" lon="2.8987146999999993">
<ele>70.72721406050312</ele>
<time>2026-08-28T07:38:01.140Z</time>
</trkpt>
<trkpt lat="42.0336793" lon="2.898866499999997">
<ele>70.64549450973605</ele>
<time>2026-08-28T07:38:02.140Z</time>
</trkpt>
<trkpt lat="42.0337107" lon="2.8990180000000123">
<ele>71.26457880147714</ele>
<time>2026-08-28T07:38:03.140Z</time>
</trkpt>
<trkpt lat="42.0337497" lon="2.8991696999999874">
<ele>71.76993125345074</ele>
<time>2026-08-28T07:38:04.140Z</time>
</trkpt>
<trkpt lat="42.0337849" lon="2.899321299999997">
<ele>71.31848367499113</ele>
<time>2026-08-28T07:38:05.139Z</time>
</trkpt>
<trkpt lat="42.0338225" lon="2.8994802999999933">
<ele>70.71563561682562</ele>
<time>2026-08-28T07:38:06.139Z</time>
</trkpt>
<trkpt lat="42.033859" lon="2.8996323000000075">
<ele>71.36679466889426</ele>
<time>2026-08-28T07:38:07.140Z</time>
</trkpt>
<trkpt lat="42.033897" lon="2.8997817999999995">
<ele>71.27094827791755</ele>
<time>2026-08-28T07:38:08.140Z</time>
</trkpt>
<trkpt lat="42.0339378" lon="2.899937300000005">
<ele>71.16107938382348</ele>
<time>2026-08-28T07:38:09.140Z</time>
</trkpt>
<trkpt lat="42.0339725" lon="2.900098899999989">
<ele>71.14713722732748</ele>
<time>2026-08-28T07:38:10.139Z</time>
</trkpt>
<trkpt lat="42.0340083" lon="2.9002552999999978">
<ele>70.63180949610525</ele>
<time>2026-08-28T07:38:11.140Z</time>
</trkpt>
<trkpt lat="42.0340464" lon="2.9004132999999968">
<ele>70.80276118802529</ele>
<time>2026-08-28T07:38:12.140Z</time>
</trkpt>
<trkpt lat="42.0340821" lon="2.9005712999999957">
<ele>70.73791174333319</ele>
<time>2026-08-28T07:38:13.140Z</time>
</trkpt>
<trkpt lat="42.0341215" lon="2.900728700000002">
<ele>70.62271503060317</ele>
<time>2026-08-28T07:38:14.140Z</time>
</trkpt>
<trkpt lat="42.0341603" lon="2.9008856000000094">
<ele>70.98441502743587</ele>
<time>2026-08-28T07:38:15.140Z</time>
</trkpt>
<trkpt lat="42.0342023" lon="2.9010471999999936">
<ele>71.2090509169445</ele>
<time>2026-08-28T07:38:16.139Z</time>
</trkpt>
<trkpt lat="42.03424" lon="2.9012103000000025">
<ele>70.83061655196873</ele>
<time>2026-08-28T07:38:17.140Z</time>
</trkpt>
<trkpt lat="42.0342768" lon="2.9013730000000066">
<ele>71.60201329190521</ele>
<time>2026-08-28T07:38:18.140Z</time>
</trkpt>
<trkpt lat="42.0343146" lon="2.9015355999999883">
<ele>71.25355487316375</ele>
<time>2026-08-28T07:38:19.140Z</time>
</trkpt>
<trkpt lat="42.0343538" lon="2.9017010000000028">
<ele>70.93080799796256</ele>
<time>2026-08-28T07:38:20.140Z</time>
</trkpt>
<trkpt lat="42.0343951" lon="2.9018628999999976">
<ele>71.07210705487171</ele>
<time>2026-08-28T07:38:21.140Z</time>
</trkpt>
<trkpt lat="42.034434" lon="2.902023299999996">
<ele>71.19166282442379</ele>
<time>2026-08-28T07:38:22.140Z</time>
</trkpt>
<trkpt lat="42.0344725" lon="2.9021921000000077">
<ele>70.1475284236834</ele>
<time>2026-08-28T07:38:23.140Z</time>
</trkpt>
<trkpt lat="42.0345118" lon="2.9023611000000074">
<ele>69.93437845292954</ele>
<time>2026-08-28T07:38:24.140Z</time>
</trkpt>
<trkpt lat="42.0345519" lon="2.902528700000005">
<ele>69.97782271828213</ele>
<time>2026-08-28T07:38:25.139Z</time>
</trkpt>
<trkpt lat="42.0345888" lon="2.9026930999999934">
<ele>68.93879759794325</ele>
<time>2026-08-28T07:38:26.139Z</time>
</trkpt>
<trkpt lat="42.0346284" lon="2.9028556000000094">
<ele>69.3596674226528</ele>
<time>2026-08-28T07:38:27.140Z</time>
</trkpt>
<trkpt lat="42.034665" lon="2.903016100000002">
<ele>69.09046665843535</ele>
<time>2026-08-28T07:38:28.139Z</time>
</trkpt>
<trkpt lat="42.0347005" lon="2.90317730000001">
<ele>67.931436830256</ele>
<time>2026-08-28T07:38:29.140Z</time>
</trkpt>
<trkpt lat="42.0347391" lon="2.9033369999999934">
<ele>67.91638122424618</ele>
<time>2026-08-28T07:38:30.139Z</time>
</trkpt>
<trkpt lat="42.034778" lon="2.903491300000013">
<ele>68.2768126724051</ele>
<time>2026-08-28T07:38:31.140Z</time>
</trkpt>
<trkpt lat="42.0348159" lon="2.9036475999999993">
<ele>68.17302637024757</ele>
<time>2026-08-28T07:38:32.139Z</time>
</trkpt>
<trkpt lat="42.0348562" lon="2.9038036999999974">
<ele>68.6464251432919</ele>
<time>2026-08-28T07:38:33.140Z</time>
</trkpt>
<trkpt lat="42.0348957" lon="2.9039592000000027">
<ele>68.96886086587783</ele>
<time>2026-08-28T07:38:34.140Z</time>
</trkpt>
<trkpt lat="42.0349315" lon="2.904118000000011">
<ele>68.25744908353018</ele>
<time>2026-08-28T07:38:35.140Z</time>
</trkpt>
<trkpt lat="42.0349677" lon="2.9042664000000116">
<ele>68.02628938081078</ele>
<time>2026-08-28T07:38:36.140Z</time>
</trkpt>
<trkpt lat="42.0350075" lon="2.9044217999999944">
<ele>67.62622051433941</ele>
<time>2026-08-28T07:38:37.140Z</time>
</trkpt>
<trkpt lat="42.0350429" lon="2.904573400000004">
<ele>66.89261910392638</ele>
<time>2026-08-28T07:38:38.140Z</time>
</trkpt>
<trkpt lat="42.0350788" lon="2.9047237000000052">
<ele>66.80644519462061</ele>
<time>2026-08-28T07:38:39.140Z</time>
</trkpt>
<trkpt lat="42.0351149" lon="2.9048568000000046">
<ele>66.83185259745666</ele>
<time>2026-08-28T07:38:40.139Z</time>
</trkpt>
<trkpt lat="42.0351444" lon="2.904979200000014">
<ele>65.91733011495762</ele>
<time>2026-08-28T07:38:41.140Z</time>
</trkpt>
<trkpt lat="42.0351733" lon="2.905094399999996">
<ele>65.63284594293344</ele>
<time>2026-08-28T07:38:42.139Z</time>
</trkpt>
<trkpt lat="42.0351854" lon="2.905204999999995">
<ele>65.20634796254197</ele>
<time>2026-08-28T07:38:43.139Z</time>
</trkpt>
<trkpt lat="42.0351791" lon="2.90531279999999">
<ele>65.27281742244256</ele>
<time>2026-08-28T07:38:44.140Z</time>
</trkpt>
<trkpt lat="42.0351669" lon="2.9054145000000062">
<ele>65.25648608195591</ele>
<time>2026-08-28T07:38:45.140Z</time>
</trkpt>
<trkpt lat="42.0351689" lon="2.9055166999999926">
<ele>65.23401426014723</ele>
<time>2026-08-28T07:38:46.140Z</time>
</trkpt>
<trkpt lat="42.0351917" lon="2.905618199999992">
<ele>65.50106278199546</ele>
<time>2026-08-28T07:38:47.139Z</time>
</trkpt>
<trkpt lat="42.0352336" lon="2.9057208000000116">
<ele>65.68079205969765</ele>
<time>2026-08-28T07:38:48.140Z</time>
</trkpt>
<trkpt lat="42.0352902" lon="2.9058211999999912">
<ele>66.42339285936475</ele>
<time>2026-08-28T07:38:49.140Z</time>
</trkpt>
<trkpt lat="42.0353447" lon="2.9059278000000006">
<ele>66.42024776974151</ele>
<time>2026-08-28T07:38:50.139Z</time>
</trkpt>
<trkpt lat="42.0353905" lon="2.906046800000013">
<ele>66.58221824216113</ele>
<time>2026-08-28T07:38:51.140Z</time>
</trkpt>
<trkpt lat="42.0354229" lon="2.9061728000000073">
<ele>66.98956958550254</ele>
<time>2026-08-28T07:38:52.140Z</time>
</trkpt>
<trkpt lat="42.0354555" lon="2.9062991000000125">
<ele>66.56717000214329</ele>
<time>2026-08-28T07:38:53.140Z</time>
</trkpt>
<trkpt lat="42.0354898" lon="2.9064280000000053">
<ele>66.56124879298903</ele>
<time>2026-08-28T07:38:54.140Z</time>
</trkpt>
<trkpt lat="42.035528" lon="2.90656469999999">
<ele>66.73946722704463</ele>
<time>2026-08-28T07:38:55.140Z</time>
</trkpt>
<trkpt lat="42.0355617" lon="2.906704999999988">
<ele>67.03204562511016</ele>
<time>2026-08-28T07:38:56.140Z</time>
</trkpt>
<trkpt lat="42.0355971" lon="2.9068517999999983">
<ele>66.99982275934772</ele>
<time>2026-08-28T07:38:57.140Z</time>
</trkpt>
<trkpt lat="42.0356315" lon="2.906999899999988">
<ele>67.13122042872703</ele>
<time>2026-08-28T07:38:58.140Z</time>
</trkpt>
<trkpt lat="42.0356692" lon="2.907154100000014">
<ele>66.69827730626376</ele>
<time>2026-08-28T07:38:59.139Z</time>
</trkpt>
<trkpt lat="42.0357043" lon="2.907303500000012">
<ele>66.07690657845174</ele>
<time>2026-08-28T07:39:00.140Z</time>
</trkpt>
<trkpt lat="42.0357389" lon="2.907453000000004">
<ele>66.0925299667398</ele>
<time>2026-08-28T07:39:01.140Z</time>
</trkpt>
<trkpt lat="42.0357758" lon="2.907593899999995">
<ele>65.49359485139128</ele>
<time>2026-08-28T07:39:02.140Z</time>
</trkpt>
<trkpt lat="42.0358103" lon="2.9077369000000033">
<ele>65.97030164471929</ele>
<time>2026-08-28T07:39:03.140Z</time>
</trkpt>
<trkpt lat="42.0358459" lon="2.907876200000004">
<ele>65.53140980949547</ele>
<time>2026-08-28T07:39:04.140Z</time>
</trkpt>
<trkpt lat="42.0358808" lon="2.9080178000000103">
<ele>65.94302509922628</ele>
<time>2026-08-28T07:39:05.139Z</time>
</trkpt>
<trkpt lat="42.0359159" lon="2.908155700000009">
<ele>65.41228935343885</ele>
<time>2026-08-28T07:39:06.140Z</time>
</trkpt>
<trkpt lat="42.0359488" lon="2.9082919999999888">
<ele>64.63333088779851</ele>
<time>2026-08-28T07:39:07.140Z</time>
</trkpt>
<trkpt lat="42.0359808" lon="2.9084233000000097">
<ele>64.28692964244996</ele>
<time>2026-08-28T07:39:08.140Z</time>
</trkpt>
<trkpt lat="42.0360108" lon="2.9085489999999936">
<ele>64.77601357122165</ele>
<time>2026-08-28T07:39:09.140Z</time>
</trkpt>
<trkpt lat="42.0360419" lon="2.908673499999992">
<ele>64.04131723818166</ele>
<time>2026-08-28T07:39:10.139Z</time>
</trkpt>
<trkpt lat="42.0360703" lon="2.9087939000000063">
<ele>64.78199607126774</ele>
<time>2026-08-28T07:39:11.139Z</time>
</trkpt>
<trkpt lat="42.0360986" lon="2.908909399999999">
<ele>64.53367867132327</ele>
<time>2026-08-28T07:39:12.140Z</time>
</trkpt>
<trkpt lat="42.0361237" lon="2.909018500000002">
<ele>64.46846007441881</ele>
<time>2026-08-28T07:39:13.140Z</time>
</trkpt>
<trkpt lat="42.0361473" lon="2.909120999999999">
<ele>63.80448426347547</ele>
<time>2026-08-28T07:39:14.140Z</time>
</trkpt>
<trkpt lat="42.036166" lon="2.9092027000000087">
<ele>63.40171722806303</ele>
<time>2026-08-28T07:39:15.140Z</time>
</trkpt>
<trkpt lat="42.03618" lon="2.909271799999999">
<ele>63.10673128985107</ele>
<time>2026-08-28T07:39:16.140Z</time>
</trkpt>
<trkpt lat="42.0361956" lon="2.909332500000005">
<ele>63.05744663171346</ele>
<time>2026-08-28T07:39:17.140Z</time>
</trkpt>
<trkpt lat="42.0362178" lon="2.909423299999986">
<ele>62.45296016250085</ele>
<time>2026-08-28T07:39:19.140Z</time>
</trkpt>
<trkpt lat="42.0362287" lon="2.9094876999999997">
<ele>62.27401389272751</ele>
<time>2026-08-28T07:39:22.140Z</time>
</trkpt>
<trkpt lat="42.0362478" lon="2.90956460000001">
<ele>61.86625336942828</ele>
<time>2026-08-28T07:39:31.140Z</time>
</trkpt>
<trkpt lat="42.0362704" lon="2.909673199999986">
<ele>62.372831725248794</ele>
<time>2026-08-28T07:39:33.140Z</time>
</trkpt>
<trkpt lat="42.0362847" lon="2.9097352">
<ele>62.74287741545992</ele>
<time>2026-08-28T07:39:34.140Z</time>
</trkpt>
<trkpt lat="42.0363" lon="2.9098017000000027">
<ele>62.83169357027802</ele>
<time>2026-08-28T07:39:35.140Z</time>
</trkpt>
<trkpt lat="42.0363159" lon="2.909875400000004">
<ele>63.00686266010798</ele>
<time>2026-08-28T07:39:36.140Z</time>
</trkpt>
<trkpt lat="42.0363341" lon="2.9099515000000054">
<ele>62.58222117345594</ele>
<time>2026-08-28T07:39:37.140Z</time>
</trkpt>
<trkpt lat="42.0363563" lon="2.9100342000000126">
<ele>64.05195284469626</ele>
<time>2026-08-28T07:39:38.139Z</time>
</trkpt>
<trkpt lat="42.0363783" lon="2.9101255999999864">
<ele>63.83411780906535</ele>
<time>2026-08-28T07:39:39.140Z</time>
</trkpt>
<trkpt lat="42.0364029" lon="2.9102222999999867">
<ele>63.68856707258938</ele>
<time>2026-08-28T07:39:40.140Z</time>
</trkpt>
<trkpt lat="42.0364275" lon="2.9103278000000046">
<ele>63.7095422002257</ele>
<time>2026-08-28T07:39:41.140Z</time>
</trkpt>
<trkpt lat="42.0364513" lon="2.9104356999999936">
<ele>63.3771531024459</ele>
<time>2026-08-28T07:39:42.139Z</time>
</trkpt>
<trkpt lat="42.036477" lon="2.9105434999999886">
<ele>63.40954901084153</ele>
<time>2026-08-28T07:39:43.140Z</time>
</trkpt>
<trkpt lat="42.0365006" lon="2.9106471999999997">
<ele>63.472203094408506</ele>
<time>2026-08-28T07:39:44.139Z</time>
</trkpt>
<trkpt lat="42.0365291" lon="2.9107581000000096">
<ele>63.808358288375395</ele>
<time>2026-08-28T07:39:45.140Z</time>
</trkpt>
<trkpt lat="42.0365539" lon="2.9108598999999913">
<ele>64.5033763774341</ele>
<time>2026-08-28T07:39:46.140Z</time>
</trkpt>
<trkpt lat="42.0365818" lon="2.910962600000005">
<ele>64.14626696307913</ele>
<time>2026-08-28T07:39:47.140Z</time>
</trkpt>
<trkpt lat="42.0366103" lon="2.911073799999997">
<ele>64.2461458476451</ele>
<time>2026-08-28T07:39:48.140Z</time>
</trkpt>
<trkpt lat="42.0366362" lon="2.911188100000004">
<ele>64.58507224402395</ele>
<time>2026-08-28T07:39:49.140Z</time>
</trkpt>
<trkpt lat="42.0366646" lon="2.9113049999999987">
<ele>64.54220815819617</ele>
<time>2026-08-28T07:39:50.140Z</time>
</trkpt>
<trkpt lat="42.0366943" lon="2.911415699999992">
<ele>64.89696316226645</ele>
<time>2026-08-28T07:39:51.140Z</time>
</trkpt>
<trkpt lat="42.0367221" lon="2.911532599999987">
<ele>65.55934711256423</ele>
<time>2026-08-28T07:39:52.140Z</time>
</trkpt>
<trkpt lat="42.0367526" lon="2.9116507999999897">
<ele>66.06804586521874</ele>
<time>2026-08-28T07:39:53.139Z</time>
</trkpt>
<trkpt lat="42.0367861" lon="2.9117703000000006">
<ele>66.44762519810445</ele>
<time>2026-08-28T07:39:54.140Z</time>
</trkpt>
<trkpt lat="42.0368196" lon="2.9118990999999994">
<ele>66.37574258013387</ele>
<time>2026-08-28T07:39:55.140Z</time>
</trkpt>
<trkpt lat="42.0368521" lon="2.9120359000000064">
<ele>66.38821464266029</ele>
<time>2026-08-28T07:39:56.140Z</time>
</trkpt>
<trkpt lat="42.0368808" lon="2.9121786999999983">
<ele>66.18879306031128</ele>
<time>2026-08-28T07:39:57.139Z</time>
</trkpt>
<trkpt lat="42.0369108" lon="2.912325399999986">
<ele>66.63889552522444</ele>
<time>2026-08-28T07:39:58.139Z</time>
</trkpt>
<trkpt lat="42.0369459" lon="2.912472600000001">
<ele>67.38497609836902</ele>
<time>2026-08-28T07:39:59.139Z</time>
</trkpt>
<trkpt lat="42.0369776" lon="2.9126228000000083">
<ele>66.68582337948766</ele>
<time>2026-08-28T07:40:00.140Z</time>
</trkpt>
<trkpt lat="42.0370119" lon="2.912776799999989">
<ele>66.35345636991617</ele>
<time>2026-08-28T07:40:01.139Z</time>
</trkpt>
<trkpt lat="42.0370484" lon="2.9129312000000027">
<ele>66.64745472671896</ele>
<time>2026-08-28T07:40:02.140Z</time>
</trkpt>
<trkpt lat="42.0370896" lon="2.913092799999987">
<ele>66.46808594348774</ele>
<time>2026-08-28T07:40:03.140Z</time>
</trkpt>
<trkpt lat="42.0371281" lon="2.91324800000001">
<ele>66.35302453037939</ele>
<time>2026-08-28T07:40:04.140Z</time>
</trkpt>
<trkpt lat="42.0371667" lon="2.91339880000001">
<ele>66.34564112176972</ele>
<time>2026-08-28T07:40:05.140Z</time>
</trkpt>
<trkpt lat="42.037205" lon="2.9135464999999954">
<ele>65.94039173008588</ele>
<time>2026-08-28T07:40:06.139Z</time>
</trkpt>
<trkpt lat="42.0372447" lon="2.913695700000005">
<ele>66.34890416183217</ele>
<time>2026-08-28T07:40:07.140Z</time>
</trkpt>
<trkpt lat="42.0372831" lon="2.913842299999999">
<ele>65.96357927967183</ele>
<time>2026-08-28T07:40:08.139Z</time>
</trkpt>
<trkpt lat="42.0373189" lon="2.9139874999999904">
<ele>65.9380221713474</ele>
<time>2026-08-28T07:40:09.139Z</time>
</trkpt>
<trkpt lat="42.0373495" lon="2.914133300000003">
<ele>66.20951861396723</ele>
<time>2026-08-28T07:40:10.140Z</time>
</trkpt>
<trkpt lat="42.0373826" lon="2.914274299999988">
<ele>65.54288848994162</ele>
<time>2026-08-28T07:40:11.139Z</time>
</trkpt>
<trkpt lat="42.0374185" lon="2.9144086999999956">
<ele>65.05035282019688</ele>
<time>2026-08-28T07:40:12.140Z</time>
</trkpt>
<trkpt lat="42.0374553" lon="2.914547700000014">
<ele>65.6251372142671</ele>
<time>2026-08-28T07:40:13.140Z</time>
</trkpt>
<trkpt lat="42.0374896" lon="2.9146849999999915">
<ele>65.76088038212953</ele>
<time>2026-08-28T07:40:14.140Z</time>
</trkpt>
<trkpt lat="42.0375224" lon="2.914828">
<ele>65.44434666507446</ele>
<time>2026-08-28T07:40:15.140Z</time>
</trkpt>
<trkpt lat="42.0375578" lon="2.914968600000009">
<ele>66.21050475185828</ele>
<time>2026-08-28T07:40:16.140Z</time>
</trkpt>
<trkpt lat="42.0375892" lon="2.9151098000000104">
<ele>65.30423411439136</ele>
<time>2026-08-28T07:40:17.140Z</time>
</trkpt>
<trkpt lat="42.0376242" lon="2.9152488000000005">
<ele>65.25250452564929</ele>
<time>2026-08-28T07:40:18.140Z</time>
</trkpt>
<trkpt lat="42.0376573" lon="2.9153889000000106">
<ele>65.37867456840836</ele>
<time>2026-08-28T07:40:19.140Z</time>
</trkpt>
<trkpt lat="42.0376928" lon="2.9155236">
<ele>65.3202493650794</ele>
<time>2026-08-28T07:40:20.140Z</time>
</trkpt>
<trkpt lat="42.0377255" lon="2.9156572999999923">
<ele>65.95582753663193</ele>
<time>2026-08-28T07:40:21.140Z</time>
</trkpt>
<trkpt lat="42.0377555" lon="2.9157993999999974">
<ele>65.86612106348828</ele>
<time>2026-08-28T07:40:22.140Z</time>
</trkpt>
<trkpt lat="42.0377823" lon="2.915944499999995">
<ele>65.47114272588979</ele>
<time>2026-08-28T07:40:23.139Z</time>
</trkpt>
<trkpt lat="42.0378142" lon="2.9160804999999925">
<ele>65.68499308356063</ele>
<time>2026-08-28T07:40:24.139Z</time>
</trkpt>
<trkpt lat="42.0378485" lon="2.916220900000013">
<ele>65.17375591071507</ele>
<time>2026-08-28T07:40:25.140Z</time>
</trkpt>
<trkpt lat="42.0378866" lon="2.9163542000000007">
<ele>65.70123244273114</ele>
<time>2026-08-28T07:40:26.139Z</time>
</trkpt>
<trkpt lat="42.0379226" lon="2.9164922999999874">
<ele>64.9949606186837</ele>
<time>2026-08-28T07:40:27.139Z</time>
</trkpt>
<trkpt lat="42.0379583" lon="2.9166329999999903">
<ele>65.14280299875438</ele>
<time>2026-08-28T07:40:28.140Z</time>
</trkpt>
<trkpt lat="42.0379944" lon="2.9167760999999928">
<ele>65.70221316616308</ele>
<time>2026-08-28T07:40:29.140Z</time>
</trkpt>
<trkpt lat="42.0380294" lon="2.9169172000000003">
<ele>65.23869842511878</ele>
<time>2026-08-28T07:40:30.140Z</time>
</trkpt>
<trkpt lat="42.0380611" lon="2.9170470999999907">
<ele>64.26515143293331</ele>
<time>2026-08-28T07:40:31.139Z</time>
</trkpt>
<trkpt lat="42.0380893" lon="2.917176600000005">
<ele>64.05178687874249</ele>
<time>2026-08-28T07:40:32.140Z</time>
</trkpt>
<trkpt lat="42.0381114" lon="2.9172815999999955">
<ele>63.962496902714435</ele>
<time>2026-08-28T07:40:33.140Z</time>
</trkpt>
<trkpt lat="42.0381271" lon="2.9173595999999975">
<ele>62.98065484604157</ele>
<time>2026-08-28T07:40:34.139Z</time>
</trkpt>
<trkpt lat="42.0381523" lon="2.9174414000000013">
<ele>62.52960848531619</ele>
<time>2026-08-28T07:40:36.140Z</time>
</trkpt>
<trkpt lat="42.0381715" lon="2.917521800000003">
<ele>62.77892068027838</ele>
<time>2026-08-28T07:41:03.140Z</time>
</trkpt>
<trkpt lat="42.0381832" lon="2.9175941000000023">
<ele>62.783474116478416</ele>
<time>2026-08-28T07:41:04.140Z</time>
</trkpt>
<trkpt lat="42.0382003" lon="2.917664000000002">
<ele>62.76844915366461</ele>
<time>2026-08-28T07:41:05.140Z</time>
</trkpt>
<trkpt lat="42.0382142" lon="2.9177296000000013">
<ele>62.81817343882008</ele>
<time>2026-08-28T07:41:06.140Z</time>
</trkpt>
<trkpt lat="42.0382144" lon="2.917792300000002">
<ele>62.706954223979054</ele>
<time>2026-08-28T07:41:07.140Z</time>
</trkpt>
<trkpt lat="42.0381458" lon="2.9179008000000124">
<ele>63.500807975801656</ele>
<time>2026-08-28T07:41:09.140Z</time>
</trkpt>
<trkpt lat="42.038093" lon="2.917950999999988">
<ele>63.89255058709559</ele>
<time>2026-08-28T07:41:10.140Z</time>
</trkpt>
<trkpt lat="42.0380416" lon="2.9180154999999957">
<ele>63.83362660195108</ele>
<time>2026-08-28T07:41:11.140Z</time>
</trkpt>
<trkpt lat="42.0379893" lon="2.9180915000000027">
<ele>63.915871288372855</ele>
<time>2026-08-28T07:41:12.140Z</time>
</trkpt>
<trkpt lat="42.0379281" lon="2.9181733000000065">
<ele>63.732137710340254</ele>
<time>2026-08-28T07:41:13.139Z</time>
</trkpt>
<trkpt lat="42.0378697" lon="2.918245000000013">
<ele>62.85915999527091</ele>
<time>2026-08-28T07:41:14.140Z</time>
</trkpt>
<trkpt lat="42.0378091" lon="2.9183241000000066">
<ele>63.62681284750137</ele>
<time>2026-08-28T07:41:15.140Z</time>
</trkpt>
<trkpt lat="42.0377499" lon="2.9184061999999926">
<ele>64.12843554198727</ele>
<time>2026-08-28T07:41:16.140Z</time>
</trkpt>
<trkpt lat="42.0376878" lon="2.918495400000012">
<ele>63.82063658845163</ele>
<time>2026-08-28T07:41:17.140Z</time>
</trkpt>
<trkpt lat="42.037627" lon="2.918586800000014">
<ele>64.62974609256005</ele>
<time>2026-08-28T07:41:18.139Z</time>
</trkpt>
<trkpt lat="42.0375674" lon="2.9186712999999997">
<ele>65.44509362333642</ele>
<time>2026-08-28T07:41:19.139Z</time>
</trkpt>
<trkpt lat="42.0374986" lon="2.9187589000000003">
<ele>64.94512282354415</ele>
<time>2026-08-28T07:41:20.140Z</time>
</trkpt>
<trkpt lat="42.0374236" lon="2.9188580999999942">
<ele>64.93608000454638</ele>
<time>2026-08-28T07:41:21.140Z</time>
</trkpt>
<trkpt lat="42.0373444" lon="2.9189605999999912">
<ele>65.36633324143286</ele>
<time>2026-08-28T07:41:22.139Z</time>
</trkpt>
<trkpt lat="42.0372636" lon="2.919070099999999">
<ele>66.58063240185369</ele>
<time>2026-08-28T07:41:23.139Z</time>
</trkpt>
<trkpt lat="42.03718" lon="2.9191749000000016">
<ele>67.27780529263305</ele>
<time>2026-08-28T07:41:24.140Z</time>
</trkpt>
<trkpt lat="42.0370924" lon="2.9192906000000107">
<ele>67.9473035843147</ele>
<time>2026-08-28T07:41:25.140Z</time>
</trkpt>
<trkpt lat="42.0370039" lon="2.919412499999993">
<ele>68.16448693660799</ele>
<time>2026-08-28T07:41:26.140Z</time>
</trkpt>
<trkpt lat="42.03692" lon="2.919534099999993">
<ele>67.27380480559161</ele>
<time>2026-08-28T07:41:27.139Z</time>
</trkpt>
<trkpt lat="42.0368377" lon="2.9196632999999963">
<ele>68.04981349158054</ele>
<time>2026-08-28T07:41:28.140Z</time>
</trkpt>
<trkpt lat="42.0367519" lon="2.9197981000000084">
<ele>68.12598445394308</ele>
<time>2026-08-28T07:41:29.140Z</time>
</trkpt>
<trkpt lat="42.0366687" lon="2.919936799999988">
<ele>67.06956526047445</ele>
<time>2026-08-28T07:41:30.140Z</time>
</trkpt>
<trkpt lat="42.0365834" lon="2.9200700000000097">
<ele>69.83939975223404</ele>
<time>2026-08-28T07:41:31.140Z</time>
</trkpt>
<trkpt lat="42.0365027" lon="2.9202046000000053">
<ele>70.45184726342994</ele>
<time>2026-08-28T07:41:32.139Z</time>
</trkpt>
<trkpt lat="42.036418" lon="2.9203411000000017">
<ele>69.0606782605445</ele>
<time>2026-08-28T07:41:33.140Z</time>
</trkpt>
<trkpt lat="42.036332" lon="2.9204852999999957">
<ele>69.80584639126003</ele>
<time>2026-08-28T07:41:34.140Z</time>
</trkpt>
<trkpt lat="42.0362453" lon="2.9206264000000033">
<ele>69.8513045274751</ele>
<time>2026-08-28T07:41:35.139Z</time>
</trkpt>
<trkpt lat="42.0361544" lon="2.920769000000007">
<ele>69.70785331358105</ele>
<time>2026-08-28T07:41:36.139Z</time>
</trkpt>
<trkpt lat="42.0360612" lon="2.9209122999999977">
<ele>71.41080837081634</ele>
<time>2026-08-28T07:41:37.140Z</time>
</trkpt>
<trkpt lat="42.0359704" lon="2.9210528000000124">
<ele>70.90295443604634</ele>
<time>2026-08-28T07:41:38.140Z</time>
</trkpt>
<trkpt lat="42.0358749" lon="2.9211942999999962">
<ele>71.09967717988935</ele>
<time>2026-08-28T07:41:39.140Z</time>
</trkpt>
<trkpt lat="42.0357755" lon="2.921337099999988">
<ele>71.3463265243179</ele>
<time>2026-08-28T07:41:40.140Z</time>
</trkpt>
<trkpt lat="42.0356745" lon="2.9214768999999876">
<ele>71.7254077078682</ele>
<time>2026-08-28T07:41:41.139Z</time>
</trkpt>
<trkpt lat="42.0355739" lon="2.9216088999999954">
<ele>71.56169708436376</ele>
<time>2026-08-28T07:41:42.140Z</time>
</trkpt>
<trkpt lat="42.0354753" lon="2.921747900000014">
<ele>72.07049872970795</ele>
<time>2026-08-28T07:41:43.140Z</time>
</trkpt>
<trkpt lat="42.0353848" lon="2.9218930000000114">
<ele>71.964473007127</ele>
<time>2026-08-28T07:41:44.139Z</time>
</trkpt>
<trkpt lat="42.0352996" lon="2.9220486000000108">
<ele>72.31117124454987</ele>
<time>2026-08-28T07:41:45.138Z</time>
</trkpt>
<trkpt lat="42.0352186" lon="2.922208799999993">
<ele>72.32743584755134</ele>
<time>2026-08-28T07:41:46.139Z</time>
</trkpt>
<trkpt lat="42.0351374" lon="2.9223685000000046">
<ele>72.46069552143116</ele>
<time>2026-08-28T07:41:47.139Z</time>
</trkpt>
<trkpt lat="42.035057" lon="2.922530999999992">
<ele>72.88232395147318</ele>
<time>2026-08-28T07:41:48.138Z</time>
</trkpt>
<trkpt lat="42.0349801" lon="2.9226990999999884">
<ele>73.59212933314086</ele>
<time>2026-08-28T07:41:49.139Z</time>
</trkpt>
<trkpt lat="42.0349033" lon="2.9228720000000123">
<ele>74.07362528167576</ele>
<time>2026-08-28T07:41:50.138Z</time>
</trkpt>
<trkpt lat="42.0348254" lon="2.9230459000000053">
<ele>73.75604430805784</ele>
<time>2026-08-28T07:41:51.139Z</time>
</trkpt>
<trkpt lat="42.0347511" lon="2.923222299999992">
<ele>74.11779059533336</ele>
<time>2026-08-28T07:41:52.138Z</time>
</trkpt>
<trkpt lat="42.0346775" lon="2.9233977000000095">
<ele>74.1823039768808</ele>
<time>2026-08-28T07:41:53.139Z</time>
</trkpt>
<trkpt lat="42.0346047" lon="2.923560199999997">
<ele>74.42606269065554</ele>
<time>2026-08-28T07:41:54.139Z</time>
</trkpt>
<trkpt lat="42.0345348" lon="2.923718600000001">
<ele>74.32614553557676</ele>
<time>2026-08-28T07:41:55.139Z</time>
</trkpt>
<trkpt lat="42.0344534" lon="2.9238617000000033">
<ele>73.94595887288523</ele>
<time>2026-08-28T07:41:56.139Z</time>
</trkpt>
<trkpt lat="42.0343655" lon="2.924010399999986">
<ele>73.7186226372349</ele>
<time>2026-08-28T07:41:57.139Z</time>
</trkpt>
<trkpt lat="42.0342581" lon="2.9241528000000017">
<ele>73.40464731670077</ele>
<time>2026-08-28T07:41:58.139Z</time>
</trkpt>
<trkpt lat="42.0341484" lon="2.9242696000000024">
<ele>73.6564632536493</ele>
<time>2026-08-28T07:41:59.139Z</time>
</trkpt>
<trkpt lat="42.0340256" lon="2.9243715000000066">
<ele>73.83141741259688</ele>
<time>2026-08-28T07:42:00.139Z</time>
</trkpt>
<trkpt lat="42.0338924" lon="2.924457799999999">
<ele>73.04181665017849</ele>
<time>2026-08-28T07:42:01.139Z</time>
</trkpt>
<trkpt lat="42.0337489" lon="2.924522599999989">
<ele>73.36569464607143</ele>
<time>2026-08-28T07:42:02.139Z</time>
</trkpt>
<trkpt lat="42.033601" lon="2.9245822999999973">
<ele>72.94685754826098</ele>
<time>2026-08-28T07:42:03.139Z</time>
</trkpt>
<trkpt lat="42.0334495" lon="2.924636399999997">
<ele>73.51554343208102</ele>
<time>2026-08-28T07:42:04.139Z</time>
</trkpt>
<trkpt lat="42.0333032" lon="2.9246962999999937">
<ele>73.78178338431793</ele>
<time>2026-08-28T07:42:05.139Z</time>
</trkpt>
<trkpt lat="42.0331584" lon="2.9247713999999974">
<ele>72.60722040005508</ele>
<time>2026-08-28T07:42:06.139Z</time>
</trkpt>
<trkpt lat="42.033022" lon="2.9248680000000036">
<ele>73.39699773100102</ele>
<time>2026-08-28T07:42:07.138Z</time>
</trkpt>
<trkpt lat="42.0328936" lon="2.9249796000000003">
<ele>73.07877448029843</ele>
<time>2026-08-28T07:42:08.139Z</time>
</trkpt>
<trkpt lat="42.0327652" lon="2.925097800000003">
<ele>73.74162000765203</ele>
<time>2026-08-28T07:42:09.138Z</time>
</trkpt>
<trkpt lat="42.0326373" lon="2.9252295999999944">
<ele>71.73041422521626</ele>
<time>2026-08-28T07:42:10.138Z</time>
</trkpt>
<trkpt lat="42.0325148" lon="2.9253559999999936">
<ele>71.94258103427306</ele>
<time>2026-08-28T07:42:11.139Z</time>
</trkpt>
<trkpt lat="42.0323939" lon="2.9254694999999913">
<ele>70.95931696122521</ele>
<time>2026-08-28T07:42:12.139Z</time>
</trkpt>
<trkpt lat="42.0322704" lon="2.9255646999999954">
<ele>70.40974221758438</ele>
<time>2026-08-28T07:42:13.139Z</time>
</trkpt>
<trkpt lat="42.0321453" lon="2.9256334000000095">
<ele>71.1128950675739</ele>
<time>2026-08-28T07:42:14.139Z</time>
</trkpt>
<trkpt lat="42.0320039" lon="2.9256882999999902">
<ele>72.96511250809226</ele>
<time>2026-08-28T07:42:15.139Z</time>
</trkpt>
<trkpt lat="42.0318645" lon="2.925718499999988">
<ele>73.017118143005</ele>
<time>2026-08-28T07:42:16.139Z</time>
</trkpt>
<trkpt lat="42.0317245" lon="2.9257475">
<ele>72.07788834981159</ele>
<time>2026-08-28T07:42:17.139Z</time>
</trkpt>
<trkpt lat="42.0315847" lon="2.925778500000007">
<ele>72.59454246596765</ele>
<time>2026-08-28T07:42:18.139Z</time>
</trkpt>
<trkpt lat="42.0314443" lon="2.92581100000001">
<ele>72.55914550806578</ele>
<time>2026-08-28T07:42:19.139Z</time>
</trkpt>
<trkpt lat="42.0313027" lon="2.925844500000011">
<ele>73.86995348373448</ele>
<time>2026-08-28T07:42:20.139Z</time>
</trkpt>
<trkpt lat="42.0311599" lon="2.9258754999999894">
<ele>74.30939776883385</ele>
<time>2026-08-28T07:42:21.139Z</time>
</trkpt>
<trkpt lat="42.0310154" lon="2.9259077000000104">
<ele>75.14278641341478</ele>
<time>2026-08-28T07:42:22.139Z</time>
</trkpt>
<trkpt lat="42.0308708" lon="2.925941300000005">
<ele>74.33328362258963</ele>
<time>2026-08-28T07:42:23.138Z</time>
</trkpt>
<trkpt lat="42.0307268" lon="2.925976800000001">
<ele>73.86747168204074</ele>
<time>2026-08-28T07:42:24.139Z</time>
</trkpt>
<trkpt lat="42.0305809" lon="2.9260138999999867">
<ele>73.7011180219013</ele>
<time>2026-08-28T07:42:25.139Z</time>
</trkpt>
<trkpt lat="42.0304336" lon="2.926049000000006">
<ele>73.91592014232685</ele>
<time>2026-08-28T07:42:26.139Z</time>
</trkpt>
<trkpt lat="42.0302853" lon="2.926082000000008">
<ele>74.90538227852255</ele>
<time>2026-08-28T07:42:27.139Z</time>
</trkpt>
<trkpt lat="42.0301352" lon="2.926116900000011">
<ele>76.27217374740412</ele>
<time>2026-08-28T07:42:28.138Z</time>
</trkpt>
<trkpt lat="42.029985" lon="2.926151599999997">
<ele>75.30375974442087</ele>
<time>2026-08-28T07:42:29.138Z</time>
</trkpt>
<trkpt lat="42.0298361" lon="2.926186599999994">
<ele>75.27189356347876</ele>
<time>2026-08-28T07:42:30.139Z</time>
</trkpt>
<trkpt lat="42.0296862" lon="2.9262219000000016">
<ele>76.04242739986528</ele>
<time>2026-08-28T07:42:31.139Z</time>
</trkpt>
<trkpt lat="42.0295344" lon="2.9262541999999883">
<ele>74.86030320349958</ele>
<time>2026-08-28T07:42:32.139Z</time>
</trkpt>
<trkpt lat="42.0293822" lon="2.9262874000000068">
<ele>73.69197940604315</ele>
<time>2026-08-28T07:42:33.139Z</time>
</trkpt>
<trkpt lat="42.029229" lon="2.926321800000011">
<ele>74.0021020982562</ele>
<time>2026-08-28T07:42:34.139Z</time>
</trkpt>
<trkpt lat="42.0290737" lon="2.926355000000001">
<ele>74.06700613461246</ele>
<time>2026-08-28T07:42:35.139Z</time>
</trkpt>
<trkpt lat="42.0289223" lon="2.926388000000003">
<ele>75.19432038129602</ele>
<time>2026-08-28T07:42:36.139Z</time>
</trkpt>
<trkpt lat="42.0287716" lon="2.926422699999989">
<ele>75.2744807170827</ele>
<time>2026-08-28T07:42:37.139Z</time>
</trkpt>
<trkpt lat="42.0286243" lon="2.9264589">
<ele>74.93653890246468</ele>
<time>2026-08-28T07:42:38.138Z</time>
</trkpt>
<trkpt lat="42.0284819" lon="2.926492599999989">
<ele>75.15203408135697</ele>
<time>2026-08-28T07:42:39.139Z</time>
</trkpt>
<trkpt lat="42.028343" lon="2.926524999999998">
<ele>76.41827611778702</ele>
<time>2026-08-28T07:42:40.139Z</time>
</trkpt>
<trkpt lat="42.0282077" lon="2.9265537999999935">
<ele>77.26687096329218</ele>
<time>2026-08-28T07:42:41.138Z</time>
</trkpt>
<trkpt lat="42.028076" lon="2.926584399999996">
<ele>74.6453192928784</ele>
<time>2026-08-28T07:42:42.138Z</time>
</trkpt>
<trkpt lat="42.0279498" lon="2.9266179999999906">
<ele>74.20240643197391</ele>
<time>2026-08-28T07:42:43.139Z</time>
</trkpt>
<trkpt lat="42.0278288" lon="2.9266653999999903">
<ele>74.19602772018463</ele>
<time>2026-08-28T07:42:44.139Z</time>
</trkpt>
<trkpt lat="42.0277107" lon="2.926727800000009">
<ele>75.79434983353515</ele>
<time>2026-08-28T07:42:45.139Z</time>
</trkpt>
<trkpt lat="42.027596" lon="2.926808499999993">
<ele>72.08012487960174</ele>
<time>2026-08-28T07:42:46.139Z</time>
</trkpt>
<trkpt lat="42.0274894" lon="2.9269112000000064">
<ele>74.61443177863222</ele>
<time>2026-08-28T07:42:47.139Z</time>
</trkpt>
<trkpt lat="42.0273888" lon="2.9270316999999864">
<ele>73.5808789110623</ele>
<time>2026-08-28T07:42:48.138Z</time>
</trkpt>
<trkpt lat="42.0272903" lon="2.9271565999999893">
<ele>72.188721415845</ele>
<time>2026-08-28T07:42:49.139Z</time>
</trkpt>
<trkpt lat="42.027192" lon="2.927278400000006">
<ele>74.90186700652535</ele>
<time>2026-08-28T07:42:50.139Z</time>
</trkpt>
<trkpt lat="42.0270831" lon="2.927387699999997">
<ele>76.4821974532221</ele>
<time>2026-08-28T07:42:51.138Z</time>
</trkpt>
<trkpt lat="42.0269658" lon="2.9274824000000024">
<ele>76.66703683821183</ele>
<time>2026-08-28T07:42:52.139Z</time>
</trkpt>
<trkpt lat="42.0268438" lon="2.927562899999998">
<ele>77.82906639041124</ele>
<time>2026-08-28T07:42:53.138Z</time>
</trkpt>
<trkpt lat="42.0267217" lon="2.927647900000011">
<ele>80.06518913781558</ele>
<time>2026-08-28T07:42:54.139Z</time>
</trkpt>
<trkpt lat="42.0265969" lon="2.9277299000000028">
<ele>79.71241506651438</ele>
<time>2026-08-28T07:42:55.139Z</time>
</trkpt>
<trkpt lat="42.0264711" lon="2.927813200000003">
<ele>82.18875988357026</ele>
<time>2026-08-28T07:42:56.139Z</time>
</trkpt>
<trkpt lat="42.0263444" lon="2.9278951999999947">
<ele>82.98000027711149</ele>
<time>2026-08-28T07:42:57.139Z</time>
</trkpt>
<trkpt lat="42.0262178" lon="2.9279775999999913">
<ele>84.08556481851048</ele>
<time>2026-08-28T07:42:58.139Z</time>
</trkpt>
<trkpt lat="42.0260912" lon="2.9280604999999866">
<ele>82.38834697482257</ele>
<time>2026-08-28T07:42:59.138Z</time>
</trkpt>
<trkpt lat="42.0259656" lon="2.928143900000009">
<ele>84.35758433708453</ele>
<time>2026-08-28T07:43:00.139Z</time>
</trkpt>
<trkpt lat="42.0258394" lon="2.928227600000014">
<ele>85.21960989791017</ele>
<time>2026-08-28T07:43:01.139Z</time>
</trkpt>
<trkpt lat="42.025715" lon="2.928314699999987">
<ele>85.14729626690504</ele>
<time>2026-08-28T07:43:02.139Z</time>
</trkpt>
<trkpt lat="42.0255923" lon="2.928406499999994">
<ele>86.23600636214684</ele>
<time>2026-08-28T07:43:03.139Z</time>
</trkpt>
<trkpt lat="42.0254719" lon="2.9285051999999894">
<ele>87.61117247895805</ele>
<time>2026-08-28T07:43:04.139Z</time>
</trkpt>
<trkpt lat="42.0253551" lon="2.9286101000000144">
<ele>87.05039125951595</ele>
<time>2026-08-28T07:43:05.139Z</time>
</trkpt>
<trkpt lat="42.0252411" lon="2.9287233999999955">
<ele>87.73253936537954</ele>
<time>2026-08-28T07:43:06.139Z</time>
</trkpt>
<trkpt lat="42.025129" lon="2.9288430999999946">
<ele>88.21084482794028</ele>
<time>2026-08-28T07:43:07.139Z</time>
</trkpt>
<trkpt lat="42.025019" lon="2.9289713000000006">
<ele>88.99385754649818</ele>
<time>2026-08-28T07:43:08.139Z</time>
</trkpt>
<trkpt lat="42.0249094" lon="2.9290999000000113">
<ele>89.44318704098293</ele>
<time>2026-08-28T07:43:09.139Z</time>
</trkpt>
<trkpt lat="42.0247996" lon="2.9292301000000123">
<ele>90.25745962279089</ele>
<time>2026-08-28T07:43:10.139Z</time>
</trkpt>
<trkpt lat="42.0246897" lon="2.929359500000004">
<ele>90.1229906707287</ele>
<time>2026-08-28T07:43:11.139Z</time>
</trkpt>
<trkpt lat="42.0245781" lon="2.9294889999999896">
<ele>89.08007318441207</ele>
<time>2026-08-28T07:43:12.139Z</time>
</trkpt>
<trkpt lat="42.0244677" lon="2.929619599999995">
<ele>89.54644061840095</ele>
<time>2026-08-28T07:43:13.139Z</time>
</trkpt>
<trkpt lat="42.0243592" lon="2.9297486000000106">
<ele>89.01313105671244</ele>
<time>2026-08-28T07:43:14.139Z</time>
</trkpt>
<trkpt lat="42.0242534" lon="2.929877900000008">
<ele>88.65103378914218</ele>
<time>2026-08-28T07:43:15.139Z</time>
</trkpt>
<trkpt lat="42.0241527" lon="2.930013400000007">
<ele>87.85540249225122</ele>
<time>2026-08-28T07:43:16.139Z</time>
</trkpt>
<trkpt lat="42.0240595" lon="2.930156899999986">
<ele>86.75323976678496</ele>
<time>2026-08-28T07:43:17.139Z</time>
</trkpt>
<trkpt lat="42.0239768" lon="2.930310899999995">
<ele>86.09352578450418</ele>
<time>2026-08-28T07:43:18.139Z</time>
</trkpt>
<trkpt lat="42.0238995" lon="2.9304684999999893">
<ele>85.99522478051507</ele>
<time>2026-08-28T07:43:19.139Z</time>
</trkpt>
<trkpt lat="42.0238247" lon="2.930626999999987">
<ele>84.76906897327156</ele>
<time>2026-08-28T07:43:20.139Z</time>
</trkpt>
<trkpt lat="42.0237516" lon="2.930786299999994">
<ele>84.85784326424944</ele>
<time>2026-08-28T07:43:21.139Z</time>
</trkpt>
<trkpt lat="42.0236766" lon="2.9309484999999995">
<ele>84.43983322611415</ele>
<time>2026-08-28T07:43:22.138Z</time>
</trkpt>
<trkpt lat="42.0235976" lon="2.9311170999999945">
<ele>82.96595593838849</ele>
<time>2026-08-28T07:43:23.138Z</time>
</trkpt>
<trkpt lat="42.0235169" lon="2.931286199999988">
<ele>83.43668086765236</ele>
<time>2026-08-28T07:43:24.139Z</time>
</trkpt>
<trkpt lat="42.0234369" lon="2.9314575999999875">
<ele>82.95522773565881</ele>
<time>2026-08-28T07:43:25.139Z</time>
</trkpt>
<trkpt lat="42.0233554" lon="2.931624400000004">
<ele>82.02382900524191</ele>
<time>2026-08-28T07:43:26.138Z</time>
</trkpt>
<trkpt lat="42.0232685" lon="2.9317902999999887">
<ele>82.30392711140556</ele>
<time>2026-08-28T07:43:27.139Z</time>
</trkpt>
<trkpt lat="42.0231755" lon="2.931947600000001">
<ele>83.08551542209956</ele>
<time>2026-08-28T07:43:28.139Z</time>
</trkpt>
<trkpt lat="42.023078" lon="2.932096900000005">
<ele>81.67278865773089</ele>
<time>2026-08-28T07:43:29.139Z</time>
</trkpt>
<trkpt lat="42.0229804" lon="2.932243999999997">
<ele>80.80922782601343</ele>
<time>2026-08-28T07:43:30.139Z</time>
</trkpt>
<trkpt lat="42.0228816" lon="2.9323924999999917">
<ele>80.85579314201746</ele>
<time>2026-08-28T07:43:31.139Z</time>
</trkpt>
<trkpt lat="42.0227799" lon="2.932541200000003">
<ele>81.96031218350873</ele>
<time>2026-08-28T07:43:32.139Z</time>
</trkpt>
<trkpt lat="42.0226787" lon="2.9326878999999906">
<ele>82.00206046867935</ele>
<time>2026-08-28T07:43:33.139Z</time>
</trkpt>
<trkpt lat="42.0225796" lon="2.9328324999999893">
<ele>82.01260546701774</ele>
<time>2026-08-28T07:43:34.139Z</time>
</trkpt>
<trkpt lat="42.022482" lon="2.932976400000001">
<ele>82.28742969358359</ele>
<time>2026-08-28T07:43:35.139Z</time>
</trkpt>
<trkpt lat="42.0223873" lon="2.9331194000000096">
<ele>81.83460462873813</ele>
<time>2026-08-28T07:43:36.138Z</time>
</trkpt>
<trkpt lat="42.0222939" lon="2.933259300000003">
<ele>81.51701420154633</ele>
<time>2026-08-28T07:43:37.139Z</time>
</trkpt>
<trkpt lat="42.0221966" lon="2.93339610000001">
<ele>81.62424795143643</ele>
<time>2026-08-28T07:43:38.139Z</time>
</trkpt>
<trkpt lat="42.0220917" lon="2.933520499999986">
<ele>81.26836556309685</ele>
<time>2026-08-28T07:43:39.139Z</time>
</trkpt>
<trkpt lat="42.0219798" lon="2.933628800000008">
<ele>81.10747621959767</ele>
<time>2026-08-28T07:43:40.139Z</time>
</trkpt>
<trkpt lat="42.0218611" lon="2.9337275999999974">
<ele>80.25668289741861</ele>
<time>2026-08-28T07:43:41.139Z</time>
</trkpt>
<trkpt lat="42.0217457" lon="2.933814699999999">
<ele>79.93222052596798</ele>
<time>2026-08-28T07:43:42.139Z</time>
</trkpt>
<trkpt lat="42.0216332" lon="2.933902399999994">
<ele>80.1732690369199</ele>
<time>2026-08-28T07:43:43.139Z</time>
</trkpt>
<trkpt lat="42.0215228" lon="2.9339981999999907">
<ele>81.46246950623198</ele>
<time>2026-08-28T07:43:44.139Z</time>
</trkpt>
<trkpt lat="42.0214224" lon="2.9341092999999887">
<ele>81.14112579612708</ele>
<time>2026-08-28T07:43:45.139Z</time>
</trkpt>
<trkpt lat="42.0213381" lon="2.934238499999992">
<ele>81.33392378114554</ele>
<time>2026-08-28T07:43:46.139Z</time>
</trkpt>
<trkpt lat="42.0212701" lon="2.9343833000000075">
<ele>81.02389379819022</ele>
<time>2026-08-28T07:43:47.138Z</time>
</trkpt>
<trkpt lat="42.0212167" lon="2.934540499999997">
<ele>83.10347628433847</ele>
<time>2026-08-28T07:43:48.138Z</time>
</trkpt>
<trkpt lat="42.0211677" lon="2.934696900000006">
<ele>83.17407596751067</ele>
<time>2026-08-28T07:43:49.139Z</time>
</trkpt>
<trkpt lat="42.0211179" lon="2.9348506000000043">
<ele>83.28006058690423</ele>
<time>2026-08-28T07:43:50.139Z</time>
</trkpt>
<trkpt lat="42.0210578" lon="2.9349989000000107">
<ele>84.14146628712089</ele>
<time>2026-08-28T07:43:51.139Z</time>
</trkpt>
<trkpt lat="42.0209827" lon="2.935130799999996">
<ele>84.597643897296</ele>
<time>2026-08-28T07:43:52.139Z</time>
</trkpt>
<trkpt lat="42.0208923" lon="2.9352392000000123">
<ele>85.39387586428985</ele>
<time>2026-08-28T07:43:53.139Z</time>
</trkpt>
<trkpt lat="42.0207876" lon="2.9353184">
<ele>86.34722082010249</ele>
<time>2026-08-28T07:43:54.139Z</time>
</trkpt>
<trkpt lat="42.0206749" lon="2.9353728000000103">
<ele>85.70107084382246</ele>
<time>2026-08-28T07:43:55.138Z</time>
</trkpt>
<trkpt lat="42.0205619" lon="2.935412299999996">
<ele>85.94333164861168</ele>
<time>2026-08-28T07:43:56.139Z</time>
</trkpt>
<trkpt lat="42.0204527" lon="2.935455200000007">
<ele>85.97556700894755</ele>
<time>2026-08-28T07:43:57.139Z</time>
</trkpt>
<trkpt lat="42.0203431" lon="2.935514799999993">
<ele>85.76732561324667</ele>
<time>2026-08-28T07:43:58.138Z</time>
</trkpt>
<trkpt lat="42.0202387" lon="2.935588700000011">
<ele>85.0481896952966</ele>
<time>2026-08-28T07:43:59.138Z</time>
</trkpt>
<trkpt lat="42.0201403" lon="2.935682500000013">
<ele>85.50003123249574</ele>
<time>2026-08-28T07:44:00.139Z</time>
</trkpt>
<trkpt lat="42.0200473" lon="2.9357913999999994">
<ele>86.48096537761053</ele>
<time>2026-08-28T07:44:01.139Z</time>
</trkpt>
<trkpt lat="42.0199517" lon="2.935901699999988">
<ele>85.95343841662628</ele>
<time>2026-08-28T07:44:02.139Z</time>
</trkpt>
<trkpt lat="42.0198536" lon="2.936012500000004">
<ele>87.29292157312317</ele>
<time>2026-08-28T07:44:03.139Z</time>
</trkpt>
<trkpt lat="42.0197504" lon="2.936119600000012">
<ele>87.78787697615273</ele>
<time>2026-08-28T07:44:04.138Z</time>
</trkpt>
<trkpt lat="42.0196397" lon="2.936219599999987">
<ele>86.58935600040628</ele>
<time>2026-08-28T07:44:05.139Z</time>
</trkpt>
<trkpt lat="42.0195239" lon="2.9363065999999947">
<ele>88.26457494875424</ele>
<time>2026-08-28T07:44:06.139Z</time>
</trkpt>
<trkpt lat="42.0194073" lon="2.9363898999999947">
<ele>88.45767363327974</ele>
<time>2026-08-28T07:44:07.139Z</time>
</trkpt>
<trkpt lat="42.0192892" lon="2.9364729000000125">
<ele>88.11372620888241</ele>
<time>2026-08-28T07:44:08.139Z</time>
</trkpt>
<trkpt lat="42.0191742" lon="2.9365557000000138">
<ele>86.9901550691214</ele>
<time>2026-08-28T07:44:09.139Z</time>
</trkpt>
<trkpt lat="42.0190623" lon="2.936636700000008">
<ele>88.5512387784658</ele>
<time>2026-08-28T07:44:10.139Z</time>
</trkpt>
<trkpt lat="42.0189502" lon="2.9367163999999946">
<ele>88.28751428560074</ele>
<time>2026-08-28T07:44:11.139Z</time>
</trkpt>
<trkpt lat="42.0188409" lon="2.936795999999987">
<ele>87.91992394698602</ele>
<time>2026-08-28T07:44:12.139Z</time>
</trkpt>
<trkpt lat="42.0187394" lon="2.936877299999992">
<ele>88.49814406194876</ele>
<time>2026-08-28T07:44:13.139Z</time>
</trkpt>
<trkpt lat="42.018648" lon="2.9369708000000116">
<ele>88.67160131474718</ele>
<time>2026-08-28T07:44:14.139Z</time>
</trkpt>
<trkpt lat="42.0185641" lon="2.937079699999998">
<ele>89.04323741185354</ele>
<time>2026-08-28T07:44:15.139Z</time>
</trkpt>
<trkpt lat="42.0184874" lon="2.9372007999999994">
<ele>89.23658638674951</ele>
<time>2026-08-28T07:44:16.139Z</time>
</trkpt>
<trkpt lat="42.0184194" lon="2.9373349999999903">
<ele>89.18302575785943</ele>
<time>2026-08-28T07:44:17.138Z</time>
</trkpt>
<trkpt lat="42.0183545" lon="2.937475599999999">
<ele>90.32312138091798</ele>
<time>2026-08-28T07:44:18.139Z</time>
</trkpt>
<trkpt lat="42.0182889" lon="2.9376187999999956">
<ele>90.07544163101255</ele>
<time>2026-08-28T07:44:19.139Z</time>
</trkpt>
<trkpt lat="42.0182207" lon="2.937763700000005">
<ele>90.73058672345432</ele>
<time>2026-08-28T07:44:20.138Z</time>
</trkpt>
<trkpt lat="42.0181459" lon="2.937911200000002">
<ele>89.93621290781076</ele>
<time>2026-08-28T07:44:21.138Z</time>
</trkpt>
<trkpt lat="42.0180636" lon="2.938055999999989">
<ele>91.10263328202394</ele>
<time>2026-08-28T07:44:22.139Z</time>
</trkpt>
<trkpt lat="42.0179742" lon="2.9381965000000037">
<ele>91.22727585971305</ele>
<time>2026-08-28T07:44:23.139Z</time>
</trkpt>
<trkpt lat="42.0178809" lon="2.9383357000000103">
<ele>91.37950967732574</ele>
<time>2026-08-28T07:44:24.139Z</time>
</trkpt>
<trkpt lat="42.0177859" lon="2.938469900000001">
<ele>91.44308541412987</ele>
<time>2026-08-28T07:44:25.139Z</time>
</trkpt>
<trkpt lat="42.0176909" lon="2.9385990000000106">
<ele>90.87172062795462</ele>
<time>2026-08-28T07:44:26.139Z</time>
</trkpt>
<trkpt lat="42.0176016" lon="2.9387191000000144">
<ele>91.88481445250176</ele>
<time>2026-08-28T07:44:27.139Z</time>
</trkpt>
<trkpt lat="42.0175137" lon="2.9388342000000023">
<ele>91.40529210676439</ele>
<time>2026-08-28T07:44:28.138Z</time>
</trkpt>
<trkpt lat="42.0174231" lon="2.9389468999999906">
<ele>92.62530576101972</ele>
<time>2026-08-28T07:44:29.138Z</time>
</trkpt>
<trkpt lat="42.0173324" lon="2.939058100000011">
<ele>92.76818122412759</ele>
<time>2026-08-28T07:44:30.138Z</time>
</trkpt>
<trkpt lat="42.017241" lon="2.9391739000000143">
<ele>94.0220942545836</ele>
<time>2026-08-28T07:44:31.138Z</time>
</trkpt>
<trkpt lat="42.0171493" lon="2.9392919999999947">
<ele>94.3930680363334</ele>
<time>2026-08-28T07:44:32.139Z</time>
</trkpt>
<trkpt lat="42.0170561" lon="2.939409399999988">
<ele>94.99804570801737</ele>
<time>2026-08-28T07:44:33.139Z</time>
</trkpt>
<trkpt lat="42.0169577" lon="2.939523400000013">
<ele>96.20900237420186</ele>
<time>2026-08-28T07:44:34.139Z</time>
</trkpt>
<trkpt lat="42.0168552" lon="2.9396271999999897">
<ele>97.03828341848377</ele>
<time>2026-08-28T07:44:35.139Z</time>
</trkpt>
<trkpt lat="42.0167478" lon="2.9397227999999984">
<ele>97.36985146655756</ele>
<time>2026-08-28T07:44:36.139Z</time>
</trkpt>
<trkpt lat="42.0166347" lon="2.939802500000013">
<ele>96.49910953075612</ele>
<time>2026-08-28T07:44:37.139Z</time>
</trkpt>
<trkpt lat="42.016515" lon="2.9398644000000047">
<ele>98.0849775332642</ele>
<time>2026-08-28T07:44:38.139Z</time>
</trkpt>
<trkpt lat="42.016392" lon="2.9399080999999967">
<ele>99.14934852109198</ele>
<time>2026-08-28T07:44:39.139Z</time>
</trkpt>
<trkpt lat="42.0162678" lon="2.9399364999999875">
<ele>98.75294550845607</ele>
<time>2026-08-28T07:44:40.139Z</time>
</trkpt>
<trkpt lat="42.0161418" lon="2.939959200000004">
<ele>98.45719384412949</ele>
<time>2026-08-28T07:44:41.138Z</time>
</trkpt>
<trkpt lat="42.0160159" lon="2.9399793000000045">
<ele>100.87787317412243</ele>
<time>2026-08-28T07:44:42.139Z</time>
</trkpt>
<trkpt lat="42.0158876" lon="2.9399959000000138">
<ele>100.85815853680761</ele>
<time>2026-08-28T07:44:43.139Z</time>
</trkpt>
<trkpt lat="42.0157587" lon="2.940011499999997">
<ele>101.5317386147405</ele>
<time>2026-08-28T07:44:44.139Z</time>
</trkpt>
<trkpt lat="42.0156284" lon="2.940028699999999">
<ele>100.80366349079938</ele>
<time>2026-08-28T07:44:45.139Z</time>
</trkpt>
<trkpt lat="42.0154975" lon="2.940051799999992">
<ele>103.0911204247315</ele>
<time>2026-08-28T07:44:46.139Z</time>
</trkpt>
<trkpt lat="42.0153661" lon="2.9400778000000116">
<ele>103.87586807589382</ele>
<time>2026-08-28T07:44:47.138Z</time>
</trkpt>
<trkpt lat="42.0152355" lon="2.940107299999994">
<ele>100.5500268253828</ele>
<time>2026-08-28T07:44:48.138Z</time>
</trkpt>
<trkpt lat="42.0151058" lon="2.9401446999999905">
<ele>103.83095851222788</ele>
<time>2026-08-28T07:44:49.139Z</time>
</trkpt>
<trkpt lat="42.0149786" lon="2.940190599999994">
<ele>102.88841267961985</ele>
<time>2026-08-28T07:44:50.139Z</time>
</trkpt>
<trkpt lat="42.0148517" lon="2.940245500000003">
<ele>106.4051386217245</ele>
<time>2026-08-28T07:44:51.139Z</time>
</trkpt>
<trkpt lat="42.0147241" lon="2.940306700000008">
<ele>103.42989846805712</ele>
<time>2026-08-28T07:44:52.138Z</time>
</trkpt>
<trkpt lat="42.0145972" lon="2.9403627000000085">
<ele>105.25776342646643</ele>
<time>2026-08-28T07:44:53.138Z</time>
</trkpt>
<trkpt lat="42.014478" lon="2.940418599999987">
<ele>104.16788952656123</ele>
<time>2026-08-28T07:44:54.138Z</time>
</trkpt>
<trkpt lat="42.0143568" lon="2.9404719999999998">
<ele>105.83197140122658</ele>
<time>2026-08-28T07:44:55.138Z</time>
</trkpt>
<trkpt lat="42.0142367" lon="2.940523799999994">
<ele>106.94487474473702</ele>
<time>2026-08-28T07:44:56.139Z</time>
</trkpt>
<trkpt lat="42.0141154" lon="2.9405762000000095">
<ele>107.35226167121523</ele>
<time>2026-08-28T07:44:57.139Z</time>
</trkpt>
<trkpt lat="42.0139928" lon="2.9406270000000063">
<ele>107.47097047076056</ele>
<time>2026-08-28T07:44:58.139Z</time>
</trkpt>
<trkpt lat="42.0138686" lon="2.940678200000008">
<ele>106.46493547633658</ele>
<time>2026-08-28T07:44:59.139Z</time>
</trkpt>
<trkpt lat="42.013743" lon="2.940723399999996">
<ele>107.89361827746463</ele>
<time>2026-08-28T07:45:00.138Z</time>
</trkpt>
<trkpt lat="42.0136148" lon="2.940759700000001">
<ele>108.81638949158656</ele>
<time>2026-08-28T07:45:01.139Z</time>
</trkpt>
<trkpt lat="42.0134844" lon="2.940789599999988">
<ele>108.72500729217732</ele>
<time>2026-08-28T07:45:02.138Z</time>
</trkpt>
<trkpt lat="42.0133515" lon="2.9408129999999915">
<ele>106.97489742437463</ele>
<time>2026-08-28T07:45:03.139Z</time>
</trkpt>
<trkpt lat="42.0132191" lon="2.9408366000000115">
<ele>109.1486379654859</ele>
<time>2026-08-28T07:45:04.139Z</time>
</trkpt>
<trkpt lat="42.0130876" lon="2.940854999999999">
<ele>109.3341228355214</ele>
<time>2026-08-28T07:45:05.139Z</time>
</trkpt>
<trkpt lat="42.0129589" lon="2.940874600000001">
<ele>110.54077104579936</ele>
<time>2026-08-28T07:45:06.138Z</time>
</trkpt>
<trkpt lat="42.0128306" lon="2.9408937000000037">
<ele>110.55422226587821</ele>
<time>2026-08-28T07:45:07.139Z</time>
</trkpt>
<trkpt lat="42.0127052" lon="2.940913899999998">
<ele>111.37524294760406</ele>
<time>2026-08-28T07:45:08.138Z</time>
</trkpt>
<trkpt lat="42.0125805" lon="2.94093620000001">
<ele>109.5221070218316</ele>
<time>2026-08-28T07:45:09.139Z</time>
</trkpt>
<trkpt lat="42.012457" lon="2.940957499999996">
<ele>109.15947472652381</ele>
<time>2026-08-28T07:45:10.139Z</time>
</trkpt>
<trkpt lat="42.0123333" lon="2.940976799999987">
<ele>109.63624124138937</ele>
<time>2026-08-28T07:45:11.139Z</time>
</trkpt>
<trkpt lat="42.0122086" lon="2.940997100000004">
<ele>108.95939753628934</ele>
<time>2026-08-28T07:45:12.139Z</time>
</trkpt>
<trkpt lat="42.0120828" lon="2.9410164999999893">
<ele>109.36789452110142</ele>
<time>2026-08-28T07:45:13.139Z</time>
</trkpt>
<trkpt lat="42.0119576" lon="2.9410363000000075">
<ele>110.17391873802231</ele>
<time>2026-08-28T07:45:14.139Z</time>
</trkpt>
<trkpt lat="42.0118314" lon="2.9410557999999867">
<ele>110.60453694932626</ele>
<time>2026-08-28T07:45:15.139Z</time>
</trkpt>
<trkpt lat="42.0117046" lon="2.9410732000000053">
<ele>110.57291874072774</ele>
<time>2026-08-28T07:45:16.139Z</time>
</trkpt>
<trkpt lat="42.0115792" lon="2.941091400000005">
<ele>111.35585255011615</ele>
<time>2026-08-28T07:45:17.139Z</time>
</trkpt>
<trkpt lat="42.0114515" lon="2.9411104000000137">
<ele>112.17872452800741</ele>
<time>2026-08-28T07:45:18.139Z</time>
</trkpt>
<trkpt lat="42.0113237" lon="2.9411303999999916">
<ele>110.2855229188595</ele>
<time>2026-08-28T07:45:19.138Z</time>
</trkpt>
<trkpt lat="42.011194" lon="2.9411507000000086">
<ele>113.09123164993497</ele>
<time>2026-08-28T07:45:20.139Z</time>
</trkpt>
<trkpt lat="42.0110648" lon="2.9411686999999915">
<ele>113.21540490514516</ele>
<time>2026-08-28T07:45:21.139Z</time>
</trkpt>
<trkpt lat="42.0109327" lon="2.9411858999999936">
<ele>111.44228262628695</ele>
<time>2026-08-28T07:45:22.138Z</time>
</trkpt>
<trkpt lat="42.0107978" lon="2.9411997999999926">
<ele>114.11648515294281</ele>
<time>2026-08-28T07:45:23.139Z</time>
</trkpt>
<trkpt lat="42.0106619" lon="2.941212500000006">
<ele>113.8993511530789</ele>
<time>2026-08-28T07:45:24.139Z</time>
</trkpt>
<trkpt lat="42.0105248" lon="2.941223199999996">
<ele>114.86529154017279</ele>
<time>2026-08-28T07:45:25.139Z</time>
</trkpt>
<trkpt lat="42.0103863" lon="2.9412328999999886">
<ele>115.04984392834648</ele>
<time>2026-08-28T07:45:26.138Z</time>
</trkpt>
<trkpt lat="42.010252" lon="2.9412418999999943">
<ele>114.68082372656454</ele>
<time>2026-08-28T07:45:27.139Z</time>
</trkpt>
<trkpt lat="42.0101217" lon="2.941256199999998">
<ele>114.60473731808919</ele>
<time>2026-08-28T07:45:28.139Z</time>
</trkpt>
<trkpt lat="42.0099932" lon="2.9412778999999887">
<ele>113.91078386202781</ele>
<time>2026-08-28T07:45:29.139Z</time>
</trkpt>
<trkpt lat="42.0098655" lon="2.9413053000000104">
<ele>116.63722224471448</ele>
<time>2026-08-28T07:45:30.139Z</time>
</trkpt>
<trkpt lat="42.0097368" lon="2.941329499999995">
<ele>116.80987137488151</ele>
<time>2026-08-28T07:45:31.138Z</time>
</trkpt>
<trkpt lat="42.0096053" lon="2.9413616999999874">
<ele>117.04911233663609</ele>
<time>2026-08-28T07:45:32.138Z</time>
</trkpt>
<trkpt lat="42.0094727" lon="2.9413987000000077">
<ele>115.62759904878212</ele>
<time>2026-08-28T07:45:33.138Z</time>
</trkpt>
<trkpt lat="42.0093389" lon="2.941436100000004">
<ele>117.39762417549552</ele>
<time>2026-08-28T07:45:34.139Z</time>
</trkpt>
<trkpt lat="42.0092038" lon="2.9414745999999923">
<ele>118.04178297754291</ele>
<time>2026-08-28T07:45:35.138Z</time>
</trkpt>
<trkpt lat="42.0090677" lon="2.9415136000000075">
<ele>117.81862477613144</ele>
<time>2026-08-28T07:45:36.138Z</time>
</trkpt>
<trkpt lat="42.0089361" lon="2.9415480000000116">
<ele>116.2630947618408</ele>
<time>2026-08-28T07:45:37.139Z</time>
</trkpt>
<trkpt lat="42.0088075" lon="2.941582899999986">
<ele>115.00370125082605</ele>
<time>2026-08-28T07:45:38.139Z</time>
</trkpt>
<trkpt lat="42.0086802" lon="2.9416182999999876">
<ele>114.67217743299173</ele>
<time>2026-08-28T07:45:39.139Z</time>
</trkpt>
<trkpt lat="42.0085515" lon="2.9416545999999926">
<ele>117.33567405752063</ele>
<time>2026-08-28T07:45:40.139Z</time>
</trkpt>
<trkpt lat="42.0084198" lon="2.941689200000013">
<ele>118.1722391061584</ele>
<time>2026-08-28T07:45:41.139Z</time>
</trkpt>
<trkpt lat="42.0082874" lon="2.941726100000011">
<ele>118.83756480328462</ele>
<time>2026-08-28T07:45:42.139Z</time>
</trkpt>
<trkpt lat="42.0081604" lon="2.9417583999999977">
<ele>118.17859208759835</ele>
<time>2026-08-28T07:45:43.139Z</time>
</trkpt>
<trkpt lat="42.0080323" lon="2.9417934999999886">
<ele>118.48264332982674</ele>
<time>2026-08-28T07:45:44.138Z</time>
</trkpt>
<trkpt lat="42.0079048" lon="2.941825599999987">
<ele>119.2965817296079</ele>
<time>2026-08-28T07:45:45.138Z</time>
</trkpt>
<trkpt lat="42.0077749" lon="2.9418601000000137">
<ele>120.73486666342426</ele>
<time>2026-08-28T07:45:46.139Z</time>
</trkpt>
<trkpt lat="42.0076439" lon="2.9418919000000017">
<ele>118.32125499091714</ele>
<time>2026-08-28T07:45:47.138Z</time>
</trkpt>
<trkpt lat="42.0075125" lon="2.9419250999999917">
<ele>120.80245766492665</ele>
<time>2026-08-28T07:45:48.139Z</time>
</trkpt>
<trkpt lat="42.0073793" lon="2.9419598000000065">
<ele>119.2634161806262</ele>
<time>2026-08-28T07:45:49.138Z</time>
</trkpt>
<trkpt lat="42.0072454" lon="2.941993999999994">
<ele>119.77134177995089</ele>
<time>2026-08-28T07:45:50.139Z</time>
</trkpt>
<trkpt lat="42.0071085" lon="2.94202709999999">
<ele>121.96405416729027</ele>
<time>2026-08-28T07:45:51.139Z</time>
</trkpt>
<trkpt lat="42.0069693" lon="2.9420670000000086">
<ele>123.01928381573737</ele>
<time>2026-08-28T07:45:52.139Z</time>
</trkpt>
<trkpt lat="42.0068313" lon="2.9421073999999976">
<ele>124.13876196721347</ele>
<time>2026-08-28T07:45:53.139Z</time>
</trkpt>
<trkpt lat="42.0066933" lon="2.9421596999999906">
<ele>122.6930523550215</ele>
<time>2026-08-28T07:45:54.139Z</time>
</trkpt>
<trkpt lat="42.0065556" lon="2.942221999999987">
<ele>122.62626251070925</ele>
<time>2026-08-28T07:45:55.139Z</time>
</trkpt>
<trkpt lat="42.0064173" lon="2.9422935999999993">
<ele>122.84269285407883</ele>
<time>2026-08-28T07:45:56.139Z</time>
</trkpt>
<trkpt lat="42.0062787" lon="2.9423715000000072">
<ele>122.4243379366643</ele>
<time>2026-08-28T07:45:57.138Z</time>
</trkpt>
<trkpt lat="42.0061403" lon="2.942454199999986">
<ele>122.31737277722614</ele>
<time>2026-08-28T07:45:58.138Z</time>
</trkpt>
<trkpt lat="42.0060029" lon="2.9425463000000036">
<ele>122.05556175154207</ele>
<time>2026-08-28T07:45:59.139Z</time>
</trkpt>
<trkpt lat="42.0058653" lon="2.9426354999999944">
<ele>122.57722776409338</ele>
<time>2026-08-28T07:46:00.139Z</time>
</trkpt>
<trkpt lat="42.0057268" lon="2.9427233000000115">
<ele>124.56830525645388</ele>
<time>2026-08-28T07:46:01.139Z</time>
</trkpt>
<trkpt lat="42.0055888" lon="2.9428139999999985">
<ele>124.4285681020589</ele>
<time>2026-08-28T07:46:02.139Z</time>
</trkpt>
<trkpt lat="42.0054517" lon="2.9429063999999983">
<ele>123.19509408421033</ele>
<time>2026-08-28T07:46:03.139Z</time>
</trkpt>
<trkpt lat="42.0053167" lon="2.9429998999999896">
<ele>123.56537060032517</ele>
<time>2026-08-28T07:46:04.139Z</time>
</trkpt>
<trkpt lat="42.0051832" lon="2.9430941999999902">
<ele>124.8391693991005</ele>
<time>2026-08-28T07:46:05.139Z</time>
</trkpt>
<trkpt lat="42.0050512" lon="2.9431934000000126">
<ele>126.08786334590545</ele>
<time>2026-08-28T07:46:06.139Z</time>
</trkpt>
<trkpt lat="42.0049219" lon="2.9432932999999935">
<ele>127.28893436484324</ele>
<time>2026-08-28T07:46:07.139Z</time>
</trkpt>
<trkpt lat="42.0047958" lon="2.94339260000001">
<ele>127.13521588427001</ele>
<time>2026-08-28T07:46:08.139Z</time>
</trkpt>
<trkpt lat="42.0046767" lon="2.943486799999988">
<ele>125.08389485319223</ele>
<time>2026-08-28T07:46:09.139Z</time>
</trkpt>
<trkpt lat="42.0045655" lon="2.943577800000014">
<ele>124.8879879947785</ele>
<time>2026-08-28T07:46:10.139Z</time>
</trkpt>
<trkpt lat="42.0044578" lon="2.943666400000012">
<ele>126.06793930801358</ele>
<time>2026-08-28T07:46:11.139Z</time>
</trkpt>
<trkpt lat="42.0043518" lon="2.9437542000000008">
<ele>126.67414283728228</ele>
<time>2026-08-28T07:46:12.138Z</time>
</trkpt>
<trkpt lat="42.004247" lon="2.943837699999989">
<ele>127.88381421933475</ele>
<time>2026-08-28T07:46:13.139Z</time>
</trkpt>
<trkpt lat="42.0041419" lon="2.943924100000004">
<ele>129.92987473265916</ele>
<time>2026-08-28T07:46:14.139Z</time>
</trkpt>
<trkpt lat="42.0040367" lon="2.944010999999989">
<ele>131.1078760213047</ele>
<time>2026-08-28T07:46:15.139Z</time>
</trkpt>
<trkpt lat="42.0039311" lon="2.9440965999999946">
<ele>131.0437232034948</ele>
<time>2026-08-28T07:46:16.138Z</time>
</trkpt>
<trkpt lat="42.0038258" lon="2.944182500000011">
<ele>132.65033722065115</ele>
<time>2026-08-28T07:46:17.139Z</time>
</trkpt>
<trkpt lat="42.0037207" lon="2.9442678000000058">
<ele>132.24794090423694</ele>
<time>2026-08-28T07:46:18.139Z</time>
</trkpt>
<trkpt lat="42.0036238" lon="2.944347399999998">
<ele>132.73637477361402</ele>
<time>2026-08-28T07:46:19.138Z</time>
</trkpt>
<trkpt lat="42.0035246" lon="2.9444269999999904">
<ele>134.2653724533086</ele>
<time>2026-08-28T07:46:20.139Z</time>
</trkpt>
<trkpt lat="42.0034216" lon="2.9445077999999967">
<ele>135.429830436459</ele>
<time>2026-08-28T07:46:21.139Z</time>
</trkpt>
<trkpt lat="42.0033186" lon="2.9445894000000123">
<ele>134.80253696339008</ele>
<time>2026-08-28T07:46:22.138Z</time>
</trkpt>
<trkpt lat="42.0032142" lon="2.9446728000000064">
<ele>134.99601183940678</ele>
<time>2026-08-28T07:46:23.138Z</time>
</trkpt>
<trkpt lat="42.0031075" lon="2.9447562000000005">
<ele>135.3953438233014</ele>
<time>2026-08-28T07:46:24.138Z</time>
</trkpt>
<trkpt lat="42.0029983" lon="2.9448362999999915">
<ele>136.48596712966037</ele>
<time>2026-08-28T07:46:25.139Z</time>
</trkpt>
<trkpt lat="42.0028859" lon="2.9449124999999867">
<ele>136.77682506890045</ele>
<time>2026-08-28T07:46:26.139Z</time>
</trkpt>
<trkpt lat="42.0027701" lon="2.944982699999997">
<ele>136.97904036648416</ele>
<time>2026-08-28T07:46:27.138Z</time>
</trkpt>
<trkpt lat="42.0026485" lon="2.945050699999996">
<ele>138.09065159421021</ele>
<time>2026-08-28T07:46:28.139Z</time>
</trkpt>
<trkpt lat="42.0025271" lon="2.9451170000000104">
<ele>138.54113207572692</ele>
<time>2026-08-28T07:46:29.139Z</time>
</trkpt>
<trkpt lat="42.0023971" lon="2.9451779000000045">
<ele>138.90087239915127</ele>
<time>2026-08-28T07:46:30.139Z</time>
</trkpt>
<trkpt lat="42.0022722" lon="2.9452454999999986">
<ele>139.40780520091008</ele>
<time>2026-08-28T07:46:31.139Z</time>
</trkpt>
<trkpt lat="42.0021472" lon="2.945317700000004">
<ele>139.93861265909993</ele>
<time>2026-08-28T07:46:32.139Z</time>
</trkpt>
<trkpt lat="42.0020242" lon="2.945401000000004">
<ele>140.9431954968751</ele>
<time>2026-08-28T07:46:33.139Z</time>
</trkpt>
<trkpt lat="42.0019011" lon="2.9454905000000053">
<ele>140.9945198096342</ele>
<time>2026-08-28T07:46:34.139Z</time>
</trkpt>
<trkpt lat="42.0017768" lon="2.945581699999991">
<ele>141.5968137411457</ele>
<time>2026-08-28T07:46:35.139Z</time>
</trkpt>
<trkpt lat="42.0016567" lon="2.9456830999999966">
<ele>141.75956061665008</ele>
<time>2026-08-28T07:46:36.139Z</time>
</trkpt>
<trkpt lat="42.0015393" lon="2.945787899999999">
<ele>141.6215558596401</ele>
<time>2026-08-28T07:46:37.138Z</time>
</trkpt>
<trkpt lat="42.0014247" lon="2.9459017000000074">
<ele>140.64972972192692</ele>
<time>2026-08-28T07:46:38.139Z</time>
</trkpt>
<trkpt lat="42.0013091" lon="2.9460210000000018">
<ele>141.01296237055215</ele>
<time>2026-08-28T07:46:39.139Z</time>
</trkpt>
<trkpt lat="42.0011988" lon="2.9461458000000107">
<ele>140.78121154223695</ele>
<time>2026-08-28T07:46:40.139Z</time>
</trkpt>
<trkpt lat="42.0010908" lon="2.946274499999987">
<ele>140.08492962246478</ele>
<time>2026-08-28T07:46:41.139Z</time>
</trkpt>
<trkpt lat="42.0009819" lon="2.9464010000000087">
<ele>139.5249205167786</ele>
<time>2026-08-28T07:46:42.139Z</time>
</trkpt>
<trkpt lat="42.0008721" lon="2.9465238999999883">
<ele>139.79810529741656</ele>
<time>2026-08-28T07:46:43.138Z</time>
</trkpt>
<trkpt lat="42.000768" lon="2.946644099999986">
<ele>140.49881036220117</ele>
<time>2026-08-28T07:46:44.138Z</time>
</trkpt>
<trkpt lat="42.0006653" lon="2.9467644000000064">
<ele>141.25259546769564</ele>
<time>2026-08-28T07:46:45.139Z</time>
</trkpt>
<trkpt lat="42.0005629" lon="2.9468840000000114">
<ele>141.0534770481923</ele>
<time>2026-08-28T07:46:46.139Z</time>
</trkpt>
<trkpt lat="42.0004653" lon="2.947001599999993">
<ele>139.6364103297733</ele>
<time>2026-08-28T07:46:47.139Z</time>
</trkpt>
<trkpt lat="42.0003649" lon="2.947117100000014">
<ele>139.41283486004556</ele>
<time>2026-08-28T07:46:48.139Z</time>
</trkpt>
<trkpt lat="42.0002655" lon="2.947236900000007">
<ele>139.59794455198943</ele>
<time>2026-08-28T07:46:49.139Z</time>
</trkpt>
<trkpt lat="42.0001638" lon="2.9473601999999914">
<ele>139.08521447895598</ele>
<time>2026-08-28T07:46:50.139Z</time>
</trkpt>
<trkpt lat="42.0000625" lon="2.947474800000009">
<ele>139.03922089699847</ele>
<time>2026-08-28T07:46:51.139Z</time>
</trkpt>
<trkpt lat="41.9999615" lon="2.9475821999999994">
<ele>139.2001295477127</ele>
<time>2026-08-28T07:46:52.139Z</time>
</trkpt>
<trkpt lat="41.999859" lon="2.9476775999999916">
<ele>140.95169764691877</ele>
<time>2026-08-28T07:46:53.139Z</time>
</trkpt>
<trkpt lat="41.9997441" lon="2.9477572000000123">
<ele>140.75292702062936</ele>
<time>2026-08-28T07:46:54.138Z</time>
</trkpt>
<trkpt lat="41.9996196" lon="2.947823900000003">
<ele>141.40153183223092</ele>
<time>2026-08-28T07:46:55.139Z</time>
</trkpt>
<trkpt lat="41.9994921" lon="2.947884799999997">
<ele>140.7362413950259</ele>
<time>2026-08-28T07:46:56.139Z</time>
</trkpt>
<trkpt lat="41.9993629" lon="2.947940399999993">
<ele>140.3019264880668</ele>
<time>2026-08-28T07:46:57.139Z</time>
</trkpt>
<trkpt lat="41.9992324" lon="2.9479949999999917">
<ele>141.07549732732738</ele>
<time>2026-08-28T07:46:58.139Z</time>
</trkpt>
<trkpt lat="41.9991026" lon="2.9480547">
<ele>139.52455612263122</ele>
<time>2026-08-28T07:46:59.139Z</time>
</trkpt>
<trkpt lat="41.9989738" lon="2.9481156999999882">
<ele>141.18909922023997</ele>
<time>2026-08-28T07:47:00.138Z</time>
</trkpt>
<trkpt lat="41.9988472" lon="2.948169100000001">
<ele>140.769022582165</ele>
<time>2026-08-28T07:47:01.139Z</time>
</trkpt>
<trkpt lat="41.9987239" lon="2.94822529999999">
<ele>140.5384813616361</ele>
<time>2026-08-28T07:47:02.139Z</time>
</trkpt>
<trkpt lat="41.9986022" lon="2.9482851999999866">
<ele>141.7729428348128</ele>
<time>2026-08-28T07:47:03.139Z</time>
</trkpt>
<trkpt lat="41.9984846" lon="2.948360199999996">
<ele>141.2701565531261</ele>
<time>2026-08-28T07:47:04.138Z</time>
</trkpt>
<trkpt lat="41.998371" lon="2.9484481000000073">
<ele>141.66080180666998</ele>
<time>2026-08-28T07:47:05.139Z</time>
</trkpt>
<trkpt lat="41.9982621" lon="2.948548499999987">
<ele>143.1617354282404</ele>
<time>2026-08-28T07:47:06.139Z</time>
</trkpt>
<trkpt lat="41.9981575" lon="2.9486617000000024">
<ele>142.42230105676884</ele>
<time>2026-08-28T07:47:07.138Z</time>
</trkpt>
<trkpt lat="41.9980593" lon="2.9487800999999934">
<ele>141.93909041998222</ele>
<time>2026-08-28T07:47:08.139Z</time>
</trkpt>
<trkpt lat="41.9979667" lon="2.9489084999999875">
<ele>141.92752839601127</ele>
<time>2026-08-28T07:47:09.139Z</time>
</trkpt>
<trkpt lat="41.9978753" lon="2.949035699999996">
<ele>142.20587158172015</ele>
<time>2026-08-28T07:47:10.139Z</time>
</trkpt>
<trkpt lat="41.9977823" lon="2.9491625">
<ele>142.5939263407537</ele>
<time>2026-08-28T07:47:11.139Z</time>
</trkpt>
<trkpt lat="41.9976832" lon="2.949285400000008">
<ele>142.1194747749139</ele>
<time>2026-08-28T07:47:12.139Z</time>
</trkpt>
<trkpt lat="41.9975792" lon="2.9494046000000083">
<ele>142.67739794556041</ele>
<time>2026-08-28T07:47:13.139Z</time>
</trkpt>
<trkpt lat="41.9974674" lon="2.949519699999996">
<ele>143.0190227751046</ele>
<time>2026-08-28T07:47:14.138Z</time>
</trkpt>
<trkpt lat="41.9973502" lon="2.9496264999999937">
<ele>142.88735228308755</ele>
<time>2026-08-28T07:47:15.138Z</time>
</trkpt>
<trkpt lat="41.9972262" lon="2.9497240999999974">
<ele>142.07672777668</ele>
<time>2026-08-28T07:47:16.139Z</time>
</trkpt>
<trkpt lat="41.9971007" lon="2.949816800000008">
<ele>142.56313644011746</ele>
<time>2026-08-28T07:47:17.139Z</time>
</trkpt>
<trkpt lat="41.9969717" lon="2.9498992999999984">
<ele>144.65816811894345</ele>
<time>2026-08-28T07:47:18.139Z</time>
</trkpt>
<trkpt lat="41.9968374" lon="2.9499707999999885">
<ele>143.28665172364074</ele>
<time>2026-08-28T07:47:19.139Z</time>
</trkpt>
<trkpt lat="41.9967003" lon="2.950033999999988">
<ele>143.3876208437961</ele>
<time>2026-08-28T07:47:20.139Z</time>
</trkpt>
<trkpt lat="41.9965612" lon="2.9500904999999875">
<ele>143.21540867016435</ele>
<time>2026-08-28T07:47:21.139Z</time>
</trkpt>
<trkpt lat="41.99642" lon="2.9501365000000135">
<ele>142.8979260342021</ele>
<time>2026-08-28T07:47:22.138Z</time>
</trkpt>
<trkpt lat="41.9962812" lon="2.9501702000000023">
<ele>143.52336687529876</ele>
<time>2026-08-28T07:47:23.139Z</time>
</trkpt>
<trkpt lat="41.9961464" lon="2.9501960999999994">
<ele>144.58823430292165</ele>
<time>2026-08-28T07:47:24.138Z</time>
</trkpt>
<trkpt lat="41.9960134" lon="2.950222300000007">
<ele>145.6915174280951</ele>
<time>2026-08-28T07:47:25.139Z</time>
</trkpt>
<trkpt lat="41.9958805" lon="2.9502620000000093">
<ele>145.64435317850362</ele>
<time>2026-08-28T07:47:26.138Z</time>
</trkpt>
<trkpt lat="41.9957499" lon="2.9503178999999875">
<ele>146.93696456008377</ele>
<time>2026-08-28T07:47:27.139Z</time>
</trkpt>
<trkpt lat="41.9956232" lon="2.9503877999999872">
<ele>146.4111440581351</ele>
<time>2026-08-28T07:47:28.138Z</time>
</trkpt>
<trkpt lat="41.9954974" lon="2.9504617999999994">
<ele>146.21039620478413</ele>
<time>2026-08-28T07:47:29.139Z</time>
</trkpt>
<trkpt lat="41.9953726" lon="2.9505426999999997">
<ele>146.68228552926686</ele>
<time>2026-08-28T07:47:30.139Z</time>
</trkpt>
<trkpt lat="41.9952463" lon="2.950624900000008">
<ele>146.71501451725896</ele>
<time>2026-08-28T07:47:31.139Z</time>
</trkpt>
<trkpt lat="41.9951207" lon="2.9507084999999904">
<ele>148.72788704635076</ele>
<time>2026-08-28T07:47:32.139Z</time>
</trkpt>
<trkpt lat="41.994997" lon="2.950792699999994">
<ele>147.24800384626593</ele>
<time>2026-08-28T07:47:33.139Z</time>
</trkpt>
<trkpt lat="41.9948728" lon="2.950878700000004">
<ele>148.24017221318326</ele>
<time>2026-08-28T07:47:34.139Z</time>
</trkpt>
<trkpt lat="41.9947484" lon="2.950967800000001">
<ele>148.8589425896515</ele>
<time>2026-08-28T07:47:35.139Z</time>
</trkpt>
<trkpt lat="41.9946214" lon="2.951057100000014">
<ele>149.83763045561247</ele>
<time>2026-08-28T07:47:36.139Z</time>
</trkpt>
<trkpt lat="41.9944895" lon="2.95113520000001">
<ele>148.65323297815578</ele>
<time>2026-08-28T07:47:37.139Z</time>
</trkpt>
<trkpt lat="41.9943547" lon="2.9512043999999946">
<ele>148.5479459026632</ele>
<time>2026-08-28T07:47:38.138Z</time>
</trkpt>
<trkpt lat="41.9942203" lon="2.951265500000005">
<ele>147.72211974402708</ele>
<time>2026-08-28T07:47:39.138Z</time>
</trkpt>
<trkpt lat="41.9940843" lon="2.951320900000013">
<ele>147.2716373903558</ele>
<time>2026-08-28T07:47:40.139Z</time>
</trkpt>
<trkpt lat="41.9939477" lon="2.9513756000000058">
<ele>147.2880808696786</ele>
<time>2026-08-28T07:47:41.139Z</time>
</trkpt>
<trkpt lat="41.9938117" lon="2.9514317000000005">
<ele>148.3281435820111</ele>
<time>2026-08-28T07:47:42.139Z</time>
</trkpt>
<trkpt lat="41.9936759" lon="2.951484999999991">
<ele>148.93284041054997</ele>
<time>2026-08-28T07:47:43.139Z</time>
</trkpt>
<trkpt lat="41.9935394" lon="2.9515355000000056">
<ele>149.24945371743382</ele>
<time>2026-08-28T07:47:44.139Z</time>
</trkpt>
<trkpt lat="41.9934093" lon="2.9515843000000075">
<ele>150.20459972651818</ele>
<time>2026-08-28T07:47:45.139Z</time>
</trkpt>
<trkpt lat="41.9932819" lon="2.9516313000000025">
<ele>151.08396818601253</ele>
<time>2026-08-28T07:47:46.138Z</time>
</trkpt>
<trkpt lat="41.9931517" lon="2.9516796999999997">
<ele>149.48091334762694</ele>
<time>2026-08-28T07:47:47.139Z</time>
</trkpt>
<trkpt lat="41.9930218" lon="2.9517320999999868">
<ele>150.03441804432435</ele>
<time>2026-08-28T07:47:48.139Z</time>
</trkpt>
<trkpt lat="41.9928923" lon="2.951791799999995">
<ele>149.83732318862843</ele>
<time>2026-08-28T07:47:49.138Z</time>
</trkpt>
<trkpt lat="41.9927643" lon="2.9518625000000043">
<ele>150.40890126249795</ele>
<time>2026-08-28T07:47:50.139Z</time>
</trkpt>
<trkpt lat="41.9926371" lon="2.9519353999999964">
<ele>150.34517345092357</ele>
<time>2026-08-28T07:47:51.138Z</time>
</trkpt>
<trkpt lat="41.9925095" lon="2.952009099999998">
<ele>150.84971802107</ele>
<time>2026-08-28T07:47:52.139Z</time>
</trkpt>
<trkpt lat="41.9923823" lon="2.9520823000000007">
<ele>152.00829762350628</ele>
<time>2026-08-28T07:47:53.139Z</time>
</trkpt>
<trkpt lat="41.9922657" lon="2.952149800000001">
<ele>153.10280523825352</ele>
<time>2026-08-28T07:47:54.139Z</time>
</trkpt>
<trkpt lat="41.9921494" lon="2.952217399999995">
<ele>153.94008164923375</ele>
<time>2026-08-28T07:47:55.139Z</time>
</trkpt>
<trkpt lat="41.9920331" lon="2.9522851000000117">
<ele>155.27256157869124</ele>
<time>2026-08-28T07:47:56.139Z</time>
</trkpt>
<trkpt lat="41.9919187" lon="2.952349499999997">
<ele>155.28167095036292</ele>
<time>2026-08-28T07:47:57.139Z</time>
</trkpt>
<trkpt lat="41.9918046" lon="2.952414800000014">
<ele>155.3245944983976</ele>
<time>2026-08-28T07:47:58.139Z</time>
</trkpt>
<trkpt lat="41.9916909" lon="2.952480400000013">
<ele>154.3656341836943</ele>
<time>2026-08-28T07:47:59.139Z</time>
</trkpt>
<trkpt lat="41.9915767" lon="2.9525467999999933">
<ele>155.92878760299084</ele>
<time>2026-08-28T07:48:00.139Z</time>
</trkpt>
<trkpt lat="41.991463" lon="2.9526116000000115">
<ele>157.6382928338127</ele>
<time>2026-08-28T07:48:01.139Z</time>
</trkpt>
<trkpt lat="41.9913479" lon="2.952676099999991">
<ele>157.9632953107456</ele>
<time>2026-08-28T07:48:02.138Z</time>
</trkpt>
<trkpt lat="41.9912333" lon="2.9527423000000113">
<ele>158.40931672884426</ele>
<time>2026-08-28T07:48:03.138Z</time>
</trkpt>
<trkpt lat="41.9911172" lon="2.952808400000009">
<ele>158.19229123241195</ele>
<time>2026-08-28T07:48:04.138Z</time>
</trkpt>
<trkpt lat="41.991" lon="2.952875799999987">
<ele>158.18671340723046</ele>
<time>2026-08-28T07:48:05.138Z</time>
</trkpt>
<trkpt lat="41.9908821" lon="2.952943800000014">
<ele>157.39533878196926</ele>
<time>2026-08-28T07:48:06.139Z</time>
</trkpt>
<trkpt lat="41.990763" lon="2.9530115999999964">
<ele>157.93405961686057</ele>
<time>2026-08-28T07:48:07.139Z</time>
</trkpt>
<trkpt lat="41.9906438" lon="2.953081400000002">
<ele>159.69808513258596</ele>
<time>2026-08-28T07:48:08.139Z</time>
</trkpt>
<trkpt lat="41.9905244" lon="2.953150700000009">
<ele>159.7128824386202</ele>
<time>2026-08-28T07:48:09.139Z</time>
</trkpt>
<trkpt lat="41.9904038" lon="2.9532204999999863">
<ele>160.14732682903582</ele>
<time>2026-08-28T07:48:10.139Z</time>
</trkpt>
<trkpt lat="41.9902832" lon="2.953290199999998">
<ele>160.41872044005768</ele>
<time>2026-08-28T07:48:11.139Z</time>
</trkpt>
<trkpt lat="41.9901614" lon="2.9533614999999998">
<ele>160.64261044657735</ele>
<time>2026-08-28T07:48:12.139Z</time>
</trkpt>
<trkpt lat="41.9900383" lon="2.9534315999999876">
<ele>160.6810871398229</ele>
<time>2026-08-28T07:48:13.139Z</time>
</trkpt>
<trkpt lat="41.9899162" lon="2.9535014999999873">
<ele>161.21620851717284</ele>
<time>2026-08-28T07:48:14.138Z</time>
</trkpt>
<trkpt lat="41.9897949" lon="2.953571299999993">
<ele>159.98833170845685</ele>
<time>2026-08-28T07:48:15.139Z</time>
</trkpt>
<trkpt lat="41.9896764" lon="2.953639299999992">
<ele>160.4829708823679</ele>
<time>2026-08-28T07:48:16.139Z</time>
</trkpt>
<trkpt lat="41.9895597" lon="2.9537052000000017">
<ele>160.83663186854042</ele>
<time>2026-08-28T07:48:17.139Z</time>
</trkpt>
<trkpt lat="41.9894499" lon="2.953764199999995">
<ele>160.56597158389752</ele>
<time>2026-08-28T07:48:18.139Z</time>
</trkpt>
<trkpt lat="41.9893425" lon="2.9538220000000024">
<ele>160.4522555241989</ele>
<time>2026-08-28T07:48:19.139Z</time>
</trkpt>
<trkpt lat="41.9892364" lon="2.953880199999986">
<ele>161.293259508594</ele>
<time>2026-08-28T07:48:20.139Z</time>
</trkpt>
<trkpt lat="41.9891393" lon="2.953933599999999">
<ele>161.2105350254163</ele>
<time>2026-08-28T07:48:21.139Z</time>
</trkpt>
<trkpt lat="41.9890562" lon="2.9539796999999908">
<ele>160.93268015996503</ele>
<time>2026-08-28T07:48:22.139Z</time>
</trkpt>
<trkpt lat="41.988975" lon="2.954013300000014">
<ele>161.9246310442591</ele>
<time>2026-08-28T07:48:23.139Z</time>
</trkpt>
<trkpt lat="41.9889022" lon="2.954025300000012">
<ele>162.76105854717375</ele>
<time>2026-08-28T07:48:24.138Z</time>
</trkpt>
<trkpt lat="41.9888269" lon="2.954017399999998">
<ele>163.66131553051633</ele>
<time>2026-08-28T07:48:25.139Z</time>
</trkpt>
<trkpt lat="41.9887482" lon="2.9539816999999857">
<ele>163.81841266940344</ele>
<time>2026-08-28T07:48:26.138Z</time>
</trkpt>
<trkpt lat="41.9886784" lon="2.953920100000005">
<ele>163.5864415720306</ele>
<time>2026-08-28T07:48:27.139Z</time>
</trkpt>
<trkpt lat="41.9886063" lon="2.9538443000000143">
<ele>164.04030991399324</ele>
<time>2026-08-28T07:48:28.139Z</time>
</trkpt>
<trkpt lat="41.9885299" lon="2.9537620000000118">
<ele>165.21375540669644</ele>
<time>2026-08-28T07:48:29.138Z</time>
</trkpt>
<trkpt lat="41.988449" lon="2.953670399999993">
<ele>164.31974904596382</ele>
<time>2026-08-28T07:48:30.139Z</time>
</trkpt>
<trkpt lat="41.9883694" lon="2.9535775999999885">
<ele>164.93328502305758</ele>
<time>2026-08-28T07:48:31.139Z</time>
</trkpt>
<trkpt lat="41.988292" lon="2.953484400000008">
<ele>164.4689039453934</ele>
<time>2026-08-28T07:48:32.138Z</time>
</trkpt>
<trkpt lat="41.9882115" lon="2.953385400000002">
<ele>164.18436248351824</ele>
<time>2026-08-28T07:48:33.139Z</time>
</trkpt>
<trkpt lat="41.9881311" lon="2.9532805000000053">
<ele>164.93737643250137</ele>
<time>2026-08-28T07:48:34.139Z</time>
</trkpt>
<trkpt lat="41.9880538" lon="2.953170099999994">
<ele>165.23076325561152</ele>
<time>2026-08-28T07:48:35.139Z</time>
</trkpt>
<trkpt lat="41.9879795" lon="2.953057099999995">
<ele>167.0588350782895</ele>
<time>2026-08-28T07:48:36.139Z</time>
</trkpt>
<trkpt lat="41.9879098" lon="2.9529407999999933">
<ele>166.09795809534924</ele>
<time>2026-08-28T07:48:37.139Z</time>
</trkpt>
<trkpt lat="41.9878441" lon="2.9528225999999904">
<ele>165.02595336026351</ele>
<time>2026-08-28T07:48:38.139Z</time>
</trkpt>
<trkpt lat="41.9877814" lon="2.9527022000000045">
<ele>165.1202848152476</ele>
<time>2026-08-28T07:48:39.139Z</time>
</trkpt>
<trkpt lat="41.9877155" lon="2.9525812999999914">
<ele>163.59343233017145</ele>
<time>2026-08-28T07:48:40.138Z</time>
</trkpt>
<trkpt lat="41.9876486" lon="2.9524542000000054">
<ele>162.20725683837586</ele>
<time>2026-08-28T07:48:41.139Z</time>
</trkpt>
<trkpt lat="41.9875851" lon="2.9523242999999866">
<ele>160.8806925868639</ele>
<time>2026-08-28T07:48:42.138Z</time>
</trkpt>
<trkpt lat="41.9875323" lon="2.9521879000000126">
<ele>161.5034931879015</ele>
<time>2026-08-28T07:48:43.139Z</time>
</trkpt>
<trkpt lat="41.9874946" lon="2.952041400000013">
<ele>160.81600312650644</ele>
<time>2026-08-28T07:48:44.139Z</time>
</trkpt>
<trkpt lat="41.9874739" lon="2.951886000000002">
<ele>160.317901809803</ele>
<time>2026-08-28T07:48:45.138Z</time>
</trkpt>
<trkpt lat="41.9874644" lon="2.951730199999986">
<ele>160.58658990470275</ele>
<time>2026-08-28T07:48:46.139Z</time>
</trkpt>
<trkpt lat="41.9874564" lon="2.951568199999997">
<ele>161.56911207025246</ele>
<time>2026-08-28T07:48:47.139Z</time>
</trkpt>
<trkpt lat="41.9874475" lon="2.951405499999993">
<ele>161.64018754881465</ele>
<time>2026-08-28T07:48:48.138Z</time>
</trkpt>
<trkpt lat="41.9874348" lon="2.9512440999999967">
<ele>161.25334189040368</ele>
<time>2026-08-28T07:48:49.138Z</time>
</trkpt>
<trkpt lat="41.9874225" lon="2.951085799999987">
<ele>161.5568584211979</ele>
<time>2026-08-28T07:48:50.139Z</time>
</trkpt>
<trkpt lat="41.9874083" lon="2.9509280999999987">
<ele>161.1602733148885</ele>
<time>2026-08-28T07:48:51.138Z</time>
</trkpt>
<trkpt lat="41.9873902" lon="2.95077169999999">
<ele>160.4860961082082</ele>
<time>2026-08-28T07:48:52.139Z</time>
</trkpt>
<trkpt lat="41.987372" lon="2.950618300000002">
<ele>160.03310300847727</ele>
<time>2026-08-28T07:48:53.139Z</time>
</trkpt>
<trkpt lat="41.9873524" lon="2.9504637999999943">
<ele>160.21094834174013</ele>
<time>2026-08-28T07:48:54.139Z</time>
</trkpt>
<trkpt lat="41.987331" lon="2.950314899999995">
<ele>161.56645917767443</ele>
<time>2026-08-28T07:48:55.139Z</time>
</trkpt>
<trkpt lat="41.9873049" lon="2.950176599999992">
<ele>161.37065578555024</ele>
<time>2026-08-28T07:48:56.139Z</time>
</trkpt>
<trkpt lat="41.9872681" lon="2.950047799999993">
<ele>160.10602668573566</ele>
<time>2026-08-28T07:48:57.139Z</time>
</trkpt>
<trkpt lat="41.9872135" lon="2.949935299999993">
<ele>160.67894170879967</ele>
<time>2026-08-28T07:48:58.139Z</time>
</trkpt>
<trkpt lat="41.9871364" lon="2.9498370999999963">
<ele>159.2186985623547</ele>
<time>2026-08-28T07:48:59.139Z</time>
</trkpt>
<trkpt lat="41.9870446" lon="2.949757799999986">
<ele>159.36555944303308</ele>
<time>2026-08-28T07:49:00.139Z</time>
</trkpt>
<trkpt lat="41.9869423" lon="2.9496876999999984">
<ele>159.21440869001722</ele>
<time>2026-08-28T07:49:01.139Z</time>
</trkpt>
<trkpt lat="41.9868448" lon="2.9496248000000094">
<ele>159.31597044925576</ele>
<time>2026-08-28T07:49:02.139Z</time>
</trkpt>
<trkpt lat="41.9867488" lon="2.9495643999999857">
<ele>159.48771603102773</ele>
<time>2026-08-28T07:49:03.138Z</time>
</trkpt>
<trkpt lat="41.9866523" lon="2.949519500000008">
<ele>159.63706720011484</ele>
<time>2026-08-28T07:49:04.139Z</time>
</trkpt>
<trkpt lat="41.9865464" lon="2.9494933999999944">
<ele>159.71170610602596</ele>
<time>2026-08-28T07:49:05.139Z</time>
</trkpt>
<trkpt lat="41.9864348" lon="2.9494760999999983">
<ele>159.15161389527566</ele>
<time>2026-08-28T07:49:06.139Z</time>
</trkpt>
<trkpt lat="41.9863219" lon="2.949461299999996">
<ele>159.3039022066695</ele>
<time>2026-08-28T07:49:07.139Z</time>
</trkpt>
<trkpt lat="41.9862135" lon="2.94942309999999">
<ele>159.52559741231642</ele>
<time>2026-08-28T07:49:08.138Z</time>
</trkpt>
<trkpt lat="41.9861161" lon="2.9493472999999994">
<ele>160.41862424920967</ele>
<time>2026-08-28T07:49:09.139Z</time>
</trkpt>
<trkpt lat="41.986021" lon="2.9492645999999922">
<ele>160.99608581016017</ele>
<time>2026-08-28T07:49:10.139Z</time>
</trkpt>
<trkpt lat="41.9859274" lon="2.9491741999999874">
<ele>161.09508219929987</ele>
<time>2026-08-28T07:49:11.139Z</time>
</trkpt>
<trkpt lat="41.9858344" lon="2.949075499999992">
<ele>161.6782916801345</ele>
<time>2026-08-28T07:49:12.138Z</time>
</trkpt>
<trkpt lat="41.9857415" lon="2.9489743999999973">
<ele>161.8984202392064</ele>
<time>2026-08-28T07:49:13.138Z</time>
</trkpt>
<trkpt lat="41.9856473" lon="2.9488727000000097">
<ele>162.6488072198691</ele>
<time>2026-08-28T07:49:14.139Z</time>
</trkpt>
<trkpt lat="41.9855508" lon="2.948773100000011">
<ele>163.43037196771309</ele>
<time>2026-08-28T07:49:15.139Z</time>
</trkpt>
<trkpt lat="41.9854596" lon="2.9486769000000095">
<ele>163.97663529805257</ele>
<time>2026-08-28T07:49:16.138Z</time>
</trkpt>
<trkpt lat="41.9853698" lon="2.9485845000000097">
<ele>164.28968415405055</ele>
<time>2026-08-28T07:49:17.139Z</time>
</trkpt>
<trkpt lat="41.9852802" lon="2.9484932000000015">
<ele>164.24405509493712</ele>
<time>2026-08-28T07:49:18.139Z</time>
</trkpt>
<trkpt lat="41.9851872" lon="2.9484052999999903">
<ele>165.99604210893176</ele>
<time>2026-08-28T07:49:19.138Z</time>
</trkpt>
<trkpt lat="41.98509" lon="2.9483260000000087">
<ele>167.13526535471564</ele>
<time>2026-08-28T07:49:20.139Z</time>
</trkpt>
<trkpt lat="41.9849868" lon="2.948259799999988">
<ele>166.937305864019</ele>
<time>2026-08-28T07:49:21.139Z</time>
</trkpt>
<trkpt lat="41.9848803" lon="2.9482031999999947">
<ele>167.34150420060968</ele>
<time>2026-08-28T07:49:22.138Z</time>
</trkpt>
<trkpt lat="41.9847708" lon="2.948152599999986">
<ele>167.58997407840272</ele>
<time>2026-08-28T07:49:23.139Z</time>
</trkpt>
<trkpt lat="41.9846607" lon="2.9480978999999934">
<ele>167.7086241259891</ele>
<time>2026-08-28T07:49:24.139Z</time>
</trkpt>
<trkpt lat="41.9845548" lon="2.9480369999999994">
<ele>169.46701622912286</ele>
<time>2026-08-28T07:49:25.139Z</time>
</trkpt>
<trkpt lat="41.9844464" lon="2.947971499999994">
<ele>169.83219008474515</ele>
<time>2026-08-28T07:49:26.139Z</time>
</trkpt>
<trkpt lat="41.9843407" lon="2.9479049999999916">
<ele>169.6469524467774</ele>
<time>2026-08-28T07:49:27.138Z</time>
</trkpt>
<trkpt lat="41.9842356" lon="2.9478387000000055">
<ele>169.5524068721782</ele>
<time>2026-08-28T07:49:28.139Z</time>
</trkpt>
<trkpt lat="41.9841296" lon="2.9477725000000135">
<ele>170.1040533524554</ele>
<time>2026-08-28T07:49:29.138Z</time>
</trkpt>
<trkpt lat="41.9840225" lon="2.9477091999999914">
<ele>170.7024223803092</ele>
<time>2026-08-28T07:49:30.138Z</time>
</trkpt>
<trkpt lat="41.9839133" lon="2.9476524000000097">
<ele>171.26111410943588</ele>
<time>2026-08-28T07:49:31.139Z</time>
</trkpt>
<trkpt lat="41.9838097" lon="2.947591200000005">
<ele>170.75608969990788</ele>
<time>2026-08-28T07:49:32.139Z</time>
</trkpt>
<trkpt lat="41.983716" lon="2.94752969999999">
<ele>170.6265813048532</ele>
<time>2026-08-28T07:49:33.139Z</time>
</trkpt>
<trkpt lat="41.9836314" lon="2.9474606999999935">
<ele>172.60292976827427</ele>
<time>2026-08-28T07:49:34.139Z</time>
</trkpt>
<trkpt lat="41.983559" lon="2.9473805000000084">
<ele>172.48260887212413</ele>
<time>2026-08-28T07:49:35.139Z</time>
</trkpt>
<trkpt lat="41.9835" lon="2.9472800000000063">
<ele>170.05244832220774</ele>
<time>2026-08-28T07:49:36.138Z</time>
</trkpt>
<trkpt lat="41.9834565" lon="2.9471598000000085">
<ele>173.45149658170047</ele>
<time>2026-08-28T07:49:37.138Z</time>
</trkpt>
<trkpt lat="41.9834295" lon="2.9470297000000016">
<ele>175.90059450253102</ele>
<time>2026-08-28T07:49:38.139Z</time>
</trkpt>
<trkpt lat="41.9834151" lon="2.9468966000000023">
<ele>177.42074314791972</ele>
<time>2026-08-28T07:49:39.139Z</time>
</trkpt>
<trkpt lat="41.9834162" lon="2.94676290000001">
<ele>178.25950131708146</ele>
<time>2026-08-28T07:49:40.139Z</time>
</trkpt>
<trkpt lat="41.9834211" lon="2.946632700000009">
<ele>180.37064969552426</ele>
<time>2026-08-28T07:49:41.138Z</time>
</trkpt>
<trkpt lat="41.9834319" lon="2.9465042999999866">
<ele>183.25513154766924</ele>
<time>2026-08-28T07:49:42.138Z</time>
</trkpt>
<trkpt lat="41.9834475" lon="2.94637130000001">
<ele>184.14875069377553</ele>
<time>2026-08-28T07:49:43.139Z</time>
</trkpt>
<trkpt lat="41.9834585" lon="2.946251100000012">
<ele>185.41722869830082</ele>
<time>2026-08-28T07:49:44.139Z</time>
</trkpt>
<trkpt lat="41.9834681" lon="2.946130299999993">
<ele>185.00802338797254</ele>
<time>2026-08-28T07:49:45.139Z</time>
</trkpt>
<trkpt lat="41.9834664" lon="2.9460111999999867">
<ele>187.32903794284098</ele>
<time>2026-08-28T07:49:46.139Z</time>
</trkpt>
<trkpt lat="41.9834461" lon="2.945896299999987">
<ele>187.20477102600796</ele>
<time>2026-08-28T07:49:47.139Z</time>
</trkpt>
<trkpt lat="41.9834027" lon="2.9457861999999864">
<ele>185.77809411641968</ele>
<time>2026-08-28T07:49:48.138Z</time>
</trkpt>
<trkpt lat="41.98335" lon="2.9456771000000117">
<ele>189.7291342488308</ele>
<time>2026-08-28T07:49:49.139Z</time>
</trkpt>
<trkpt lat="41.9832802" lon="2.945572300000009">
<ele>189.66671331048857</ele>
<time>2026-08-28T07:49:50.138Z</time>
</trkpt>
<trkpt lat="41.9831961" lon="2.945482300000009">
<ele>189.97210453924745</ele>
<time>2026-08-28T07:49:51.139Z</time>
</trkpt>
<trkpt lat="41.9830997" lon="2.945401299999986">
<ele>191.59206672793417</ele>
<time>2026-08-28T07:49:52.139Z</time>
</trkpt>
<trkpt lat="41.9829961" lon="2.9453267000000096">
<ele>191.93811883912835</ele>
<time>2026-08-28T07:49:53.139Z</time>
</trkpt>
<trkpt lat="41.9828926" lon="2.9452487000000076">
<ele>192.63275547885573</ele>
<time>2026-08-28T07:49:54.139Z</time>
</trkpt>
<trkpt lat="41.9827944" lon="2.9451684">
<ele>192.82846925021343</ele>
<time>2026-08-28T07:49:55.139Z</time>
</trkpt>
<trkpt lat="41.9827015" lon="2.9450941999999998">
<ele>192.6746772014798</ele>
<time>2026-08-28T07:49:56.139Z</time>
</trkpt>
<trkpt lat="41.9826207" lon="2.9450213000000076">
<ele>193.36831764974104</ele>
<time>2026-08-28T07:49:57.139Z</time>
</trkpt>
<trkpt lat="41.9825558" lon="2.9449414000000047">
<ele>193.95306835869314</ele>
<time>2026-08-28T07:49:58.139Z</time>
</trkpt>
<trkpt lat="41.9825128" lon="2.944842499999993">
<ele>194.11429577038805</ele>
<time>2026-08-28T07:49:59.138Z</time>
</trkpt>
<trkpt lat="41.9824979" lon="2.944730099999987">
<ele>195.38071886346694</ele>
<time>2026-08-28T07:50:00.139Z</time>
</trkpt>
<trkpt lat="41.9825045" lon="2.9446106999999984">
<ele>196.35372821066719</ele>
<time>2026-08-28T07:50:01.139Z</time>
</trkpt>
<trkpt lat="41.9825204" lon="2.944492099999991">
<ele>197.10908945183024</ele>
<time>2026-08-28T07:50:02.139Z</time>
</trkpt>
<trkpt lat="41.9825397" lon="2.944370499999991">
<ele>199.82370007927062</ele>
<time>2026-08-28T07:50:03.139Z</time>
</trkpt>
<trkpt lat="41.9825613" lon="2.9442420999999968">
<ele>202.4701422581673</ele>
<time>2026-08-28T07:50:04.139Z</time>
</trkpt>
<trkpt lat="41.9825848" lon="2.944109999999995">
<ele>200.88377490941832</ele>
<time>2026-08-28T07:50:05.138Z</time>
</trkpt>
<trkpt lat="41.9826102" lon="2.9439801000000045">
<ele>202.62912844699966</ele>
<time>2026-08-28T07:50:06.139Z</time>
</trkpt>
<trkpt lat="41.9826362" lon="2.9438465000000065">
<ele>203.15921775454456</ele>
<time>2026-08-28T07:50:07.138Z</time>
</trkpt>
<trkpt lat="41.9826607" lon="2.9437083999999913">
<ele>205.18702349588702</ele>
<time>2026-08-28T07:50:08.139Z</time>
</trkpt>
<trkpt lat="41.9826853" lon="2.9435675000000003">
<ele>205.71080252239008</ele>
<time>2026-08-28T07:50:09.139Z</time>
</trkpt>
<trkpt lat="41.9827081" lon="2.9434267999999975">
<ele>207.18608786286393</ele>
<time>2026-08-28T07:50:10.138Z</time>
</trkpt>
<trkpt lat="41.9827271" lon="2.9432826999999975">
<ele>208.22992078977788</ele>
<time>2026-08-28T07:50:11.138Z</time>
</trkpt>
<trkpt lat="41.9827415" lon="2.9431412000000137">
<ele>209.44202623760324</ele>
<time>2026-08-28T07:50:12.139Z</time>
</trkpt>
<trkpt lat="41.9827457" lon="2.9429998999999896">
<ele>209.53795217075657</ele>
<time>2026-08-28T07:50:13.139Z</time>
</trkpt>
<trkpt lat="41.9827445" lon="2.9428695000000005">
<ele>210.37968149188055</ele>
<time>2026-08-28T07:50:14.139Z</time>
</trkpt>
<trkpt lat="41.9827465" lon="2.942754100000002">
<ele>210.6663732814447</ele>
<time>2026-08-28T07:50:15.139Z</time>
</trkpt>
<trkpt lat="41.9827594" lon="2.9426460999999904">
<ele>211.41952311657764</ele>
<time>2026-08-28T07:50:16.139Z</time>
</trkpt>
<trkpt lat="41.9827954" lon="2.9425478">
<ele>212.3853300554355</ele>
<time>2026-08-28T07:50:17.139Z</time>
</trkpt>
<trkpt lat="41.9828523" lon="2.942467399999998">
<ele>213.3903715305389</ele>
<time>2026-08-28T07:50:18.139Z</time>
</trkpt>
<trkpt lat="41.9829218" lon="2.942399899999998">
<ele>213.77281445039222</ele>
<time>2026-08-28T07:50:19.139Z</time>
</trkpt>
<trkpt lat="41.9829799" lon="2.942316599999998">
<ele>214.95662631205587</ele>
<time>2026-08-28T07:50:20.139Z</time>
</trkpt>
<trkpt lat="41.9830398" lon="2.942231399999997">
<ele>216.2746504142955</ele>
<time>2026-08-28T07:50:21.139Z</time>
</trkpt>
<trkpt lat="41.9830994" lon="2.942147299999988">
<ele>217.606150790442</ele>
<time>2026-08-28T07:50:22.138Z</time>
</trkpt>
<trkpt lat="41.9831501" lon="2.9420603000000085">
<ele>218.74337878584262</ele>
<time>2026-08-28T07:50:23.139Z</time>
</trkpt>
<trkpt lat="41.9831898" lon="2.941977900000012">
<ele>218.40611722151</ele>
<time>2026-08-28T07:50:24.139Z</time>
</trkpt>
<trkpt lat="41.9832214" lon="2.9419090000000097">
<ele>218.8416772865481</ele>
<time>2026-08-28T07:50:25.139Z</time>
</trkpt>
<trkpt lat="41.9832459" lon="2.9418469000000016">
<ele>219.27027225324986</ele>
<time>2026-08-28T07:50:26.139Z</time>
</trkpt>
<trkpt lat="41.9832753" lon="2.9417548000000124">
<ele>219.92674018423475</ele>
<time>2026-08-28T07:50:28.139Z</time>
</trkpt>
<trkpt lat="41.9832934" lon="2.9416751999999917">
<ele>220.60475904652517</ele>
<time>2026-08-28T07:50:30.139Z</time>
</trkpt>
<trkpt lat="41.9832998" lon="2.9415751999999884">
<ele>222.78941318563213</ele>
<time>2026-08-28T07:50:32.139Z</time>
</trkpt>
<trkpt lat="41.9832987" lon="2.94149809999999">
<ele>223.77302939653958</ele>
<time>2026-08-28T07:50:33.139Z</time>
</trkpt>
<trkpt lat="41.983295" lon="2.941422200000005">
<ele>224.3708170208522</ele>
<time>2026-08-28T07:50:34.139Z</time>
</trkpt>
<trkpt lat="41.9832882" lon="2.941340999999994">
<ele>225.31053006842438</ele>
<time>2026-08-28T07:50:35.139Z</time>
</trkpt>
<trkpt lat="41.9832599" lon="2.941245699999996">
<ele>226.84914927271814</ele>
<time>2026-08-28T07:50:36.139Z</time>
</trkpt>
<trkpt lat="41.9832078" lon="2.9411476999999877">
<ele>228.6135851381746</ele>
<time>2026-08-28T07:50:37.139Z</time>
</trkpt>
<trkpt lat="41.9831373" lon="2.941044500000004">
<ele>229.21045754269306</ele>
<time>2026-08-28T07:50:38.139Z</time>
</trkpt>
<trkpt lat="41.9830695" lon="2.9409537999999884">
<ele>230.6578859847941</ele>
<time>2026-08-28T07:50:39.138Z</time>
</trkpt>
<trkpt lat="41.9829976" lon="2.9408670999999913">
<ele>230.51595865895672</ele>
<time>2026-08-28T07:50:40.139Z</time>
</trkpt>
<trkpt lat="41.9829268" lon="2.940794799999992">
<ele>231.69895105156274</ele>
<time>2026-08-28T07:50:41.139Z</time>
</trkpt>
<trkpt lat="41.9828352" lon="2.940721499999995">
<ele>232.685314834661</ele>
<time>2026-08-28T07:50:42.139Z</time>
</trkpt>
<trkpt lat="41.9827327" lon="2.940665800000005">
<ele>233.92291122946898</ele>
<time>2026-08-28T07:50:43.139Z</time>
</trkpt>
<trkpt lat="41.9826263" lon="2.940624299999996">
<ele>234.15690390466654</ele>
<time>2026-08-28T07:50:44.139Z</time>
</trkpt>
<trkpt lat="41.9825149" lon="2.9405887000000064">
<ele>233.67086906535394</ele>
<time>2026-08-28T07:50:45.139Z</time>
</trkpt>
<trkpt lat="41.9824034" lon="2.9405556000000104">
<ele>233.94445576344117</ele>
<time>2026-08-28T07:50:46.139Z</time>
</trkpt>
<trkpt lat="41.982292" lon="2.9405212000000063">
<ele>234.30522638705372</ele>
<time>2026-08-28T07:50:47.139Z</time>
</trkpt>
<trkpt lat="41.982179" lon="2.9404914000000133">
<ele>234.55041132912615</ele>
<time>2026-08-28T07:50:48.138Z</time>
</trkpt>
<trkpt lat="41.982068" lon="2.940460900000005">
<ele>235.09377754206855</ele>
<time>2026-08-28T07:50:49.139Z</time>
</trkpt>
<trkpt lat="41.9819619" lon="2.9404295999999874">
<ele>235.3052432930749</ele>
<time>2026-08-28T07:50:50.138Z</time>
</trkpt>
<trkpt lat="41.9818635" lon="2.9403991000000076">
<ele>236.20818028979937</ele>
<time>2026-08-28T07:50:51.138Z</time>
</trkpt>
<trkpt lat="41.9817696" lon="2.940365600000007">
<ele>234.39048533278262</ele>
<time>2026-08-28T07:50:52.139Z</time>
</trkpt>
<trkpt lat="41.9816837" lon="2.940325900000005">
<ele>234.2286801653971</ele>
<time>2026-08-28T07:50:53.139Z</time>
</trkpt>
<trkpt lat="41.9816065" lon="2.9402746000000093">
<ele>233.74440976761477</ele>
<time>2026-08-28T07:50:54.139Z</time>
</trkpt>
<trkpt lat="41.9815442" lon="2.940204599999987">
<ele>234.25642415179573</ele>
<time>2026-08-28T07:50:55.139Z</time>
</trkpt>
<trkpt lat="41.9814988" lon="2.940115600000013">
<ele>234.35336192622174</ele>
<time>2026-08-28T07:50:56.139Z</time>
</trkpt>
<trkpt lat="41.9814793" lon="2.940016700000001">
<ele>235.3987780955934</ele>
<time>2026-08-28T07:50:57.138Z</time>
</trkpt>
<trkpt lat="41.9814908" lon="2.9399059000000136">
<ele>235.85535363211204</ele>
<time>2026-08-28T07:50:58.139Z</time>
</trkpt>
<trkpt lat="41.9815343" lon="2.939811600000013">
<ele>236.9524845275567</ele>
<time>2026-08-28T07:50:59.139Z</time>
</trkpt>
<trkpt lat="41.9816014" lon="2.939749699999993">
<ele>238.3101901955591</ele>
<time>2026-08-28T07:51:00.139Z</time>
</trkpt>
<trkpt lat="41.981679" lon="2.939697999999993">
<ele>239.61751726989502</ele>
<time>2026-08-28T07:51:01.139Z</time>
</trkpt>
<trkpt lat="41.9817552" lon="2.9396403000000078">
<ele>240.21756311174605</ele>
<time>2026-08-28T07:51:02.139Z</time>
</trkpt>
<trkpt lat="41.9818285" lon="2.939572300000009">
<ele>241.5436705247685</ele>
<time>2026-08-28T07:51:03.138Z</time>
</trkpt>
<trkpt lat="41.9818931" lon="2.9394875000000127">
<ele>241.68476971639726</ele>
<time>2026-08-28T07:51:04.139Z</time>
</trkpt>
<trkpt lat="41.9819469" lon="2.939388100000002">
<ele>242.45510240792626</ele>
<time>2026-08-28T07:51:05.139Z</time>
</trkpt>
<trkpt lat="41.9819854" lon="2.9392738999999892">
<ele>243.66715636519803</ele>
<time>2026-08-28T07:51:06.139Z</time>
</trkpt>
<trkpt lat="41.9820029" lon="2.939150100000006">
<ele>242.69980014643426</ele>
<time>2026-08-28T07:51:07.138Z</time>
</trkpt>
<trkpt lat="41.9820023" lon="2.9390219999999943">
<ele>245.2315606613536</ele>
<time>2026-08-28T07:51:08.139Z</time>
</trkpt>
<trkpt lat="41.9819843" lon="2.9388892000000055">
<ele>243.60260675087727</ele>
<time>2026-08-28T07:51:09.138Z</time>
</trkpt>
<trkpt lat="41.9819487" lon="2.9387714000000074">
<ele>243.90372763261263</ele>
<time>2026-08-28T07:51:10.139Z</time>
</trkpt>
<trkpt lat="41.9819126" lon="2.9386360000000025">
<ele>244.29737574956658</ele>
<time>2026-08-28T07:51:11.138Z</time>
</trkpt>
<trkpt lat="41.9818805" lon="2.938502099999994">
<ele>245.36551594587544</ele>
<time>2026-08-28T07:51:12.138Z</time>
</trkpt>
<trkpt lat="41.9818477" lon="2.9383609999999862">
<ele>245.61757664675474</ele>
<time>2026-08-28T07:51:13.138Z</time>
</trkpt>
<trkpt lat="41.9818157" lon="2.9382189000000096">
<ele>247.02449488268707</ele>
<time>2026-08-28T07:51:14.138Z</time>
</trkpt>
<trkpt lat="41.9817933" lon="2.9380719000000113">
<ele>247.60696306996425</ele>
<time>2026-08-28T07:51:15.139Z</time>
</trkpt>
<trkpt lat="41.9817778" lon="2.937917199999987">
<ele>248.79151569458043</ele>
<time>2026-08-28T07:51:16.139Z</time>
</trkpt>
<trkpt lat="41.9817738" lon="2.937767000000008">
<ele>249.78454064927038</ele>
<time>2026-08-28T07:51:17.139Z</time>
</trkpt>
<trkpt lat="41.9817804" lon="2.9376168999999948">
<ele>250.79624016773818</ele>
<time>2026-08-28T07:51:18.139Z</time>
</trkpt>
<trkpt lat="41.9817877" lon="2.937467099999992">
<ele>251.43425114613467</ele>
<time>2026-08-28T07:51:19.139Z</time>
</trkpt>
<trkpt lat="41.981791" lon="2.937318900000008">
<ele>252.6850611498486</ele>
<time>2026-08-28T07:51:20.139Z</time>
</trkpt>
<trkpt lat="41.9817946" lon="2.937164700000011">
<ele>253.37577722471644</ele>
<time>2026-08-28T07:51:21.139Z</time>
</trkpt>
<trkpt lat="41.9817992" lon="2.937019200000009">
<ele>254.07255433229685</ele>
<time>2026-08-28T07:51:22.139Z</time>
</trkpt>
<trkpt lat="41.9818016" lon="2.9368715999999893">
<ele>253.85858383560105</ele>
<time>2026-08-28T07:51:23.139Z</time>
</trkpt>
<trkpt lat="41.9818179" lon="2.936734599999994">
<ele>255.07638134359942</ele>
<time>2026-08-28T07:51:24.139Z</time>
</trkpt>
<trkpt lat="41.9818469" lon="2.936604100000011">
<ele>256.6113464092576</ele>
<time>2026-08-28T07:51:25.139Z</time>
</trkpt>
<trkpt lat="41.9818912" lon="2.936483399999986">
<ele>258.6319530782168</ele>
<time>2026-08-28T07:51:26.139Z</time>
</trkpt>
<trkpt lat="41.9819443" lon="2.9363705000000095">
<ele>258.00708370811407</ele>
<time>2026-08-28T07:51:27.139Z</time>
</trkpt>
<trkpt lat="41.9819954" lon="2.9362576999999987">
<ele>257.66273680668945</ele>
<time>2026-08-28T07:51:28.139Z</time>
</trkpt>
<trkpt lat="41.9820474" lon="2.936142600000011">
<ele>259.0031745673544</ele>
<time>2026-08-28T07:51:29.139Z</time>
</trkpt>
<trkpt lat="41.9820975" lon="2.936033199999997">
<ele>261.9236545954042</ele>
<time>2026-08-28T07:51:30.138Z</time>
</trkpt>
<trkpt lat="41.9821362" lon="2.935923900000006">
<ele>262.46191876673356</ele>
<time>2026-08-28T07:51:31.139Z</time>
</trkpt>
<trkpt lat="41.9821482" lon="2.935816899999992">
<ele>263.47563968015237</ele>
<time>2026-08-28T07:51:32.139Z</time>
</trkpt>
<trkpt lat="41.9821422" lon="2.935708500000004">
<ele>264.6485054505815</ele>
<time>2026-08-28T07:51:33.139Z</time>
</trkpt>
<trkpt lat="41.9821104" lon="2.9355984999999976">
<ele>265.77734537484184</ele>
<time>2026-08-28T07:51:34.139Z</time>
</trkpt>
<trkpt lat="41.9820739" lon="2.9354835999999978">
<ele>269.113445838384</ele>
<time>2026-08-28T07:51:35.139Z</time>
</trkpt>
<trkpt lat="41.982031" lon="2.935365200000007">
<ele>267.70486068781076</ele>
<time>2026-08-28T07:51:36.139Z</time>
</trkpt>
<trkpt lat="41.9819835" lon="2.935241700000006">
<ele>268.0383400316347</ele>
<time>2026-08-28T07:51:37.139Z</time>
</trkpt>
<trkpt lat="41.9819351" lon="2.935110100000003">
<ele>269.19157663142175</ele>
<time>2026-08-28T07:51:38.139Z</time>
</trkpt>
<trkpt lat="41.9818882" lon="2.9349810999999875">
<ele>269.49546123251656</ele>
<time>2026-08-28T07:51:39.139Z</time>
</trkpt>
<trkpt lat="41.981847" lon="2.9348574999999926">
<ele>270.43286765388143</ele>
<time>2026-08-28T07:51:40.139Z</time>
</trkpt>
<trkpt lat="41.9818137" lon="2.9347258999999895">
<ele>270.8992989107685</ele>
<time>2026-08-28T07:51:41.139Z</time>
</trkpt>
<trkpt lat="41.9817981" lon="2.9345831999999916">
<ele>272.7544634683324</ele>
<time>2026-08-28T07:51:42.139Z</time>
</trkpt>
<trkpt lat="41.9817894" lon="2.934438099999994">
<ele>274.2866360477442</ele>
<time>2026-08-28T07:51:43.139Z</time>
</trkpt>
<trkpt lat="41.9817826" lon="2.9342908000000136">
<ele>275.4784252528058</ele>
<time>2026-08-28T07:51:44.139Z</time>
</trkpt>
<trkpt lat="41.9817766" lon="2.9341413999999872">
<ele>276.59181256711156</ele>
<time>2026-08-28T07:51:45.139Z</time>
</trkpt>
<trkpt lat="41.9817662" lon="2.9339878000000112">
<ele>277.05545830478445</ele>
<time>2026-08-28T07:51:46.138Z</time>
</trkpt>
<trkpt lat="41.9817562" lon="2.9338354999999865">
<ele>277.9030008066199</ele>
<time>2026-08-28T07:51:47.139Z</time>
</trkpt>
<trkpt lat="41.9817449" lon="2.9336804000000143">
<ele>278.11896027283444</ele>
<time>2026-08-28T07:51:48.139Z</time>
</trkpt>
<trkpt lat="41.9817359" lon="2.9335240999999996">
<ele>279.4510590465915</ele>
<time>2026-08-28T07:51:49.139Z</time>
</trkpt>
<trkpt lat="41.9817285" lon="2.933368800000011">
<ele>281.55562809555374</ele>
<time>2026-08-28T07:51:50.139Z</time>
</trkpt>
<trkpt lat="41.9817257" lon="2.933212800000007">
<ele>281.6699319636272</ele>
<time>2026-08-28T07:51:51.139Z</time>
</trkpt>
<trkpt lat="41.9817271" lon="2.9330587999999977">
<ele>282.48478207244955</ele>
<time>2026-08-28T07:51:52.139Z</time>
</trkpt>
<trkpt lat="41.9817326" lon="2.932910200000009">
<ele>282.9686431692947</ele>
<time>2026-08-28T07:51:53.138Z</time>
</trkpt>
<trkpt lat="41.9817395" lon="2.9327704000000097">
<ele>284.2501039868348</ele>
<time>2026-08-28T07:51:54.138Z</time>
</trkpt>
<trkpt lat="41.981749" lon="2.9326355999999976">
<ele>283.5810253173358</ele>
<time>2026-08-28T07:51:55.138Z</time>
</trkpt>
<trkpt lat="41.9817672" lon="2.9325039999999944">
<ele>285.03708711494846</ele>
<time>2026-08-28T07:51:56.138Z</time>
</trkpt>
<trkpt lat="41.9818031" lon="2.9323752999999897">
<ele>287.2566958835674</ele>
<time>2026-08-28T07:51:57.139Z</time>
</trkpt>
<trkpt lat="41.9818578" lon="2.932259600000009">
<ele>288.36254985692585</ele>
<time>2026-08-28T07:51:58.139Z</time>
</trkpt>
<trkpt lat="41.9819207" lon="2.9321430999999905">
<ele>289.8127019926964</ele>
<time>2026-08-28T07:51:59.138Z</time>
</trkpt>
<trkpt lat="41.9819774" lon="2.932035500000012">
<ele>290.16666740614227</ele>
<time>2026-08-28T07:52:00.139Z</time>
</trkpt>
<trkpt lat="41.9820313" lon="2.9319362999999896">
<ele>289.8429562305004</ele>
<time>2026-08-28T07:52:01.139Z</time>
</trkpt>
<trkpt lat="41.9820791" lon="2.931845100000004">
<ele>289.92818642600236</ele>
<time>2026-08-28T07:52:02.139Z</time>
</trkpt>
<trkpt lat="41.9821285" lon="2.9317708000000096">
<ele>290.53931486688924</ele>
<time>2026-08-28T07:52:03.139Z</time>
</trkpt>
<trkpt lat="41.982195" lon="2.9317160999999885">
<ele>291.59598902909187</ele>
<time>2026-08-28T07:52:04.139Z</time>
</trkpt>
<trkpt lat="41.982277" lon="2.9316900999999973">
<ele>292.01342784821196</ele>
<time>2026-08-28T07:52:05.139Z</time>
</trkpt>
<trkpt lat="41.9823604" lon="2.931699000000009">
<ele>292.9685544496469</ele>
<time>2026-08-28T07:52:06.139Z</time>
</trkpt>
<trkpt lat="41.98244" lon="2.9317430000000115">
<ele>294.1482150778582</ele>
<time>2026-08-28T07:52:07.138Z</time>
</trkpt>
<trkpt lat="41.9825029" lon="2.9318204999999864">
<ele>294.8965711077981</ele>
<time>2026-08-28T07:52:08.139Z</time>
</trkpt>
<trkpt lat="41.9825429" lon="2.9319269000000077">
<ele>295.7838283266628</ele>
<time>2026-08-28T07:52:09.139Z</time>
</trkpt>
<trkpt lat="41.9825711" lon="2.932046100000008">
<ele>295.4634360816542</ele>
<time>2026-08-28T07:52:10.139Z</time>
</trkpt>
<trkpt lat="41.9826025" lon="2.9321649999999977">
<ele>295.5218428316795</ele>
<time>2026-08-28T07:52:11.138Z</time>
</trkpt>
<trkpt lat="41.982641" lon="2.932275599999997">
<ele>296.4792132841997</ele>
<time>2026-08-28T07:52:12.139Z</time>
</trkpt>
<trkpt lat="41.9826897" lon="2.932382600000011">
<ele>297.79492900750546</ele>
<time>2026-08-28T07:52:13.139Z</time>
</trkpt>
<trkpt lat="41.9827574" lon="2.932473799999997">
<ele>296.9050157182935</ele>
<time>2026-08-28T07:52:14.139Z</time>
</trkpt>
<trkpt lat="41.9828394" lon="2.9325344000000086">
<ele>298.0038465953856</ele>
<time>2026-08-28T07:52:15.139Z</time>
</trkpt>
<trkpt lat="41.9829309" lon="2.932575700000001">
<ele>300.9510816365375</ele>
<time>2026-08-28T07:52:16.139Z</time>
</trkpt>
<trkpt lat="41.9830275" lon="2.9326116999999954">
<ele>300.52426177117667</ele>
<time>2026-08-28T07:52:17.138Z</time>
</trkpt>
<trkpt lat="41.983122" lon="2.9326479000000063">
<ele>301.8971819244174</ele>
<time>2026-08-28T07:52:18.138Z</time>
</trkpt>
<trkpt lat="41.983212" lon="2.9326852000000088">
<ele>301.4178332451301</ele>
<time>2026-08-28T07:52:19.139Z</time>
</trkpt>
<trkpt lat="41.983294" lon="2.932743600000009">
<ele>301.1220044568675</ele>
<time>2026-08-28T07:52:20.139Z</time>
</trkpt>
<trkpt lat="41.9833579" lon="2.9328350000000114">
<ele>300.3802884190116</ele>
<time>2026-08-28T07:52:21.138Z</time>
</trkpt>
<trkpt lat="41.9833994" lon="2.9329520999999943">
<ele>301.6780960288817</ele>
<time>2026-08-28T07:52:22.139Z</time>
</trkpt>
<trkpt lat="41.9834283" lon="2.933077499999996">
<ele>303.15110410242113</ele>
<time>2026-08-28T07:52:23.139Z</time>
</trkpt>
<trkpt lat="41.9834577" lon="2.9331975999999997">
<ele>304.4415200295231</ele>
<time>2026-08-28T07:52:24.138Z</time>
</trkpt>
<trkpt lat="41.9834878" lon="2.9333125999999936">
<ele>305.33665092403146</ele>
<time>2026-08-28T07:52:25.139Z</time>
</trkpt>
<trkpt lat="41.9835301" lon="2.933415300000007">
<ele>306.0945316058077</ele>
<time>2026-08-28T07:52:26.139Z</time>
</trkpt>
<trkpt lat="41.9835878" lon="2.9335049000000026">
<ele>306.58660176664034</ele>
<time>2026-08-28T07:52:27.138Z</time>
</trkpt>
<trkpt lat="41.9836638" lon="2.9335796000000016">
<ele>308.1189746269287</ele>
<time>2026-08-28T07:52:28.139Z</time>
</trkpt>
<trkpt lat="41.9837455" lon="2.9336509999999976">
<ele>308.5546832964785</ele>
<time>2026-08-28T07:52:29.139Z</time>
</trkpt>
<trkpt lat="41.9838233" lon="2.933737199999996">
<ele>306.6768048618264</ele>
<time>2026-08-28T07:52:30.139Z</time>
</trkpt>
<trkpt lat="41.9838865" lon="2.9338361000000077">
<ele>306.9840702953155</ele>
<time>2026-08-28T07:52:31.139Z</time>
</trkpt>
<trkpt lat="41.9839335" lon="2.9339479999999867">
<ele>309.5175630465925</ele>
<time>2026-08-28T07:52:32.139Z</time>
</trkpt>
<trkpt lat="41.983963" lon="2.934069800000003">
<ele>310.63116028872287</ele>
<time>2026-08-28T07:52:33.139Z</time>
</trkpt>
<trkpt lat="41.9839842" lon="2.9341875000000073">
<ele>310.3590237691724</ele>
<time>2026-08-28T07:52:34.139Z</time>
</trkpt>
<trkpt lat="41.9840091" lon="2.9342942000000107">
<ele>310.7361755136967</ele>
<time>2026-08-28T07:52:35.138Z</time>
</trkpt>
<trkpt lat="41.984047" lon="2.934397700000005">
<ele>311.7822420916313</ele>
<time>2026-08-28T07:52:36.139Z</time>
</trkpt>
<trkpt lat="41.9841014" lon="2.934482199999991">
<ele>311.96349892085215</ele>
<time>2026-08-28T07:52:37.139Z</time>
</trkpt>
<trkpt lat="41.984171" lon="2.9345441000000108">
<ele>312.59812747899895</ele>
<time>2026-08-28T07:52:38.138Z</time>
</trkpt>
<trkpt lat="41.9842489" lon="2.934568299999995">
<ele>312.8220606632496</ele>
<time>2026-08-28T07:52:39.139Z</time>
</trkpt>
<trkpt lat="41.9843318" lon="2.9345519000000024">
<ele>313.3275351541417</ele>
<time>2026-08-28T07:52:40.139Z</time>
</trkpt>
<trkpt lat="41.9844124" lon="2.9345031000000006">
<ele>314.44132744875907</ele>
<time>2026-08-28T07:52:41.139Z</time>
</trkpt>
<trkpt lat="41.9844883" lon="2.9344338999999877">
<ele>317.05346369237253</ele>
<time>2026-08-28T07:52:42.139Z</time>
</trkpt>
<trkpt lat="41.9845691" lon="2.934356500000007">
<ele>317.0871088359093</ele>
<time>2026-08-28T07:52:43.139Z</time>
</trkpt>
<trkpt lat="41.9846485" lon="2.9342741000000103">
<ele>316.5850961133516</ele>
<time>2026-08-28T07:52:44.139Z</time>
</trkpt>
<trkpt lat="41.9847285" lon="2.9341905999999938">
<ele>319.0518764030293</ele>
<time>2026-08-28T07:52:45.138Z</time>
</trkpt>
<trkpt lat="41.9848085" lon="2.934103599999986">
<ele>319.7028210443602</ele>
<time>2026-08-28T07:52:46.139Z</time>
</trkpt>
<trkpt lat="41.984889" lon="2.9340143999999952">
<ele>319.8748135183293</ele>
<time>2026-08-28T07:52:47.139Z</time>
</trkpt>
<trkpt lat="41.9849658" lon="2.93393549999999">
<ele>321.4705611860984</ele>
<time>2026-08-28T07:52:48.139Z</time>
</trkpt>
<trkpt lat="41.9850397" lon="2.933860100000004">
<ele>323.1200925708004</ele>
<time>2026-08-28T07:52:49.139Z</time>
</trkpt>
<trkpt lat="41.9851104" lon="2.93377559999999">
<ele>323.4930647675301</ele>
<time>2026-08-28T07:52:50.139Z</time>
</trkpt>
<trkpt lat="41.9851694" lon="2.9336779999999862">
<ele>326.5189793131156</ele>
<time>2026-08-28T07:52:51.139Z</time>
</trkpt>
<trkpt lat="41.9852176" lon="2.933568000000008">
<ele>325.40630194436005</ele>
<time>2026-08-28T07:52:52.139Z</time>
</trkpt>
<trkpt lat="41.9852508" lon="2.933445599999999">
<ele>326.42986025745876</ele>
<time>2026-08-28T07:52:53.139Z</time>
</trkpt>
<trkpt lat="41.9852793" lon="2.9333168">
<ele>328.034975318659</ele>
<time>2026-08-28T07:52:54.138Z</time>
</trkpt>
<trkpt lat="41.9853069" lon="2.9331893000000093">
<ele>329.3076286663467</ele>
<time>2026-08-28T07:52:55.139Z</time>
</trkpt>
<trkpt lat="41.9853307" lon="2.933059600000007">
<ele>329.2063917280165</ele>
<time>2026-08-28T07:52:56.139Z</time>
</trkpt>
<trkpt lat="41.9853536" lon="2.9329403000000127">
<ele>330.856173826093</ele>
<time>2026-08-28T07:52:57.138Z</time>
</trkpt>
<trkpt lat="41.9853759" lon="2.932826299999988">
<ele>331.8855114069948</ele>
<time>2026-08-28T07:52:58.139Z</time>
</trkpt>
<trkpt lat="41.985392" lon="2.9327182000000107">
<ele>332.675656276134</ele>
<time>2026-08-28T07:52:59.139Z</time>
</trkpt>
<trkpt lat="41.9853907" lon="2.9326103999999873">
<ele>333.57273762349655</ele>
<time>2026-08-28T07:53:00.139Z</time>
</trkpt>
<trkpt lat="41.9853634" lon="2.9325039999999944">
<ele>334.57845619631826</ele>
<time>2026-08-28T07:53:01.139Z</time>
</trkpt>
<trkpt lat="41.9853199" lon="2.9324028000000055">
<ele>335.8769311337764</ele>
<time>2026-08-28T07:53:02.139Z</time>
</trkpt>
<trkpt lat="41.9852627" lon="2.932310199999989">
<ele>337.160749722637</ele>
<time>2026-08-28T07:53:03.139Z</time>
</trkpt>
<trkpt lat="41.9851967" lon="2.9322258999999917">
<ele>338.31142246469346</ele>
<time>2026-08-28T07:53:04.139Z</time>
</trkpt>
<trkpt lat="41.9851258" lon="2.932142699999986">
<ele>337.62556411430313</ele>
<time>2026-08-28T07:53:05.139Z</time>
</trkpt>
<trkpt lat="41.9850561" lon="2.9320595000000083">
<ele>339.37004422451923</ele>
<time>2026-08-28T07:53:06.139Z</time>
</trkpt>
<trkpt lat="41.9849934" lon="2.9319745999999896">
<ele>339.50221720000553</ele>
<time>2026-08-28T07:53:07.139Z</time>
</trkpt>
<trkpt lat="41.9849425" lon="2.9318831999999873">
<ele>340.64887566587754</ele>
<time>2026-08-28T07:53:08.139Z</time>
</trkpt>
<trkpt lat="41.9849075" lon="2.9317813000000115">
<ele>340.68804425628053</ele>
<time>2026-08-28T07:53:09.139Z</time>
</trkpt>
<trkpt lat="41.9848947" lon="2.931674500000014">
<ele>341.46529658094164</ele>
<time>2026-08-28T07:53:10.139Z</time>
</trkpt>
<trkpt lat="41.9849168" lon="2.9315726000000097">
<ele>342.6994110667979</ele>
<time>2026-08-28T07:53:11.138Z</time>
</trkpt>
<trkpt lat="41.9849659" lon="2.931487500000003">
<ele>343.06296638230793</ele>
<time>2026-08-28T07:53:12.139Z</time>
</trkpt>
<trkpt lat="41.9850361" lon="2.9314276000000064">
<ele>344.62386688040954</ele>
<time>2026-08-28T07:53:13.139Z</time>
</trkpt>
<trkpt lat="41.9851152" lon="2.9313907000000086">
<ele>346.2544729863823</ele>
<time>2026-08-28T07:53:14.139Z</time>
</trkpt>
<trkpt lat="41.9852009" lon="2.931371200000001">
<ele>346.5294404738077</ele>
<time>2026-08-28T07:53:15.139Z</time>
</trkpt>
<trkpt lat="41.9852949" lon="2.931351400000011">
<ele>348.39576489764903</ele>
<time>2026-08-28T07:53:16.139Z</time>
</trkpt>
<trkpt lat="41.9853876" lon="2.9313364999999862">
<ele>348.3291649157798</ele>
<time>2026-08-28T07:53:17.139Z</time>
</trkpt>
<trkpt lat="41.9854782" lon="2.9313225999999872">
<ele>349.5769038048538</ele>
<time>2026-08-28T07:53:18.139Z</time>
</trkpt>
<trkpt lat="41.9855682" lon="2.931300599999986">
<ele>350.20796809195576</ele>
<time>2026-08-28T07:53:19.139Z</time>
</trkpt>
<trkpt lat="41.9856535" lon="2.931272100000001">
<ele>351.6846893970967</ele>
<time>2026-08-28T07:53:20.139Z</time>
</trkpt>
<trkpt lat="41.9857294" lon="2.9312267999999904">
<ele>352.15298989076285</ele>
<time>2026-08-28T07:53:21.138Z</time>
</trkpt>
<trkpt lat="41.9857896" lon="2.9311687000000006">
<ele>352.85636190354813</ele>
<time>2026-08-28T07:53:22.139Z</time>
</trkpt>
<trkpt lat="41.985835" lon="2.9311017999999933">
<ele>352.4927073784576</ele>
<time>2026-08-28T07:53:23.139Z</time>
</trkpt>
<trkpt lat="41.9858668" lon="2.931037500000002">
<ele>353.3518504657187</ele>
<time>2026-08-28T07:53:24.139Z</time>
</trkpt>
<trkpt lat="41.9858912" lon="2.9309651000000088">
<ele>354.01871923019945</ele>
<time>2026-08-28T07:53:25.139Z</time>
</trkpt>
<trkpt lat="41.9859039" lon="2.9308949999999925">
<ele>354.0346764973849</ele>
<time>2026-08-28T07:53:26.138Z</time>
</trkpt>
<trkpt lat="41.9859107" lon="2.930831699999999">
<ele>354.351665750457</ele>
<time>2026-08-28T07:53:27.139Z</time>
</trkpt>
<trkpt lat="41.9859086" lon="2.93076769999999">
<ele>354.85932250644345</ele>
<time>2026-08-28T07:53:28.139Z</time>
</trkpt>
<trkpt lat="41.9859015" lon="2.9307057000000043">
<ele>355.1133235219339</ele>
<time>2026-08-28T07:53:29.139Z</time>
</trkpt>
<trkpt lat="41.9858778" lon="2.9306129">
<ele>355.36867213459834</ele>
<time>2026-08-28T07:53:31.138Z</time>
</trkpt>
<trkpt lat="41.9858433" lon="2.930534200000011">
<ele>356.2146664328009</ele>
<time>2026-08-28T07:53:33.138Z</time>
</trkpt>
<trkpt lat="41.9857715" lon="2.930453">
<ele>357.470693881166</ele>
<time>2026-08-28T07:53:35.139Z</time>
</trkpt>
<trkpt lat="41.9857178" lon="2.9304118999999957">
<ele>358.78567315913455</ele>
<time>2026-08-28T07:53:36.138Z</time>
</trkpt>
<trkpt lat="41.9856521" lon="2.930371100000002">
<ele>359.6093868233776</ele>
<time>2026-08-28T07:53:37.138Z</time>
</trkpt>
<trkpt lat="41.9855774" lon="2.930330099999992">
<ele>359.82719665547404</ele>
<time>2026-08-28T07:53:38.138Z</time>
</trkpt>
<trkpt lat="41.9854966" lon="2.9302901000000077">
<ele>359.8705894688039</ele>
<time>2026-08-28T07:53:39.138Z</time>
</trkpt>
<trkpt lat="41.9854132" lon="2.9302542000000074">
<ele>360.97744990194406</ele>
<time>2026-08-28T07:53:40.138Z</time>
</trkpt>
<trkpt lat="41.9853303" lon="2.9302055999999936">
<ele>361.78810523591653</ele>
<time>2026-08-28T07:53:41.138Z</time>
</trkpt>
<trkpt lat="41.9852587" lon="2.9301408000000038">
<ele>363.3482699511867</ele>
<time>2026-08-28T07:53:42.138Z</time>
</trkpt>
<trkpt lat="41.9852045" lon="2.9300509999999917">
<ele>364.73283008295823</ele>
<time>2026-08-28T07:53:43.138Z</time>
</trkpt>
<trkpt lat="41.985168" lon="2.9299452999999858">
<ele>365.7162581127138</ele>
<time>2026-08-28T07:53:44.137Z</time>
</trkpt>
<trkpt lat="41.9851412" lon="2.929833099999996">
<ele>367.86024622399475</ele>
<time>2026-08-28T07:53:45.138Z</time>
</trkpt>
<trkpt lat="41.9851104" lon="2.9297148999999933">
<ele>368.1558112985013</ele>
<time>2026-08-28T07:53:46.138Z</time>
</trkpt>
<trkpt lat="41.9850804" lon="2.9296151000000066">
<ele>369.4300636518373</ele>
<time>2026-08-28T07:53:47.138Z</time>
</trkpt>
<trkpt lat="41.985044" lon="2.929519499999998">
<ele>370.4649867729968</ele>
<time>2026-08-28T07:53:48.138Z</time>
</trkpt>
<trkpt lat="41.9850056" lon="2.9294218">
<ele>371.0286439898373</ele>
<time>2026-08-28T07:53:49.138Z</time>
</trkpt>
<trkpt lat="41.9849685" lon="2.9293203000000005">
<ele>372.7803863072387</ele>
<time>2026-08-28T07:53:50.138Z</time>
</trkpt>
<trkpt lat="41.9849389" lon="2.929215499999998">
<ele>373.6256092292759</ele>
<time>2026-08-28T07:53:51.138Z</time>
</trkpt>
<trkpt lat="41.9849205" lon="2.9291119000000094">
<ele>374.9647773064906</ele>
<time>2026-08-28T07:53:52.138Z</time>
</trkpt>
<trkpt lat="41.9849063" lon="2.9290114000000074">
<ele>376.1953424056631</ele>
<time>2026-08-28T07:53:53.137Z</time>
</trkpt>
<trkpt lat="41.9848807" lon="2.9289176999999995">
<ele>376.2127148536854</ele>
<time>2026-08-28T07:53:54.137Z</time>
</trkpt>
<trkpt lat="41.9848421" lon="2.9288224999999954">
<ele>376.5208919689902</ele>
<time>2026-08-28T07:53:55.138Z</time>
</trkpt>
<trkpt lat="41.9847893" lon="2.928733099999988">
<ele>377.6204304218725</ele>
<time>2026-08-28T07:53:56.138Z</time>
</trkpt>
<trkpt lat="41.984731" lon="2.9286447000000067">
<ele>377.81223369519694</ele>
<time>2026-08-28T07:53:57.137Z</time>
</trkpt>
<trkpt lat="41.9846702" lon="2.9285567999999955">
<ele>379.32556283477373</ele>
<time>2026-08-28T07:53:58.138Z</time>
</trkpt>
<trkpt lat="41.9846079" lon="2.928463999999991">
<ele>379.562913304448</ele>
<time>2026-08-28T07:53:59.138Z</time>
</trkpt>
<trkpt lat="41.984546" lon="2.928370099999995">
<ele>382.66197242355435</ele>
<time>2026-08-28T07:54:00.138Z</time>
</trkpt>
<trkpt lat="41.9844815" lon="2.9282771000000025">
<ele>383.1926309420808</ele>
<time>2026-08-28T07:54:01.138Z</time>
</trkpt>
<trkpt lat="41.9844204" lon="2.9281869000000142">
<ele>384.3060327327798</ele>
<time>2026-08-28T07:54:02.138Z</time>
</trkpt>
<trkpt lat="41.984362" lon="2.9281052000000045">
<ele>384.7572876109996</ele>
<time>2026-08-28T07:54:03.138Z</time>
</trkpt>
<trkpt lat="41.984295" lon="2.9280330999999933">
<ele>386.17554631851004</ele>
<time>2026-08-28T07:54:04.138Z</time>
</trkpt>
<trkpt lat="41.9842167" lon="2.927979999999991">
<ele>386.3384228800471</ele>
<time>2026-08-28T07:54:05.138Z</time>
</trkpt>
<trkpt lat="41.9841285" lon="2.9279539000000057">
<ele>386.6702868001164</ele>
<time>2026-08-28T07:54:06.137Z</time>
</trkpt>
<trkpt lat="41.984038" lon="2.927946100000014">
<ele>386.8389218005438</ele>
<time>2026-08-28T07:54:07.138Z</time>
</trkpt>
<trkpt lat="41.983947" lon="2.9279391000000032">
<ele>387.4707236323044</ele>
<time>2026-08-28T07:54:08.138Z</time>
</trkpt>
<trkpt lat="41.9838579" lon="2.9279195999999956">
<ele>387.4446929523538</ele>
<time>2026-08-28T07:54:09.138Z</time>
</trkpt>
<trkpt lat="41.9837709" lon="2.927872000000008">
<ele>387.47210245649006</ele>
<time>2026-08-28T07:54:10.138Z</time>
</trkpt>
<trkpt lat="41.9836987" lon="2.9277939000000117">
<ele>387.5007787835239</ele>
<time>2026-08-28T07:54:11.138Z</time>
</trkpt>
<trkpt lat="41.9836359" lon="2.927689600000008">
<ele>390.14131201794976</ele>
<time>2026-08-28T07:54:12.138Z</time>
</trkpt>
<trkpt lat="41.9835718" lon="2.927585300000004">
<ele>388.9654563506389</ele>
<time>2026-08-28T07:54:13.138Z</time>
</trkpt>
<trkpt lat="41.9835032" lon="2.927490699999993">
<ele>392.717163687121</ele>
<time>2026-08-28T07:54:14.138Z</time>
</trkpt>
<trkpt lat="41.9834209" lon="2.9274144000000035">
<ele>390.65735376915336</ele>
<time>2026-08-28T07:54:15.138Z</time>
</trkpt>
<trkpt lat="41.9833292" lon="2.9273535000000095">
<ele>392.48275892673763</ele>
<time>2026-08-28T07:54:16.138Z</time>
</trkpt>
<trkpt lat="41.9832333" lon="2.927293899999995">
<ele>393.4242493391174</ele>
<time>2026-08-28T07:54:17.138Z</time>
</trkpt>
<trkpt lat="41.9831374" lon="2.927234800000008">
<ele>395.6311709227092</ele>
<time>2026-08-28T07:54:18.137Z</time>
</trkpt>
<trkpt lat="41.9830419" lon="2.9271711000000096">
<ele>396.74565009039327</ele>
<time>2026-08-28T07:54:19.138Z</time>
</trkpt>
<trkpt lat="41.9829502" lon="2.9270983000000115">
<ele>397.8029729788033</ele>
<time>2026-08-28T07:54:20.138Z</time>
</trkpt>
<trkpt lat="41.982863" lon="2.9270156999999983">
<ele>398.97882441733844</ele>
<time>2026-08-28T07:54:21.138Z</time>
</trkpt>
<trkpt lat="41.9827841" lon="2.926918300000011">
<ele>399.7765129281414</ele>
<time>2026-08-28T07:54:22.138Z</time>
</trkpt>
<trkpt lat="41.9827077" lon="2.9268175999999926">
<ele>400.7205684301249</ele>
<time>2026-08-28T07:54:23.137Z</time>
</trkpt>
<trkpt lat="41.9826257" lon="2.9267236000000025">
<ele>401.5215820626795</ele>
<time>2026-08-28T07:54:24.138Z</time>
</trkpt>
<trkpt lat="41.9825364" lon="2.92664529999999">
<ele>402.07193153198216</ele>
<time>2026-08-28T07:54:25.137Z</time>
</trkpt>
<trkpt lat="41.9824556" lon="2.9265701999999862">
<ele>403.08842809156283</ele>
<time>2026-08-28T07:54:26.138Z</time>
</trkpt>
<trkpt lat="41.9823856" lon="2.9264962999999966">
<ele>403.76083354844513</ele>
<time>2026-08-28T07:54:27.137Z</time>
</trkpt>
<trkpt lat="41.9823259" lon="2.926410000000004">
<ele>404.62599140457786</ele>
<time>2026-08-28T07:54:28.138Z</time>
</trkpt>
<trkpt lat="41.9822873" lon="2.926301599999988">
<ele>405.5788509495584</ele>
<time>2026-08-28T07:54:29.138Z</time>
</trkpt>
<trkpt lat="41.9822671" lon="2.926181200000002">
<ele>407.16944961850925</ele>
<time>2026-08-28T07:54:30.137Z</time>
</trkpt>
<trkpt lat="41.9822521" lon="2.9260625000000005">
<ele>407.76233378492196</ele>
<time>2026-08-28T07:54:31.138Z</time>
</trkpt>
<trkpt lat="41.9822384" lon="2.925943799999999">
<ele>409.08961355948225</ele>
<time>2026-08-28T07:54:32.138Z</time>
</trkpt>
<trkpt lat="41.9822198" lon="2.925830700000006">
<ele>409.6592962471819</ele>
<time>2026-08-28T07:54:33.138Z</time>
</trkpt>
<trkpt lat="41.9821867" lon="2.9257235999999978">
<ele>410.3807542062467</ele>
<time>2026-08-28T07:54:34.137Z</time>
</trkpt>
<trkpt lat="41.9821375" lon="2.9256243000000097">
<ele>411.1591694912557</ele>
<time>2026-08-28T07:54:35.138Z</time>
</trkpt>
<trkpt lat="41.9820797" lon="2.9255298999999866">
<ele>411.373226182579</ele>
<time>2026-08-28T07:54:36.138Z</time>
</trkpt>
<trkpt lat="41.9820272" lon="2.925438299999996">
<ele>412.12484919756554</ele>
<time>2026-08-28T07:54:37.138Z</time>
</trkpt>
<trkpt lat="41.9819871" lon="2.9253434000000027">
<ele>412.23346447624067</ele>
<time>2026-08-28T07:54:38.138Z</time>
</trkpt>
<trkpt lat="41.9819694" lon="2.9252416999999866">
<ele>412.7205461934403</ele>
<time>2026-08-28T07:54:39.138Z</time>
</trkpt>
<trkpt lat="41.9819761" lon="2.9251388000000134">
<ele>412.3700575926089</ele>
<time>2026-08-28T07:54:40.137Z</time>
</trkpt>
<trkpt lat="41.9820075" lon="2.9250370999999973">
<ele>413.41016156318443</ele>
<time>2026-08-28T07:54:41.137Z</time>
</trkpt>
<trkpt lat="41.9820635" lon="2.924955699999998">
<ele>413.6355733834237</ele>
<time>2026-08-28T07:54:42.138Z</time>
</trkpt>
<trkpt lat="41.9821357" lon="2.924890000000005">
<ele>415.00541077865074</ele>
<time>2026-08-28T07:54:43.137Z</time>
</trkpt>
<trkpt lat="41.9822095" lon="2.9248334000000114">
<ele>415.30718585814384</ele>
<time>2026-08-28T07:54:44.137Z</time>
</trkpt>
<trkpt lat="41.9822739" lon="2.9247712000000092">
<ele>416.29522637294826</ele>
<time>2026-08-28T07:54:45.138Z</time>
</trkpt>
<trkpt lat="41.9823314" lon="2.9246928999999966">
<ele>417.04865825917483</ele>
<time>2026-08-28T07:54:46.137Z</time>
</trkpt>
<trkpt lat="41.9823741" lon="2.924591399999997">
<ele>417.22371711896255</ele>
<time>2026-08-28T07:54:47.138Z</time>
</trkpt>
<trkpt lat="41.9824077" lon="2.9244794999999897">
<ele>417.9589903190945</ele>
<time>2026-08-28T07:54:48.137Z</time>
</trkpt>
<trkpt lat="41.9824456" lon="2.924365800000004">
<ele>417.87483846465614</ele>
<time>2026-08-28T07:54:49.138Z</time>
</trkpt>
<trkpt lat="41.982499" lon="2.9242605000000026">
<ele>417.7803153125527</ele>
<time>2026-08-28T07:54:50.138Z</time>
</trkpt>
<trkpt lat="41.9825703" lon="2.924180299999989">
<ele>419.98088085233445</ele>
<time>2026-08-28T07:54:51.138Z</time>
</trkpt>
<trkpt lat="41.9826487" lon="2.9241188000000022">
<ele>420.7267342423388</ele>
<time>2026-08-28T07:54:52.138Z</time>
</trkpt>
<trkpt lat="41.9827322" lon="2.924059900000003">
<ele>422.2209390717869</ele>
<time>2026-08-28T07:54:53.138Z</time>
</trkpt>
<trkpt lat="41.9828096" lon="2.9239938999999993">
<ele>422.1672093730611</ele>
<time>2026-08-28T07:54:54.138Z</time>
</trkpt>
<trkpt lat="41.9828795" lon="2.9239154999999926">
<ele>423.1052591460319</ele>
<time>2026-08-28T07:54:55.138Z</time>
</trkpt>
<trkpt lat="41.9829378" lon="2.9238221999999894">
<ele>423.0811276262069</ele>
<time>2026-08-28T07:54:56.138Z</time>
</trkpt>
<trkpt lat="41.9829779" lon="2.92371159999999">
<ele>423.4651131173863</ele>
<time>2026-08-28T07:54:57.138Z</time>
</trkpt>
<trkpt lat="41.9830094" lon="2.923595799999987">
<ele>424.55386941008663</ele>
<time>2026-08-28T07:54:58.137Z</time>
</trkpt>
<trkpt lat="41.9830433" lon="2.9234817999999905">
<ele>425.56961933188575</ele>
<time>2026-08-28T07:54:59.138Z</time>
</trkpt>
<trkpt lat="41.9830876" lon="2.9233733000000086">
<ele>424.1911675697121</ele>
<time>2026-08-28T07:55:00.138Z</time>
</trkpt>
<trkpt lat="41.9831482" lon="2.923272300000008">
<ele>426.72618455226035</ele>
<time>2026-08-28T07:55:01.138Z</time>
</trkpt>
<trkpt lat="41.9832283" lon="2.9231947000000105">
<ele>424.7607221661501</ele>
<time>2026-08-28T07:55:02.138Z</time>
</trkpt>
<trkpt lat="41.9833206" lon="2.9231473000000108">
<ele>427.25379597388434</ele>
<time>2026-08-28T07:55:03.138Z</time>
</trkpt>
<trkpt lat="41.9834185" lon="2.923125800000008">
<ele>428.50292773640393</ele>
<time>2026-08-28T07:55:04.137Z</time>
</trkpt>
<trkpt lat="41.9835205" lon="2.923113999999998">
<ele>425.5452119231829</ele>
<time>2026-08-28T07:55:05.138Z</time>
</trkpt>
<trkpt lat="41.9836211" lon="2.9231063000000006">
<ele>426.23075797265244</ele>
<time>2026-08-28T07:55:06.138Z</time>
</trkpt>
<trkpt lat="41.983719" lon="2.923105800000002">
<ele>428.99997308827506</ele>
<time>2026-08-28T07:55:07.138Z</time>
</trkpt>
<trkpt lat="41.9838107" lon="2.923103900000001">
<ele>428.6313424840152</ele>
<time>2026-08-28T07:55:08.138Z</time>
</trkpt>
<trkpt lat="41.9838966" lon="2.923091800000009">
<ele>429.38238830554116</ele>
<time>2026-08-28T07:55:09.138Z</time>
</trkpt>
<trkpt lat="41.9839693" lon="2.9230612000000065">
<ele>429.4886197987999</ele>
<time>2026-08-28T07:55:10.138Z</time>
</trkpt>
<trkpt lat="41.9840357" lon="2.923011900000006">
<ele>430.02264533645103</ele>
<time>2026-08-28T07:55:11.137Z</time>
</trkpt>
<trkpt lat="41.9840894" lon="2.922944699999988">
<ele>429.61721345146356</ele>
<time>2026-08-28T07:55:12.137Z</time>
</trkpt>
<trkpt lat="41.9841264" lon="2.922872600000005">
<ele>431.4004388891514</ele>
<time>2026-08-28T07:55:13.138Z</time>
</trkpt>
<trkpt lat="41.9841534" lon="2.9227876999999864">
<ele>431.55094263622294</ele>
<time>2026-08-28T07:55:14.138Z</time>
</trkpt>
<trkpt lat="41.9841628" lon="2.9226824000000136">
<ele>431.9835888387227</ele>
<time>2026-08-28T07:55:15.138Z</time>
</trkpt>
<trkpt lat="41.9841451" lon="2.9225629000000026">
<ele>432.7768946800262</ele>
<time>2026-08-28T07:55:16.138Z</time>
</trkpt>
<trkpt lat="41.9841109" lon="2.922445500000009">
<ele>432.3727881361669</ele>
<time>2026-08-28T07:55:17.138Z</time>
</trkpt>
<trkpt lat="41.9840961" lon="2.922315900000001">
<ele>432.64766845968046</ele>
<time>2026-08-28T07:55:18.138Z</time>
</trkpt>
<trkpt lat="41.9841002" lon="2.922197699999998">
<ele>432.1152853787826</ele>
<time>2026-08-28T07:55:19.137Z</time>
</trkpt>
<trkpt lat="41.984131" lon="2.922093200000006">
<ele>432.43682103864495</ele>
<time>2026-08-28T07:55:20.137Z</time>
</trkpt>
<trkpt lat="41.9841876" lon="2.9220109000000036">
<ele>432.59329439471134</ele>
<time>2026-08-28T07:55:21.138Z</time>
</trkpt>
<trkpt lat="41.9842593" lon="2.921940599999999">
<ele>433.02871740116274</ele>
<time>2026-08-28T07:55:22.138Z</time>
</trkpt>
<trkpt lat="41.9843362" lon="2.9218926000000067">
<ele>434.01535796138614</ele>
<time>2026-08-28T07:55:23.137Z</time>
</trkpt>
<trkpt lat="41.9844144" lon="2.9218480000000113">
<ele>434.22161680493775</ele>
<time>2026-08-28T07:55:24.138Z</time>
</trkpt>
<trkpt lat="41.9844984" lon="2.921798499999994">
<ele>434.9379082632842</ele>
<time>2026-08-28T07:55:25.138Z</time>
</trkpt>
<trkpt lat="41.9845764" lon="2.9217443000000003">
<ele>435.9450867630808</ele>
<time>2026-08-28T07:55:26.137Z</time>
</trkpt>
<trkpt lat="41.9846494" lon="2.9216798999999867">
<ele>436.9409700123918</ele>
<time>2026-08-28T07:55:27.138Z</time>
</trkpt>
<trkpt lat="41.9847043" lon="2.9215995000000134">
<ele>437.48272179450925</ele>
<time>2026-08-28T07:55:28.138Z</time>
</trkpt>
<trkpt lat="41.98474" lon="2.921504099999993">
<ele>438.1258153964363</ele>
<time>2026-08-28T07:55:29.138Z</time>
</trkpt>
<trkpt lat="41.9847507" lon="2.9213949999999897">
<ele>438.60622554478107</ele>
<time>2026-08-28T07:55:30.138Z</time>
</trkpt>
<trkpt lat="41.9847354" lon="2.9212798000000078">
<ele>439.3779555269656</ele>
<time>2026-08-28T07:55:31.137Z</time>
</trkpt>
<trkpt lat="41.9846978" lon="2.921161699999999">
<ele>437.4655601543194</ele>
<time>2026-08-28T07:55:32.138Z</time>
</trkpt>
<trkpt lat="41.9846522" lon="2.921040699999992">
<ele>439.7996783713099</ele>
<time>2026-08-28T07:55:33.138Z</time>
</trkpt>
<trkpt lat="41.9845996" lon="2.920915699999995">
<ele>438.9038412327756</ele>
<time>2026-08-28T07:55:34.138Z</time>
</trkpt>
<trkpt lat="41.9845553" lon="2.9207944000000055">
<ele>439.24324850963313</ele>
<time>2026-08-28T07:55:35.138Z</time>
</trkpt>
<trkpt lat="41.9845153" lon="2.92066539999999">
<ele>438.2192592199508</ele>
<time>2026-08-28T07:55:36.138Z</time>
</trkpt>
<trkpt lat="41.9844956" lon="2.920532900000012">
<ele>437.5058881328239</ele>
<time>2026-08-28T07:55:37.138Z</time>
</trkpt>
<trkpt lat="41.9844975" lon="2.9204006999999876">
<ele>438.7037560162168</ele>
<time>2026-08-28T07:55:38.138Z</time>
</trkpt>
<trkpt lat="41.9845168" lon="2.92026469999999">
<ele>439.962360851898</ele>
<time>2026-08-28T07:55:39.138Z</time>
</trkpt>
<trkpt lat="41.9845543" lon="2.920127799999989">
<ele>441.60168637504165</ele>
<time>2026-08-28T07:55:40.138Z</time>
</trkpt>
<trkpt lat="41.9846037" lon="2.9199886000000106">
<ele>441.12753302638424</ele>
<time>2026-08-28T07:55:41.138Z</time>
</trkpt>
<trkpt lat="41.9846558" lon="2.9198509">
<ele>442.46545751928574</ele>
<time>2026-08-28T07:55:42.137Z</time>
</trkpt>
<trkpt lat="41.9847099" lon="2.9197097999999926">
<ele>440.14510152918047</ele>
<time>2026-08-28T07:55:43.138Z</time>
</trkpt>
<trkpt lat="41.9847664" lon="2.9195742999999936">
<ele>440.5010440133208</ele>
<time>2026-08-28T07:55:44.138Z</time>
</trkpt>
<trkpt lat="41.9848233" lon="2.919440299999991">
<ele>440.2883939031132</ele>
<time>2026-08-28T07:55:45.138Z</time>
</trkpt>
<trkpt lat="41.9848773" lon="2.9193076999999903">
<ele>439.7125584420102</ele>
<time>2026-08-28T07:55:46.138Z</time>
</trkpt>
<trkpt lat="41.9849232" lon="2.9191729000000066">
<ele>439.6857682829724</ele>
<time>2026-08-28T07:55:47.137Z</time>
</trkpt>
<trkpt lat="41.9849558" lon="2.919025000000005">
<ele>439.8497217673948</ele>
<time>2026-08-28T07:55:48.138Z</time>
</trkpt>
<trkpt lat="41.9849732" lon="2.9188694000000055">
<ele>439.54509708831506</ele>
<time>2026-08-28T07:55:49.138Z</time>
</trkpt>
<trkpt lat="41.9849772" lon="2.918709000000007">
<ele>440.02462953972827</ele>
<time>2026-08-28T07:55:50.137Z</time>
</trkpt>
<trkpt lat="41.9849661" lon="2.9185467000000074">
<ele>440.0351838914628</ele>
<time>2026-08-28T07:55:51.138Z</time>
</trkpt>
<trkpt lat="41.9849453" lon="2.918385900000004">
<ele>440.24892853678773</ele>
<time>2026-08-28T07:55:52.138Z</time>
</trkpt>
<trkpt lat="41.9849237" lon="2.9182242999999914">
<ele>440.3469851336854</ele>
<time>2026-08-28T07:55:53.137Z</time>
</trkpt>
<trkpt lat="41.9848992" lon="2.9180661999999984">
<ele>440.005776977301</ele>
<time>2026-08-28T07:55:54.138Z</time>
</trkpt>
<trkpt lat="41.984872" lon="2.9179110000000037">
<ele>439.9912624339516</ele>
<time>2026-08-28T07:55:55.138Z</time>
</trkpt>
<trkpt lat="41.9848441" lon="2.9177608999999904">
<ele>439.97630820960836</ele>
<time>2026-08-28T07:55:56.138Z</time>
</trkpt>
<trkpt lat="41.9848156" lon="2.9176108000000056">
<ele>439.1839627618739</ele>
<time>2026-08-28T07:55:57.137Z</time>
</trkpt>
<trkpt lat="41.9847901" lon="2.917462999999998">
<ele>439.6867682481526</ele>
<time>2026-08-28T07:55:58.137Z</time>
</trkpt>
<trkpt lat="41.9847631" lon="2.917315000000002">
<ele>439.6373237719794</ele>
<time>2026-08-28T07:55:59.137Z</time>
</trkpt>
<trkpt lat="41.984737" lon="2.9171685000000025">
<ele>440.5997815859927</ele>
<time>2026-08-28T07:56:00.138Z</time>
</trkpt>
<trkpt lat="41.984711" lon="2.9170192999999927">
<ele>441.25930519526463</ele>
<time>2026-08-28T07:56:01.138Z</time>
</trkpt>
<trkpt lat="41.9846838" lon="2.916876599999995">
<ele>441.3163730011305</ele>
<time>2026-08-28T07:56:02.138Z</time>
</trkpt>
<trkpt lat="41.9846578" lon="2.9167448000000036">
<ele>443.09895824852254</ele>
<time>2026-08-28T07:56:03.138Z</time>
</trkpt>
<trkpt lat="41.9846437" lon="2.9166165999999976">
<ele>443.6513424151781</ele>
<time>2026-08-28T07:56:04.137Z</time>
</trkpt>
<trkpt lat="41.9846498" lon="2.9164869999999894">
<ele>441.5058242997987</ele>
<time>2026-08-28T07:56:05.138Z</time>
</trkpt>
<trkpt lat="41.9846879" lon="2.9163687999999865">
<ele>443.79707092479345</ele>
<time>2026-08-28T07:56:06.138Z</time>
</trkpt>
<trkpt lat="41.9847474" lon="2.9162713999999994">
<ele>444.0773849962952</ele>
<time>2026-08-28T07:56:07.138Z</time>
</trkpt>
<trkpt lat="41.9848157" lon="2.9161900000000003">
<ele>445.07001954559183</ele>
<time>2026-08-28T07:56:08.137Z</time>
</trkpt>
<trkpt lat="41.9848781" lon="2.916101200000014">
<ele>445.5807741213653</ele>
<time>2026-08-28T07:56:09.138Z</time>
</trkpt>
<trkpt lat="41.9849294" lon="2.9160002000000134">
<ele>449.17636373788025</ele>
<time>2026-08-28T07:56:10.138Z</time>
</trkpt>
<trkpt lat="41.9849661" lon="2.915879600000011">
<ele>446.3872201944026</ele>
<time>2026-08-28T07:56:11.137Z</time>
</trkpt>
<trkpt lat="41.9849934" lon="2.915754600000014">
<ele>448.8564807905506</ele>
<time>2026-08-28T07:56:12.138Z</time>
</trkpt>
<trkpt lat="41.9850212" lon="2.915625199999994">
<ele>449.08547024518384</ele>
<time>2026-08-28T07:56:13.138Z</time>
</trkpt>
<trkpt lat="41.98505" lon="2.9154928000000098">
<ele>450.42566312381865</ele>
<time>2026-08-28T07:56:14.138Z</time>
</trkpt>
<trkpt lat="41.9850818" lon="2.9153594">
<ele>450.9897999214798</ele>
<time>2026-08-28T07:56:15.138Z</time>
</trkpt>
<trkpt lat="41.9851134" lon="2.915223400000002">
<ele>451.8793814132934</ele>
<time>2026-08-28T07:56:16.138Z</time>
</trkpt>
<trkpt lat="41.9851402" lon="2.9150815000000136">
<ele>454.521023894759</ele>
<time>2026-08-28T07:56:17.138Z</time>
</trkpt>
<trkpt lat="41.9851573" lon="2.914935200000002">
<ele>455.15973557325617</ele>
<time>2026-08-28T07:56:18.138Z</time>
</trkpt>
<trkpt lat="41.9851645" lon="2.9147901000000047">
<ele>455.0700829655673</ele>
<time>2026-08-28T07:56:19.138Z</time>
</trkpt>
<trkpt lat="41.9851723" lon="2.9146446999999966">
<ele>455.5336649679599</ele>
<time>2026-08-28T07:56:20.138Z</time>
</trkpt>
<trkpt lat="41.9851796" lon="2.914496200000002">
<ele>457.03015360582634</ele>
<time>2026-08-28T07:56:21.137Z</time>
</trkpt>
<trkpt lat="41.9851928" lon="2.914350100000007">
<ele>457.8686767725322</ele>
<time>2026-08-28T07:56:22.137Z</time>
</trkpt>
<trkpt lat="41.985216" lon="2.9142037000000016">
<ele>458.2011548751479</ele>
<time>2026-08-28T07:56:23.138Z</time>
</trkpt>
<trkpt lat="41.9852436" lon="2.914053800000005">
<ele>460.2946449456854</ele>
<time>2026-08-28T07:56:24.138Z</time>
</trkpt>
<trkpt lat="41.9852781" lon="2.913906300000008">
<ele>460.4138328404246</ele>
<time>2026-08-28T07:56:25.138Z</time>
</trkpt>
<trkpt lat="41.9853137" lon="2.9137575999999967">
<ele>462.0983309189249</ele>
<time>2026-08-28T07:56:26.137Z</time>
</trkpt>
<trkpt lat="41.9853494" lon="2.913607500000012">
<ele>460.9166020268585</ele>
<time>2026-08-28T07:56:27.138Z</time>
</trkpt>
<trkpt lat="41.9853803" lon="2.91345290000001">
<ele>459.85083671695446</ele>
<time>2026-08-28T07:56:28.138Z</time>
</trkpt>
<trkpt lat="41.9854054" lon="2.9133099000000016">
<ele>460.49605723616367</ele>
<time>2026-08-28T07:56:29.137Z</time>
</trkpt>
<trkpt lat="41.985425" lon="2.913175200000012">
<ele>461.16102175491733</ele>
<time>2026-08-28T07:56:30.138Z</time>
</trkpt>
<trkpt lat="41.9854361" lon="2.913041600000014">
<ele>461.30774177842807</ele>
<time>2026-08-28T07:56:31.138Z</time>
</trkpt>
<trkpt lat="41.9854321" lon="2.9129074999999887">
<ele>460.13454729887405</ele>
<time>2026-08-28T07:56:32.138Z</time>
</trkpt>
<trkpt lat="41.9854153" lon="2.912781200000012">
<ele>461.2216889567326</ele>
<time>2026-08-28T07:56:33.138Z</time>
</trkpt>
<trkpt lat="41.9853922" lon="2.9126598">
<ele>461.2629599975047</ele>
<time>2026-08-28T07:56:34.138Z</time>
</trkpt>
<trkpt lat="41.985389" lon="2.912534700000009">
<ele>461.2508309584108</ele>
<time>2026-08-28T07:56:35.138Z</time>
</trkpt>
<trkpt lat="41.9854005" lon="2.912409700000012">
<ele>460.14593888738756</ele>
<time>2026-08-28T07:56:36.138Z</time>
</trkpt>
<trkpt lat="41.9854279" lon="2.9122843000000103">
<ele>461.4916369800247</ele>
<time>2026-08-28T07:56:37.138Z</time>
</trkpt>
<trkpt lat="41.9854606" lon="2.912161800000007">
<ele>461.8495259541573</ele>
<time>2026-08-28T07:56:38.138Z</time>
</trkpt>
<trkpt lat="41.9854896" lon="2.912042200000002">
<ele>462.60902842885434</ele>
<time>2026-08-28T07:56:39.137Z</time>
</trkpt>
<trkpt lat="41.985515" lon="2.9119209000000126">
<ele>462.525365464239</ele>
<time>2026-08-28T07:56:40.138Z</time>
</trkpt>
<trkpt lat="41.9855282" lon="2.9117952999999943">
<ele>462.83057657805955</ele>
<time>2026-08-28T07:56:41.138Z</time>
</trkpt>
<trkpt lat="41.9855195" lon="2.9116703999999913">
<ele>463.395012394878</ele>
<time>2026-08-28T07:56:42.138Z</time>
</trkpt>
<trkpt lat="41.985483" lon="2.9115600000000086">
<ele>464.15544229420453</ele>
<time>2026-08-28T07:56:43.138Z</time>
</trkpt>
<trkpt lat="41.9854251" lon="2.9114759999999933">
<ele>464.5839217409376</ele>
<time>2026-08-28T07:56:44.138Z</time>
</trkpt>
<trkpt lat="41.9853499" lon="2.911396200000013">
<ele>467.2312766105339</ele>
<time>2026-08-28T07:56:45.138Z</time>
</trkpt>
<trkpt lat="41.9852642" lon="2.911340200000012">
<ele>468.25217630448066</ele>
<time>2026-08-28T07:56:46.138Z</time>
</trkpt>
<trkpt lat="41.9851753" lon="2.9112823000000105">
<ele>466.33356729766194</ele>
<time>2026-08-28T07:56:47.137Z</time>
</trkpt>
<trkpt lat="41.9850832" lon="2.9112235999999996">
<ele>467.28711141480204</ele>
<time>2026-08-28T07:56:48.138Z</time>
</trkpt>
<trkpt lat="41.984991" lon="2.9111646000000064">
<ele>468.0647852903602</ele>
<time>2026-08-28T07:56:49.138Z</time>
</trkpt>
<trkpt lat="41.984899" lon="2.911105499999991">
<ele>469.0258958056898</ele>
<time>2026-08-28T07:56:50.138Z</time>
</trkpt>
<trkpt lat="41.9848053" lon="2.91105060000001">
<ele>470.45758190578965</ele>
<time>2026-08-28T07:56:51.137Z</time>
</trkpt>
<trkpt lat="41.9847125" lon="2.910993999999988">
<ele>472.08736092984907</ele>
<time>2026-08-28T07:56:52.138Z</time>
</trkpt>
<trkpt lat="41.9846242" lon="2.9109320999999966">
<ele>471.8091164650657</ele>
<time>2026-08-28T07:56:53.137Z</time>
</trkpt>
<trkpt lat="41.9845485" lon="2.9108718999999894">
<ele>472.4912776740754</ele>
<time>2026-08-28T07:56:54.138Z</time>
</trkpt>
<trkpt lat="41.9844754" lon="2.910801399999997">
<ele>472.46864907856525</ele>
<time>2026-08-28T07:56:55.137Z</time>
</trkpt>
<trkpt lat="41.9844044" lon="2.9107232000000067">
<ele>472.71517670771823</ele>
<time>2026-08-28T07:56:56.137Z</time>
</trkpt>
<trkpt lat="41.9843338" lon="2.9106424000000004">
<ele>472.0110381127877</ele>
<time>2026-08-28T07:56:57.137Z</time>
</trkpt>
<trkpt lat="41.9842613" lon="2.910565300000002">
<ele>472.8185451079461</ele>
<time>2026-08-28T07:56:58.137Z</time>
</trkpt>
<trkpt lat="41.9841857" lon="2.9104917999999884">
<ele>473.7391112307002</ele>
<time>2026-08-28T07:56:59.137Z</time>
</trkpt>
<trkpt lat="41.9841044" lon="2.91042920000001">
<ele>473.9423651611162</ele>
<time>2026-08-28T07:57:00.138Z</time>
</trkpt>
<trkpt lat="41.9840165" lon="2.9103939000000025">
<ele>473.86878683663264</ele>
<time>2026-08-28T07:57:01.138Z</time>
</trkpt>
<trkpt lat="41.983922" lon="2.910384999999991">
<ele>475.34802367260085</ele>
<time>2026-08-28T07:57:02.138Z</time>
</trkpt>
<trkpt lat="41.9838262" lon="2.9104005000000086">
<ele>475.56808871350296</ele>
<time>2026-08-28T07:57:03.137Z</time>
</trkpt>
<trkpt lat="41.9837242" lon="2.9104234000000133">
<ele>475.5071302035397</ele>
<time>2026-08-28T07:57:04.138Z</time>
</trkpt>
<trkpt lat="41.983618" lon="2.9104389000000026">
<ele>476.60704974656386</ele>
<time>2026-08-28T07:57:05.137Z</time>
</trkpt>
<trkpt lat="41.9835064" lon="2.910445100000004">
<ele>476.84034098518634</ele>
<time>2026-08-28T07:57:06.138Z</time>
</trkpt>
<trkpt lat="41.9833931" lon="2.9104390999999907">
<ele>476.6843875054171</ele>
<time>2026-08-28T07:57:07.138Z</time>
</trkpt>
<trkpt lat="41.9832836" lon="2.910433000000012">
<ele>477.34739842963666</ele>
<time>2026-08-28T07:57:08.138Z</time>
</trkpt>
<trkpt lat="41.9831767" lon="2.910422799999992">
<ele>477.35799383507805</ele>
<time>2026-08-28T07:57:09.138Z</time>
</trkpt>
<trkpt lat="41.9830704" lon="2.9104130000000055">
<ele>477.3638052567634</ele>
<time>2026-08-28T07:57:10.137Z</time>
</trkpt>
<trkpt lat="41.9829673" lon="2.9104025999999976">
<ele>477.2002471183298</ele>
<time>2026-08-28T07:57:11.138Z</time>
</trkpt>
<trkpt lat="41.9828674" lon="2.910388299999994">
<ele>477.85327288632175</ele>
<time>2026-08-28T07:57:12.138Z</time>
</trkpt>
<trkpt lat="41.9827741" lon="2.910368900000009">
<ele>476.8035697757015</ele>
<time>2026-08-28T07:57:13.138Z</time>
</trkpt>
<trkpt lat="41.9826824" lon="2.910338700000011">
<ele>476.49556612713326</ele>
<time>2026-08-28T07:57:14.138Z</time>
</trkpt>
<trkpt lat="41.982606" lon="2.9102962000000048">
<ele>476.06055456116655</ele>
<time>2026-08-28T07:57:15.137Z</time>
</trkpt>
<trkpt lat="41.9825554" lon="2.910240399999992">
<ele>476.2924181595865</ele>
<time>2026-08-28T07:57:16.138Z</time>
</trkpt>
<trkpt lat="41.9825348" lon="2.9101719999999887">
<ele>476.3616054359528</ele>
<time>2026-08-28T07:57:17.137Z</time>
</trkpt>
<trkpt lat="41.982536" lon="2.910105299999998">
<ele>476.4601971111181</ele>
<time>2026-08-28T07:57:18.138Z</time>
</trkpt>
<trkpt lat="41.9825584" lon="2.9100435999999945">
<ele>476.85811073187745</ele>
<time>2026-08-28T07:57:19.137Z</time>
</trkpt>
<trkpt lat="41.9826048" lon="2.9099951000000033">
<ele>477.41044228788803</ele>
<time>2026-08-28T07:57:20.138Z</time>
</trkpt>
<trkpt lat="41.9826592" lon="2.909985799999987">
<ele>477.7699445941441</ele>
<time>2026-08-28T07:57:21.138Z</time>
</trkpt>
<trkpt lat="41.9827132" lon="2.910009500000001">
<ele>476.7396724905299</ele>
<time>2026-08-28T07:57:22.138Z</time>
</trkpt>
<trkpt lat="41.9827597" lon="2.910051100000004">
<ele>477.1155327630866</ele>
<time>2026-08-28T07:57:23.137Z</time>
</trkpt>
<trkpt lat="41.9828086" lon="2.9100969000000134">
<ele>478.8144480934318</ele>
<time>2026-08-28T07:57:24.138Z</time>
</trkpt>
<trkpt lat="41.9828632" lon="2.910138200000006">
<ele>479.90293344105123</ele>
<time>2026-08-28T07:57:25.137Z</time>
</trkpt>
<trkpt lat="41.9829271" lon="2.9101637999999923">
<ele>478.4070795681782</ele>
<time>2026-08-28T07:57:26.138Z</time>
</trkpt>
<trkpt lat="41.9829912" lon="2.9101670000000013">
<ele>481.25480237346596</ele>
<time>2026-08-28T07:57:27.138Z</time>
</trkpt>
<trkpt lat="41.9830531" lon="2.9101665999999966">
<ele>481.8505387226691</ele>
<time>2026-08-28T07:57:28.138Z</time>
</trkpt>
<trkpt lat="41.9831176" lon="2.9101670999999953">
<ele>482.5525186925651</ele>
<time>2026-08-28T07:57:29.138Z</time>
</trkpt>
<trkpt lat="41.9831813" lon="2.9101637999999923">
<ele>481.30536670697495</ele>
<time>2026-08-28T07:57:30.138Z</time>
</trkpt>
<trkpt lat="41.9832412" lon="2.9101571999999862">
<ele>482.06437981757455</ele>
<time>2026-08-28T07:57:31.138Z</time>
</trkpt>
<trkpt lat="41.983293" lon="2.9101526000000035">
<ele>482.2146064310479</ele>
<time>2026-08-28T07:57:32.137Z</time>
</trkpt>
<trkpt lat="41.9833797" lon="2.910148200000009">
<ele>482.091783332566</ele>
<time>2026-08-28T07:57:34.138Z</time>
</trkpt>
<trkpt lat="41.9834698" lon="2.9101339999999993">
<ele>483.48324650579934</ele>
<time>2026-08-28T07:57:36.138Z</time>
</trkpt>
<trkpt lat="41.9835204" lon="2.9101200000000063">
<ele>483.9031287490481</ele>
<time>2026-08-28T07:57:37.137Z</time>
</trkpt>
<trkpt lat="41.9835684" lon="2.9101062999999954">
<ele>483.8362539676808</ele>
<time>2026-08-28T07:57:38.137Z</time>
</trkpt>
<trkpt lat="41.9836117" lon="2.9100886999999886">
<ele>484.11956129296914</ele>
<time>2026-08-28T07:57:39.138Z</time>
</trkpt>
<trkpt lat="41.9836755" lon="2.9100430000000017">
<ele>484.5114549356455</ele>
<time>2026-08-28T07:57:41.138Z</time>
</trkpt>
<trkpt lat="41.9837048" lon="2.9099908000000028">
<ele>483.65972691943983</ele>
<time>2026-08-28T07:57:43.138Z</time>
</trkpt>
<trkpt lat="41.9837423" lon="2.9099166999999966">
<ele>483.525476446352</ele>
<time>2026-08-28T07:57:46.137Z</time>
</trkpt>
<trkpt lat="41.9837981" lon="2.9098545999999885">
<ele>482.6110819604461</ele>
<time>2026-08-28T07:57:48.138Z</time>
</trkpt>
<trkpt lat="41.9838651" lon="2.909804500000007">
<ele>482.833679534116</ele>
<time>2026-08-28T07:57:50.137Z</time>
</trkpt>
<trkpt lat="41.9839354" lon="2.909761500000002">
<ele>483.1084530697998</ele>
<time>2026-08-28T07:57:52.138Z</time>
</trkpt>
<trkpt lat="41.9839968" lon="2.9097189999999955">
<ele>483.46672535828725</ele>
<time>2026-08-28T07:57:54.138Z</time>
</trkpt>
<trkpt lat="41.9840477" lon="2.9096700000000055">
<ele>482.80247584793426</ele>
<time>2026-08-28T07:57:56.138Z</time>
</trkpt>
<trkpt lat="41.9840192" lon="2.909613699999994">
<ele>483.0529224735954</ele>
<time>2026-08-28T07:58:27.137Z</time>
</trkpt>
<trkpt lat="41.9840669" lon="2.9096553999999912">
<ele>484.14235306848656</ele>
<time>2026-08-28T07:58:36.138Z</time>
</trkpt>
<trkpt lat="41.9840477" lon="2.9095972000000074">
<ele>482.99168287926204</ele>
<time>2026-08-28T07:59:01.138Z</time>
</trkpt>
<trkpt lat="41.9840577" lon="2.9095279999999946">
<ele>485.24750926696754</ele>
<time>2026-08-28T07:59:10.138Z</time>
</trkpt>
<trkpt lat="41.9840903" lon="2.909485999999987">
<ele>484.6623890963566</ele>
<time>2026-08-28T07:59:18.694Z</time>
</trkpt>
<trkpt lat="41.9841153" lon="2.909435699999989">
<ele>483.2941225953729</ele>
<time>2026-08-28T07:59:25.171Z</time>
</trkpt>
<trkpt lat="41.9841267" lon="2.9093753999999876">
<ele>484.6294005430198</ele>
<time>2026-08-28T07:59:33.567Z</time>
</trkpt>
<trkpt lat="41.9841542" lon="2.9093254999999942">
<ele>484.3635212967055</ele>
<time>2026-08-28T07:59:44.571Z</time>
</trkpt>
<trkpt lat="41.9841913" lon="2.9092779000000064">
<ele>485.1788421494899</ele>
<time>2026-08-28T07:59:57.253Z</time>
</trkpt>
<trkpt lat="41.9842336" lon="2.9092489999999884">
<ele>485.5552945560405</ele>
<time>2026-08-28T08:00:08.161Z</time>
</trkpt>
<trkpt lat="41.9842664" lon="2.9092068999999867">
<ele>486.63559935138215</ele>
<time>2026-08-28T08:00:16.892Z</time>
</trkpt>
<trkpt lat="41.9842878" lon="2.9092616000000078">
<ele>487.7517840064275</ele>
<time>2026-08-28T08:00:30.219Z</time>
</trkpt>
<trkpt lat="41.9843356" lon="2.9092773000000136">
<ele>488.2398785089507</ele>
<time>2026-08-28T08:00:44.832Z</time>
</trkpt>
<trkpt lat="41.9843852" lon="2.909270200000009">
<ele>488.8914566585027</ele>
<time>2026-08-28T08:00:52.491Z</time>
</trkpt>
<trkpt lat="41.9844295" lon="2.909251000000012">
<ele>489.9078823167513</ele>
<time>2026-08-28T08:01:03.786Z</time>
</trkpt>
<trkpt lat="41.9844773" lon="2.9092363000000034">
<ele>489.77265069184926</ele>
<time>2026-08-28T08:01:12.950Z</time>
</trkpt>
<trkpt lat="41.9845223" lon="2.909220900000008">
<ele>490.1116378043776</ele>
<time>2026-08-28T08:01:20.091Z</time>
</trkpt>
<trkpt lat="41.9845682" lon="2.909207600000002">
<ele>488.81347303116513</ele>
<time>2026-08-28T08:01:27.202Z</time>
</trkpt>
<trkpt lat="41.9846134" lon="2.909190200000012">
<ele>490.5477749551884</ele>
<time>2026-08-28T08:01:36.127Z</time>
</trkpt>
<trkpt lat="41.9846516" lon="2.909150100000005">
<ele>491.34625657103646</ele>
<time>2026-08-28T08:01:42.930Z</time>
</trkpt>
<trkpt lat="41.9846975" lon="2.909139600000003">
<ele>491.9429133424119</ele>
<time>2026-08-28T08:01:53.069Z</time>
</trkpt>
<trkpt lat="41.9847369" lon="2.909098">
<ele>489.85862296477245</ele>
<time>2026-08-28T08:02:03.792Z</time>
</trkpt>
<trkpt lat="41.9847558" lon="2.909042800000009">
<ele>492.30580930128343</ele>
<time>2026-08-28T08:02:12.633Z</time>
</trkpt>
<trkpt lat="41.9847821" lon="2.908990700000004">
<ele>491.2815896724559</ele>
<time>2026-08-28T08:02:21.610Z</time>
</trkpt>
<trkpt lat="41.984816" lon="2.908941999999996">
<ele>492.3191353405854</ele>
<time>2026-08-28T08:02:27.608Z</time>
</trkpt>
<trkpt lat="41.9848445" lon="2.9088944000000083">
<ele>490.93723438853965</ele>
<time>2026-08-28T08:02:34.628Z</time>
</trkpt>
<trkpt lat="41.9848675" lon="2.9088391999999885">
<ele>491.94777794323505</ele>
<time>2026-08-28T08:02:43.207Z</time>
</trkpt>
<trkpt lat="41.9848703" lon="2.908775100000014">
<ele>492.661374820654</ele>
<time>2026-08-28T08:02:53.967Z</time>
</trkpt>
<trkpt lat="41.9848624" lon="2.908714400000008">
<ele>494.3933837927623</ele>
<time>2026-08-28T08:03:00.933Z</time>
</trkpt>
<trkpt lat="41.98483" lon="2.9086681">
<ele>493.7611169873335</ele>
<time>2026-08-28T08:03:07.160Z</time>
</trkpt>
<trkpt lat="41.984796" lon="2.908623900000009">
<ele>494.8478479449225</ele>
<time>2026-08-28T08:03:18.712Z</time>
</trkpt>
<trkpt lat="41.9847535" lon="2.9086010000000044">
<ele>493.5622418070134</ele>
<time>2026-08-28T08:03:31.222Z</time>
</trkpt>
<trkpt lat="41.9847108" lon="2.9086261999999863">
<ele>495.93695760576014</ele>
<time>2026-08-28T08:03:50.138Z</time>
</trkpt>
<trkpt lat="41.9846724" lon="2.9086593000000107">
<ele>494.71425328075935</ele>
<time>2026-08-28T08:04:02.214Z</time>
</trkpt>
<trkpt lat="41.9846312" lon="2.9086843000000044">
<ele>496.2513682267884</ele>
<time>2026-08-28T08:04:05.509Z</time>
</trkpt>
<trkpt lat="41.9845908" lon="2.9087169000000017">
<ele>495.3577794877152</ele>
<time>2026-08-28T08:04:12.369Z</time>
</trkpt>
<trkpt lat="41.9845485" lon="2.9087517000000105">
<ele>496.86081261326467</ele>
<time>2026-08-28T08:04:19.228Z</time>
</trkpt>
<trkpt lat="41.9845178" lon="2.9087993999999924">
<ele>495.53787196774607</ele>
<time>2026-08-28T08:04:27.466Z</time>
</trkpt>
<trkpt lat="41.9844808" lon="2.9088345000000118">
<ele>496.15795659216195</ele>
<time>2026-08-28T08:04:37.138Z</time>
</trkpt>
<trkpt lat="41.9844541" lon="2.9088859999999954">
<ele>496.6381750743759</ele>
<time>2026-08-28T08:04:48.591Z</time>
</trkpt>
<trkpt lat="41.984418" lon="2.9089251000000047">
<ele>495.7370940703099</ele>
<time>2026-08-28T08:05:01.857Z</time>
</trkpt>
<trkpt lat="41.9843925" lon="2.9089336000000117">
<ele>495.3230382732858</ele>
<time>2026-08-28T08:05:53.225Z</time>
</trkpt>
<trkpt lat="41.9844018" lon="2.9089189000000033">
<ele>495.24075217970903</ele>
<time>2026-08-28T08:06:49.192Z</time>
</trkpt>
<trkpt lat="41.9843784" lon="2.908924500000012">
<ele>495.17665494529007</ele>
<time>2026-08-28T08:07:44.260Z</time>
</trkpt>
<trkpt lat="41.9843783" lon="2.9089275000000043">
<ele>497.7251737408941</ele>
<time>2026-08-28T08:08:39.887Z</time>
</trkpt>
<trkpt lat="41.9843911" lon="2.908926699999995">
<ele>495.00416276727685</ele>
<time>2026-08-28T08:09:34.272Z</time>
</trkpt>
<trkpt lat="41.9843895" lon="2.9089271999999937">
<ele>494.64247170117653</ele>
<time>2026-08-28T08:10:29.228Z</time>
</trkpt>
<trkpt lat="41.9843894" lon="2.9089275000000043">
<ele>494.2443488129995</ele>
<time>2026-08-28T08:11:25.188Z</time>
</trkpt>
<trkpt lat="41.9843897" lon="2.9089269000000115">
<ele>493.613200271378</ele>
<time>2026-08-28T08:12:20.256Z</time>
</trkpt>
<trkpt lat="41.9843896" lon="2.9089275999999984">
<ele>494.71360757414317</ele>
<time>2026-08-28T08:13:15.243Z</time>
</trkpt>
<trkpt lat="41.9843891" lon="2.9089275000000043">
<ele>494.58621507355514</ele>
<time>2026-08-28T08:14:11.196Z</time>
</trkpt>
<trkpt lat="41.9843937" lon="2.908924899999988">
<ele>495.170077463428</ele>
<time>2026-08-28T08:15:06.260Z</time>
</trkpt>
<trkpt lat="41.9843943" lon="2.908925399999987">
<ele>494.6266746487496</ele>
<time>2026-08-28T08:16:01.896Z</time>
</trkpt>
<trkpt lat="41.984394" lon="2.9089251999999988">
<ele>494.6527950090129</ele>
<time>2026-08-28T08:16:56.184Z</time>
</trkpt>
<trkpt lat="41.9843743" lon="2.9089089">
<ele>494.45191669520074</ele>
<time>2026-08-28T08:17:43.188Z</time>
</trkpt>
<trkpt lat="41.9843645" lon="2.9089031000000034">
<ele>494.3123725315718</ele>
<time>2026-08-28T08:18:19.241Z</time>
</trkpt>
<trkpt lat="41.9843661" lon="2.9089031000000034">
<ele>494.402943983199</ele>
<time>2026-08-28T08:19:13.873Z</time>
</trkpt>
<trkpt lat="41.984366" lon="2.908903699999996">
<ele>494.5706942155436</ele>
<time>2026-08-28T08:20:08.172Z</time>
</trkpt>
<trkpt lat="41.9843665" lon="2.908904100000001">
<ele>494.3424878184513</ele>
<time>2026-08-28T08:21:03.242Z</time>
</trkpt>
<trkpt lat="41.9843695" lon="2.9089030000000093">
<ele>495.134592801557</ele>
<time>2026-08-28T08:21:58.204Z</time>
</trkpt>
<trkpt lat="41.9843688" lon="2.9089039000000128">
<ele>494.0231141901278</ele>
<time>2026-08-28T08:22:53.270Z</time>
</trkpt>
<trkpt lat="41.9843675" lon="2.908905500000003">
<ele>494.8416226649928</ele>
<time>2026-08-28T08:23:49.260Z</time>
</trkpt>
<trkpt lat="41.9843689" lon="2.908905500000003">
<ele>495.49896612817247</ele>
<time>2026-08-28T08:24:45.239Z</time>
</trkpt>
<trkpt lat="41.9843688" lon="2.9089059000000077">
<ele>494.58193416390753</ele>
<time>2026-08-28T08:25:41.228Z</time>
</trkpt>
<trkpt lat="41.9843689" lon="2.908906099999996">
<ele>494.1469094330061</ele>
<time>2026-08-28T08:26:37.214Z</time>
</trkpt>
<trkpt lat="41.984369" lon="2.908905599999997">
<ele>493.1905831549364</ele>
<time>2026-08-28T08:27:33.076Z</time>
</trkpt>
<trkpt lat="41.984369" lon="2.908904100000001">
<ele>493.2863178262515</ele>
<time>2026-08-28T08:28:28.162Z</time>
</trkpt>
<trkpt lat="41.9843705" lon="2.9089045999999996">
<ele>492.81346093586865</ele>
<time>2026-08-28T08:29:23.010Z</time>
</trkpt>
<trkpt lat="41.984371" lon="2.908905500000003">
<ele>492.67252822525717</ele>
<time>2026-08-28T08:30:18.204Z</time>
</trkpt>
<trkpt lat="41.9843745" lon="2.9089060000000018">
<ele>492.97464193503845</ele>
<time>2026-08-28T08:31:13.170Z</time>
</trkpt>
<trkpt lat="41.9843692" lon="2.9089044000000115">
<ele>492.59053828192646</ele>
<time>2026-08-28T08:32:08.255Z</time>
</trkpt>
<trkpt lat="41.9843727" lon="2.9089092000000107">
<ele>492.60062400609246</ele>
<time>2026-08-28T08:33:04.253Z</time>
</trkpt>
<trkpt lat="41.9843734" lon="2.908908700000012">
<ele>492.2803430840032</ele>
<time>2026-08-28T08:34:00.136Z</time>
</trkpt>
<trkpt lat="41.984373" lon="2.9089085999999895">
<ele>492.4629951962076</ele>
<time>2026-08-28T08:34:55.224Z</time>
</trkpt>
<trkpt lat="41.9843734" lon="2.9089089">
<ele>490.01138944493107</ele>
<time>2026-08-28T08:35:50.248Z</time>
</trkpt>
<trkpt lat="41.9843751" lon="2.9089112999999998">
<ele>492.5097875937219</ele>
<time>2026-08-28T08:36:45.161Z</time>
</trkpt>
<trkpt lat="41.9843816" lon="2.908937299999991">
<ele>491.8646772188873</ele>
<time>2026-08-28T08:37:40.036Z</time>
</trkpt>
<trkpt lat="41.9843818" lon="2.908950400000009">
<ele>492.0605983125436</ele>
<time>2026-08-28T08:38:35.237Z</time>
</trkpt>
<trkpt lat="41.9843823" lon="2.9089499000000103">
<ele>491.55869503786926</ele>
<time>2026-08-28T08:39:31.228Z</time>
</trkpt>
<trkpt lat="41.9843838" lon="2.908948500000008">
<ele>491.5474591998906</ele>
<time>2026-08-28T08:40:27.210Z</time>
</trkpt>
<trkpt lat="41.9843843" lon="2.9089481000000035">
<ele>491.6779559132103</ele>
<time>2026-08-28T08:41:22.161Z</time>
</trkpt>
<trkpt lat="41.9843861" lon="2.9089368999999863">
<ele>491.94513088310214</ele>
<time>2026-08-28T08:42:17.227Z</time>
</trkpt>
<trkpt lat="41.9843855" lon="2.908933300000001">
<ele>491.5227472064089</ele>
<time>2026-08-28T08:43:13.187Z</time>
</trkpt>
<trkpt lat="41.9843851" lon="2.9089344999999867">
<ele>491.503548457696</ele>
<time>2026-08-28T08:44:08.142Z</time>
</trkpt>
<trkpt lat="41.9843888" lon="2.9089274000000103">
<ele>491.9327411053681</ele>
<time>2026-08-28T08:45:04.231Z</time>
</trkpt>
<trkpt lat="41.9844069" lon="2.9088961999999867">
<ele>491.74117868811135</ele>
<time>2026-08-28T08:45:59.206Z</time>
</trkpt>
<trkpt lat="41.9844099" lon="2.9088960999999927">
<ele>491.6739182952112</ele>
<time>2026-08-28T08:46:54.281Z</time>
</trkpt>
<trkpt lat="41.9843811" lon="2.908909599999987">
<ele>491.3758954300534</ele>
<time>2026-08-28T08:47:50.170Z</time>
</trkpt>
<trkpt lat="41.9843939" lon="2.908918099999994">
<ele>492.35860909817507</ele>
<time>2026-08-28T08:48:44.534Z</time>
</trkpt>
<trkpt lat="41.9844155" lon="2.908883199999991">
<ele>492.03035530482697</ele>
<time>2026-08-28T08:48:58.132Z</time>
</trkpt>
<trkpt lat="41.9844504" lon="2.9088424999999916">
<ele>493.2170518048849</ele>
<time>2026-08-28T08:49:05.407Z</time>
</trkpt>
<trkpt lat="41.9844856" lon="2.9088027999999895">
<ele>491.8120031644529</ele>
<time>2026-08-28T08:49:12.932Z</time>
</trkpt>
<trkpt lat="41.9845141" lon="2.90875410000001">
<ele>492.76294370098617</ele>
<time>2026-08-28T08:49:21.190Z</time>
</trkpt>
<trkpt lat="41.9845411" lon="2.9087040999999942">
<ele>491.24087831695437</ele>
<time>2026-08-28T08:49:30.648Z</time>
</trkpt>
<trkpt lat="41.9845732" lon="2.9086618000000044">
<ele>491.8127514947098</ele>
<time>2026-08-28T08:49:46.265Z</time>
</trkpt>
<trkpt lat="41.9846144" lon="2.908626499999997">
<ele>492.0625908148256</ele>
<time>2026-08-28T08:50:02.710Z</time>
</trkpt>
<trkpt lat="41.9846483" lon="2.908584399999995">
<ele>491.89133408380314</ele>
<time>2026-08-28T08:50:14.468Z</time>
</trkpt>
<trkpt lat="41.9846933" lon="2.908578199999994">
<ele>491.8701673705893</ele>
<time>2026-08-28T08:50:27.792Z</time>
</trkpt>
<trkpt lat="41.9847347" lon="2.9085483000000067">
<ele>488.7760963025724</ele>
<time>2026-08-28T08:50:38.632Z</time>
</trkpt>
<trkpt lat="41.9847567" lon="2.9084900999999945">
<ele>489.59715609509624</ele>
<time>2026-08-28T08:50:48.264Z</time>
</trkpt>
<trkpt lat="41.9847621" lon="2.908501699999988">
<ele>488.6241215769277</ele>
<time>2026-08-28T08:51:28.468Z</time>
</trkpt>
<trkpt lat="41.9847916" lon="2.9085330999999996">
<ele>490.05015450550854</ele>
<time>2026-08-28T08:52:11.091Z</time>
</trkpt>
<trkpt lat="41.9848076" lon="2.9085897999999872">
<ele>490.34422161913176</ele>
<time>2026-08-28T08:52:30.761Z</time>
</trkpt>
<trkpt lat="41.9848077" lon="2.908607499999988">
<ele>489.3961708733485</ele>
<time>2026-08-28T08:53:20.134Z</time>
</trkpt>
<trkpt lat="41.9848263" lon="2.908648800000009">
<ele>490.1481120589798</ele>
<time>2026-08-28T08:53:29.571Z</time>
</trkpt>
<trkpt lat="41.9848413" lon="2.908705800000007">
<ele>489.8033971380208</ele>
<time>2026-08-28T08:53:38.590Z</time>
</trkpt>
<trkpt lat="41.9848632" lon="2.9087643999999955">
<ele>489.35739126173763</ele>
<time>2026-08-28T08:53:50.630Z</time>
</trkpt>
<trkpt lat="41.9848873" lon="2.9088213999999937">
<ele>489.9023957067051</ele>
<time>2026-08-28T08:53:57.411Z</time>
</trkpt>
<trkpt lat="41.9849012" lon="2.9088840000000005">
<ele>490.2208164318133</ele>
<time>2026-08-28T08:54:04.135Z</time>
</trkpt>
<trkpt lat="41.9848966" lon="2.908947299999994">
<ele>490.60607769570765</ele>
<time>2026-08-28T08:54:11.708Z</time>
</trkpt>
<trkpt lat="41.9848699" lon="2.9089985999999897">
<ele>488.81902969046524</ele>
<time>2026-08-28T08:54:20.241Z</time>
</trkpt>
<trkpt lat="41.9848445" lon="2.9090493999999865">
<ele>490.01517382879354</ele>
<time>2026-08-28T08:54:28.189Z</time>
</trkpt>
<trkpt lat="41.9848149" lon="2.9090961999999934">
<ele>490.20214266972357</ele>
<time>2026-08-28T08:54:38.290Z</time>
</trkpt>
<trkpt lat="41.9847826" lon="2.9091386999999997">
<ele>489.84526693060116</ele>
<time>2026-08-28T08:54:47.268Z</time>
</trkpt>
<trkpt lat="41.9847471" lon="2.909176599999995">
<ele>489.94609294784294</ele>
<time>2026-08-28T08:55:00.927Z</time>
</trkpt>
<trkpt lat="41.9847003" lon="2.9092032000000074">
<ele>490.269622719657</ele>
<time>2026-08-28T08:55:13.871Z</time>
</trkpt>
<trkpt lat="41.984655" lon="2.9092001999999866">
<ele>489.7290992464171</ele>
<time>2026-08-28T08:55:30.210Z</time>
</trkpt>
<trkpt lat="41.9846097" lon="2.9091994999999997">
<ele>488.38776166449526</ele>
<time>2026-08-28T08:55:45.197Z</time>
</trkpt>
<trkpt lat="41.9845644" lon="2.9092144999999903">
<ele>489.8831965418152</ele>
<time>2026-08-28T08:55:52.791Z</time>
</trkpt>
<trkpt lat="41.9845187" lon="2.90923029999999">
<ele>490.01064955545337</ele>
<time>2026-08-28T08:56:06.237Z</time>
</trkpt>
<trkpt lat="41.9844712" lon="2.909240899999986">
<ele>490.52951807739</ele>
<time>2026-08-28T08:56:14.331Z</time>
</trkpt>
<trkpt lat="41.9844261" lon="2.909246599999989">
<ele>490.06040149665216</ele>
<time>2026-08-28T08:56:26.164Z</time>
</trkpt>
<trkpt lat="41.9843865" lon="2.909281099999987">
<ele>488.53471322680565</ele>
<time>2026-08-28T08:56:36.011Z</time>
</trkpt>
<trkpt lat="41.9843469" lon="2.9093116999999893">
<ele>488.15262299051545</ele>
<time>2026-08-28T08:56:45.050Z</time>
</trkpt>
<trkpt lat="41.9843026" lon="2.909298199999995">
<ele>486.82774587966725</ele>
<time>2026-08-28T08:57:06.702Z</time>
</trkpt>
<trkpt lat="41.9842707" lon="2.909254699999991">
<ele>486.6164958726841</ele>
<time>2026-08-28T08:57:13.453Z</time>
</trkpt>
<trkpt lat="41.9842303" lon="2.909290300000009">
<ele>484.60210162895174</ele>
<time>2026-08-28T08:57:29.214Z</time>
</trkpt>
<trkpt lat="41.9842" lon="2.909335700000014">
<ele>483.36210278372255</ele>
<time>2026-08-28T08:57:39.228Z</time>
</trkpt>
<trkpt lat="41.9841741" lon="2.9093872999999917">
<ele>483.7255320368997</ele>
<time>2026-08-28T08:57:46.688Z</time>
</trkpt>
<trkpt lat="41.9841385" lon="2.909429799999998">
<ele>481.36963665722186</ele>
<time>2026-08-28T08:57:53.730Z</time>
</trkpt>
<trkpt lat="41.9841124" lon="2.9094794000000093">
<ele>483.9642379535209</ele>
<time>2026-08-28T08:58:06.049Z</time>
</trkpt>
<trkpt lat="41.9840788" lon="2.909531600000008">
<ele>487.1227389040716</ele>
<time>2026-08-28T08:58:12.788Z</time>
</trkpt>
<trkpt lat="41.98407" lon="2.9095925000000022">
<ele>484.289077931122</ele>
<time>2026-08-28T08:58:23.973Z</time>
</trkpt>
<trkpt lat="41.9840564" lon="2.9096514999999954">
<ele>483.3676324402231</ele>
<time>2026-08-28T08:58:35.046Z</time>
</trkpt>
<trkpt lat="41.9840471" lon="2.9096759999999904">
<ele>483.0183177061587</ele>
<time>2026-08-28T08:59:15.389Z</time>
</trkpt>
<trkpt lat="41.9840417" lon="2.9096811000000002">
<ele>485.0398184298729</ele>
<time>2026-08-28T09:00:11.191Z</time>
</trkpt>
<trkpt lat="41.984" lon="2.909675099999987">
<ele>483.6934837094115</ele>
<time>2026-08-28T09:00:26.193Z</time>
</trkpt>
<trkpt lat="41.9839365" lon="2.9096873999999957">
<ele>483.545724201709</ele>
<time>2026-08-28T09:00:28.207Z</time>
</trkpt>
<trkpt lat="41.9838725" lon="2.909731700000009">
<ele>483.7190752353991</ele>
<time>2026-08-28T09:00:30.221Z</time>
</trkpt>
<trkpt lat="41.9838303" lon="2.909789399999994">
<ele>483.74319706308364</ele>
<time>2026-08-28T09:00:31.133Z</time>
</trkpt>
<trkpt lat="41.983792" lon="2.909823999999986">
<ele>484.00350516875443</ele>
<time>2026-08-28T09:00:33.134Z</time>
</trkpt>
<trkpt lat="41.9837599" lon="2.909872799999988">
<ele>484.1685682082719</ele>
<time>2026-08-28T09:00:35.133Z</time>
</trkpt>
<trkpt lat="41.9837243" lon="2.9099390000000085">
<ele>484.8632000094064</ele>
<time>2026-08-28T09:00:37.134Z</time>
</trkpt>
<trkpt lat="41.9837019" lon="2.9099947999999927">
<ele>485.5923852876541</ele>
<time>2026-08-28T09:00:39.134Z</time>
</trkpt>
<trkpt lat="41.983668" lon="2.9100508999999875">
<ele>485.7858017879112</ele>
<time>2026-08-28T09:00:41.134Z</time>
</trkpt>
<trkpt lat="41.9836133" lon="2.9100845000000106">
<ele>485.9325179093034</ele>
<time>2026-08-28T09:00:43.134Z</time>
</trkpt>
<trkpt lat="41.9835419" lon="2.9101143999999977">
<ele>486.32746888642544</ele>
<time>2026-08-28T09:00:45.133Z</time>
</trkpt>
<trkpt lat="41.9834613" lon="2.9101487000000077">
<ele>486.0127783158455</ele>
<time>2026-08-28T09:00:47.134Z</time>
</trkpt>
<trkpt lat="41.9833807" lon="2.910162799999995">
<ele>485.4072384011739</ele>
<time>2026-08-28T09:00:49.134Z</time>
</trkpt>
<trkpt lat="41.9832909" lon="2.910159599999986">
<ele>484.95975173529825</ele>
<time>2026-08-28T09:00:51.134Z</time>
</trkpt>
<trkpt lat="41.9832443" lon="2.910160300000001">
<ele>484.73055020993496</ele>
<time>2026-08-28T09:00:52.134Z</time>
</trkpt>
<trkpt lat="41.9831961" lon="2.9101592000000096">
<ele>484.5820013276231</ele>
<time>2026-08-28T09:00:53.134Z</time>
</trkpt>
<trkpt lat="41.9831429" lon="2.9101507999999967">
<ele>484.31553494488526</ele>
<time>2026-08-28T09:00:54.133Z</time>
</trkpt>
<trkpt lat="41.9830933" lon="2.910148300000003">
<ele>483.9571957539369</ele>
<time>2026-08-28T09:00:55.134Z</time>
</trkpt>
<trkpt lat="41.9830096" lon="2.9101475999999877">
<ele>483.4484028504051</ele>
<time>2026-08-28T09:00:57.133Z</time>
</trkpt>
<trkpt lat="41.9829521" lon="2.9101513999999895">
<ele>483.23664968395127</ele>
<time>2026-08-28T09:00:58.134Z</time>
</trkpt>
<trkpt lat="41.9828962" lon="2.9101424000000122">
<ele>482.72809295549337</ele>
<time>2026-08-28T09:00:59.133Z</time>
</trkpt>
<trkpt lat="41.9828439" lon="2.910113200000012">
<ele>482.32569501033845</ele>
<time>2026-08-28T09:01:00.134Z</time>
</trkpt>
<trkpt lat="41.9828042" lon="2.9100763000000143">
<ele>481.81099682485893</ele>
<time>2026-08-28T09:01:01.134Z</time>
</trkpt>
<trkpt lat="41.9827564" lon="2.9099965000000054">
<ele>480.7882514681633</ele>
<time>2026-08-28T09:01:03.133Z</time>
</trkpt>
<trkpt lat="41.9827268" lon="2.909947200000005">
<ele>479.96114242496225</ele>
<time>2026-08-28T09:01:05.133Z</time>
</trkpt>
<trkpt lat="41.982669" lon="2.9099098000000083">
<ele>479.9616376467168</ele>
<time>2026-08-28T09:01:07.133Z</time>
</trkpt>
<trkpt lat="41.9826017" lon="2.909950400000014">
<ele>479.7837946881611</ele>
<time>2026-08-28T09:01:09.134Z</time>
</trkpt>
<trkpt lat="41.98257" lon="2.9099971999999923">
<ele>480.1391182338956</ele>
<time>2026-08-28T09:01:10.134Z</time>
</trkpt>
<trkpt lat="41.9825273" lon="2.9101077999999916">
<ele>479.4864764765888</ele>
<time>2026-08-28T09:01:12.134Z</time>
</trkpt>
<trkpt lat="41.9825198" lon="2.9101784000000066">
<ele>479.2893962986988</ele>
<time>2026-08-28T09:01:13.134Z</time>
</trkpt>
<trkpt lat="41.9825268" lon="2.9102504999999894">
<ele>478.7316534827786</ele>
<time>2026-08-28T09:01:14.134Z</time>
</trkpt>
<trkpt lat="41.9825626" lon="2.9103066000000126">
<ele>478.35622894073714</ele>
<time>2026-08-28T09:01:15.133Z</time>
</trkpt>
<trkpt lat="41.9826229" lon="2.9103489999999965">
<ele>478.23280678485855</ele>
<time>2026-08-28T09:01:16.133Z</time>
</trkpt>
<trkpt lat="41.9826937" lon="2.9103782999999908">
<ele>478.4110904742967</ele>
<time>2026-08-28T09:01:17.134Z</time>
</trkpt>
<trkpt lat="41.9827711" lon="2.91040000000001">
<ele>478.72288027431875</ele>
<time>2026-08-28T09:01:18.133Z</time>
</trkpt>
<trkpt lat="41.9828531" lon="2.9104169999999954">
<ele>479.08069884776944</ele>
<time>2026-08-28T09:01:19.134Z</time>
</trkpt>
<trkpt lat="41.9829416" lon="2.9104308000000003">
<ele>479.0916571208473</ele>
<time>2026-08-28T09:01:20.134Z</time>
</trkpt>
<trkpt lat="41.9830277" lon="2.9104408999999976">
<ele>478.8321776463214</ele>
<time>2026-08-28T09:01:21.134Z</time>
</trkpt>
<trkpt lat="41.9831151" lon="2.9104493000000105">
<ele>478.8573964099319</ele>
<time>2026-08-28T09:01:22.134Z</time>
</trkpt>
<trkpt lat="41.9832049" lon="2.9104614999999967">
<ele>478.98983017671736</ele>
<time>2026-08-28T09:01:23.134Z</time>
</trkpt>
<trkpt lat="41.9832973" lon="2.9104691999999943">
<ele>479.3796013585845</ele>
<time>2026-08-28T09:01:24.134Z</time>
</trkpt>
<trkpt lat="41.9833902" lon="2.9104725999999914">
<ele>479.3099319052406</ele>
<time>2026-08-28T09:01:25.134Z</time>
</trkpt>
<trkpt lat="41.9834837" lon="2.9104790000000094">
<ele>478.87538926061495</ele>
<time>2026-08-28T09:01:26.134Z</time>
</trkpt>
<trkpt lat="41.9835774" lon="2.9104740999999876">
<ele>478.78616982483646</ele>
<time>2026-08-28T09:01:27.134Z</time>
</trkpt>
<trkpt lat="41.9836657" lon="2.91045969999999">
<ele>478.47039896313834</ele>
<time>2026-08-28T09:01:28.134Z</time>
</trkpt>
<trkpt lat="41.9837523" lon="2.910441100000014">
<ele>478.2563028785083</ele>
<time>2026-08-28T09:01:29.134Z</time>
</trkpt>
<trkpt lat="41.9838369" lon="2.9104197000000056">
<ele>478.16608090880146</ele>
<time>2026-08-28T09:01:30.134Z</time>
</trkpt>
<trkpt lat="41.983919" lon="2.9104078000000015">
<ele>478.0758600193209</ele>
<time>2026-08-28T09:01:31.134Z</time>
</trkpt>
<trkpt lat="41.9839979" lon="2.9104131999999936">
<ele>478.65524123125044</ele>
<time>2026-08-28T09:01:32.134Z</time>
</trkpt>
<trkpt lat="41.984076" lon="2.9104332">
<ele>478.7508499516566</ele>
<time>2026-08-28T09:01:33.134Z</time>
</trkpt>
<trkpt lat="41.9841537" lon="2.9104732000000126">
<ele>478.2201819586784</ele>
<time>2026-08-28T09:01:34.133Z</time>
</trkpt>
<trkpt lat="41.9842262" lon="2.9105418000000043">
<ele>476.95980407303836</ele>
<time>2026-08-28T09:01:35.134Z</time>
</trkpt>
<trkpt lat="41.9842934" lon="2.910616800000014">
<ele>476.1761960082126</ele>
<time>2026-08-28T09:01:36.133Z</time>
</trkpt>
<trkpt lat="41.9843632" lon="2.910691600000007">
<ele>476.19919958851324</ele>
<time>2026-08-28T09:01:37.133Z</time>
</trkpt>
<trkpt lat="41.9844297" lon="2.910771899999986">
<ele>475.9912248730009</ele>
<time>2026-08-28T09:01:38.134Z</time>
</trkpt>
<trkpt lat="41.9844991" lon="2.910845800000004">
<ele>475.30595940577166</ele>
<time>2026-08-28T09:01:39.133Z</time>
</trkpt>
<trkpt lat="41.9845666" lon="2.9109201999999925">
<ele>475.3276590437637</ele>
<time>2026-08-28T09:01:40.133Z</time>
</trkpt>
<trkpt lat="41.984639" lon="2.9109790999999916">
<ele>474.8731033010027</ele>
<time>2026-08-28T09:01:41.134Z</time>
</trkpt>
<trkpt lat="41.9847185" lon="2.911028899999991">
<ele>474.36904319529117</ele>
<time>2026-08-28T09:01:42.134Z</time>
</trkpt>
<trkpt lat="41.9847941" lon="2.911082399999998">
<ele>473.79181596449365</ele>
<time>2026-08-28T09:01:43.134Z</time>
</trkpt>
<trkpt lat="41.9848777" lon="2.9111383999999987">
<ele>473.1569032733602</ele>
<time>2026-08-28T09:01:44.133Z</time>
</trkpt>
<trkpt lat="41.9849669" lon="2.911194099999989">
<ele>472.23629152544027</ele>
<time>2026-08-28T09:01:45.134Z</time>
</trkpt>
<trkpt lat="41.985055" lon="2.9112494999999967">
<ele>471.3946445367641</ele>
<time>2026-08-28T09:01:46.134Z</time>
</trkpt>
<trkpt lat="41.9851463" lon="2.9113021999999944">
<ele>470.8593016860923</ele>
<time>2026-08-28T09:01:47.134Z</time>
</trkpt>
<trkpt lat="41.9852335" lon="2.9113638000000037">
<ele>469.3471809437467</ele>
<time>2026-08-28T09:01:48.134Z</time>
</trkpt>
<trkpt lat="41.9853173" lon="2.911425900000012">
<ele>468.3859323577006</ele>
<time>2026-08-28T09:01:49.133Z</time>
</trkpt>
<trkpt lat="41.9853922" lon="2.9114951999999903">
<ele>467.6923638665837</ele>
<time>2026-08-28T09:01:50.134Z</time>
</trkpt>
<trkpt lat="41.9854502" lon="2.9115830000000074">
<ele>466.94943218862636</ele>
<time>2026-08-28T09:01:51.134Z</time>
</trkpt>
<trkpt lat="41.9854828" lon="2.9116788000000042">
<ele>466.38965163205603</ele>
<time>2026-08-28T09:01:52.133Z</time>
</trkpt>
<trkpt lat="41.9855051" lon="2.9117908999999997">
<ele>466.4699691858042</ele>
<time>2026-08-28T09:01:53.134Z</time>
</trkpt>
<trkpt lat="41.9855012" lon="2.911906200000004">
<ele>465.7845732338739</ele>
<time>2026-08-28T09:01:54.134Z</time>
</trkpt>
<trkpt lat="41.9854779" lon="2.9120216000000028">
<ele>465.5803163272622</ele>
<time>2026-08-28T09:01:55.134Z</time>
</trkpt>
<trkpt lat="41.9854452" lon="2.912136000000004">
<ele>464.8417305454383</ele>
<time>2026-08-28T09:01:56.134Z</time>
</trkpt>
<trkpt lat="41.9854148" lon="2.9122477999999887">
<ele>464.2680188459981</ele>
<time>2026-08-28T09:01:57.134Z</time>
</trkpt>
<trkpt lat="41.9853861" lon="2.9123678999999925">
<ele>463.5518853251888</ele>
<time>2026-08-28T09:01:58.134Z</time>
</trkpt>
<trkpt lat="41.9853692" lon="2.912488300000007">
<ele>463.3155383676033</ele>
<time>2026-08-28T09:01:59.134Z</time>
</trkpt>
<trkpt lat="41.98537" lon="2.912614899999994">
<ele>462.6477345548381</ele>
<time>2026-08-28T09:02:00.134Z</time>
</trkpt>
<trkpt lat="41.9853776" lon="2.9127354999999966">
<ele>462.54895268106134</ele>
<time>2026-08-28T09:02:01.133Z</time>
</trkpt>
<trkpt lat="41.9853945" lon="2.912849200000011">
<ele>462.45609976311465</ele>
<time>2026-08-28T09:02:02.134Z</time>
</trkpt>
<trkpt lat="41.9854102" lon="2.9129608000000076">
<ele>461.9746146218727</ele>
<time>2026-08-28T09:02:03.134Z</time>
</trkpt>
<trkpt lat="41.9854167" lon="2.913079900000014">
<ele>461.1152970239895</ele>
<time>2026-08-28T09:02:04.134Z</time>
</trkpt>
<trkpt lat="41.9854129" lon="2.913199700000007">
<ele>461.68781208493976</ele>
<time>2026-08-28T09:02:05.133Z</time>
</trkpt>
<trkpt lat="41.9853946" lon="2.9133238999999946">
<ele>461.30015287744897</ele>
<time>2026-08-28T09:02:06.134Z</time>
</trkpt>
<trkpt lat="41.9853665" lon="2.9134540000000015">
<ele>460.2366110158276</ele>
<time>2026-08-28T09:02:07.134Z</time>
</trkpt>
<trkpt lat="41.9853357" lon="2.9135837000000038">
<ele>460.5789993289038</ele>
<time>2026-08-28T09:02:08.134Z</time>
</trkpt>
<trkpt lat="41.9853068" lon="2.9137165999999866">
<ele>460.44459938393396</ele>
<time>2026-08-28T09:02:09.134Z</time>
</trkpt>
<trkpt lat="41.985278" lon="2.9138509">
<ele>459.1211186726248</ele>
<time>2026-08-28T09:02:10.134Z</time>
</trkpt>
<trkpt lat="41.9852479" lon="2.9139835000000005">
<ele>458.0070341661498</ele>
<time>2026-08-28T09:02:11.133Z</time>
</trkpt>
<trkpt lat="41.9852184" lon="2.9141162999999892">
<ele>457.57919540106894</ele>
<time>2026-08-28T09:02:12.134Z</time>
</trkpt>
<trkpt lat="41.9851915" lon="2.9142524000000094">
<ele>457.50112080772317</ele>
<time>2026-08-28T09:02:13.133Z</time>
</trkpt>
<trkpt lat="41.9851725" lon="2.914388900000006">
<ele>457.51769759631765</ele>
<time>2026-08-28T09:02:14.133Z</time>
</trkpt>
<trkpt lat="41.9851633" lon="2.914525999999995">
<ele>456.7915671547829</ele>
<time>2026-08-28T09:02:15.134Z</time>
</trkpt>
<trkpt lat="41.9851555" lon="2.9146636000000115">
<ele>455.5422091039674</ele>
<time>2026-08-28T09:02:16.133Z</time>
</trkpt>
<trkpt lat="41.9851485" lon="2.9148045999999965">
<ele>455.2478134786958</ele>
<time>2026-08-28T09:02:17.134Z</time>
</trkpt>
<trkpt lat="41.9851403" lon="2.914946200000003">
<ele>454.1633958940708</ele>
<time>2026-08-28T09:02:18.134Z</time>
</trkpt>
<trkpt lat="41.9851226" lon="2.9150895999999875">
<ele>453.4667886641413</ele>
<time>2026-08-28T09:02:19.134Z</time>
</trkpt>
<trkpt lat="41.9850952" lon="2.915234099999992">
<ele>452.67281053331897</ele>
<time>2026-08-28T09:02:20.134Z</time>
</trkpt>
<trkpt lat="41.985066" lon="2.915381800000006">
<ele>452.1767946076035</ele>
<time>2026-08-28T09:02:21.134Z</time>
</trkpt>
<trkpt lat="41.9850323" lon="2.9155246999999918">
<ele>451.1921672293527</ele>
<time>2026-08-28T09:02:22.134Z</time>
</trkpt>
<trkpt lat="41.984997" lon="2.915661">
<ele>450.34256048576214</ele>
<time>2026-08-28T09:02:23.134Z</time>
</trkpt>
<trkpt lat="41.984962" lon="2.9157921000000044">
<ele>449.1789420790494</ele>
<time>2026-08-28T09:02:24.134Z</time>
</trkpt>
<trkpt lat="41.9849291" lon="2.9159158999999875">
<ele>448.0020571372517</ele>
<time>2026-08-28T09:02:25.134Z</time>
</trkpt>
<trkpt lat="41.9848858" lon="2.916032400000006">
<ele>447.49481812643313</ele>
<time>2026-08-28T09:02:26.133Z</time>
</trkpt>
<trkpt lat="41.9848309" lon="2.916130199999998">
<ele>446.51645321161436</ele>
<time>2026-08-28T09:02:27.134Z</time>
</trkpt>
<trkpt lat="41.984768" lon="2.9162192000000005">
<ele>445.0760411707659</ele>
<time>2026-08-28T09:02:28.134Z</time>
</trkpt>
<trkpt lat="41.9847015" lon="2.916307499999988">
<ele>443.94159189247455</ele>
<time>2026-08-28T09:02:29.134Z</time>
</trkpt>
<trkpt lat="41.9846483" lon="2.916411399999987">
<ele>442.86347635279117</ele>
<time>2026-08-28T09:02:30.134Z</time>
</trkpt>
<trkpt lat="41.9846175" lon="2.9165160999999955">
<ele>442.6724785645883</ele>
<time>2026-08-28T09:02:31.134Z</time>
</trkpt>
<trkpt lat="41.9846072" lon="2.916636600000004">
<ele>442.37758948068273</ele>
<time>2026-08-28T09:02:32.134Z</time>
</trkpt>
<trkpt lat="41.9846262" lon="2.916762299999988">
<ele>441.85765305450195</ele>
<time>2026-08-28T09:02:33.134Z</time>
</trkpt>
<trkpt lat="41.984654" lon="2.916889700000013">
<ele>441.3915975129708</ele>
<time>2026-08-28T09:02:34.134Z</time>
</trkpt>
<trkpt lat="41.984683" lon="2.917019500000009">
<ele>441.8603511245766</ele>
<time>2026-08-28T09:02:35.134Z</time>
</trkpt>
<trkpt lat="41.9847081" lon="2.9171604">
<ele>442.0840550031706</ele>
<time>2026-08-28T09:02:36.134Z</time>
</trkpt>
<trkpt lat="41.9847338" lon="2.917301100000003">
<ele>441.64949620866554</ele>
<time>2026-08-28T09:02:37.134Z</time>
</trkpt>
<trkpt lat="41.984761" lon="2.9174423000000047">
<ele>440.17753905970045</ele>
<time>2026-08-28T09:02:38.134Z</time>
</trkpt>
<trkpt lat="41.9847883" lon="2.9175888999999984">
<ele>440.4865823279486</ele>
<time>2026-08-28T09:02:39.134Z</time>
</trkpt>
<trkpt lat="41.9848163" lon="2.9177342000000124">
<ele>440.14589503886</ele>
<time>2026-08-28T09:02:40.134Z</time>
</trkpt>
<trkpt lat="41.9848358" lon="2.9178820999999857">
<ele>439.7984591192198</ele>
<time>2026-08-28T09:02:41.133Z</time>
</trkpt>
<trkpt lat="41.9848618" lon="2.918033699999995">
<ele>439.82113360101886</ele>
<time>2026-08-28T09:02:42.134Z</time>
</trkpt>
<trkpt lat="41.9848881" lon="2.9181877999999983">
<ele>439.84900493848727</ele>
<time>2026-08-28T09:02:43.133Z</time>
</trkpt>
<trkpt lat="41.9849095" lon="2.918349400000011">
<ele>440.00446962087705</ele>
<time>2026-08-28T09:02:44.134Z</time>
</trkpt>
<trkpt lat="41.9849326" lon="2.9185014999999908">
<ele>439.28961933134894</ele>
<time>2026-08-28T09:02:45.134Z</time>
</trkpt>
<trkpt lat="41.9849517" lon="2.918656700000014">
<ele>438.70685202706187</ele>
<time>2026-08-28T09:02:46.133Z</time>
</trkpt>
<trkpt lat="41.9849584" lon="2.9188053000000025">
<ele>438.8796317855044</ele>
<time>2026-08-28T09:02:47.134Z</time>
</trkpt>
<trkpt lat="41.9849525" lon="2.918950300000006">
<ele>438.9705564159375</ele>
<time>2026-08-28T09:02:48.134Z</time>
</trkpt>
<trkpt lat="41.984932" lon="2.919086600000014">
<ele>439.2610371400611</ele>
<time>2026-08-28T09:02:49.134Z</time>
</trkpt>
<trkpt lat="41.9848944" lon="2.919214799999992">
<ele>439.8001426527709</ele>
<time>2026-08-28T09:02:50.134Z</time>
</trkpt>
<trkpt lat="41.9848532" lon="2.919341800000012">
<ele>440.43181138299775</ele>
<time>2026-08-28T09:02:51.133Z</time>
</trkpt>
<trkpt lat="41.9847989" lon="2.919465500000001">
<ele>441.0635118785371</ele>
<time>2026-08-28T09:02:52.134Z</time>
</trkpt>
<trkpt lat="41.9847502" lon="2.9195895000000007">
<ele>441.94242654724087</ele>
<time>2026-08-28T09:02:53.134Z</time>
</trkpt>
<trkpt lat="41.9846981" lon="2.9197077999999976">
<ele>442.3295254601394</ele>
<time>2026-08-28T09:02:54.134Z</time>
</trkpt>
<trkpt lat="41.9846433" lon="2.919828899999999">
<ele>443.155846002698</ele>
<time>2026-08-28T09:02:55.133Z</time>
</trkpt>
<trkpt lat="41.9845906" lon="2.919957199999999">
<ele>443.95989324488175</ele>
<time>2026-08-28T09:02:56.134Z</time>
</trkpt>
<trkpt lat="41.9845439" lon="2.920073000000002">
<ele>443.74927755083775</ele>
<time>2026-08-28T09:02:57.133Z</time>
</trkpt>
<trkpt lat="41.9845048" lon="2.9201923999999906">
<ele>444.0836498792554</ele>
<time>2026-08-28T09:02:58.134Z</time>
</trkpt>
<trkpt lat="41.984477" lon="2.920321300000012">
<ele>444.28786618416694</ele>
<time>2026-08-28T09:02:59.133Z</time>
</trkpt>
<trkpt lat="41.9844621" lon="2.920451000000014">
<ele>444.6975538724335</ele>
<time>2026-08-28T09:03:00.133Z</time>
</trkpt>
<trkpt lat="41.9844607" lon="2.920578400000011">
<ele>445.64759367576283</ele>
<time>2026-08-28T09:03:01.134Z</time>
</trkpt>
<trkpt lat="41.9844834" lon="2.9207025000000044">
<ele>444.89972064583765</ele>
<time>2026-08-28T09:03:02.134Z</time>
</trkpt>
<trkpt lat="41.984519" lon="2.9208131999999978">
<ele>444.84548875555134</ele>
<time>2026-08-28T09:03:03.134Z</time>
</trkpt>
<trkpt lat="41.9845647" lon="2.920925799999992">
<ele>445.38864105735433</ele>
<time>2026-08-28T09:03:04.134Z</time>
</trkpt>
<trkpt lat="41.9846162" lon="2.9210339999999917">
<ele>445.1080030104285</ele>
<time>2026-08-28T09:03:05.133Z</time>
</trkpt>
<trkpt lat="41.9846611" lon="2.921146099999987">
<ele>445.0541507582487</ele>
<time>2026-08-28T09:03:06.134Z</time>
</trkpt>
<trkpt lat="41.9846977" lon="2.921262200000001">
<ele>444.43070925119207</ele>
<time>2026-08-28T09:03:07.134Z</time>
</trkpt>
<trkpt lat="41.984716" lon="2.921377299999989">
<ele>444.3585358717256</ele>
<time>2026-08-28T09:03:08.134Z</time>
</trkpt>
<trkpt lat="41.9847141" lon="2.921489400000013">
<ele>444.46778206359363</ele>
<time>2026-08-28T09:03:09.134Z</time>
</trkpt>
<trkpt lat="41.9846797" lon="2.921590600000002">
<ele>444.02864067621084</ele>
<time>2026-08-28T09:03:10.133Z</time>
</trkpt>
<trkpt lat="41.9846188" lon="2.9216670000000136">
<ele>443.3912652730052</ele>
<time>2026-08-28T09:03:11.134Z</time>
</trkpt>
<trkpt lat="41.9845435" lon="2.921726299999989">
<ele>443.1271364688312</ele>
<time>2026-08-28T09:03:12.134Z</time>
</trkpt>
<trkpt lat="41.9844599" lon="2.9217754999999954">
<ele>443.004833298819</ele>
<time>2026-08-28T09:03:13.134Z</time>
</trkpt>
<trkpt lat="41.984374" lon="2.9218271999999956">
<ele>442.93400599629103</ele>
<time>2026-08-28T09:03:14.134Z</time>
</trkpt>
<trkpt lat="41.9842895" lon="2.921875099999994">
<ele>442.5468680471144</ele>
<time>2026-08-28T09:03:15.134Z</time>
</trkpt>
<trkpt lat="41.984215" lon="2.9219348999999966">
<ele>442.0332282777954</ele>
<time>2026-08-28T09:03:16.134Z</time>
</trkpt>
<trkpt lat="41.9841472" lon="2.9220143000000007">
<ele>441.2771551457075</ele>
<time>2026-08-28T09:03:17.134Z</time>
</trkpt>
<trkpt lat="41.9841034" lon="2.9221171000000083">
<ele>440.2739094504363</ele>
<time>2026-08-28T09:03:18.134Z</time>
</trkpt>
<trkpt lat="41.9840902" lon="2.9222331999999938">
<ele>440.0044497956645</ele>
<time>2026-08-28T09:03:19.134Z</time>
</trkpt>
<trkpt lat="41.9840989" lon="2.922352999999987">
<ele>439.99345424707667</ele>
<time>2026-08-28T09:03:20.133Z</time>
</trkpt>
<trkpt lat="41.984114" lon="2.922467299999994">
<ele>439.6990026810527</ele>
<time>2026-08-28T09:03:21.133Z</time>
</trkpt>
<trkpt lat="41.984132" lon="2.9225773999999944">
<ele>439.49089269035886</ele>
<time>2026-08-28T09:03:22.134Z</time>
</trkpt>
<trkpt lat="41.9841408" lon="2.922688999999991">
<ele>438.94179857644673</ele>
<time>2026-08-28T09:03:23.134Z</time>
</trkpt>
<trkpt lat="41.984129" lon="2.9227902000000086">
<ele>438.5228815911199</ele>
<time>2026-08-28T09:03:24.134Z</time>
</trkpt>
<trkpt lat="41.9840902" lon="2.9228908000000047">
<ele>438.2775006901721</ele>
<time>2026-08-28T09:03:25.134Z</time>
</trkpt>
<trkpt lat="41.9840294" lon="2.922965299999987">
<ele>438.01566162996556</ele>
<time>2026-08-28T09:03:26.134Z</time>
</trkpt>
<trkpt lat="41.9839527" lon="2.923017399999992">
<ele>437.98422433179405</ele>
<time>2026-08-28T09:03:27.134Z</time>
</trkpt>
<trkpt lat="41.9838601" lon="2.92304630000001">
<ele>437.16538092318604</ele>
<time>2026-08-28T09:03:28.133Z</time>
</trkpt>
<trkpt lat="41.9837587" lon="2.923055099999999">
<ele>436.487131653044</ele>
<time>2026-08-28T09:03:29.134Z</time>
</trkpt>
<trkpt lat="41.9836587" lon="2.9230579999999975">
<ele>435.4852482755875</ele>
<time>2026-08-28T09:03:30.133Z</time>
</trkpt>
<trkpt lat="41.9835548" lon="2.9230566999999894">
<ele>434.89786898048567</ele>
<time>2026-08-28T09:03:31.134Z</time>
</trkpt>
<trkpt lat="41.9834516" lon="2.923063799999994">
<ele>434.5762757963679</ele>
<time>2026-08-28T09:03:32.133Z</time>
</trkpt>
<trkpt lat="41.9833492" lon="2.923077599999999">
<ele>433.95000575840254</ele>
<time>2026-08-28T09:03:33.134Z</time>
</trkpt>
<trkpt lat="41.9832589" lon="2.9231109000000117">
<ele>432.886585643643</ele>
<time>2026-08-28T09:03:34.134Z</time>
</trkpt>
<trkpt lat="41.9831862" lon="2.9231704999999977">
<ele>432.0879507839032</ele>
<time>2026-08-28T09:03:35.134Z</time>
</trkpt>
<trkpt lat="41.9831171" lon="2.923261200000013">
<ele>431.44356553646077</ele>
<time>2026-08-28T09:03:36.134Z</time>
</trkpt>
<trkpt lat="41.9830653" lon="2.923369600000001">
<ele>430.82702452793734</ele>
<time>2026-08-28T09:03:37.134Z</time>
</trkpt>
<trkpt lat="41.983025" lon="2.9234845000000007">
<ele>430.9823002143664</ele>
<time>2026-08-28T09:03:38.133Z</time>
</trkpt>
<trkpt lat="41.9829927" lon="2.9236008999999967">
<ele>430.0755276375218</ele>
<time>2026-08-28T09:03:39.133Z</time>
</trkpt>
<trkpt lat="41.9829582" lon="2.923711499999996">
<ele>429.37372213467904</ele>
<time>2026-08-28T09:03:40.134Z</time>
</trkpt>
<trkpt lat="41.982916" lon="2.923817000000014">
<ele>429.2171777611099</ele>
<time>2026-08-28T09:03:41.134Z</time>
</trkpt>
<trkpt lat="41.9828562" lon="2.9239049999999907">
<ele>428.16400779993984</ele>
<time>2026-08-28T09:03:42.133Z</time>
</trkpt>
<trkpt lat="41.9827896" lon="2.9239795999999956">
<ele>427.293423872106</ele>
<time>2026-08-28T09:03:43.134Z</time>
</trkpt>
<trkpt lat="41.982714" lon="2.924044500000008">
<ele>426.83982086221897</ele>
<time>2026-08-28T09:03:44.134Z</time>
</trkpt>
<trkpt lat="41.9826396" lon="2.924105300000008">
<ele>426.04041183250433</ele>
<time>2026-08-28T09:03:45.134Z</time>
</trkpt>
<trkpt lat="41.9825628" lon="2.9241700000000037">
<ele>425.34660137564066</ele>
<time>2026-08-28T09:03:46.133Z</time>
</trkpt>
<trkpt lat="41.9824925" lon="2.9242471000000023">
<ele>424.70355889426975</ele>
<time>2026-08-28T09:03:47.134Z</time>
</trkpt>
<trkpt lat="41.9824431" lon="2.9243437000000085">
<ele>424.611295958552</ele>
<time>2026-08-28T09:03:48.134Z</time>
</trkpt>
<trkpt lat="41.9824059" lon="2.9244520999999963">
<ele>424.46059723108345</ele>
<time>2026-08-28T09:03:49.133Z</time>
</trkpt>
<trkpt lat="41.9823699" lon="2.9245607000000007">
<ele>423.7932124768644</ele>
<time>2026-08-28T09:03:50.133Z</time>
</trkpt>
<trkpt lat="41.9823212" lon="2.9246623999999883">
<ele>423.3738202069516</ele>
<time>2026-08-28T09:03:51.134Z</time>
</trkpt>
<trkpt lat="41.9822531" lon="2.9247430000000065">
<ele>422.1778450524839</ele>
<time>2026-08-28T09:03:52.133Z</time>
</trkpt>
<trkpt lat="41.982178" lon="2.924808000000013">
<ele>421.0322978520032</ele>
<time>2026-08-28T09:03:53.133Z</time>
</trkpt>
<trkpt lat="41.9821074" lon="2.9248758999999893">
<ele>419.8591052875589</ele>
<time>2026-08-28T09:03:54.133Z</time>
</trkpt>
<trkpt lat="41.9820411" lon="2.9249478000000124">
<ele>418.6021704662257</ele>
<time>2026-08-28T09:03:55.134Z</time>
</trkpt>
<trkpt lat="41.9819829" lon="2.925030899999996">
<ele>418.2512494878426</ele>
<time>2026-08-28T09:03:56.134Z</time>
</trkpt>
<trkpt lat="41.9819516" lon="2.9251324999999895">
<ele>417.5050768778945</ele>
<time>2026-08-28T09:03:57.134Z</time>
</trkpt>
<trkpt lat="41.9819436" lon="2.9252448000000015">
<ele>417.2305494137416</ele>
<time>2026-08-28T09:03:58.134Z</time>
</trkpt>
<trkpt lat="41.9819599" lon="2.925356700000009">
<ele>416.20248102996885</ele>
<time>2026-08-28T09:03:59.134Z</time>
</trkpt>
<trkpt lat="41.9820014" lon="2.925448999999986">
<ele>415.1690846108283</ele>
<time>2026-08-28T09:04:00.133Z</time>
</trkpt>
<trkpt lat="41.9820542" lon="2.925540600000005">
<ele>415.02826809593995</ele>
<time>2026-08-28T09:04:01.134Z</time>
</trkpt>
<trkpt lat="41.9821077" lon="2.925635099999994">
<ele>414.86252951969914</ele>
<time>2026-08-28T09:04:02.134Z</time>
</trkpt>
<trkpt lat="41.9821597" lon="2.9257412000000045">
<ele>414.6058891968978</ele>
<time>2026-08-28T09:04:03.133Z</time>
</trkpt>
<trkpt lat="41.9821991" lon="2.925853200000006">
<ele>414.1174651154994</ele>
<time>2026-08-28T09:04:04.134Z</time>
</trkpt>
<trkpt lat="41.9822248" lon="2.9259786000000076">
<ele>413.19509786291775</ele>
<time>2026-08-28T09:04:05.134Z</time>
</trkpt>
<trkpt lat="41.9822372" lon="2.9261061999999924">
<ele>412.89009215770295</ele>
<time>2026-08-28T09:04:06.133Z</time>
</trkpt>
<trkpt lat="41.982253" lon="2.926233200000013">
<ele>411.3796275400214</ele>
<time>2026-08-28T09:04:07.134Z</time>
</trkpt>
<trkpt lat="41.9822755" lon="2.926354800000013">
<ele>411.24294790616943</ele>
<time>2026-08-28T09:04:08.133Z</time>
</trkpt>
<trkpt lat="41.9823202" lon="2.9264630000000125">
<ele>410.69399609686474</ele>
<time>2026-08-28T09:04:09.134Z</time>
</trkpt>
<trkpt lat="41.9823879" lon="2.9265589000000034">
<ele>409.9701204106977</ele>
<time>2026-08-28T09:04:10.134Z</time>
</trkpt>
<trkpt lat="41.9824694" lon="2.9266442999999924">
<ele>409.50994229730003</ele>
<time>2026-08-28T09:04:11.134Z</time>
</trkpt>
<trkpt lat="41.9825625" lon="2.926715300000012">
<ele>409.0789733521274</ele>
<time>2026-08-28T09:04:12.134Z</time>
</trkpt>
<trkpt lat="41.9826485" lon="2.9267957000000138">
<ele>407.70334462050346</ele>
<time>2026-08-28T09:04:13.134Z</time>
</trkpt>
<trkpt lat="41.9827325" lon="2.9268912">
<ele>406.6778764860946</ele>
<time>2026-08-28T09:04:14.134Z</time>
</trkpt>
<trkpt lat="41.9828073" lon="2.9269921000000068">
<ele>405.99321459744607</ele>
<time>2026-08-28T09:04:15.134Z</time>
</trkpt>
<trkpt lat="41.9828909" lon="2.9270952999999906">
<ele>405.42240247108305</ele>
<time>2026-08-28T09:04:16.134Z</time>
</trkpt>
<trkpt lat="41.9829839" lon="2.927176000000003">
<ele>405.157335240209</ele>
<time>2026-08-28T09:04:17.134Z</time>
</trkpt>
<trkpt lat="41.9830777" lon="2.9272446999999886">
<ele>404.4425918674839</ele>
<time>2026-08-28T09:04:18.134Z</time>
</trkpt>
<trkpt lat="41.9831779" lon="2.9273157000000083">
<ele>403.0693182340595</ele>
<time>2026-08-28T09:04:19.134Z</time>
</trkpt>
<trkpt lat="41.9832824" lon="2.9273814000000016">
<ele>401.4001684369112</ele>
<time>2026-08-28T09:04:20.134Z</time>
</trkpt>
<trkpt lat="41.9833821" lon="2.927445199999994">
<ele>400.16297416179367</ele>
<time>2026-08-28T09:04:21.134Z</time>
</trkpt>
<trkpt lat="41.9834718" lon="2.9275126">
<ele>399.75672484260633</ele>
<time>2026-08-28T09:04:22.134Z</time>
</trkpt>
<trkpt lat="41.9835498" lon="2.9275989999999865">
<ele>399.3171085755297</ele>
<time>2026-08-28T09:04:23.134Z</time>
</trkpt>
<trkpt lat="41.9836169" lon="2.927703600000001">
<ele>398.27264787028446</ele>
<time>2026-08-28T09:04:24.134Z</time>
</trkpt>
<trkpt lat="41.9836802" lon="2.9278233">
<ele>397.4016903643626</ele>
<time>2026-08-28T09:04:25.133Z</time>
</trkpt>
<trkpt lat="41.983743" lon="2.92790260000001">
<ele>396.151055485531</ele>
<time>2026-08-28T09:04:26.134Z</time>
</trkpt>
<trkpt lat="41.9838228" lon="2.9279612999999927">
<ele>394.8762816520594</ele>
<time>2026-08-28T09:04:27.134Z</time>
</trkpt>
<trkpt lat="41.9839127" lon="2.927990099999988">
<ele>394.24157762846573</ele>
<time>2026-08-28T09:04:28.133Z</time>
</trkpt>
<trkpt lat="41.9840062" lon="2.927998500000001">
<ele>394.10827894941934</ele>
<time>2026-08-28T09:04:29.134Z</time>
</trkpt>
<trkpt lat="41.9840997" lon="2.9280066999999974">
<ele>393.7020823264425</ele>
<time>2026-08-28T09:04:30.134Z</time>
</trkpt>
<trkpt lat="41.9841875" lon="2.9280320000000017">
<ele>393.4952842423995</ele>
<time>2026-08-28T09:04:31.134Z</time>
</trkpt>
<trkpt lat="41.9842751" lon="2.928075199999995">
<ele>392.9924765857483</ele>
<time>2026-08-28T09:04:32.134Z</time>
</trkpt>
<trkpt lat="41.9843607" lon="2.928144500000002">
<ele>392.67999987764995</ele>
<time>2026-08-28T09:04:33.134Z</time>
</trkpt>
<trkpt lat="41.9844334" lon="2.9282427999999925">
<ele>391.2557931831303</ele>
<time>2026-08-28T09:04:34.134Z</time>
</trkpt>
<trkpt lat="41.9845069" lon="2.9283537000000024">
<ele>390.4154125469699</ele>
<time>2026-08-28T09:04:35.134Z</time>
</trkpt>
<trkpt lat="41.9845742" lon="2.9284628999999995">
<ele>389.79707240036913</ele>
<time>2026-08-28T09:04:36.134Z</time>
</trkpt>
<trkpt lat="41.9846475" lon="2.928571000000005">
<ele>388.85069221544535</ele>
<time>2026-08-28T09:04:37.134Z</time>
</trkpt>
<trkpt lat="41.9847223" lon="2.928678700000006">
<ele>387.92168600770293</ele>
<time>2026-08-28T09:04:38.134Z</time>
</trkpt>
<trkpt lat="41.9847908" lon="2.9287860000000023">
<ele>387.05477972859995</ele>
<time>2026-08-28T09:04:39.133Z</time>
</trkpt>
<trkpt lat="41.9848481" lon="2.9288934999999867">
<ele>386.5806506275562</ele>
<time>2026-08-28T09:04:40.134Z</time>
</trkpt>
<trkpt lat="41.984889" lon="2.9290095000000065">
<ele>385.9643297646874</ele>
<time>2026-08-28T09:04:41.134Z</time>
</trkpt>
<trkpt lat="41.9849114" lon="2.9291377000000125">
<ele>384.7848386653985</ele>
<time>2026-08-28T09:04:42.134Z</time>
</trkpt>
<trkpt lat="41.984932" lon="2.9292700999999965">
<ele>383.89277312653934</ele>
<time>2026-08-28T09:04:43.134Z</time>
</trkpt>
<trkpt lat="41.9849626" lon="2.929390500000011">
<ele>383.424084005522</ele>
<time>2026-08-28T09:04:44.134Z</time>
</trkpt>
<trkpt lat="41.9850055" lon="2.9295119999999883">
<ele>382.66019466203323</ele>
<time>2026-08-28T09:04:45.134Z</time>
</trkpt>
<trkpt lat="41.9850524" lon="2.929633200000012">
<ele>381.7636636860478</ele>
<time>2026-08-28T09:04:46.134Z</time>
</trkpt>
<trkpt lat="41.9850991" lon="2.929755400000005">
<ele>380.5250159236005</ele>
<time>2026-08-28T09:04:47.134Z</time>
</trkpt>
<trkpt lat="41.985139" lon="2.929885399999989">
<ele>378.9171861244979</ele>
<time>2026-08-28T09:04:48.133Z</time>
</trkpt>
<trkpt lat="41.9851662" lon="2.930006600000013">
<ele>377.8157247314202</ele>
<time>2026-08-28T09:04:49.134Z</time>
</trkpt>
<trkpt lat="41.9852018" lon="2.930112600000001">
<ele>376.42998252799003</ele>
<time>2026-08-28T09:04:50.134Z</time>
</trkpt>
<trkpt lat="41.9852537" lon="2.9302002999999957">
<ele>375.53138286340925</ele>
<time>2026-08-28T09:04:51.133Z</time>
</trkpt>
<trkpt lat="41.985328" lon="2.930269299999992">
<ele>375.2546113988109</ele>
<time>2026-08-28T09:04:52.133Z</time>
</trkpt>
<trkpt lat="41.9854119" lon="2.9303125000000136">
<ele>375.0603673695756</ele>
<time>2026-08-28T09:04:53.134Z</time>
</trkpt>
<trkpt lat="41.9855035" lon="2.9303430999999875">
<ele>373.847987420499</ele>
<time>2026-08-28T09:04:54.134Z</time>
</trkpt>
<trkpt lat="41.985588" lon="2.9303669999999897">
<ele>372.274408834401</ele>
<time>2026-08-28T09:04:55.133Z</time>
</trkpt>
<trkpt lat="41.9856692" lon="2.930399300000005">
<ele>371.9600316121406</ele>
<time>2026-08-28T09:04:56.134Z</time>
</trkpt>
<trkpt lat="41.9857412" lon="2.930449600000003">
<ele>371.08005062657384</ele>
<time>2026-08-28T09:04:57.134Z</time>
</trkpt>
<trkpt lat="41.9858079" lon="2.930517699999996">
<ele>370.07663077499365</ele>
<time>2026-08-28T09:04:58.134Z</time>
</trkpt>
<trkpt lat="41.9858607" lon="2.930619500000006">
<ele>369.3918208572852</ele>
<time>2026-08-28T09:04:59.134Z</time>
</trkpt>
<trkpt lat="41.9858881" lon="2.9307263999999975">
<ele>368.5685118605948</ele>
<time>2026-08-28T09:05:00.134Z</time>
</trkpt>
<trkpt lat="41.9859002" lon="2.930836599999992">
<ele>368.048766152619</ele>
<time>2026-08-28T09:05:01.134Z</time>
</trkpt>
<trkpt lat="41.9858822" lon="2.9309484000000054">
<ele>366.9431558285419</ele>
<time>2026-08-28T09:05:02.134Z</time>
</trkpt>
<trkpt lat="41.9858338" lon="2.9310548999999924">
<ele>365.748097210013</ele>
<time>2026-08-28T09:05:03.134Z</time>
</trkpt>
<trkpt lat="41.9857685" lon="2.931145700000002">
<ele>364.7495042489937</ele>
<time>2026-08-28T09:05:04.134Z</time>
</trkpt>
<trkpt lat="41.9856879" lon="2.9312122000000045">
<ele>363.99647000385625</ele>
<time>2026-08-28T09:05:05.133Z</time>
</trkpt>
<trkpt lat="41.9855999" lon="2.9312505999999985">
<ele>362.9937373353915</ele>
<time>2026-08-28T09:05:06.133Z</time>
</trkpt>
<trkpt lat="41.9855012" lon="2.931280700000002">
<ele>362.32297026691697</ele>
<time>2026-08-28T09:05:07.134Z</time>
</trkpt>
<trkpt lat="41.985397" lon="2.9313009999999906">
<ele>361.29154840767114</ele>
<time>2026-08-28T09:05:08.134Z</time>
</trkpt>
<trkpt lat="41.9852929" lon="2.9313166000000024">
<ele>360.07183137930286</ele>
<time>2026-08-28T09:05:09.134Z</time>
</trkpt>
<trkpt lat="41.985189" lon="2.9313370000000134">
<ele>359.1804659756864</ele>
<time>2026-08-28T09:05:10.133Z</time>
</trkpt>
<trkpt lat="41.9850941" lon="2.9313675999999873">
<ele>357.7034588264949</ele>
<time>2026-08-28T09:05:11.134Z</time>
</trkpt>
<trkpt lat="41.9850095" lon="2.931414700000005">
<ele>356.2488188051438</ele>
<time>2026-08-28T09:05:12.134Z</time>
</trkpt>
<trkpt lat="41.9849466" lon="2.931498000000005">
<ele>355.12128638891033</ele>
<time>2026-08-28T09:05:13.134Z</time>
</trkpt>
<trkpt lat="41.9849006" lon="2.9315970000000107">
<ele>354.8250142747688</ele>
<time>2026-08-28T09:05:14.134Z</time>
</trkpt>
<trkpt lat="41.9848858" lon="2.9317088999999896">
<ele>354.1684558153981</ele>
<time>2026-08-28T09:05:15.134Z</time>
</trkpt>
<trkpt lat="41.9848991" lon="2.9318197999999995">
<ele>354.0898968184718</ele>
<time>2026-08-28T09:05:16.134Z</time>
</trkpt>
<trkpt lat="41.984931" lon="2.9319203999999957">
<ele>352.73478472488466</ele>
<time>2026-08-28T09:05:17.134Z</time>
</trkpt>
<trkpt lat="41.984987" lon="2.93200250000001">
<ele>352.800413113126</ele>
<time>2026-08-28T09:05:18.134Z</time>
</trkpt>
<trkpt lat="41.9850511" lon="2.9320822999999905">
<ele>352.58786644899396</ele>
<time>2026-08-28T09:05:19.133Z</time>
</trkpt>
<trkpt lat="41.9851208" lon="2.9321708999999885">
<ele>351.8459756983351</ele>
<time>2026-08-28T09:05:20.133Z</time>
</trkpt>
<trkpt lat="41.9851871" lon="2.9322502999999926">
<ele>351.0931086939725</ele>
<time>2026-08-28T09:05:21.134Z</time>
</trkpt>
<trkpt lat="41.9852479" lon="2.932331799999986">
<ele>350.3878413263483</ele>
<time>2026-08-28T09:05:22.134Z</time>
</trkpt>
<trkpt lat="41.9853059" lon="2.9324234000000047">
<ele>349.5113211367473</ele>
<time>2026-08-28T09:05:23.134Z</time>
</trkpt>
<trkpt lat="41.9853513" lon="2.932527300000004">
<ele>348.99668555582645</ele>
<time>2026-08-28T09:05:24.134Z</time>
</trkpt>
<trkpt lat="41.9853792" lon="2.9326335000000086">
<ele>348.1247116149353</ele>
<time>2026-08-28T09:05:25.134Z</time>
</trkpt>
<trkpt lat="41.9853899" lon="2.93275220000001">
<ele>347.39886028405385</ele>
<time>2026-08-28T09:05:26.134Z</time>
</trkpt>
<trkpt lat="41.9853707" lon="2.9328825999999992">
<ele>346.30499411117097</ele>
<time>2026-08-28T09:05:27.134Z</time>
</trkpt>
<trkpt lat="41.9853458" lon="2.933007800000013">
<ele>345.6898317519884</ele>
<time>2026-08-28T09:05:28.134Z</time>
</trkpt>
<trkpt lat="41.9853216" lon="2.9331358999999964">
<ele>344.90315752837074</ele>
<time>2026-08-28T09:05:29.134Z</time>
</trkpt>
<trkpt lat="41.9852928" lon="2.9332756000000018">
<ele>343.448696946782</ele>
<time>2026-08-28T09:05:30.134Z</time>
</trkpt>
<trkpt lat="41.9852601" lon="2.9334144000000038">
<ele>342.1551401259124</ele>
<time>2026-08-28T09:05:31.133Z</time>
</trkpt>
<trkpt lat="41.9852241" lon="2.933549699999986">
<ele>341.20946176859724</ele>
<time>2026-08-28T09:05:32.133Z</time>
</trkpt>
<trkpt lat="41.9851777" lon="2.9336695000000077">
<ele>339.77855051090177</ele>
<time>2026-08-28T09:05:33.133Z</time>
</trkpt>
<trkpt lat="41.9851163" lon="2.933773000000002">
<ele>339.128147756588</ele>
<time>2026-08-28T09:05:34.134Z</time>
</trkpt>
<trkpt lat="41.9850414" lon="2.933863400000007">
<ele>338.63221262529197</ele>
<time>2026-08-28T09:05:35.133Z</time>
</trkpt>
<trkpt lat="41.9849583" lon="2.933942000000002">
<ele>337.8128817893202</ele>
<time>2026-08-28T09:05:36.134Z</time>
</trkpt>
<trkpt lat="41.9848739" lon="2.934021300000012">
<ele>337.1088808762535</ele>
<time>2026-08-28T09:05:37.134Z</time>
</trkpt>
<trkpt lat="41.9847866" lon="2.934101400000003">
<ele>335.92833562921766</ele>
<time>2026-08-28T09:05:38.134Z</time>
</trkpt>
<trkpt lat="41.9847029" lon="2.9341922000000125">
<ele>335.4072502811967</ele>
<time>2026-08-28T09:05:39.133Z</time>
</trkpt>
<trkpt lat="41.9846204" lon="2.934281999999996">
<ele>334.39315048909936</ele>
<time>2026-08-28T09:05:40.133Z</time>
</trkpt>
<trkpt lat="41.9845373" lon="2.9343676000000016">
<ele>332.0758902212398</ele>
<time>2026-08-28T09:05:41.134Z</time>
</trkpt>
<trkpt lat="41.9844578" lon="2.9344408000000044">
<ele>329.9939313245315</ele>
<time>2026-08-28T09:05:42.134Z</time>
</trkpt>
<trkpt lat="41.9843819" lon="2.9344997000000035">
<ele>328.73404091337756</ele>
<time>2026-08-28T09:05:43.134Z</time>
</trkpt>
<trkpt lat="41.9843064" lon="2.9345261999999934">
<ele>328.31719748425195</ele>
<time>2026-08-28T09:05:44.134Z</time>
</trkpt>
<trkpt lat="41.9842366" lon="2.934525199999996">
<ele>327.62261794585834</ele>
<time>2026-08-28T09:05:45.134Z</time>
</trkpt>
<trkpt lat="41.9841702" lon="2.934490299999993">
<ele>327.59065269092423</ele>
<time>2026-08-28T09:05:46.134Z</time>
</trkpt>
<trkpt lat="41.984115" lon="2.9344263000000126">
<ele>326.49636822132356</ele>
<time>2026-08-28T09:05:47.134Z</time>
</trkpt>
<trkpt lat="41.9840743" lon="2.9343470999999965">
<ele>326.1034656341651</ele>
<time>2026-08-28T09:05:48.134Z</time>
</trkpt>
<trkpt lat="41.9840344" lon="2.934245000000004">
<ele>324.65921313512877</ele>
<time>2026-08-28T09:05:49.134Z</time>
</trkpt>
<trkpt lat="41.9840108" lon="2.9341295000000116">
<ele>323.3528869934384</ele>
<time>2026-08-28T09:05:50.134Z</time>
</trkpt>
<trkpt lat="41.9839873" lon="2.9340119999999956">
<ele>322.38698727177683</ele>
<time>2026-08-28T09:05:51.134Z</time>
</trkpt>
<trkpt lat="41.9839508" lon="2.933903299999997">
<ele>321.1795052266046</ele>
<time>2026-08-28T09:05:52.134Z</time>
</trkpt>
<trkpt lat="41.9838996" lon="2.9338041999999973">
<ele>320.4187469143148</ele>
<time>2026-08-28T09:05:53.134Z</time>
</trkpt>
<trkpt lat="41.9838336" lon="2.9337136000000044">
<ele>320.02129448606877</ele>
<time>2026-08-28T09:05:54.134Z</time>
</trkpt>
<trkpt lat="41.9837586" lon="2.933632799999998">
<ele>318.77924499752106</ele>
<time>2026-08-28T09:05:55.133Z</time>
</trkpt>
<trkpt lat="41.983676" lon="2.933559500000001">
<ele>318.9514679357843</ele>
<time>2026-08-28T09:05:56.134Z</time>
</trkpt>
<trkpt lat="41.9836013" lon="2.9334829999999954">
<ele>318.54965506653264</ele>
<time>2026-08-28T09:05:57.133Z</time>
</trkpt>
<trkpt lat="41.9835414" lon="2.933386000000013">
<ele>317.0137376688691</ele>
<time>2026-08-28T09:05:58.134Z</time>
</trkpt>
<trkpt lat="41.9834975" lon="2.9332675999999935">
<ele>315.30657697218976</ele>
<time>2026-08-28T09:05:59.134Z</time>
</trkpt>
<trkpt lat="41.9834649" lon="2.9331334000000027">
<ele>313.7676645942815</ele>
<time>2026-08-28T09:06:00.134Z</time>
</trkpt>
<trkpt lat="41.9834344" lon="2.933001399999995">
<ele>311.59470340721003</ele>
<time>2026-08-28T09:06:01.133Z</time>
</trkpt>
<trkpt lat="41.9834048" lon="2.9328773999999953">
<ele>310.12074913641237</ele>
<time>2026-08-28T09:06:02.134Z</time>
</trkpt>
<trkpt lat="41.9833523" lon="2.9327696999999944">
<ele>308.9295431880359</ele>
<time>2026-08-28T09:06:03.134Z</time>
</trkpt>
<trkpt lat="41.9832832" lon="2.932695200000012">
<ele>308.5320481669702</ele>
<time>2026-08-28T09:06:04.134Z</time>
</trkpt>
<trkpt lat="41.9831925" lon="2.932640399999997">
<ele>308.16126165513026</ele>
<time>2026-08-28T09:06:05.133Z</time>
</trkpt>
<trkpt lat="41.9830961" lon="2.9326131999999916">
<ele>307.1538301127013</ele>
<time>2026-08-28T09:06:06.133Z</time>
</trkpt>
<trkpt lat="41.9830028" lon="2.9325761999999997">
<ele>306.7504142070911</ele>
<time>2026-08-28T09:06:07.134Z</time>
</trkpt>
<trkpt lat="41.9829122" lon="2.932535800000011">
<ele>305.74159362394573</ele>
<time>2026-08-28T09:06:08.134Z</time>
</trkpt>
<trkpt lat="41.9828296" lon="2.9324866000000043">
<ele>305.25946952871976</ele>
<time>2026-08-28T09:06:09.134Z</time>
</trkpt>
<trkpt lat="41.9827508" lon="2.9324147000000096">
<ele>304.7924709404631</ele>
<time>2026-08-28T09:06:10.134Z</time>
</trkpt>
<trkpt lat="41.9826892" lon="2.932317100000006">
<ele>303.9685205389333</ele>
<time>2026-08-28T09:06:11.133Z</time>
</trkpt>
<trkpt lat="41.9826398" lon="2.932209499999999">
<ele>301.96534515265006</ele>
<time>2026-08-28T09:06:12.134Z</time>
</trkpt>
<trkpt lat="41.9826004" lon="2.9320976999999857">
<ele>300.602711817521</ele>
<time>2026-08-28T09:06:13.134Z</time>
</trkpt>
<trkpt lat="41.9825736" lon="2.9319849999999974">
<ele>298.93620869819955</ele>
<time>2026-08-28T09:06:14.134Z</time>
</trkpt>
<trkpt lat="41.982544" lon="2.9318745999999862">
<ele>297.8353094581514</ele>
<time>2026-08-28T09:06:15.134Z</time>
</trkpt>
<trkpt lat="41.9825024" lon="2.9317848000000026">
<ele>296.5272040728926</ele>
<time>2026-08-28T09:06:16.134Z</time>
</trkpt>
<trkpt lat="41.9824419" lon="2.9317122999999867">
<ele>295.65657720373133</ele>
<time>2026-08-28T09:06:17.134Z</time>
</trkpt>
<trkpt lat="41.9823577" lon="2.9316737000000046">
<ele>295.50692501259573</ele>
<time>2026-08-28T09:06:18.134Z</time>
</trkpt>
<trkpt lat="41.9822692" lon="2.9316689999999994">
<ele>294.6206787420703</ele>
<time>2026-08-28T09:06:19.134Z</time>
</trkpt>
<trkpt lat="41.9821886" lon="2.9317092000000002">
<ele>293.68848872461353</ele>
<time>2026-08-28T09:06:20.134Z</time>
</trkpt>
<trkpt lat="41.9821165" lon="2.931781000000001">
<ele>293.32021297034464</ele>
<time>2026-08-28T09:06:21.134Z</time>
</trkpt>
<trkpt lat="41.9820565" lon="2.931876100000011">
<ele>293.39682946560686</ele>
<time>2026-08-28T09:06:22.134Z</time>
</trkpt>
<trkpt lat="41.9820003" lon="2.931976600000013">
<ele>292.7583011495012</ele>
<time>2026-08-28T09:06:23.134Z</time>
</trkpt>
<trkpt lat="41.9819425" lon="2.9320817999999917">
<ele>292.8185293221333</ele>
<time>2026-08-28T09:06:24.134Z</time>
</trkpt>
<trkpt lat="41.9818814" lon="2.9321899999999914">
<ele>291.6301145680804</ele>
<time>2026-08-28T09:06:25.134Z</time>
</trkpt>
<trkpt lat="41.9818264" lon="2.932306799999992">
<ele>291.96034700525473</ele>
<time>2026-08-28T09:06:26.134Z</time>
</trkpt>
<trkpt lat="41.98178" lon="2.9324338000000125">
<ele>291.4558300161845</ele>
<time>2026-08-28T09:06:27.134Z</time>
</trkpt>
<trkpt lat="41.9817412" lon="2.9325707000000136">
<ele>291.0784414182786</ele>
<time>2026-08-28T09:06:28.134Z</time>
</trkpt>
<trkpt lat="41.9817228" lon="2.9327193999999963">
<ele>290.2279535915316</ele>
<time>2026-08-28T09:06:29.134Z</time>
</trkpt>
<trkpt lat="41.9817087" lon="2.932876599999986">
<ele>289.3543619297798</ele>
<time>2026-08-28T09:06:30.134Z</time>
</trkpt>
<trkpt lat="41.9817036" lon="2.933046300000001">
<ele>288.30544542930147</ele>
<time>2026-08-28T09:06:31.133Z</time>
</trkpt>
<trkpt lat="41.9816984" lon="2.9332204000000104">
<ele>287.49622495653006</ele>
<time>2026-08-28T09:06:32.134Z</time>
</trkpt>
<trkpt lat="41.9816977" lon="2.9333858999999904">
<ele>286.25425750720876</ele>
<time>2026-08-28T09:06:33.134Z</time>
</trkpt>
<trkpt lat="41.9817055" lon="2.933553499999988">
<ele>285.3665473740827</ele>
<time>2026-08-28T09:06:34.134Z</time>
</trkpt>
<trkpt lat="41.9817177" lon="2.9337144000000137">
<ele>283.77289133906885</ele>
<time>2026-08-28T09:06:35.134Z</time>
</trkpt>
<trkpt lat="41.9817341" lon="2.933864800000009">
<ele>282.34530374204354</ele>
<time>2026-08-28T09:06:36.134Z</time>
</trkpt>
<trkpt lat="41.9817451" lon="2.934018000000009">
<ele>281.76575419465985</ele>
<time>2026-08-28T09:06:37.134Z</time>
</trkpt>
<trkpt lat="41.9817564" lon="2.9341686999999865">
<ele>281.0063909214488</ele>
<time>2026-08-28T09:06:38.133Z</time>
</trkpt>
<trkpt lat="41.9817628" lon="2.934317099999987">
<ele>280.2762403731732</ele>
<time>2026-08-28T09:06:39.134Z</time>
</trkpt>
<trkpt lat="41.9817698" lon="2.934465700000004">
<ele>279.1449760907022</ele>
<time>2026-08-28T09:06:40.134Z</time>
</trkpt>
<trkpt lat="41.9817774" lon="2.934607800000009">
<ele>277.4371982209274</ele>
<time>2026-08-28T09:06:41.134Z</time>
</trkpt>
<trkpt lat="41.9817937" lon="2.934746799999999">
<ele>277.02206693476006</ele>
<time>2026-08-28T09:06:42.134Z</time>
</trkpt>
<trkpt lat="41.9818244" lon="2.9348804999999913">
<ele>275.1906132461359</ele>
<time>2026-08-28T09:06:43.134Z</time>
</trkpt>
<trkpt lat="41.9818676" lon="2.9350121999999885">
<ele>274.5701395097065</ele>
<time>2026-08-28T09:06:44.134Z</time>
</trkpt>
<trkpt lat="41.9819122" lon="2.935140700000005">
<ele>273.82608308448374</ele>
<time>2026-08-28T09:06:45.134Z</time>
</trkpt>
<trkpt lat="41.9819607" lon="2.935269699999992">
<ele>273.049236037574</ele>
<time>2026-08-28T09:06:46.134Z</time>
</trkpt>
<trkpt lat="41.9820095" lon="2.935398399999997">
<ele>271.6302334391279</ele>
<time>2026-08-28T09:06:47.134Z</time>
</trkpt>
<trkpt lat="41.9820558" lon="2.935518800000011">
<ele>270.93404120868126</ele>
<time>2026-08-28T09:06:48.134Z</time>
</trkpt>
<trkpt lat="41.9820946" lon="2.9356291">
<ele>269.97692591791514</ele>
<time>2026-08-28T09:06:49.133Z</time>
</trkpt>
<trkpt lat="41.9821248" lon="2.9357379999999864">
<ele>268.6110324460724</ele>
<time>2026-08-28T09:06:50.133Z</time>
</trkpt>
<trkpt lat="41.9821355" lon="2.9358469999999954">
<ele>268.2310398330641</ele>
<time>2026-08-28T09:06:51.133Z</time>
</trkpt>
<trkpt lat="41.9821256" lon="2.9359578000000113">
<ele>267.85108875887</ele>
<time>2026-08-28T09:06:52.134Z</time>
</trkpt>
<trkpt lat="41.9820914" lon="2.936070199999989">
<ele>266.8087505119559</ele>
<time>2026-08-28T09:06:53.134Z</time>
</trkpt>
<trkpt lat="41.9820374" lon="2.9361749999999915">
<ele>266.09444282652635</ele>
<time>2026-08-28T09:06:54.134Z</time>
</trkpt>
<trkpt lat="41.9819793" lon="2.936287099999987">
<ele>265.3454957649552</ele>
<time>2026-08-28T09:06:55.133Z</time>
</trkpt>
<trkpt lat="41.9819213" lon="2.936403100000007">
<ele>263.49722456801095</ele>
<time>2026-08-28T09:06:56.134Z</time>
</trkpt>
<trkpt lat="41.981864" lon="2.936529500000006">
<ele>262.52125317534677</ele>
<time>2026-08-28T09:06:57.133Z</time>
</trkpt>
<trkpt lat="41.9818179" lon="2.9366692000000114">
<ele>262.2678361399534</ele>
<time>2026-08-28T09:06:58.133Z</time>
</trkpt>
<trkpt lat="41.9817902" lon="2.9368201000000056">
<ele>262.15396534552366</ele>
<time>2026-08-28T09:06:59.134Z</time>
</trkpt>
<trkpt lat="41.9817789" lon="2.9369782999999927">
<ele>261.61596867591555</ele>
<time>2026-08-28T09:07:00.134Z</time>
</trkpt>
<trkpt lat="41.9817755" lon="2.9371433000000025">
<ele>260.4136832740457</ele>
<time>2026-08-28T09:07:01.133Z</time>
</trkpt>
<trkpt lat="41.9817669" lon="2.937310300000007">
<ele>258.8926674862438</ele>
<time>2026-08-28T09:07:02.134Z</time>
</trkpt>
<trkpt lat="41.9817627" lon="2.937479400000001">
<ele>257.3154476035961</ele>
<time>2026-08-28T09:07:03.134Z</time>
</trkpt>
<trkpt lat="41.981758" lon="2.9376517999999976">
<ele>256.43632905161184</ele>
<time>2026-08-28T09:07:04.133Z</time>
</trkpt>
<trkpt lat="41.9817559" lon="2.937810100000007">
<ele>255.004462212708</ele>
<time>2026-08-28T09:07:05.134Z</time>
</trkpt>
<trkpt lat="41.9817609" lon="2.9379695000000083">
<ele>253.8554456376617</ele>
<time>2026-08-28T09:07:06.134Z</time>
</trkpt>
<trkpt lat="41.9817756" lon="2.93811740000001">
<ele>253.4354359946107</ele>
<time>2026-08-28T09:07:07.134Z</time>
</trkpt>
<trkpt lat="41.9818083" lon="2.93826820000001">
<ele>253.35872207373845</ele>
<time>2026-08-28T09:07:08.134Z</time>
</trkpt>
<trkpt lat="41.981848" lon="2.938418100000007">
<ele>252.807374413061</ele>
<time>2026-08-28T09:07:09.134Z</time>
</trkpt>
<trkpt lat="41.9818864" lon="2.9385699999999986">
<ele>251.04059994473045</ele>
<time>2026-08-28T09:07:10.134Z</time>
</trkpt>
<trkpt lat="41.9819232" lon="2.938712900000013">
<ele>250.0377696149522</ele>
<time>2026-08-28T09:07:11.134Z</time>
</trkpt>
<trkpt lat="41.9819601" lon="2.9388514000000043">
<ele>249.31546491020262</ele>
<time>2026-08-28T09:07:12.134Z</time>
</trkpt>
<trkpt lat="41.9819952" lon="2.9389816999999994">
<ele>248.79468771795484</ele>
<time>2026-08-28T09:07:13.133Z</time>
</trkpt>
<trkpt lat="41.9820082" lon="2.9391225999999904">
<ele>247.99136374726933</ele>
<time>2026-08-28T09:07:14.134Z</time>
</trkpt>
<trkpt lat="41.9820064" lon="2.9392473999999993">
<ele>247.48734922615947</ele>
<time>2026-08-28T09:07:15.134Z</time>
</trkpt>
<trkpt lat="41.9819768" lon="2.939376600000003">
<ele>246.79451054903782</ele>
<time>2026-08-28T09:07:16.134Z</time>
</trkpt>
<trkpt lat="41.981915" lon="2.939495800000003">
<ele>246.26805150103627</ele>
<time>2026-08-28T09:07:17.133Z</time>
</trkpt>
<trkpt lat="41.9818402" lon="2.939586200000008">
<ele>245.39107952306622</ele>
<time>2026-08-28T09:07:18.134Z</time>
</trkpt>
<trkpt lat="41.9817539" lon="2.9396447999999964">
<ele>244.6278791187064</ele>
<time>2026-08-28T09:07:19.134Z</time>
</trkpt>
<trkpt lat="41.9816705" lon="2.939697999999993">
<ele>243.23123250255674</ele>
<time>2026-08-28T09:07:20.133Z</time>
</trkpt>
<trkpt lat="41.9815972" lon="2.9397607999999877">
<ele>242.25945997410727</ele>
<time>2026-08-28T09:07:21.134Z</time>
</trkpt>
<trkpt lat="41.9815317" lon="2.939832800000005">
<ele>241.3348996352437</ele>
<time>2026-08-28T09:07:22.134Z</time>
</trkpt>
<trkpt lat="41.9814894" lon="2.9399291000000005">
<ele>240.5252163742163</ele>
<time>2026-08-28T09:07:23.133Z</time>
</trkpt>
<trkpt lat="41.9814817" lon="2.9400381000000095">
<ele>240.39831738405238</ele>
<time>2026-08-28T09:07:24.134Z</time>
</trkpt>
<trkpt lat="41.9814945" lon="2.940151600000007">
<ele>240.16196547609718</ele>
<time>2026-08-28T09:07:25.134Z</time>
</trkpt>
<trkpt lat="41.9815368" lon="2.940245900000008">
<ele>240.0428290917005</ele>
<time>2026-08-28T09:07:26.133Z</time>
</trkpt>
<trkpt lat="41.9816028" lon="2.9403158000000076">
<ele>240.597644186762</ele>
<time>2026-08-28T09:07:27.134Z</time>
</trkpt>
<trkpt lat="41.9816839" lon="2.940377699999999">
<ele>241.00681716204593</ele>
<time>2026-08-28T09:07:28.133Z</time>
</trkpt>
<trkpt lat="41.9817689" lon="2.940415900000005">
<ele>241.44806809053156</ele>
<time>2026-08-28T09:07:29.134Z</time>
</trkpt>
<trkpt lat="41.9818568" lon="2.940449199999989">
<ele>242.1504090510739</ele>
<time>2026-08-28T09:07:30.133Z</time>
</trkpt>
<trkpt lat="41.9819607" lon="2.9404854">
<ele>241.59717060354325</ele>
<time>2026-08-28T09:07:31.134Z</time>
</trkpt>
<trkpt lat="41.9820743" lon="2.9405254000000127">
<ele>241.56692693961114</ele>
<time>2026-08-28T09:07:32.134Z</time>
</trkpt>
<trkpt lat="41.9821924" lon="2.9405657000000076">
<ele>241.32267732001773</ele>
<time>2026-08-28T09:07:33.134Z</time>
</trkpt>
<trkpt lat="41.9823097" lon="2.940599600000013">
<ele>240.8096326419118</ele>
<time>2026-08-28T09:07:34.133Z</time>
</trkpt>
<trkpt lat="41.9824248" lon="2.9406312000000128">
<ele>239.5061768788852</ele>
<time>2026-08-28T09:07:35.133Z</time>
</trkpt>
<trkpt lat="41.9825364" lon="2.940658500000012">
<ele>239.06298564630973</ele>
<time>2026-08-28T09:07:36.134Z</time>
</trkpt>
<trkpt lat="41.9826449" lon="2.940683000000007">
<ele>237.29675897308402</ele>
<time>2026-08-28T09:07:37.133Z</time>
</trkpt>
<trkpt lat="41.9827498" lon="2.940713399999993">
<ele>236.90683530449672</ele>
<time>2026-08-28T09:07:38.134Z</time>
</trkpt>
<trkpt lat="41.9828558" lon="2.940763099999998">
<ele>236.16883960758446</ele>
<time>2026-08-28T09:07:39.133Z</time>
</trkpt>
<trkpt lat="41.9829573" lon="2.9408267000000023">
<ele>235.22268557020791</ele>
<time>2026-08-28T09:07:40.133Z</time>
</trkpt>
<trkpt lat="41.9830469" lon="2.9409148999999957">
<ele>234.45562880112976</ele>
<time>2026-08-28T09:07:41.134Z</time>
</trkpt>
<trkpt lat="41.9831264" lon="2.941022199999992">
<ele>233.03569602258747</ele>
<time>2026-08-28T09:07:42.134Z</time>
</trkpt>
<trkpt lat="41.9832022" lon="2.9411479999999983">
<ele>231.52147304937847</ele>
<time>2026-08-28T09:07:43.134Z</time>
</trkpt>
<trkpt lat="41.983265" lon="2.941263399999997">
<ele>230.4853672664915</ele>
<time>2026-08-28T09:07:44.133Z</time>
</trkpt>
<trkpt lat="41.9833102" lon="2.941389500000014">
<ele>229.46300275250832</ele>
<time>2026-08-28T09:07:45.133Z</time>
</trkpt>
<trkpt lat="41.9833302" lon="2.941510099999988">
<ele>228.74617716054482</ele>
<time>2026-08-28T09:07:46.133Z</time>
</trkpt>
<trkpt lat="41.9833243" lon="2.941641400000009">
<ele>227.916858259378</ele>
<time>2026-08-28T09:07:47.133Z</time>
</trkpt>
<trkpt lat="41.9832938" lon="2.9417792000000134">
<ele>226.87160266988207</ele>
<time>2026-08-28T09:07:48.133Z</time>
</trkpt>
<trkpt lat="41.9832482" lon="2.941912599999995">
<ele>225.09806420456414</ele>
<time>2026-08-28T09:07:49.134Z</time>
</trkpt>
<trkpt lat="41.9831828" lon="2.9420433999999887">
<ele>224.90857169261528</ele>
<time>2026-08-28T09:07:50.133Z</time>
</trkpt>
<trkpt lat="41.9831053" lon="2.9421767999999986">
<ele>223.44468083265375</ele>
<time>2026-08-28T09:07:51.134Z</time>
</trkpt>
<trkpt lat="41.9830223" lon="2.942285599999991">
<ele>221.9769814901046</ele>
<time>2026-08-28T09:07:52.134Z</time>
</trkpt>
<trkpt lat="41.9829346" lon="2.942386599999992">
<ele>221.03361344855276</ele>
<time>2026-08-28T09:07:53.134Z</time>
</trkpt>
<trkpt lat="41.9828512" lon="2.9424793999999963">
<ele>219.65922005051462</ele>
<time>2026-08-28T09:07:54.134Z</time>
</trkpt>
<trkpt lat="41.982781" lon="2.942571100000009">
<ele>218.47732303972134</ele>
<time>2026-08-28T09:07:55.134Z</time>
</trkpt>
<trkpt lat="41.9827425" lon="2.9426751999999965">
<ele>218.482623250807</ele>
<time>2026-08-28T09:07:56.134Z</time>
</trkpt>
<trkpt lat="41.9827324" lon="2.9427954999999884">
<ele>217.87086479805825</ele>
<time>2026-08-28T09:07:57.134Z</time>
</trkpt>
<trkpt lat="41.9827349" lon="2.942938199999986">
<ele>218.27717861153118</ele>
<time>2026-08-28T09:07:58.134Z</time>
</trkpt>
<trkpt lat="41.9827389" lon="2.9430771000000107">
<ele>217.76194607031317</ele>
<time>2026-08-28T09:07:59.134Z</time>
</trkpt>
<trkpt lat="41.9827283" lon="2.9432065000000023">
<ele>217.29339531857053</ele>
<time>2026-08-28T09:08:00.134Z</time>
</trkpt>
<trkpt lat="41.9827115" lon="2.9433538000000112">
<ele>216.7450869914793</ele>
<time>2026-08-28T09:08:01.134Z</time>
</trkpt>
<trkpt lat="41.9826906" lon="2.9435033999999973">
<ele>216.17267276357623</ele>
<time>2026-08-28T09:08:02.134Z</time>
</trkpt>
<trkpt lat="41.9826616" lon="2.943646599999994">
<ele>215.42228779128237</ele>
<time>2026-08-28T09:08:03.134Z</time>
</trkpt>
<trkpt lat="41.9826287" lon="2.9437925000000007">
<ele>214.51398065628703</ele>
<time>2026-08-28T09:08:04.134Z</time>
</trkpt>
<trkpt lat="41.9826032" lon="2.943944600000009">
<ele>212.9812010347971</ele>
<time>2026-08-28T09:08:05.133Z</time>
</trkpt>
<trkpt lat="41.9825737" lon="2.9441064000000097">
<ele>211.6822054780914</ele>
<time>2026-08-28T09:08:06.133Z</time>
</trkpt>
<trkpt lat="41.9825459" lon="2.944255599999991">
<ele>209.42073881952965</ele>
<time>2026-08-28T09:08:07.133Z</time>
</trkpt>
<trkpt lat="41.982525" lon="2.944395500000013">
<ele>207.90840473566038</ele>
<time>2026-08-28T09:08:08.134Z</time>
</trkpt>
<trkpt lat="41.9825019" lon="2.944531100000006">
<ele>207.12494799435134</ele>
<time>2026-08-28T09:08:09.133Z</time>
</trkpt>
<trkpt lat="41.9824933" lon="2.944671999999997">
<ele>205.3056107082618</ele>
<time>2026-08-28T09:08:10.134Z</time>
</trkpt>
<trkpt lat="41.9824893" lon="2.9447906000000046">
<ele>203.83669750756582</ele>
<time>2026-08-28T09:08:11.134Z</time>
</trkpt>
<trkpt lat="41.9825105" lon="2.944900600000011">
<ele>202.85799961525615</ele>
<time>2026-08-28T09:08:12.133Z</time>
</trkpt>
<trkpt lat="41.982551" lon="2.9449936000000037">
<ele>202.55171521800276</ele>
<time>2026-08-28T09:08:13.133Z</time>
</trkpt>
<trkpt lat="41.9826178" lon="2.9450668000000064">
<ele>202.34395292631606</ele>
<time>2026-08-28T09:08:14.134Z</time>
</trkpt>
<trkpt lat="41.9826993" lon="2.945133400000003">
<ele>202.10953927662624</ele>
<time>2026-08-28T09:08:15.133Z</time>
</trkpt>
<trkpt lat="41.9827866" lon="2.945201200000014">
<ele>202.06765770715307</ele>
<time>2026-08-28T09:08:16.134Z</time>
</trkpt>
<trkpt lat="41.9828706" lon="2.945270899999997">
<ele>200.9506262156651</ele>
<time>2026-08-28T09:08:17.134Z</time>
</trkpt>
<trkpt lat="41.9829582" lon="2.9453380999999865">
<ele>199.8668532142013</ele>
<time>2026-08-28T09:08:18.134Z</time>
</trkpt>
<trkpt lat="41.983044" lon="2.945404200000013">
<ele>199.09123090725473</ele>
<time>2026-08-28T09:08:19.134Z</time>
</trkpt>
<trkpt lat="41.9831278" lon="2.945470699999987">
<ele>199.03629819080646</ele>
<time>2026-08-28T09:08:20.133Z</time>
</trkpt>
<trkpt lat="41.9832067" lon="2.945536599999997">
<ele>198.93924461554863</ele>
<time>2026-08-28T09:08:21.134Z</time>
</trkpt>
<trkpt lat="41.9832763" lon="2.9456155999999964">
<ele>197.47326777944704</ele>
<time>2026-08-28T09:08:22.134Z</time>
</trkpt>
<trkpt lat="41.9833453" lon="2.9457141999999976">
<ele>196.68656758762035</ele>
<time>2026-08-28T09:08:23.134Z</time>
</trkpt>
<trkpt lat="41.9834016" lon="2.9458214">
<ele>196.28712200152813</ele>
<time>2026-08-28T09:08:24.134Z</time>
</trkpt>
<trkpt lat="41.9834448" lon="2.945944499999996">
<ele>195.87814790253796</ele>
<time>2026-08-28T09:08:25.134Z</time>
</trkpt>
<trkpt lat="41.9834674" lon="2.9460818000000017">
<ele>194.75904648163197</ele>
<time>2026-08-28T09:08:26.134Z</time>
</trkpt>
<trkpt lat="41.9834678" lon="2.946225999999996">
<ele>193.60580810274712</ele>
<time>2026-08-28T09:08:27.134Z</time>
</trkpt>
<trkpt lat="41.9834504" lon="2.9463710999999932">
<ele>192.02171178794828</ele>
<time>2026-08-28T09:08:28.133Z</time>
</trkpt>
<trkpt lat="41.9834355" lon="2.946517199999988">
<ele>191.28114342302666</ele>
<time>2026-08-28T09:08:29.134Z</time>
</trkpt>
<trkpt lat="41.9834261" lon="2.9466581000000076">
<ele>190.1188139589976</ele>
<time>2026-08-28T09:08:30.134Z</time>
</trkpt>
<trkpt lat="41.9834279" lon="2.9467995999999914">
<ele>189.15552061360162</ele>
<time>2026-08-28T09:08:31.133Z</time>
</trkpt>
<trkpt lat="41.9834376" lon="2.9469435000000033">
<ele>187.49211850057623</ele>
<time>2026-08-28T09:08:32.133Z</time>
</trkpt>
<trkpt lat="41.9834502" lon="2.947084600000011">
<ele>185.98704669481614</ele>
<time>2026-08-28T09:08:33.133Z</time>
</trkpt>
<trkpt lat="41.9834888" lon="2.9472159000000033">
<ele>185.4610708443586</ele>
<time>2026-08-28T09:08:34.134Z</time>
</trkpt>
<trkpt lat="41.9835392" lon="2.9473388000000114">
<ele>185.1638092747396</ele>
<time>2026-08-28T09:08:35.133Z</time>
</trkpt>
<trkpt lat="41.9836041" lon="2.9474449999999877">
<ele>184.18818545748948</ele>
<time>2026-08-28T09:08:36.134Z</time>
</trkpt>
<trkpt lat="41.9836832" lon="2.94752840000001">
<ele>183.6113057149357</ele>
<time>2026-08-28T09:08:37.133Z</time>
</trkpt>
<trkpt lat="41.983774" lon="2.947594900000013">
<ele>183.09092906253989</ele>
<time>2026-08-28T09:08:38.134Z</time>
</trkpt>
<trkpt lat="41.9838744" lon="2.947664599999996">
<ele>182.63042921266472</ele>
<time>2026-08-28T09:08:39.134Z</time>
</trkpt>
<trkpt lat="41.9839685" lon="2.9477176000000043">
<ele>182.1424768935267</ele>
<time>2026-08-28T09:08:40.134Z</time>
</trkpt>
<trkpt lat="41.984065" lon="2.9477725000000135">
<ele>181.3269639241142</ele>
<time>2026-08-28T09:08:41.134Z</time>
</trkpt>
<trkpt lat="41.9841604" lon="2.9478301000000044">
<ele>180.4406132934634</ele>
<time>2026-08-28T09:08:42.134Z</time>
</trkpt>
<trkpt lat="41.9842622" lon="2.9478892999999857">
<ele>180.414592576068</ele>
<time>2026-08-28T09:08:43.134Z</time>
</trkpt>
<trkpt lat="41.9843615" lon="2.9479504999999904">
<ele>179.75043792740422</ele>
<time>2026-08-28T09:08:44.133Z</time>
</trkpt>
<trkpt lat="41.9844623" lon="2.9480165999999883">
<ele>179.9137905758356</ele>
<time>2026-08-28T09:08:45.134Z</time>
</trkpt>
<trkpt lat="41.9845647" lon="2.948077100000006">
<ele>178.75811535110068</ele>
<time>2026-08-28T09:08:46.133Z</time>
</trkpt>
<trkpt lat="41.9846667" lon="2.948135100000002">
<ele>176.4596247890333</ele>
<time>2026-08-28T09:08:47.134Z</time>
</trkpt>
<trkpt lat="41.9847669" lon="2.948182800000012">
<ele>175.88671082703598</ele>
<time>2026-08-28T09:08:48.133Z</time>
</trkpt>
<trkpt lat="41.9848716" lon="2.948235799999992">
<ele>175.5791050406121</ele>
<time>2026-08-28T09:08:49.133Z</time>
</trkpt>
<trkpt lat="41.9849716" lon="2.9482811999999967">
<ele>175.14724124721093</ele>
<time>2026-08-28T09:08:50.134Z</time>
</trkpt>
<trkpt lat="41.9850704" lon="2.9483377999999902">
<ele>175.42807990340293</ele>
<time>2026-08-28T09:08:51.134Z</time>
</trkpt>
<trkpt lat="41.9851643" lon="2.948410300000006">
<ele>176.35667966375584</ele>
<time>2026-08-28T09:08:52.134Z</time>
</trkpt>
<trkpt lat="41.985261" lon="2.9484970000000033">
<ele>175.9239799576525</ele>
<time>2026-08-28T09:08:53.134Z</time>
</trkpt>
<trkpt lat="41.9853565" lon="2.9485870000000034">
<ele>175.16860532161053</ele>
<time>2026-08-28T09:08:54.134Z</time>
</trkpt>
<trkpt lat="41.9854479" lon="2.94868919999999">
<ele>175.19392062870918</ele>
<time>2026-08-28T09:08:55.134Z</time>
</trkpt>
<trkpt lat="41.985544" lon="2.948796499999986">
<ele>173.4771049947268</ele>
<time>2026-08-28T09:08:56.134Z</time>
</trkpt>
<trkpt lat="41.9856375" lon="2.9488985000000127">
<ele>172.34796674004787</ele>
<time>2026-08-28T09:08:57.133Z</time>
</trkpt>
<trkpt lat="41.9857323" lon="2.949002500000006">
<ele>172.70261813501264</ele>
<time>2026-08-28T09:08:58.134Z</time>
</trkpt>
<trkpt lat="41.985824" lon="2.949101600000006">
<ele>172.74885364758154</ele>
<time>2026-08-28T09:08:59.133Z</time>
</trkpt>
<trkpt lat="41.9859159" lon="2.9491960999999947">
<ele>172.915186665644</ele>
<time>2026-08-28T09:09:00.133Z</time>
</trkpt>
<trkpt lat="41.9860035" lon="2.949286099999995">
<ele>171.89124027864685</ele>
<time>2026-08-28T09:09:01.133Z</time>
</trkpt>
<trkpt lat="41.986092" lon="2.949365499999999">
<ele>171.42490068810986</ele>
<time>2026-08-28T09:09:02.134Z</time>
</trkpt>
<trkpt lat="41.9861853" lon="2.9494357000000093">
<ele>170.84249076624207</ele>
<time>2026-08-28T09:09:03.134Z</time>
</trkpt>
<trkpt lat="41.9862759" lon="2.9494875000000036">
<ele>170.92515292994045</ele>
<time>2026-08-28T09:09:04.134Z</time>
</trkpt>
<trkpt lat="41.9863743" lon="2.94952330000001">
<ele>170.4460394028489</ele>
<time>2026-08-28T09:09:05.133Z</time>
</trkpt>
<trkpt lat="41.9864674" lon="2.9495344000000046">
<ele>170.65456028657266</ele>
<time>2026-08-28T09:09:06.134Z</time>
</trkpt>
<trkpt lat="41.9865616" lon="2.9495470999999895">
<ele>171.05372399992595</ele>
<time>2026-08-28T09:09:07.134Z</time>
</trkpt>
<trkpt lat="41.9866605" lon="2.949577199999993">
<ele>171.14509619236608</ele>
<time>2026-08-28T09:09:08.133Z</time>
</trkpt>
<trkpt lat="41.9867597" lon="2.949627200000009">
<ele>171.11602999247043</ele>
<time>2026-08-28T09:09:09.134Z</time>
</trkpt>
<trkpt lat="41.9868543" lon="2.9496852000000047">
<ele>171.60495472480912</ele>
<time>2026-08-28T09:09:10.134Z</time>
</trkpt>
<trkpt lat="41.9869485" lon="2.949752100000012">
<ele>171.49924401410433</ele>
<time>2026-08-28T09:09:11.134Z</time>
</trkpt>
<trkpt lat="41.9870406" lon="2.949818499999992">
<ele>171.433269691271</ele>
<time>2026-08-28T09:09:12.133Z</time>
</trkpt>
<trkpt lat="41.9871311" lon="2.949880400000012">
<ele>171.09616119991185</ele>
<time>2026-08-28T09:09:13.134Z</time>
</trkpt>
<trkpt lat="41.9872042" lon="2.949957100000006">
<ele>170.8767618219763</ele>
<time>2026-08-28T09:09:14.133Z</time>
</trkpt>
<trkpt lat="41.9872554" lon="2.950058299999995">
<ele>170.4981147972629</ele>
<time>2026-08-28T09:09:15.133Z</time>
</trkpt>
<trkpt lat="41.9872934" lon="2.950175800000011">
<ele>170.28372998404237</ele>
<time>2026-08-28T09:09:16.133Z</time>
</trkpt>
<trkpt lat="41.9873176" lon="2.9503124000000014">
<ele>170.49855777749224</ele>
<time>2026-08-28T09:09:17.134Z</time>
</trkpt>
<trkpt lat="41.9873355" lon="2.950451799999996">
<ele>170.28677888735893</ele>
<time>2026-08-28T09:09:18.134Z</time>
</trkpt>
<trkpt lat="41.9873586" lon="2.9506005000000073">
<ele>170.71032356355883</ele>
<time>2026-08-28T09:09:19.134Z</time>
</trkpt>
<trkpt lat="41.9873783" lon="2.950756299999995">
<ele>170.63920135091377</ele>
<time>2026-08-28T09:09:20.133Z</time>
</trkpt>
<trkpt lat="41.9873977" lon="2.9509140000000116">
<ele>170.63047068047706</ele>
<time>2026-08-28T09:09:21.133Z</time>
</trkpt>
<trkpt lat="41.9874129" lon="2.951065">
<ele>170.497726044324</ele>
<time>2026-08-28T09:09:22.134Z</time>
</trkpt>
<trkpt lat="41.9874243" lon="2.9512149999999906">
<ele>170.43061094127108</ele>
<time>2026-08-28T09:09:23.134Z</time>
</trkpt>
<trkpt lat="41.9874344" lon="2.951366500000006">
<ele>170.14948755554047</ele>
<time>2026-08-28T09:09:24.134Z</time>
</trkpt>
<trkpt lat="41.9874438" lon="2.951514500000002">
<ele>170.23713575202984</ele>
<time>2026-08-28T09:09:25.133Z</time>
</trkpt>
<trkpt lat="41.9874533" lon="2.9516628000000082">
<ele>169.55777808956933</ele>
<time>2026-08-28T09:09:26.133Z</time>
</trkpt>
<trkpt lat="41.9874607" lon="2.951800999999989">
<ele>169.53654389667483</ele>
<time>2026-08-28T09:09:27.134Z</time>
</trkpt>
<trkpt lat="41.9874697" lon="2.95193900000001">
<ele>169.24102471190318</ele>
<time>2026-08-28T09:09:28.133Z</time>
</trkpt>
<trkpt lat="41.9874825" lon="2.9520775999999955">
<ele>168.94663406274898</ele>
<time>2026-08-28T09:09:29.133Z</time>
</trkpt>
<trkpt lat="41.9875057" lon="2.9521997999999883">
<ele>169.09446315441588</ele>
<time>2026-08-28T09:09:30.133Z</time>
</trkpt>
<trkpt lat="41.98755" lon="2.952312799999987">
<ele>169.05994336972367</ele>
<time>2026-08-28T09:09:31.134Z</time>
</trkpt>
<trkpt lat="41.9875968" lon="2.9524250999999992">
<ele>170.26343262559476</ele>
<time>2026-08-28T09:09:32.134Z</time>
</trkpt>
<trkpt lat="41.9876488" lon="2.95253120000001">
<ele>171.15887925454513</ele>
<time>2026-08-28T09:09:33.134Z</time>
</trkpt>
<trkpt lat="41.9877067" lon="2.9526353999999913">
<ele>171.18199271364946</ele>
<time>2026-08-28T09:09:34.134Z</time>
</trkpt>
<trkpt lat="41.9877654" lon="2.95274169999999">
<ele>172.4716919292491</ele>
<time>2026-08-28T09:09:35.133Z</time>
</trkpt>
<trkpt lat="41.9878254" lon="2.9528482999999994">
<ele>172.85355244351828</ele>
<time>2026-08-28T09:09:36.134Z</time>
</trkpt>
<trkpt lat="41.9878817" lon="2.952959800000002">
<ele>172.983080701985</ele>
<time>2026-08-28T09:09:37.134Z</time>
</trkpt>
<trkpt lat="41.9879431" lon="2.953079400000007">
<ele>173.4626577390403</ele>
<time>2026-08-28T09:09:38.133Z</time>
</trkpt>
<trkpt lat="41.9880125" lon="2.953189199999997">
<ele>174.04012907774177</ele>
<time>2026-08-28T09:09:39.134Z</time>
</trkpt>
<trkpt lat="41.9880892" lon="2.9532911000000013">
<ele>174.69868774020094</ele>
<time>2026-08-28T09:09:40.133Z</time>
</trkpt>
<trkpt lat="41.9881705" lon="2.953395499999999">
<ele>174.24375429026364</ele>
<time>2026-08-28T09:09:41.134Z</time>
</trkpt>
<trkpt lat="41.9882529" lon="2.9534942999999885">
<ele>174.32474912958534</ele>
<time>2026-08-28T09:09:42.133Z</time>
</trkpt>
<trkpt lat="41.988334" lon="2.9535841000000005">
<ele>174.32141968661125</ele>
<time>2026-08-28T09:09:43.133Z</time>
</trkpt>
<trkpt lat="41.9884091" lon="2.9536732999999913">
<ele>174.0657277580929</ele>
<time>2026-08-28T09:09:44.132Z</time>
</trkpt>
<trkpt lat="41.9884783" lon="2.9537564999999972">
<ele>172.880922269805</ele>
<time>2026-08-28T09:09:45.133Z</time>
</trkpt>
<trkpt lat="41.9885483" lon="2.9538345999999933">
<ele>173.46670237229412</ele>
<time>2026-08-28T09:09:46.132Z</time>
</trkpt>
<trkpt lat="41.9886134" lon="2.953909500000009">
<ele>173.35430703422807</ele>
<time>2026-08-28T09:09:47.133Z</time>
</trkpt>
<trkpt lat="41.9886717" lon="2.953973700000006">
<ele>173.42066470117896</ele>
<time>2026-08-28T09:09:48.133Z</time>
</trkpt>
<trkpt lat="41.9887177" lon="2.9540255">
<ele>173.18321007054118</ele>
<time>2026-08-28T09:09:49.132Z</time>
</trkpt>
<trkpt lat="41.9887533" lon="2.954064299999999">
<ele>172.41723772469336</ele>
<time>2026-08-28T09:09:50.133Z</time>
</trkpt>
<trkpt lat="41.9888019" lon="2.954114400000009">
<ele>172.75180399784446</ele>
<time>2026-08-28T09:09:52.133Z</time>
</trkpt>
<trkpt lat="41.9888868" lon="2.9541500999999926">
<ele>172.76949742447786</ele>
<time>2026-08-28T09:09:54.133Z</time>
</trkpt>
<trkpt lat="41.988943" lon="2.9541322999999977">
<ele>172.09675612419272</ele>
<time>2026-08-28T09:09:55.133Z</time>
</trkpt>
<trkpt lat="41.9890046" lon="2.9540950999999893">
<ele>171.9528945117462</ele>
<time>2026-08-28T09:09:56.133Z</time>
</trkpt>
<trkpt lat="41.989068" lon="2.9540580999999975">
<ele>172.46678014755426</ele>
<time>2026-08-28T09:09:57.132Z</time>
</trkpt>
<trkpt lat="41.9891371" lon="2.9540149999999983">
<ele>172.33221742506504</ele>
<time>2026-08-28T09:09:58.132Z</time>
</trkpt>
<trkpt lat="41.9892207" lon="2.953969199999989">
<ele>172.55568895658405</ele>
<time>2026-08-28T09:09:59.133Z</time>
</trkpt>
<trkpt lat="41.9893091" lon="2.9539158000000043">
<ele>172.8467400280815</ele>
<time>2026-08-28T09:10:00.133Z</time>
</trkpt>
<trkpt lat="41.9894089" lon="2.9538603000000023">
<ele>171.44638588823432</ele>
<time>2026-08-28T09:10:01.133Z</time>
</trkpt>
<trkpt lat="41.9895078" lon="2.953805200000005">
<ele>171.65736162444145</ele>
<time>2026-08-28T09:10:02.132Z</time>
</trkpt>
<trkpt lat="41.9896106" lon="2.953748200000007">
<ele>170.91270851869504</ele>
<time>2026-08-28T09:10:03.133Z</time>
</trkpt>
<trkpt lat="41.9897193" lon="2.953687000000002">
<ele>170.17870605101515</ele>
<time>2026-08-28T09:10:04.133Z</time>
</trkpt>
<trkpt lat="41.9898351" lon="2.953617600000001">
<ele>171.01461392807164</ele>
<time>2026-08-28T09:10:05.133Z</time>
</trkpt>
<trkpt lat="41.9899529" lon="2.9535478999999896">
<ele>172.8939603534043</ele>
<time>2026-08-28T09:10:06.133Z</time>
</trkpt>
<trkpt lat="41.9900746" lon="2.953480500000012">
<ele>172.39998829311727</ele>
<time>2026-08-28T09:10:07.133Z</time>
</trkpt>
<trkpt lat="41.9902014" lon="2.953409800000003">
<ele>171.081172162023</ele>
<time>2026-08-28T09:10:08.132Z</time>
</trkpt>
<trkpt lat="41.990328" lon="2.9533388000000116">
<ele>171.14578916210044</ele>
<time>2026-08-28T09:10:09.133Z</time>
</trkpt>
<trkpt lat="41.9904572" lon="2.9532647000000054">
<ele>171.78490877466726</ele>
<time>2026-08-28T09:10:10.133Z</time>
</trkpt>
<trkpt lat="41.990588" lon="2.9531886000000043">
<ele>170.21045857779458</ele>
<time>2026-08-28T09:10:11.133Z</time>
</trkpt>
<trkpt lat="41.9907194" lon="2.953112400000009">
<ele>168.02148829738078</ele>
<time>2026-08-28T09:10:12.133Z</time>
</trkpt>
<trkpt lat="41.9908514" lon="2.9530359000000033">
<ele>166.95460292198533</ele>
<time>2026-08-28T09:10:13.133Z</time>
</trkpt>
<trkpt lat="41.990984" lon="2.9529587000000106">
<ele>168.06188275937052</ele>
<time>2026-08-28T09:10:14.133Z</time>
</trkpt>
<trkpt lat="41.9911179" lon="2.9528845000000103">
<ele>167.8832635979452</ele>
<time>2026-08-28T09:10:15.132Z</time>
</trkpt>
<trkpt lat="41.9912561" lon="2.9528067999999905">
<ele>168.09738078916465</ele>
<time>2026-08-28T09:10:16.133Z</time>
</trkpt>
<trkpt lat="41.9913946" lon="2.9527282999999898">
<ele>168.1078686096843</ele>
<time>2026-08-28T09:10:17.132Z</time>
</trkpt>
<trkpt lat="41.9915326" lon="2.952646299999998">
<ele>168.06471797415168</ele>
<time>2026-08-28T09:10:18.133Z</time>
</trkpt>
<trkpt lat="41.9916741" lon="2.9525659999999903">
<ele>167.25066634170648</ele>
<time>2026-08-28T09:10:19.133Z</time>
</trkpt>
<trkpt lat="41.9918145" lon="2.9524814000000106">
<ele>166.4049400329162</ele>
<time>2026-08-28T09:10:20.132Z</time>
</trkpt>
<trkpt lat="41.9919537" lon="2.952401000000009">
<ele>166.10591225318356</ele>
<time>2026-08-28T09:10:21.133Z</time>
</trkpt>
<trkpt lat="41.9920891" lon="2.952323699999994">
<ele>164.85962171924427</ele>
<time>2026-08-28T09:10:22.133Z</time>
</trkpt>
<trkpt lat="41.9922286" lon="2.9522473000000105">
<ele>164.67662610397198</ele>
<time>2026-08-28T09:10:23.132Z</time>
</trkpt>
<trkpt lat="41.9923693" lon="2.9521646000000032">
<ele>163.66573876873542</ele>
<time>2026-08-28T09:10:24.132Z</time>
</trkpt>
<trkpt lat="41.9925081" lon="2.9520808999999986">
<ele>162.75013149533288</ele>
<time>2026-08-28T09:10:25.132Z</time>
</trkpt>
<trkpt lat="41.9926511" lon="2.951997299999988">
<ele>162.82224690935675</ele>
<time>2026-08-28T09:10:26.133Z</time>
</trkpt>
<trkpt lat="41.9927945" lon="2.951917199999997">
<ele>162.73702580674635</ele>
<time>2026-08-28T09:10:27.133Z</time>
</trkpt>
<trkpt lat="41.9929405" lon="2.951840699999991">
<ele>161.51285642692005</ele>
<time>2026-08-28T09:10:28.133Z</time>
</trkpt>
<trkpt lat="41.9930873" lon="2.951773099999997">
<ele>160.0250267826284</ele>
<time>2026-08-28T09:10:29.133Z</time>
</trkpt>
<trkpt lat="41.9932367" lon="2.9517127000000016">
<ele>159.24780657579683</ele>
<time>2026-08-28T09:10:30.132Z</time>
</trkpt>
<trkpt lat="41.9933869" lon="2.9516563999999903">
<ele>157.896534978782</ele>
<time>2026-08-28T09:10:31.133Z</time>
</trkpt>
<trkpt lat="41.9935395" lon="2.9516021000000023">
<ele>157.43718587218618</ele>
<time>2026-08-28T09:10:32.132Z</time>
</trkpt>
<trkpt lat="41.9936905" lon="2.951542399999994">
<ele>155.81343341817453</ele>
<time>2026-08-28T09:10:33.132Z</time>
</trkpt>
<trkpt lat="41.9938444" lon="2.9514840999999876">
<ele>154.86514226500654</ele>
<time>2026-08-28T09:10:34.133Z</time>
</trkpt>
<trkpt lat="41.9939947" lon="2.9514215000000092">
<ele>154.56178684699924</ele>
<time>2026-08-28T09:10:35.133Z</time>
</trkpt>
<trkpt lat="41.9941484" lon="2.951360599999987">
<ele>153.90084992122925</ele>
<time>2026-08-28T09:10:36.133Z</time>
</trkpt>
<trkpt lat="41.9942996" lon="2.9512982999999906">
<ele>152.83641866988634</ele>
<time>2026-08-28T09:10:37.133Z</time>
</trkpt>
<trkpt lat="41.9944484" lon="2.9512248999999997">
<ele>153.37420146250042</ele>
<time>2026-08-28T09:10:38.133Z</time>
</trkpt>
<trkpt lat="41.9945971" lon="2.951140500000008">
<ele>153.22160464932264</ele>
<time>2026-08-28T09:10:39.132Z</time>
</trkpt>
<trkpt lat="41.9947464" lon="2.951048700000001">
<ele>153.62146976530568</ele>
<time>2026-08-28T09:10:40.133Z</time>
</trkpt>
<trkpt lat="41.9948904" lon="2.9509472000000017">
<ele>153.16949563368516</ele>
<time>2026-08-28T09:10:41.132Z</time>
</trkpt>
<trkpt lat="41.9950328" lon="2.9508395000000007">
<ele>152.1738029937062</ele>
<time>2026-08-28T09:10:42.133Z</time>
</trkpt>
<trkpt lat="41.9951766" lon="2.9507374000000084">
<ele>151.032329310746</ele>
<time>2026-08-28T09:10:43.132Z</time>
</trkpt>
<trkpt lat="41.9953237" lon="2.950644799999992">
<ele>151.03296599409623</ele>
<time>2026-08-28T09:10:44.132Z</time>
</trkpt>
<trkpt lat="41.9954753" lon="2.9505484000000024">
<ele>151.79203067193163</ele>
<time>2026-08-28T09:10:45.133Z</time>
</trkpt>
<trkpt lat="41.9956268" lon="2.950457599999993">
<ele>151.78723953811158</ele>
<time>2026-08-28T09:10:46.132Z</time>
</trkpt>
<trkpt lat="41.9957785" lon="2.950379599999991">
<ele>151.61256235790987</ele>
<time>2026-08-28T09:10:47.133Z</time>
</trkpt>
<trkpt lat="41.9959318" lon="2.950314200000008">
<ele>150.83078527431388</ele>
<time>2026-08-28T09:10:48.133Z</time>
</trkpt>
<trkpt lat="41.9960829" lon="2.9502689999999916">
<ele>149.90362903997047</ele>
<time>2026-08-28T09:10:49.133Z</time>
</trkpt>
<trkpt lat="41.9962378" lon="2.9502396000000033">
<ele>149.05532552036257</ele>
<time>2026-08-28T09:10:50.133Z</time>
</trkpt>
<trkpt lat="41.9963876" lon="2.9502075000000048">
<ele>148.01738724628757</ele>
<time>2026-08-28T09:10:51.133Z</time>
</trkpt>
<trkpt lat="41.9965338" lon="2.950167399999998">
<ele>148.97736704605023</ele>
<time>2026-08-28T09:10:52.132Z</time>
</trkpt>
<trkpt lat="41.9966772" lon="2.950111899999996">
<ele>149.13056401252865</ele>
<time>2026-08-28T09:10:53.132Z</time>
</trkpt>
<trkpt lat="41.996819" lon="2.950043700000009">
<ele>148.29647452143126</ele>
<time>2026-08-28T09:10:54.133Z</time>
</trkpt>
<trkpt lat="41.9969627" lon="2.9499682000000007">
<ele>149.6838688064212</ele>
<time>2026-08-28T09:10:55.133Z</time>
</trkpt>
<trkpt lat="41.9971094" lon="2.9498801999999955">
<ele>148.59116465298223</ele>
<time>2026-08-28T09:10:56.132Z</time>
</trkpt>
<trkpt lat="41.9972502" lon="2.9497748">
<ele>149.23959880984492</ele>
<time>2026-08-28T09:10:57.132Z</time>
</trkpt>
<trkpt lat="41.9973886" lon="2.9496579000000054">
<ele>149.04642736543443</ele>
<time>2026-08-28T09:10:58.132Z</time>
</trkpt>
<trkpt lat="41.9975219" lon="2.949534099999994">
<ele>149.02607640153934</ele>
<time>2026-08-28T09:10:59.133Z</time>
</trkpt>
<trkpt lat="41.9976486" lon="2.949399900000003">
<ele>148.73301217803197</ele>
<time>2026-08-28T09:11:00.132Z</time>
</trkpt>
<trkpt lat="41.9977685" lon="2.94925649999999">
<ele>149.30976032840684</ele>
<time>2026-08-28T09:11:01.133Z</time>
</trkpt>
<trkpt lat="41.9978807" lon="2.9491114999999866">
<ele>149.035655071195</ele>
<time>2026-08-28T09:11:02.133Z</time>
</trkpt>
<trkpt lat="41.9979886" lon="2.9489585000000034">
<ele>148.5703794671768</ele>
<time>2026-08-28T09:11:03.132Z</time>
</trkpt>
<trkpt lat="41.9980961" lon="2.9488097999999923">
<ele>147.99869481518246</ele>
<time>2026-08-28T09:11:04.133Z</time>
</trkpt>
<trkpt lat="41.9982067" lon="2.9486762999999883">
<ele>147.505935464019</ele>
<time>2026-08-28T09:11:05.133Z</time>
</trkpt>
<trkpt lat="41.9983226" lon="2.9485592000000054">
<ele>148.4187014385112</ele>
<time>2026-08-28T09:11:06.133Z</time>
</trkpt>
<trkpt lat="41.9984492" lon="2.948445899999996">
<ele>147.31088586152774</ele>
<time>2026-08-28T09:11:07.133Z</time>
</trkpt>
<trkpt lat="41.9985849" lon="2.948355300000003">
<ele>147.94436593075957</ele>
<time>2026-08-28T09:11:08.133Z</time>
</trkpt>
<trkpt lat="41.9987282" lon="2.948273999999998">
<ele>149.4375908939241</ele>
<time>2026-08-28T09:11:09.133Z</time>
</trkpt>
<trkpt lat="41.9988722" lon="2.948202699999996">
<ele>148.3721367947356</ele>
<time>2026-08-28T09:11:10.133Z</time>
</trkpt>
<trkpt lat="41.9990203" lon="2.948136500000004">
<ele>145.64511774091997</ele>
<time>2026-08-28T09:11:11.133Z</time>
</trkpt>
<trkpt lat="41.9991674" lon="2.9480819000000054">
<ele>144.79954044021238</ele>
<time>2026-08-28T09:11:12.133Z</time>
</trkpt>
<trkpt lat="41.9993074" lon="2.948021600000004">
<ele>143.30327266743015</ele>
<time>2026-08-28T09:11:13.133Z</time>
</trkpt>
<trkpt lat="41.9994484" lon="2.947959200000014">
<ele>143.12284620917382</ele>
<time>2026-08-28T09:11:14.133Z</time>
</trkpt>
<trkpt lat="41.999584" lon="2.9478976999999986">
<ele>143.9025546882938</ele>
<time>2026-08-28T09:11:15.133Z</time>
</trkpt>
<trkpt lat="41.9997123" lon="2.9478314000000125">
<ele>144.3323505869703</ele>
<time>2026-08-28T09:11:16.132Z</time>
</trkpt>
<trkpt lat="41.9998383" lon="2.9477489999999875">
<ele>144.2928230035263</ele>
<time>2026-08-28T09:11:17.133Z</time>
</trkpt>
<trkpt lat="41.9999592" lon="2.947640299999989">
<ele>144.3449245853949</ele>
<time>2026-08-28T09:11:18.132Z</time>
</trkpt>
<trkpt lat="42.0000752" lon="2.9475175000000036">
<ele>144.6127651792848</ele>
<time>2026-08-28T09:11:19.133Z</time>
</trkpt>
<trkpt lat="42.0001854" lon="2.9473857000000123">
<ele>143.99536688345904</ele>
<time>2026-08-28T09:11:20.133Z</time>
</trkpt>
<trkpt lat="42.0002985" lon="2.947255299999995">
<ele>144.53241697673076</ele>
<time>2026-08-28T09:11:21.133Z</time>
</trkpt>
<trkpt lat="42.0004198" lon="2.9471201000000065">
<ele>144.71371591565565</ele>
<time>2026-08-28T09:11:22.133Z</time>
</trkpt>
<trkpt lat="42.0005352" lon="2.9469885000000033">
<ele>144.58371242275257</ele>
<time>2026-08-28T09:11:23.133Z</time>
</trkpt>
<trkpt lat="42.0006461" lon="2.946853500000003">
<ele>143.11745960490228</ele>
<time>2026-08-28T09:11:24.133Z</time>
</trkpt>
<trkpt lat="42.00076" lon="2.946721800000006">
<ele>142.76492382168865</ele>
<time>2026-08-28T09:11:25.133Z</time>
</trkpt>
<trkpt lat="42.0008781" lon="2.9465936">
<ele>143.45988023348852</ele>
<time>2026-08-28T09:11:26.133Z</time>
</trkpt>
<trkpt lat="42.0009911" lon="2.9464589000000103">
<ele>143.69651076819702</ele>
<time>2026-08-28T09:11:27.133Z</time>
</trkpt>
<trkpt lat="42.001102" lon="2.9463287000000093">
<ele>144.14633003906278</ele>
<time>2026-08-28T09:11:28.133Z</time>
</trkpt>
<trkpt lat="42.0012127" lon="2.9461986000000024">
<ele>143.95554297201218</ele>
<time>2026-08-28T09:11:29.133Z</time>
</trkpt>
<trkpt lat="42.0013271" lon="2.9460736999999995">
<ele>144.27017997964523</ele>
<time>2026-08-28T09:11:30.133Z</time>
</trkpt>
<trkpt lat="42.0014391" lon="2.945957800000002">
<ele>144.40337314601194</ele>
<time>2026-08-28T09:11:31.133Z</time>
</trkpt>
<trkpt lat="42.0015506" lon="2.9458477999999957">
<ele>143.94547514875595</ele>
<time>2026-08-28T09:11:32.132Z</time>
</trkpt>
<trkpt lat="42.0016701" lon="2.945736399999987">
<ele>144.35560194547625</ele>
<time>2026-08-28T09:11:33.132Z</time>
</trkpt>
<trkpt lat="42.0018012" lon="2.9456255000000056">
<ele>144.4104270190381</ele>
<time>2026-08-28T09:11:34.133Z</time>
</trkpt>
<trkpt lat="42.0019391" lon="2.94552250000001">
<ele>144.59346346306208</ele>
<time>2026-08-28T09:11:35.133Z</time>
</trkpt>
<trkpt lat="42.0020825" lon="2.94542340000001">
<ele>144.26730370585616</ele>
<time>2026-08-28T09:11:36.132Z</time>
</trkpt>
<trkpt lat="42.002222" lon="2.945335199999988">
<ele>144.19756511432595</ele>
<time>2026-08-28T09:11:37.132Z</time>
</trkpt>
<trkpt lat="42.0023663" lon="2.9452545000000043">
<ele>143.51664150114325</ele>
<time>2026-08-28T09:11:38.133Z</time>
</trkpt>
<trkpt lat="42.0025091" lon="2.9451818000000003">
<ele>143.24444892476376</ele>
<time>2026-08-28T09:11:39.133Z</time>
</trkpt>
<trkpt lat="42.0026507" lon="2.945109000000002">
<ele>143.0087655756998</ele>
<time>2026-08-28T09:11:40.133Z</time>
</trkpt>
<trkpt lat="42.0027931" lon="2.9450356000000113">
<ele>143.09201667052108</ele>
<time>2026-08-28T09:11:41.133Z</time>
</trkpt>
<trkpt lat="42.0029324" lon="2.94495280000001">
<ele>143.3533265345747</ele>
<time>2026-08-28T09:11:42.132Z</time>
</trkpt>
<trkpt lat="42.0030686" lon="2.944857500000012">
<ele>143.07808925315686</ele>
<time>2026-08-28T09:11:43.133Z</time>
</trkpt>
<trkpt lat="42.0032059" lon="2.944750199999987">
<ele>141.89827983125014</ele>
<time>2026-08-28T09:11:44.133Z</time>
</trkpt>
<trkpt lat="42.0033462" lon="2.944640200000009">
<ele>141.39846546331782</ele>
<time>2026-08-28T09:11:45.133Z</time>
</trkpt>
<trkpt lat="42.0034833" lon="2.944526599999989">
<ele>140.2971659532175</ele>
<time>2026-08-28T09:11:46.132Z</time>
</trkpt>
<trkpt lat="42.003614" lon="2.944416899999993">
<ele>139.97587360448256</ele>
<time>2026-08-28T09:11:47.133Z</time>
</trkpt>
<trkpt lat="42.0037455" lon="2.944302300000004">
<ele>139.63954025293535</ele>
<time>2026-08-28T09:11:48.133Z</time>
</trkpt>
<trkpt lat="42.0038788" lon="2.944191499999988">
<ele>139.21336387410358</ele>
<time>2026-08-28T09:11:49.133Z</time>
</trkpt>
<trkpt lat="42.0040136" lon="2.9440824000000134">
<ele>138.1220504394384</ele>
<time>2026-08-28T09:11:50.133Z</time>
</trkpt>
<trkpt lat="42.0041551" lon="2.943962599999992">
<ele>137.41443106636007</ele>
<time>2026-08-28T09:11:51.133Z</time>
</trkpt>
<trkpt lat="42.0042985" lon="2.943843500000014">
<ele>137.53785483476594</ele>
<time>2026-08-28T09:11:52.133Z</time>
</trkpt>
<trkpt lat="42.0044402" lon="2.943722500000007">
<ele>135.9420943408673</ele>
<time>2026-08-28T09:11:53.133Z</time>
</trkpt>
<trkpt lat="42.0045827" lon="2.943600800000013">
<ele>134.61354723483396</ele>
<time>2026-08-28T09:11:54.133Z</time>
</trkpt>
<trkpt lat="42.0047292" lon="2.9434822999999994">
<ele>135.404256533935</ele>
<time>2026-08-28T09:11:55.133Z</time>
</trkpt>
<trkpt lat="42.004876" lon="2.9433654000000047">
<ele>133.9245946158071</ele>
<time>2026-08-28T09:11:56.133Z</time>
</trkpt>
<trkpt lat="42.0050233" lon="2.9432564999999897">
<ele>134.43624668935226</ele>
<time>2026-08-28T09:11:57.133Z</time>
</trkpt>
<trkpt lat="42.0051737" lon="2.943144200000006">
<ele>134.26598572570316</ele>
<time>2026-08-28T09:11:58.133Z</time>
</trkpt>
<trkpt lat="42.005322" lon="2.9430365999999992">
<ele>132.80565421063832</ele>
<time>2026-08-28T09:11:59.133Z</time>
</trkpt>
<trkpt lat="42.0054698" lon="2.942934400000013">
<ele>131.64852595270932</ele>
<time>2026-08-28T09:12:00.132Z</time>
</trkpt>
<trkpt lat="42.0056168" lon="2.942834299999987">
<ele>129.87892492201595</ele>
<time>2026-08-28T09:12:01.132Z</time>
</trkpt>
<trkpt lat="42.0057671" lon="2.942736999999994">
<ele>129.37049561553434</ele>
<time>2026-08-28T09:12:02.133Z</time>
</trkpt>
<trkpt lat="42.0059139" lon="2.9426460999999904">
<ele>129.52979794410913</ele>
<time>2026-08-28T09:12:03.133Z</time>
</trkpt>
<trkpt lat="42.0060623" lon="2.9425503999999876">
<ele>130.33437838355576</ele>
<time>2026-08-28T09:12:04.132Z</time>
</trkpt>
<trkpt lat="42.0062159" lon="2.942455599999988">
<ele>130.26990419084373</ele>
<time>2026-08-28T09:12:05.132Z</time>
</trkpt>
<trkpt lat="42.0063717" lon="2.942364900000001">
<ele>130.73241298841924</ele>
<time>2026-08-28T09:12:06.133Z</time>
</trkpt>
<trkpt lat="42.0065321" lon="2.942280100000005">
<ele>129.985807039668</ele>
<time>2026-08-28T09:12:07.133Z</time>
</trkpt>
<trkpt lat="42.0066971" lon="2.9422115000000133">
<ele>129.3155598714926</ele>
<time>2026-08-28T09:12:08.133Z</time>
</trkpt>
<trkpt lat="42.006863" lon="2.9421522000000095">
<ele>128.7804531505039</ele>
<time>2026-08-28T09:12:09.133Z</time>
</trkpt>
<trkpt lat="42.0070385" lon="2.942096300000003">
<ele>128.74340024533234</ele>
<time>2026-08-28T09:12:10.133Z</time>
</trkpt>
<trkpt lat="42.007209" lon="2.9420478000000116">
<ele>128.3069511028996</ele>
<time>2026-08-28T09:12:11.133Z</time>
</trkpt>
<trkpt lat="42.0073837" lon="2.9420033000000103">
<ele>127.89883675604078</ele>
<time>2026-08-28T09:12:12.132Z</time>
</trkpt>
<trkpt lat="42.0075575" lon="2.941962799999999">
<ele>127.06921707294113</ele>
<time>2026-08-28T09:12:13.132Z</time>
</trkpt>
<trkpt lat="42.0077317" lon="2.9419217999999887">
<ele>126.92846865351287</ele>
<time>2026-08-28T09:12:14.132Z</time>
</trkpt>
<trkpt lat="42.0079058" lon="2.941877699999992">
<ele>125.50126202551291</ele>
<time>2026-08-28T09:12:15.133Z</time>
</trkpt>
<trkpt lat="42.0080809" lon="2.941832599999998">
<ele>124.96304782802525</ele>
<time>2026-08-28T09:12:16.133Z</time>
</trkpt>
<trkpt lat="42.0082536" lon="2.9417842000000007">
<ele>124.74859657302393</ele>
<time>2026-08-28T09:12:17.133Z</time>
</trkpt>
<trkpt lat="42.0084251" lon="2.9417364999999904">
<ele>123.83316665897719</ele>
<time>2026-08-28T09:12:18.133Z</time>
</trkpt>
<trkpt lat="42.0085925" lon="2.9416962999999896">
<ele>123.29191290052069</ele>
<time>2026-08-28T09:12:19.133Z</time>
</trkpt>
<trkpt lat="42.0087586" lon="2.9416510000000073">
<ele>122.35664726677615</ele>
<time>2026-08-28T09:12:20.132Z</time>
</trkpt>
<trkpt lat="42.0089221" lon="2.941608400000007">
<ele>121.23923032750041</ele>
<time>2026-08-28T09:12:21.132Z</time>
</trkpt>
<trkpt lat="42.0090854" lon="2.9415620999999987">
<ele>122.12406434259685</ele>
<time>2026-08-28T09:12:22.133Z</time>
</trkpt>
<trkpt lat="42.0092491" lon="2.941521999999992">
<ele>121.9499662327433</ele>
<time>2026-08-28T09:12:23.132Z</time>
</trkpt>
<trkpt lat="42.0094136" lon="2.941476399999999">
<ele>120.73436270708868</ele>
<time>2026-08-28T09:12:24.133Z</time>
</trkpt>
<trkpt lat="42.0095759" lon="2.9414298000000088">
<ele>120.88768538986994</ele>
<time>2026-08-28T09:12:25.133Z</time>
</trkpt>
<trkpt lat="42.0097389" lon="2.941383000000002">
<ele>120.49146048389954</ele>
<time>2026-08-28T09:12:26.133Z</time>
</trkpt>
<trkpt lat="42.0099034" lon="2.9413455000000113">
<ele>119.85272715868317</ele>
<time>2026-08-28T09:12:27.133Z</time>
</trkpt>
<trkpt lat="42.010069" lon="2.94131569999999">
<ele>120.28401492429965</ele>
<time>2026-08-28T09:12:28.132Z</time>
</trkpt>
<trkpt lat="42.0102357" lon="2.941294699999986">
<ele>120.88431063179858</ele>
<time>2026-08-28T09:12:29.133Z</time>
</trkpt>
<trkpt lat="42.0104046" lon="2.941278899999986">
<ele>120.9864899274093</ele>
<time>2026-08-28T09:12:30.133Z</time>
</trkpt>
<trkpt lat="42.0105713" lon="2.9412618000000066">
<ele>119.53272228423413</ele>
<time>2026-08-28T09:12:31.132Z</time>
</trkpt>
<trkpt lat="42.0107425" lon="2.9412467999999876">
<ele>119.22605524981587</ele>
<time>2026-08-28T09:12:32.132Z</time>
</trkpt>
<trkpt lat="42.0109147" lon="2.941227800000007">
<ele>119.12137059097121</ele>
<time>2026-08-28T09:12:33.132Z</time>
</trkpt>
<trkpt lat="42.0110852" lon="2.9412082999999996">
<ele>118.67826766833451</ele>
<time>2026-08-28T09:12:34.132Z</time>
</trkpt>
<trkpt lat="42.0112561" lon="2.9411883999999873">
<ele>118.45977834693471</ele>
<time>2026-08-28T09:12:35.132Z</time>
</trkpt>
<trkpt lat="42.0114237" lon="2.9411615999999867">
<ele>115.46395253315788</ele>
<time>2026-08-28T09:12:36.132Z</time>
</trkpt>
<trkpt lat="42.011588" lon="2.9411374999999964">
<ele>116.61050543667136</ele>
<time>2026-08-28T09:12:37.133Z</time>
</trkpt>
<trkpt lat="42.0117503" lon="2.9411135">
<ele>116.39659188352339</ele>
<time>2026-08-28T09:12:38.133Z</time>
</trkpt>
<trkpt lat="42.0119117" lon="2.941093599999988">
<ele>115.82100101633762</ele>
<time>2026-08-28T09:12:39.133Z</time>
</trkpt>
<trkpt lat="42.0120722" lon="2.9410727000000065">
<ele>113.8219916382584</ele>
<time>2026-08-28T09:12:40.133Z</time>
</trkpt>
<trkpt lat="42.012228" lon="2.9410487000000103">
<ele>114.99981896628684</ele>
<time>2026-08-28T09:12:41.133Z</time>
</trkpt>
<trkpt lat="42.0123854" lon="2.9410249999999962">
<ele>114.4299585201529</ele>
<time>2026-08-28T09:12:42.133Z</time>
</trkpt>
<trkpt lat="42.0125412" lon="2.9410035999999877">
<ele>112.99904255548662</ele>
<time>2026-08-28T09:12:43.133Z</time>
</trkpt>
<trkpt lat="42.0126942" lon="2.9409814999999924">
<ele>113.2798115316875</ele>
<time>2026-08-28T09:12:44.133Z</time>
</trkpt>
<trkpt lat="42.0128523" lon="2.9409598999999957">
<ele>113.06387067739229</ele>
<time>2026-08-28T09:12:45.133Z</time>
</trkpt>
<trkpt lat="42.0130161" lon="2.9409345999999914">
<ele>112.9560314847249</ele>
<time>2026-08-28T09:12:46.132Z</time>
</trkpt>
<trkpt lat="42.0131747" lon="2.940908900000011">
<ele>112.49940429541478</ele>
<time>2026-08-28T09:12:47.133Z</time>
</trkpt>
<trkpt lat="42.0133316" lon="2.9408835000000124">
<ele>109.80001649577281</ele>
<time>2026-08-28T09:12:48.133Z</time>
</trkpt>
<trkpt lat="42.0134841" lon="2.9408564000000013">
<ele>111.48320415505461</ele>
<time>2026-08-28T09:12:49.133Z</time>
</trkpt>
<trkpt lat="42.01364" lon="2.940818500000006">
<ele>111.05640880651276</ele>
<time>2026-08-28T09:12:50.133Z</time>
</trkpt>
<trkpt lat="42.0137991" lon="2.9407692000000054">
<ele>111.13264140535831</ele>
<time>2026-08-28T09:12:51.132Z</time>
</trkpt>
<trkpt lat="42.0139573" lon="2.9407065999999986">
<ele>110.39762068416901</ele>
<time>2026-08-28T09:12:52.133Z</time>
</trkpt>
<trkpt lat="42.0141185" lon="2.9406429000000003">
<ele>111.35066621050866</ele>
<time>2026-08-28T09:12:53.133Z</time>
</trkpt>
<trkpt lat="42.0142825" lon="2.9405754999999942">
<ele>110.11594525007654</ele>
<time>2026-08-28T09:12:54.133Z</time>
</trkpt>
<trkpt lat="42.0144453" lon="2.9405056999999886">
<ele>110.19308240395421</ele>
<time>2026-08-28T09:12:55.133Z</time>
</trkpt>
<trkpt lat="42.0146081" lon="2.9404337">
<ele>110.1788250394219</ele>
<time>2026-08-28T09:12:56.133Z</time>
</trkpt>
<trkpt lat="42.0147699" lon="2.9403642000000048">
<ele>110.01200080538425</ele>
<time>2026-08-28T09:12:57.133Z</time>
</trkpt>
<trkpt lat="42.0149336" lon="2.940292499999998">
<ele>109.97875186664216</ele>
<time>2026-08-28T09:12:58.133Z</time>
</trkpt>
<trkpt lat="42.0150996" lon="2.940224900000004">
<ele>107.19550693437287</ele>
<time>2026-08-28T09:12:59.133Z</time>
</trkpt>
<trkpt lat="42.0152661" lon="2.940167900000006">
<ele>106.78951420045675</ele>
<time>2026-08-28T09:13:00.133Z</time>
</trkpt>
<trkpt lat="42.0154337" lon="2.940124300000008">
<ele>106.56087139920011</ele>
<time>2026-08-28T09:13:01.133Z</time>
</trkpt>
<trkpt lat="42.0156056" lon="2.9400957999999946">
<ele>105.66212157817571</ele>
<time>2026-08-28T09:13:02.133Z</time>
</trkpt>
<trkpt lat="42.0157767" lon="2.9400750000000073">
<ele>104.11065513722357</ele>
<time>2026-08-28T09:13:03.133Z</time>
</trkpt>
<trkpt lat="42.0159468" lon="2.940051000000011">
<ele>104.24347866196513</ele>
<time>2026-08-28T09:13:04.132Z</time>
</trkpt>
<trkpt lat="42.0161157" lon="2.9400320999999963">
<ele>103.63766853854068</ele>
<time>2026-08-28T09:13:05.133Z</time>
</trkpt>
<trkpt lat="42.0162826" lon="2.9400076999999953">
<ele>103.91383116569806</ele>
<time>2026-08-28T09:13:06.133Z</time>
</trkpt>
<trkpt lat="42.0164356" lon="2.939965000000001">
<ele>103.45196106032758</ele>
<time>2026-08-28T09:13:07.133Z</time>
</trkpt>
<trkpt lat="42.0165845" lon="2.9399059000000136">
<ele>102.08080039756274</ele>
<time>2026-08-28T09:13:08.133Z</time>
</trkpt>
<trkpt lat="42.0167256" lon="2.939819">
<ele>100.61470433844191</ele>
<time>2026-08-28T09:13:09.133Z</time>
</trkpt>
<trkpt lat="42.0168582" lon="2.9397044000000108">
<ele>100.29829102789398</ele>
<time>2026-08-28T09:13:10.133Z</time>
</trkpt>
<trkpt lat="42.0169815" lon="2.9395788999999866">
<ele>100.38634720779692</ele>
<time>2026-08-28T09:13:11.133Z</time>
</trkpt>
<trkpt lat="42.0171008" lon="2.9394294999999886">
<ele>99.59427891727499</ele>
<time>2026-08-28T09:13:12.133Z</time>
</trkpt>
<trkpt lat="42.0172182" lon="2.939279099999993">
<ele>98.90766350971691</ele>
<time>2026-08-28T09:13:13.133Z</time>
</trkpt>
<trkpt lat="42.017336" lon="2.9391253999999947">
<ele>98.49551934900137</ele>
<time>2026-08-28T09:13:14.133Z</time>
</trkpt>
<trkpt lat="42.017457" lon="2.9389730999999983">
<ele>98.27462264972405</ele>
<time>2026-08-28T09:13:15.133Z</time>
</trkpt>
<trkpt lat="42.0175756" lon="2.93882099999999">
<ele>97.61544799190966</ele>
<time>2026-08-28T09:13:16.133Z</time>
</trkpt>
<trkpt lat="42.0176958" lon="2.9386704000000066">
<ele>97.89267328504475</ele>
<time>2026-08-28T09:13:17.132Z</time>
</trkpt>
<trkpt lat="42.017814" lon="2.938516099999987">
<ele>97.17164792756179</ele>
<time>2026-08-28T09:13:18.133Z</time>
</trkpt>
<trkpt lat="42.0179328" lon="2.9383518999999865">
<ele>96.69407306364167</ele>
<time>2026-08-28T09:13:19.133Z</time>
</trkpt>
<trkpt lat="42.0180408" lon="2.938187599999992">
<ele>95.45214606837922</ele>
<time>2026-08-28T09:13:20.133Z</time>
</trkpt>
<trkpt lat="42.0181403" lon="2.938024299999995">
<ele>95.72502056551137</ele>
<time>2026-08-28T09:13:21.133Z</time>
</trkpt>
<trkpt lat="42.0182284" lon="2.9378518000000042">
<ele>95.2285870481682</ele>
<time>2026-08-28T09:13:22.133Z</time>
</trkpt>
<trkpt lat="42.01831" lon="2.9376767999999913">
<ele>95.41356322983995</ele>
<time>2026-08-28T09:13:23.133Z</time>
</trkpt>
<trkpt lat="42.0183925" lon="2.937499900000006">
<ele>95.1799642628675</ele>
<time>2026-08-28T09:13:24.133Z</time>
</trkpt>
<trkpt lat="42.0184723" lon="2.937341400000008">
<ele>95.13158727556635</ele>
<time>2026-08-28T09:13:25.133Z</time>
</trkpt>
<trkpt lat="42.0185575" lon="2.937190600000008">
<ele>95.84893716367434</ele>
<time>2026-08-28T09:13:26.132Z</time>
</trkpt>
<trkpt lat="42.0186537" lon="2.9370553999999913">
<ele>95.60458712670338</ele>
<time>2026-08-28T09:13:27.133Z</time>
</trkpt>
<trkpt lat="42.0187581" lon="2.936933900000014">
<ele>95.00340558013542</ele>
<time>2026-08-28T09:13:28.133Z</time>
</trkpt>
<trkpt lat="42.018875" lon="2.936833100000001">
<ele>93.90783239868146</ele>
<time>2026-08-28T09:13:29.133Z</time>
</trkpt>
<trkpt lat="42.0189961" lon="2.9367393999999933">
<ele>93.30261976117133</ele>
<time>2026-08-28T09:13:30.133Z</time>
</trkpt>
<trkpt lat="42.0191164" lon="2.936656400000004">
<ele>92.84980592364876</ele>
<time>2026-08-28T09:13:31.133Z</time>
</trkpt>
<trkpt lat="42.0192484" lon="2.936571399999991">
<ele>92.38639840867839</ele>
<time>2026-08-28T09:13:32.132Z</time>
</trkpt>
<trkpt lat="42.0193783" lon="2.936476099999993">
<ele>91.79206522139907</ele>
<time>2026-08-28T09:13:33.132Z</time>
</trkpt>
<trkpt lat="42.01951" lon="2.936387400000001">
<ele>91.75340314944884</ele>
<time>2026-08-28T09:13:34.133Z</time>
</trkpt>
<trkpt lat="42.0196404" lon="2.936294299999986">
<ele>91.54619640642765</ele>
<time>2026-08-28T09:13:35.132Z</time>
</trkpt>
<trkpt lat="42.0197634" lon="2.9361868999999956">
<ele>91.58266314290228</ele>
<time>2026-08-28T09:13:36.133Z</time>
</trkpt>
<trkpt lat="42.0198768" lon="2.9360652000000016">
<ele>91.69217247105716</ele>
<time>2026-08-28T09:13:37.132Z</time>
</trkpt>
<trkpt lat="42.0199833" lon="2.935937300000006">
<ele>91.53266942287866</ele>
<time>2026-08-28T09:13:38.133Z</time>
</trkpt>
<trkpt lat="42.0200846" lon="2.9358138000000054">
<ele>91.59732504434962</ele>
<time>2026-08-28T09:13:39.132Z</time>
</trkpt>
<trkpt lat="42.0201912" lon="2.9356990999999937">
<ele>91.05922919490177</ele>
<time>2026-08-28T09:13:40.132Z</time>
</trkpt>
<trkpt lat="42.0203014" lon="2.9355879000000016">
<ele>90.91865262129204</ele>
<time>2026-08-28T09:13:41.133Z</time>
</trkpt>
<trkpt lat="42.0204304" lon="2.935521499999993">
<ele>90.05535122970495</ele>
<time>2026-08-28T09:13:42.133Z</time>
</trkpt>
<trkpt lat="42.0205564" lon="2.935472699999991">
<ele>89.63279552096195</ele>
<time>2026-08-28T09:13:43.132Z</time>
</trkpt>
<trkpt lat="42.0206742" lon="2.9354318999999975">
<ele>89.36941417474287</ele>
<time>2026-08-28T09:13:44.133Z</time>
</trkpt>
<trkpt lat="42.0207855" lon="2.9353696000000014">
<ele>89.24788839180094</ele>
<time>2026-08-28T09:13:45.133Z</time>
</trkpt>
<trkpt lat="42.0208963" lon="2.935293999999999">
<ele>88.81655886362425</ele>
<time>2026-08-28T09:13:46.132Z</time>
</trkpt>
<trkpt lat="42.0209916" lon="2.935192999999998">
<ele>88.31145635691651</ele>
<time>2026-08-28T09:13:47.133Z</time>
</trkpt>
<trkpt lat="42.0210844" lon="2.9350723999999957">
<ele>88.01306846131466</ele>
<time>2026-08-28T09:13:48.133Z</time>
</trkpt>
<trkpt lat="42.0211465" lon="2.9349168999999904">
<ele>87.75285282183253</ele>
<time>2026-08-28T09:13:49.133Z</time>
</trkpt>
<trkpt lat="42.0211972" lon="2.934752099999997">
<ele>87.90470014901278</ele>
<time>2026-08-28T09:13:50.133Z</time>
</trkpt>
<trkpt lat="42.0212472" lon="2.9345896000000096">
<ele>88.10529330782214</ele>
<time>2026-08-28T09:13:51.132Z</time>
</trkpt>
<trkpt lat="42.0213042" lon="2.934431999999987">
<ele>88.30702172422005</ele>
<time>2026-08-28T09:13:52.133Z</time>
</trkpt>
<trkpt lat="42.0213744" lon="2.9342849999999885">
<ele>88.1923191829608</ele>
<time>2026-08-28T09:13:53.133Z</time>
</trkpt>
<trkpt lat="42.021454" lon="2.934150200000005">
<ele>87.60263511632277</ele>
<time>2026-08-28T09:13:54.132Z</time>
</trkpt>
<trkpt lat="42.0215533" lon="2.934020199999992">
<ele>87.25746780416033</ele>
<time>2026-08-28T09:13:55.132Z</time>
</trkpt>
<trkpt lat="42.02166" lon="2.933910400000002">
<ele>87.31188476900618</ele>
<time>2026-08-28T09:13:56.133Z</time>
</trkpt>
<trkpt lat="42.02178" lon="2.9338286999999923">
<ele>88.3723448024126</ele>
<time>2026-08-28T09:13:57.133Z</time>
</trkpt>
<trkpt lat="42.0219007" lon="2.9337454999999864">
<ele>89.01204804515733</ele>
<time>2026-08-28T09:13:58.132Z</time>
</trkpt>
<trkpt lat="42.0220129" lon="2.933661900000004">
<ele>89.43138740237251</ele>
<time>2026-08-28T09:13:59.133Z</time>
</trkpt>
<trkpt lat="42.0221177" lon="2.933568699999995">
<ele>89.44207726710735</ele>
<time>2026-08-28T09:14:00.133Z</time>
</trkpt>
<trkpt lat="42.0222166" lon="2.9334583000000123">
<ele>90.76743408780706</ele>
<time>2026-08-28T09:14:01.132Z</time>
</trkpt>
<trkpt lat="42.0223039" lon="2.9333384999999907">
<ele>89.94334035525296</ele>
<time>2026-08-28T09:14:02.133Z</time>
</trkpt>
<trkpt lat="42.0223875" lon="2.933214300000003">
<ele>90.8632766827214</ele>
<time>2026-08-28T09:14:03.132Z</time>
</trkpt>
<trkpt lat="42.0224721" lon="2.933079300000003">
<ele>89.56378399285167</ele>
<time>2026-08-28T09:14:04.133Z</time>
</trkpt>
<trkpt lat="42.0225638" lon="2.9329448000000014">
<ele>89.09127933392594</ele>
<time>2026-08-28T09:14:05.133Z</time>
</trkpt>
<trkpt lat="42.0226563" lon="2.932807800000006">
<ele>89.92054067998184</ele>
<time>2026-08-28T09:14:06.133Z</time>
</trkpt>
<trkpt lat="42.0227491" lon="2.9326713000000098">
<ele>90.398174900297</ele>
<time>2026-08-28T09:14:07.133Z</time>
</trkpt>
<trkpt lat="42.0228422" lon="2.9325345999999968">
<ele>90.66865580691972</ele>
<time>2026-08-28T09:14:08.133Z</time>
</trkpt>
<trkpt lat="42.0229342" lon="2.932399800000013">
<ele>89.59299394659729</ele>
<time>2026-08-28T09:14:09.133Z</time>
</trkpt>
<trkpt lat="42.0230266" lon="2.932263500000005">
<ele>89.27935912044671</ele>
<time>2026-08-28T09:14:10.133Z</time>
</trkpt>
<trkpt lat="42.0231206" lon="2.932119699999987">
<ele>90.0553801692092</ele>
<time>2026-08-28T09:14:11.133Z</time>
</trkpt>
<trkpt lat="42.0232098" lon="2.9319779999999867">
<ele>89.91847021245276</ele>
<time>2026-08-28T09:14:12.133Z</time>
</trkpt>
<trkpt lat="42.0232968" lon="2.9318268000000103">
<ele>89.55136594754987</ele>
<time>2026-08-28T09:14:13.133Z</time>
</trkpt>
<trkpt lat="42.0233814" lon="2.931664799999993">
<ele>90.35305946179929</ele>
<time>2026-08-28T09:14:14.133Z</time>
</trkpt>
<trkpt lat="42.0234572" lon="2.9315032000000087">
<ele>89.44019897059091</ele>
<time>2026-08-28T09:14:15.133Z</time>
</trkpt>
<trkpt lat="42.0235359" lon="2.9313353000000006">
<ele>89.59749891211888</ele>
<time>2026-08-28T09:14:16.132Z</time>
</trkpt>
<trkpt lat="42.023611" lon="2.9311731999999893">
<ele>90.56056542889445</ele>
<time>2026-08-28T09:14:17.133Z</time>
</trkpt>
<trkpt lat="42.023688" lon="2.9310131000000013">
<ele>91.193671928454</ele>
<time>2026-08-28T09:14:18.133Z</time>
</trkpt>
<trkpt lat="42.0237629" lon="2.930855400000013">
<ele>91.44792211121798</ele>
<time>2026-08-28T09:14:19.133Z</time>
</trkpt>
<trkpt lat="42.0238391" lon="2.9306894000000057">
<ele>92.0930013519098</ele>
<time>2026-08-28T09:14:20.132Z</time>
</trkpt>
<trkpt lat="42.0239164" lon="2.9305280000000096">
<ele>92.9267447875335</ele>
<time>2026-08-28T09:14:21.133Z</time>
</trkpt>
<trkpt lat="42.0240007" lon="2.9303688999999906">
<ele>93.97811578592976</ele>
<time>2026-08-28T09:14:22.132Z</time>
</trkpt>
<trkpt lat="42.0240866" lon="2.9302121999999997">
<ele>94.2708580100288</ele>
<time>2026-08-28T09:14:23.133Z</time>
</trkpt>
<trkpt lat="42.024181" lon="2.9300671000000023">
<ele>93.8481699912582</ele>
<time>2026-08-28T09:14:24.132Z</time>
</trkpt>
<trkpt lat="42.0242875" lon="2.929930600000006">
<ele>94.7424773901624</ele>
<time>2026-08-28T09:14:25.133Z</time>
</trkpt>
<trkpt lat="42.024399" lon="2.9297942999999975">
<ele>94.33023329016969</ele>
<time>2026-08-28T09:14:26.133Z</time>
</trkpt>
<trkpt lat="42.0245138" lon="2.929656200000011">
<ele>93.93770525878773</ele>
<time>2026-08-28T09:14:27.133Z</time>
</trkpt>
<trkpt lat="42.0246253" lon="2.929519599999992">
<ele>93.40478969529447</ele>
<time>2026-08-28T09:14:28.133Z</time>
</trkpt>
<trkpt lat="42.0247404" lon="2.9293830999999955">
<ele>93.12546811283946</ele>
<time>2026-08-28T09:14:29.132Z</time>
</trkpt>
<trkpt lat="42.0248535" lon="2.929248000000001">
<ele>92.63887926466572</ele>
<time>2026-08-28T09:14:30.133Z</time>
</trkpt>
<trkpt lat="42.0249626" lon="2.929119600000007">
<ele>91.55978892859878</ele>
<time>2026-08-28T09:14:31.133Z</time>
</trkpt>
<trkpt lat="42.0250694" lon="2.9289939999999888">
<ele>91.20454427425682</ele>
<time>2026-08-28T09:14:32.132Z</time>
</trkpt>
<trkpt lat="42.0251796" lon="2.9288672000000133">
<ele>90.44926116424027</ele>
<time>2026-08-28T09:14:33.132Z</time>
</trkpt>
<trkpt lat="42.0252945" lon="2.9287438000000066">
<ele>89.42359416847849</ele>
<time>2026-08-28T09:14:34.132Z</time>
</trkpt>
<trkpt lat="42.0254202" lon="2.928623700000003">
<ele>89.04919761792773</ele>
<time>2026-08-28T09:14:35.133Z</time>
</trkpt>
<trkpt lat="42.0255486" lon="2.9285132999999917">
<ele>88.29445626134041</ele>
<time>2026-08-28T09:14:36.132Z</time>
</trkpt>
<trkpt lat="42.0256776" lon="2.9284106000000065">
<ele>88.4330630690522</ele>
<time>2026-08-28T09:14:37.133Z</time>
</trkpt>
<trkpt lat="42.0258162" lon="2.9283102999999926">
<ele>86.99464220685311</ele>
<time>2026-08-28T09:14:38.132Z</time>
</trkpt>
<trkpt lat="42.0259549" lon="2.928211800000014">
<ele>85.60173255194792</ele>
<time>2026-08-28T09:14:39.133Z</time>
</trkpt>
<trkpt lat="42.026094" lon="2.928118600000005">
<ele>84.71850777094797</ele>
<time>2026-08-28T09:14:40.133Z</time>
</trkpt>
<trkpt lat="42.0262336" lon="2.9280286999999987">
<ele>83.36843122241908</ele>
<time>2026-08-28T09:14:41.133Z</time>
</trkpt>
<trkpt lat="42.0263707" lon="2.9279358">
<ele>82.20093044164683</ele>
<time>2026-08-28T09:14:42.133Z</time>
</trkpt>
<trkpt lat="42.0265098" lon="2.9278439999999932">
<ele>81.08766666495912</ele>
<time>2026-08-28T09:14:43.133Z</time>
</trkpt>
<trkpt lat="42.0266491" lon="2.9277548000000024">
<ele>80.37831192197935</ele>
<time>2026-08-28T09:14:44.133Z</time>
</trkpt>
<trkpt lat="42.0267876" lon="2.9276595999999984">
<ele>79.57451930368526</ele>
<time>2026-08-28T09:14:45.132Z</time>
</trkpt>
<trkpt lat="42.0269216" lon="2.9275663999999892">
<ele>80.15866564875249</ele>
<time>2026-08-28T09:14:46.132Z</time>
</trkpt>
<trkpt lat="42.0270534" lon="2.9274733000000026">
<ele>79.63460322560655</ele>
<time>2026-08-28T09:14:47.133Z</time>
</trkpt>
<trkpt lat="42.0271776" lon="2.9273712000000103">
<ele>78.77939975633723</ele>
<time>2026-08-28T09:14:48.133Z</time>
</trkpt>
<trkpt lat="42.0272924" lon="2.9272364999999922">
<ele>79.01523330098554</ele>
<time>2026-08-28T09:14:49.133Z</time>
</trkpt>
<trkpt lat="42.0273994" lon="2.9271008999999992">
<ele>80.70884087619694</ele>
<time>2026-08-28T09:14:50.133Z</time>
</trkpt>
<trkpt lat="42.0275127" lon="2.926967999999988">
<ele>80.5849167020514</ele>
<time>2026-08-28T09:14:51.133Z</time>
</trkpt>
<trkpt lat="42.0276357" lon="2.926854800000001">
<ele>79.9693993338105</ele>
<time>2026-08-28T09:14:52.132Z</time>
</trkpt>
<trkpt lat="42.0277721" lon="2.9267638999999974">
<ele>79.97300025397281</ele>
<time>2026-08-28T09:14:53.132Z</time>
</trkpt>
<trkpt lat="42.027919" lon="2.9266971000000126">
<ele>80.32541058561968</ele>
<time>2026-08-28T09:14:54.133Z</time>
</trkpt>
<trkpt lat="42.0280718" lon="2.9266462999999874">
<ele>79.92172317193324</ele>
<time>2026-08-28T09:14:55.133Z</time>
</trkpt>
<trkpt lat="42.0282354" lon="2.9266138000000126">
<ele>79.75945383570551</ele>
<time>2026-08-28T09:14:56.133Z</time>
</trkpt>
<trkpt lat="42.028399" lon="2.926578400000011">
<ele>79.21218463735892</ele>
<time>2026-08-28T09:14:57.132Z</time>
</trkpt>
<trkpt lat="42.0285644" lon="2.9265384999999924">
<ele>79.08079264916745</ele>
<time>2026-08-28T09:14:58.133Z</time>
</trkpt>
<trkpt lat="42.0287313" lon="2.9264999000000103">
<ele>79.00724199832764</ele>
<time>2026-08-28T09:14:59.132Z</time>
</trkpt>
<trkpt lat="42.0289036" lon="2.9264584000000013">
<ele>78.02479199789005</ele>
<time>2026-08-28T09:15:00.133Z</time>
</trkpt>
<trkpt lat="42.0290759" lon="2.9264162999999996">
<ele>78.10741207353178</ele>
<time>2026-08-28T09:15:01.133Z</time>
</trkpt>
<trkpt lat="42.0292502" lon="2.926370300000002">
<ele>78.74539149688115</ele>
<time>2026-08-28T09:15:02.133Z</time>
</trkpt>
<trkpt lat="42.0294295" lon="2.9263334999999984">
<ele>78.34997355622949</ele>
<time>2026-08-28T09:15:03.132Z</time>
</trkpt>
<trkpt lat="42.0296074" lon="2.9262952999999925">
<ele>77.32419773804573</ele>
<time>2026-08-28T09:15:04.133Z</time>
</trkpt>
<trkpt lat="42.0297879" lon="2.926255800000007">
<ele>77.44000692724953</ele>
<time>2026-08-28T09:15:05.133Z</time>
</trkpt>
<trkpt lat="42.029969" lon="2.926212200000009">
<ele>75.85263404785364</ele>
<time>2026-08-28T09:15:06.133Z</time>
</trkpt>
<trkpt lat="42.0301499" lon="2.9261662000000115">
<ele>76.71968171545669</ele>
<time>2026-08-28T09:15:07.132Z</time>
</trkpt>
<trkpt lat="42.0303338" lon="2.926124200000004">
<ele>75.48824182867637</ele>
<time>2026-08-28T09:15:08.133Z</time>
</trkpt>
<trkpt lat="42.0305194" lon="2.9260848000000124">
<ele>74.0064742786871</ele>
<time>2026-08-28T09:15:09.132Z</time>
</trkpt>
<trkpt lat="42.0307032" lon="2.9260461000000078">
<ele>73.6511715474939</ele>
<time>2026-08-28T09:15:10.133Z</time>
</trkpt>
<trkpt lat="42.0308859" lon="2.9260077000000138">
<ele>75.05379561514422</ele>
<time>2026-08-28T09:15:11.132Z</time>
</trkpt>
<trkpt lat="42.0310662" lon="2.9259667999999976">
<ele>75.45417305371673</ele>
<time>2026-08-28T09:15:12.132Z</time>
</trkpt>
<trkpt lat="42.0312447" lon="2.925924699999996">
<ele>74.6935690732499</ele>
<time>2026-08-28T09:15:13.132Z</time>
</trkpt>
<trkpt lat="42.0314196" lon="2.925884200000013">
<ele>74.00303473775556</ele>
<time>2026-08-28T09:15:14.133Z</time>
</trkpt>
<trkpt lat="42.0315937" lon="2.9258451999999977">
<ele>74.41364736951867</ele>
<time>2026-08-28T09:15:15.133Z</time>
</trkpt>
<trkpt lat="42.0317643" lon="2.925807800000001">
<ele>74.86809720359881</ele>
<time>2026-08-28T09:15:16.133Z</time>
</trkpt>
<trkpt lat="42.0319316" lon="2.9257685000000038">
<ele>74.71034478624085</ele>
<time>2026-08-28T09:15:17.132Z</time>
</trkpt>
<trkpt lat="42.0320973" lon="2.925717700000007">
<ele>74.25423576805571</ele>
<time>2026-08-28T09:15:18.133Z</time>
</trkpt>
<trkpt lat="42.0322532" lon="2.9256445999999983">
<ele>74.11959838344015</ele>
<time>2026-08-28T09:15:19.132Z</time>
</trkpt>
<trkpt lat="42.0324001" lon="2.9255435000000034">
<ele>74.06907621026919</ele>
<time>2026-08-28T09:15:20.133Z</time>
</trkpt>
<trkpt lat="42.032536" lon="2.9254184000000123">
<ele>72.93976756167481</ele>
<time>2026-08-28T09:15:21.133Z</time>
</trkpt>
<trkpt lat="42.0326614" lon="2.925284199999993">
<ele>73.18589582643779</ele>
<time>2026-08-28T09:15:22.132Z</time>
</trkpt>
<trkpt lat="42.0327833" lon="2.9251501999999903">
<ele>74.22793619815803</ele>
<time>2026-08-28T09:15:23.133Z</time>
</trkpt>
<trkpt lat="42.0329015" lon="2.925027599999993">
<ele>74.5343796204968</ele>
<time>2026-08-28T09:15:24.133Z</time>
</trkpt>
<trkpt lat="42.0330268" lon="2.9249203999999907">
<ele>75.04852998515413</ele>
<time>2026-08-28T09:15:25.133Z</time>
</trkpt>
<trkpt lat="42.0331607" lon="2.92482609999999">
<ele>76.11565354513645</ele>
<time>2026-08-28T09:15:26.133Z</time>
</trkpt>
<trkpt lat="42.0333" lon="2.924755199999993">
<ele>76.1059306754896</ele>
<time>2026-08-28T09:15:27.132Z</time>
</trkpt>
<trkpt lat="42.0334431" lon="2.9246975000000077">
<ele>76.83365056441484</ele>
<time>2026-08-28T09:15:28.133Z</time>
</trkpt>
<trkpt lat="42.0335813" lon="2.9246512999999936">
<ele>76.69137915205371</ele>
<time>2026-08-28T09:15:29.133Z</time>
</trkpt>
<trkpt lat="42.0337149" lon="2.9246023000000037">
<ele>76.812346876486</ele>
<time>2026-08-28T09:15:30.133Z</time>
</trkpt>
<trkpt lat="42.0338435" lon="2.924546300000003">
<ele>75.67738982235682</ele>
<time>2026-08-28T09:15:31.133Z</time>
</trkpt>
<trkpt lat="42.0339717" lon="2.924480200000005">
<ele>75.98132418841467</ele>
<time>2026-08-28T09:15:32.133Z</time>
</trkpt>
<trkpt lat="42.0340963" lon="2.9243945999999994">
<ele>75.69291579384596</ele>
<time>2026-08-28T09:15:33.133Z</time>
</trkpt>
<trkpt lat="42.0342148" lon="2.924284699999987">
<ele>74.80615060346823</ele>
<time>2026-08-28T09:15:34.133Z</time>
</trkpt>
<trkpt lat="42.0343246" lon="2.9241585000000043">
<ele>74.70439522943815</ele>
<time>2026-08-28T09:15:35.133Z</time>
</trkpt>
<trkpt lat="42.0344154" lon="2.9240210000000104">
<ele>73.22557443586282</ele>
<time>2026-08-28T09:15:36.133Z</time>
</trkpt>
<trkpt lat="42.0345008" lon="2.9238690999999903">
<ele>73.53768244907515</ele>
<time>2026-08-28T09:15:37.132Z</time>
</trkpt>
<trkpt lat="42.034585" lon="2.923702999999989">
<ele>72.41366437211222</ele>
<time>2026-08-28T09:15:38.132Z</time>
</trkpt>
<trkpt lat="42.0346616" lon="2.9235379000000137">
<ele>72.58248194563008</ele>
<time>2026-08-28T09:15:39.132Z</time>
</trkpt>
<trkpt lat="42.0347368" lon="2.923368900000014">
<ele>72.71244621504874</ele>
<time>2026-08-28T09:15:40.133Z</time>
</trkpt>
<trkpt lat="42.0348137" lon="2.9231897999999887">
<ele>72.73578229969195</ele>
<time>2026-08-28T09:15:41.133Z</time>
</trkpt>
<trkpt lat="42.034892" lon="2.923013400000002">
<ele>72.87525702384735</ele>
<time>2026-08-28T09:15:42.133Z</time>
</trkpt>
<trkpt lat="42.0349722" lon="2.9228376000000083">
<ele>72.71980275575257</ele>
<time>2026-08-28T09:15:43.132Z</time>
</trkpt>
<trkpt lat="42.0350504" lon="2.9226725000000044">
<ele>72.4436388719734</ele>
<time>2026-08-28T09:15:44.133Z</time>
</trkpt>
<trkpt lat="42.0351301" lon="2.9225054000000057">
<ele>73.68694295778313</ele>
<time>2026-08-28T09:15:45.133Z</time>
</trkpt>
<trkpt lat="42.0352108" lon="2.922338599999989">
<ele>73.0296387122793</ele>
<time>2026-08-28T09:15:46.132Z</time>
</trkpt>
<trkpt lat="42.0352934" lon="2.9221748999999875">
<ele>72.95088803091376</ele>
<time>2026-08-28T09:15:47.133Z</time>
</trkpt>
<trkpt lat="42.0353755" lon="2.922021099999995">
<ele>72.06858922012724</ele>
<time>2026-08-28T09:15:48.133Z</time>
</trkpt>
<trkpt lat="42.0354628" lon="2.921868200000006">
<ele>70.65035190164879</ele>
<time>2026-08-28T09:15:49.133Z</time>
</trkpt>
<trkpt lat="42.035559" lon="2.9217232000000024">
<ele>69.83485510260812</ele>
<time>2026-08-28T09:15:50.133Z</time>
</trkpt>
<trkpt lat="42.0356539" lon="2.921588899999989">
<ele>70.10967961720954</ele>
<time>2026-08-28T09:15:51.133Z</time>
</trkpt>
<trkpt lat="42.0357481" lon="2.9214521000000104">
<ele>70.01618933988598</ele>
<time>2026-08-28T09:15:52.132Z</time>
</trkpt>
<trkpt lat="42.0358462" lon="2.921312300000011">
<ele>69.53007837694027</ele>
<time>2026-08-28T09:15:53.133Z</time>
</trkpt>
<trkpt lat="42.0359453" lon="2.9211706000000106">
<ele>66.84841434024095</ele>
<time>2026-08-28T09:15:54.133Z</time>
</trkpt>
<trkpt lat="42.0360427" lon="2.9210257000000013">
<ele>66.8603305161457</ele>
<time>2026-08-28T09:15:55.133Z</time>
</trkpt>
<trkpt lat="42.036136" lon="2.920880899999986">
<ele>66.39423819555752</ele>
<time>2026-08-28T09:15:56.132Z</time>
</trkpt>
<trkpt lat="42.0362284" lon="2.920732500000014">
<ele>65.78909226514298</ele>
<time>2026-08-28T09:15:57.133Z</time>
</trkpt>
<trkpt lat="42.0363224" lon="2.9205841000000134">
<ele>65.08242441266621</ele>
<time>2026-08-28T09:15:58.133Z</time>
</trkpt>
<trkpt lat="42.0364163" lon="2.920434699999987">
<ele>64.91952777526424</ele>
<time>2026-08-28T09:15:59.133Z</time>
</trkpt>
<trkpt lat="42.0365112" lon="2.9202828999999895">
<ele>65.11993383557208</ele>
<time>2026-08-28T09:16:00.133Z</time>
</trkpt>
<trkpt lat="42.0366053" lon="2.9201295999999957">
<ele>65.27440907763604</ele>
<time>2026-08-28T09:16:01.133Z</time>
</trkpt>
<trkpt lat="42.0366953" lon="2.9199825000000033">
<ele>65.17674537475315</ele>
<time>2026-08-28T09:16:02.133Z</time>
</trkpt>
<trkpt lat="42.036785" lon="2.919835799999987">
<ele>65.07337052917987</ele>
<time>2026-08-28T09:16:03.133Z</time>
</trkpt>
<trkpt lat="42.0368746" lon="2.9196890000000053">
<ele>64.7662860240468</ele>
<time>2026-08-28T09:16:04.133Z</time>
</trkpt>
<trkpt lat="42.036967" lon="2.9195502000000033">
<ele>64.85947748026076</ele>
<time>2026-08-28T09:16:05.132Z</time>
</trkpt>
<trkpt lat="42.0370521" lon="2.919427899999988">
<ele>64.83270694132818</ele>
<time>2026-08-28T09:16:06.132Z</time>
</trkpt>
<trkpt lat="42.0371319" lon="2.9193157999999926">
<ele>64.99087458823018</ele>
<time>2026-08-28T09:16:07.133Z</time>
</trkpt>
<trkpt lat="42.0372012" lon="2.919219599999991">
<ele>65.22709363124224</ele>
<time>2026-08-28T09:16:08.133Z</time>
</trkpt>
<trkpt lat="42.0372614" lon="2.919143399999996">
<ele>65.12170095195016</ele>
<time>2026-08-28T09:16:09.133Z</time>
</trkpt>
<trkpt lat="42.0373139" lon="2.9190743000000055">
<ele>65.32567269331692</ele>
<time>2026-08-28T09:16:10.132Z</time>
</trkpt>
<trkpt lat="42.0373584" lon="2.9190084999999897">
<ele>65.18458471135513</ele>
<time>2026-08-28T09:16:11.132Z</time>
</trkpt>
<trkpt lat="42.037399" lon="2.918955199999999">
<ele>65.21776382778862</ele>
<time>2026-08-28T09:16:12.133Z</time>
</trkpt>
<trkpt lat="42.0374334" lon="2.9189098999999885">
<ele>65.06238283194232</ele>
<time>2026-08-28T09:16:13.133Z</time>
</trkpt>
<trkpt lat="42.0374923" lon="2.9188330000000065">
<ele>65.09040938811621</ele>
<time>2026-08-28T09:16:15.133Z</time>
</trkpt>
<trkpt lat="42.0375374" lon="2.9187690999999916">
<ele>65.02995381558445</ele>
<time>2026-08-28T09:16:17.133Z</time>
</trkpt>
<trkpt lat="42.0375753" lon="2.918719500000009">
<ele>65.02917259915733</ele>
<time>2026-08-28T09:16:19.133Z</time>
</trkpt>
<trkpt lat="42.0376214" lon="2.9186500000000137">
<ele>65.38637965907428</ele>
<time>2026-08-28T09:16:21.132Z</time>
</trkpt>
<trkpt lat="42.037652" lon="2.918604799999997">
<ele>64.98355576465892</ele>
<time>2026-08-28T09:16:22.133Z</time>
</trkpt>
<trkpt lat="42.0377193" lon="2.9185209999999984">
<ele>64.99844788418133</ele>
<time>2026-08-28T09:16:24.133Z</time>
</trkpt>
<trkpt lat="42.0377925" lon="2.9184395999999992">
<ele>65.03008566665076</ele>
<time>2026-08-28T09:16:26.133Z</time>
</trkpt>
<trkpt lat="42.0378255" lon="2.918397099999993">
<ele>65.26688670589864</ele>
<time>2026-08-28T09:16:27.133Z</time>
</trkpt>
<trkpt lat="42.0378523" lon="2.9183477999999923">
<ele>65.34378498250962</ele>
<time>2026-08-28T09:16:28.133Z</time>
</trkpt>
<trkpt lat="42.0379168" lon="2.9182739000000026">
<ele>65.13614517881345</ele>
<time>2026-08-28T09:16:30.132Z</time>
</trkpt>
<trkpt lat="42.0379723" lon="2.918198600000011">
<ele>65.36756825530912</ele>
<time>2026-08-28T09:16:32.133Z</time>
</trkpt>
<trkpt lat="42.0380204" lon="2.9181244000000106">
<ele>65.49972018368669</ele>
<time>2026-08-28T09:16:34.133Z</time>
</trkpt>
<trkpt lat="42.0380642" lon="2.918081099999995">
<ele>65.72444606959476</ele>
<time>2026-08-28T09:16:36.133Z</time>
</trkpt>
<trkpt lat="42.0381007" lon="2.9180425000000128">
<ele>66.46317522369309</ele>
<time>2026-08-28T09:16:39.133Z</time>
</trkpt>
<trkpt lat="42.0381377" lon="2.9179790000000025">
<ele>66.67784015548006</ele>
<time>2026-08-28T09:16:41.133Z</time>
</trkpt>
<trkpt lat="42.0381831" lon="2.917906600000009">
<ele>67.57312283370314</ele>
<time>2026-08-28T09:16:43.132Z</time>
</trkpt>
<trkpt lat="42.038234" lon="2.9178156000000115">
<ele>68.28700734996586</ele>
<time>2026-08-28T09:16:45.133Z</time>
</trkpt>
<trkpt lat="42.0382511" lon="2.917750699999999">
<ele>66.85031088204808</ele>
<time>2026-08-28T09:16:46.133Z</time>
</trkpt>
<trkpt lat="42.0382579" lon="2.9176774000000023">
<ele>66.86597715864005</ele>
<time>2026-08-28T09:16:47.133Z</time>
</trkpt>
<trkpt lat="42.0382442" lon="2.917591399999992">
<ele>67.08782301283298</ele>
<time>2026-08-28T09:16:48.133Z</time>
</trkpt>
<trkpt lat="42.0382245" lon="2.917500899999993">
<ele>67.0798510296231</ele>
<time>2026-08-28T09:16:49.133Z</time>
</trkpt>
<trkpt lat="42.0382028" lon="2.917404099999999">
<ele>66.91033393330903</ele>
<time>2026-08-28T09:16:50.132Z</time>
</trkpt>
<trkpt lat="42.0381753" lon="2.9173008999999865">
<ele>66.91215837337946</ele>
<time>2026-08-28T09:16:51.133Z</time>
</trkpt>
<trkpt lat="42.0381457" lon="2.9172015000000044">
<ele>67.1282033109251</ele>
<time>2026-08-28T09:16:52.133Z</time>
</trkpt>
<trkpt lat="42.038113" lon="2.917094600000013">
<ele>67.53728844095691</ele>
<time>2026-08-28T09:16:53.132Z</time>
</trkpt>
<trkpt lat="42.0380837" lon="2.9169971000000032">
<ele>67.86784232703808</ele>
<time>2026-08-28T09:16:54.132Z</time>
</trkpt>
<trkpt lat="42.0380571" lon="2.9168922000000066">
<ele>68.04349001824751</ele>
<time>2026-08-28T09:16:55.133Z</time>
</trkpt>
<trkpt lat="42.0380321" lon="2.9167878000000087">
<ele>68.68225524918981</ele>
<time>2026-08-28T09:16:56.133Z</time>
</trkpt>
<trkpt lat="42.0380059" lon="2.9166840000000036">
<ele>69.10814271463799</ele>
<time>2026-08-28T09:16:57.133Z</time>
</trkpt>
<trkpt lat="42.037982" lon="2.9165839000000062">
<ele>68.35806594565207</ele>
<time>2026-08-28T09:16:58.133Z</time>
</trkpt>
<trkpt lat="42.0379573" lon="2.916473300000007">
<ele>68.65475590415481</ele>
<time>2026-08-28T09:16:59.133Z</time>
</trkpt>
<trkpt lat="42.0379294" lon="2.916369599999996">
<ele>68.73400383104381</ele>
<time>2026-08-28T09:17:00.133Z</time>
</trkpt>
<trkpt lat="42.037905" lon="2.916249800000003">
<ele>68.94089740301116</ele>
<time>2026-08-28T09:17:01.133Z</time>
</trkpt>
<trkpt lat="42.0378798" lon="2.9161344000000042">
<ele>69.4231523247107</ele>
<time>2026-08-28T09:17:02.133Z</time>
</trkpt>
<trkpt lat="42.03785" lon="2.916019900000009">
<ele>69.08062096962226</ele>
<time>2026-08-28T09:17:03.133Z</time>
</trkpt>
<trkpt lat="42.0378222" lon="2.9158985999999913">
<ele>68.88419665562948</ele>
<time>2026-08-28T09:17:04.133Z</time>
</trkpt>
<trkpt lat="42.037792" lon="2.9157677000000035">
<ele>68.77080362027037</ele>
<time>2026-08-28T09:17:05.132Z</time>
</trkpt>
<trkpt lat="42.0377566" lon="2.9156348999999864">
<ele>69.53141630955142</ele>
<time>2026-08-28T09:17:06.133Z</time>
</trkpt>
<trkpt lat="42.037725" lon="2.9154972999999984">
<ele>70.13500817696892</ele>
<time>2026-08-28T09:17:07.133Z</time>
</trkpt>
<trkpt lat="42.0376967" lon="2.9153594">
<ele>70.07970583394489</ele>
<time>2026-08-28T09:17:08.133Z</time>
</trkpt>
<trkpt lat="42.0376635" lon="2.9152258000000018">
<ele>70.62947307005679</ele>
<time>2026-08-28T09:17:09.132Z</time>
</trkpt>
<trkpt lat="42.0376322" lon="2.915091700000005">
<ele>69.24196687177117</ele>
<time>2026-08-28T09:17:10.133Z</time>
</trkpt>
<trkpt lat="42.0376009" lon="2.914958000000013">
<ele>70.34386851202105</ele>
<time>2026-08-28T09:17:11.133Z</time>
</trkpt>
<trkpt lat="42.0375672" lon="2.9148268000000144">
<ele>69.27592934258134</ele>
<time>2026-08-28T09:17:12.132Z</time>
</trkpt>
<trkpt lat="42.0375356" lon="2.914698399999992">
<ele>69.47699179285928</ele>
<time>2026-08-28T09:17:13.133Z</time>
</trkpt>
<trkpt lat="42.0375044" lon="2.914574299999998">
<ele>69.44287764406232</ele>
<time>2026-08-28T09:17:14.133Z</time>
</trkpt>
<trkpt lat="42.0374727" lon="2.914451100000008">
<ele>68.84548570753768</ele>
<time>2026-08-28T09:17:15.133Z</time>
</trkpt>
<trkpt lat="42.0374381" lon="2.9143147000000056">
<ele>69.10146176462982</ele>
<time>2026-08-28T09:17:16.133Z</time>
</trkpt>
<trkpt lat="42.0374044" lon="2.9141797999999994">
<ele>68.74678922233807</ele>
<time>2026-08-28T09:17:17.132Z</time>
</trkpt>
<trkpt lat="42.037376" lon="2.9140524000000028">
<ele>68.66954714333876</ele>
<time>2026-08-28T09:17:18.133Z</time>
</trkpt>
<trkpt lat="42.0373429" lon="2.9139139000000114">
<ele>68.85917377423691</ele>
<time>2026-08-28T09:17:19.133Z</time>
</trkpt>
<trkpt lat="42.0373063" lon="2.913775700000002">
<ele>68.4800528151554</ele>
<time>2026-08-28T09:17:20.133Z</time>
</trkpt>
<trkpt lat="42.0372729" lon="2.9136332999999865">
<ele>68.15050906172473</ele>
<time>2026-08-28T09:17:21.133Z</time>
</trkpt>
<trkpt lat="42.037238" lon="2.913494600000007">
<ele>67.35271918702149</ele>
<time>2026-08-28T09:17:22.133Z</time>
</trkpt>
<trkpt lat="42.0372016" lon="2.9133511">
<ele>67.58553170821199</ele>
<time>2026-08-28T09:17:23.133Z</time>
</trkpt>
<trkpt lat="42.0371669" lon="2.913215500000007">
<ele>68.17014328182705</ele>
<time>2026-08-28T09:17:24.133Z</time>
</trkpt>
<trkpt lat="42.0371383" lon="2.9130879999999877">
<ele>68.35469430982508</ele>
<time>2026-08-28T09:17:25.133Z</time>
</trkpt>
<trkpt lat="42.0371101" lon="2.9129609999999957">
<ele>68.46579214122839</ele>
<time>2026-08-28T09:17:26.133Z</time>
</trkpt>
<trkpt lat="42.0370816" lon="2.9128403999999932">
<ele>67.99662262260281</ele>
<time>2026-08-28T09:17:27.133Z</time>
</trkpt>
<trkpt lat="42.037053" lon="2.912724499999996">
<ele>67.3656450652504</ele>
<time>2026-08-28T09:17:28.133Z</time>
</trkpt>
<trkpt lat="42.0370264" lon="2.912611300000009">
<ele>67.4481825147188</ele>
<time>2026-08-28T09:17:29.133Z</time>
</trkpt>
<trkpt lat="42.0369967" lon="2.912488400000001">
<ele>67.95268378728146</ele>
<time>2026-08-28T09:17:30.132Z</time>
</trkpt>
<trkpt lat="42.0369685" lon="2.912368799999996">
<ele>67.47096002048445</ele>
<time>2026-08-28T09:17:31.133Z</time>
</trkpt>
<trkpt lat="42.0369403" lon="2.912248799999986">
<ele>67.43246040580132</ele>
<time>2026-08-28T09:17:32.133Z</time>
</trkpt>
<trkpt lat="42.036912" lon="2.9121351999999945">
<ele>66.75018461954654</ele>
<time>2026-08-28T09:17:33.133Z</time>
</trkpt>
<trkpt lat="42.0368808" lon="2.9120186000000103">
<ele>66.4105334541466</ele>
<time>2026-08-28T09:17:34.133Z</time>
</trkpt>
<trkpt lat="42.036855" lon="2.9119071000000076">
<ele>66.63729947463507</ele>
<time>2026-08-28T09:17:35.133Z</time>
</trkpt>
<trkpt lat="42.0368324" lon="2.911800400000004">
<ele>66.06980550293926</ele>
<time>2026-08-28T09:17:36.133Z</time>
</trkpt>
<trkpt lat="42.0368079" lon="2.9116841999999963">
<ele>65.85750575684197</ele>
<time>2026-08-28T09:17:37.133Z</time>
</trkpt>
<trkpt lat="42.0367821" lon="2.911571400000014">
<ele>65.69663802258161</ele>
<time>2026-08-28T09:17:38.133Z</time>
</trkpt>
<trkpt lat="42.036759" lon="2.9114582999999925">
<ele>65.43481196115927</ele>
<time>2026-08-28T09:17:39.133Z</time>
</trkpt>
<trkpt lat="42.0367337" lon="2.9113424999999893">
<ele>65.4228626122503</ele>
<time>2026-08-28T09:17:40.133Z</time>
</trkpt>
<trkpt lat="42.0367097" lon="2.9112360999999964">
<ele>65.62089979032798</ele>
<time>2026-08-28T09:17:41.133Z</time>
</trkpt>
<trkpt lat="42.0366847" lon="2.9111288">
<ele>65.72838267479611</ele>
<time>2026-08-28T09:17:42.133Z</time>
</trkpt>
<trkpt lat="42.0366664" lon="2.9110345999999936">
<ele>65.97194911194006</ele>
<time>2026-08-28T09:17:43.133Z</time>
</trkpt>
<trkpt lat="42.0366432" lon="2.91093810000001">
<ele>66.11295244250988</ele>
<time>2026-08-28T09:17:44.133Z</time>
</trkpt>
<trkpt lat="42.0366248" lon="2.910856200000012">
<ele>66.50339339683762</ele>
<time>2026-08-28T09:17:45.133Z</time>
</trkpt>
<trkpt lat="42.0366088" lon="2.9107859000000076">
<ele>67.06933525804273</ele>
<time>2026-08-28T09:17:46.132Z</time>
</trkpt>
<trkpt lat="42.0365903" lon="2.910716000000008">
<ele>67.3884912854528</ele>
<time>2026-08-28T09:17:47.132Z</time>
</trkpt>
<trkpt lat="42.0365713" lon="2.910650000000004">
<ele>67.495569119628</ele>
<time>2026-08-28T09:17:48.133Z</time>
</trkpt>
<trkpt lat="42.0365437" lon="2.9105451000000073">
<ele>66.40124975738881</ele>
<time>2026-08-28T09:17:50.133Z</time>
</trkpt>
<trkpt lat="42.0365123" lon="2.9104295999999863">
<ele>67.25512803830497</ele>
<time>2026-08-28T09:17:52.133Z</time>
</trkpt>
<trkpt lat="42.0364942" lon="2.910356500000006">
<ele>68.05212182257237</ele>
<time>2026-08-28T09:17:53.133Z</time>
</trkpt>
<trkpt lat="42.0364758" lon="2.9102793000000133">
<ele>68.49349969553572</ele>
<time>2026-08-28T09:17:54.132Z</time>
</trkpt>
<trkpt lat="42.0364555" lon="2.9101991">
<ele>69.28648655421016</ele>
<time>2026-08-28T09:17:55.133Z</time>
</trkpt>
<trkpt lat="42.0364342" lon="2.9101114000000052">
<ele>70.2048447336892</ele>
<time>2026-08-28T09:17:56.133Z</time>
</trkpt>
<trkpt lat="42.0364143" lon="2.9100192999999877">
<ele>70.76253995591021</ele>
<time>2026-08-28T09:17:57.133Z</time>
</trkpt>
<trkpt lat="42.036393" lon="2.9099080000000015">
<ele>70.7839257944366</ele>
<time>2026-08-28T09:17:58.133Z</time>
</trkpt>
<trkpt lat="42.0363697" lon="2.909800600000011">
<ele>70.97919101095465</ele>
<time>2026-08-28T09:17:59.133Z</time>
</trkpt>
<trkpt lat="42.0363467" lon="2.9096992999999998">
<ele>70.93728614126094</ele>
<time>2026-08-28T09:18:00.132Z</time>
</trkpt>
<trkpt lat="42.036319" lon="2.9095887999999945">
<ele>70.54254612984282</ele>
<time>2026-08-28T09:18:01.133Z</time>
</trkpt>
<trkpt lat="42.0362883" lon="2.9094834999999932">
<ele>70.52329846602576</ele>
<time>2026-08-28T09:18:02.132Z</time>
</trkpt>
<trkpt lat="42.0362565" lon="2.9093598000000043">
<ele>70.2538767462377</ele>
<time>2026-08-28T09:18:03.133Z</time>
</trkpt>
<trkpt lat="42.0362201" lon="2.9092240999999888">
<ele>69.39441013466936</ele>
<time>2026-08-28T09:18:04.133Z</time>
</trkpt>
<trkpt lat="42.0361874" lon="2.90909640000001">
<ele>69.51197346802353</ele>
<time>2026-08-28T09:18:05.133Z</time>
</trkpt>
<trkpt lat="42.0361514" lon="2.9089453999999932">
<ele>69.61381941849918</ele>
<time>2026-08-28T09:18:06.133Z</time>
</trkpt>
<trkpt lat="42.0361176" lon="2.9088139000000126">
<ele>68.79569397026145</ele>
<time>2026-08-28T09:18:07.132Z</time>
</trkpt>
<trkpt lat="42.0360767" lon="2.908664299999998">
<ele>68.76658487387103</ele>
<time>2026-08-28T09:18:08.132Z</time>
</trkpt>
<trkpt lat="42.0360401" lon="2.9085086999999987">
<ele>69.20088668886588</ele>
<time>2026-08-28T09:18:09.133Z</time>
</trkpt>
<trkpt lat="42.0360016" lon="2.908355400000005">
<ele>69.83157194547992</ele>
<time>2026-08-28T09:18:10.133Z</time>
</trkpt>
<trkpt lat="42.0359625" lon="2.908202700000004">
<ele>69.17127337660752</ele>
<time>2026-08-28T09:18:11.132Z</time>
</trkpt>
<trkpt lat="42.0359289" lon="2.9080548999999962">
<ele>68.98495975083186</ele>
<time>2026-08-28T09:18:12.133Z</time>
</trkpt>
<trkpt lat="42.0358941" lon="2.907904699999989">
<ele>68.82120696748507</ele>
<time>2026-08-28T09:18:13.133Z</time>
</trkpt>
<trkpt lat="42.0358632" lon="2.9077628000000004">
<ele>69.0327896210133</ele>
<time>2026-08-28T09:18:14.133Z</time>
</trkpt>
<trkpt lat="42.0358284" lon="2.9076186000000064">
<ele>69.24933643441624</ele>
<time>2026-08-28T09:18:15.133Z</time>
</trkpt>
<trkpt lat="42.0357937" lon="2.907475799999986">
<ele>67.98952283077259</ele>
<time>2026-08-28T09:18:16.133Z</time>
</trkpt>
<trkpt lat="42.0357684" lon="2.907350000000008">
<ele>67.66511402711636</ele>
<time>2026-08-28T09:18:17.133Z</time>
</trkpt>
<trkpt lat="42.0357355" lon="2.9072003999999936">
<ele>67.66896098551634</ele>
<time>2026-08-28T09:18:18.132Z</time>
</trkpt>
<trkpt lat="42.0356998" lon="2.907055700000001">
<ele>67.15392546585639</ele>
<time>2026-08-28T09:18:19.133Z</time>
</trkpt>
<trkpt lat="42.0356638" lon="2.9069205000000125">
<ele>67.05304604905585</ele>
<time>2026-08-28T09:18:20.133Z</time>
</trkpt>
<trkpt lat="42.0356283" lon="2.906786899999986">
<ele>66.63539381181394</ele>
<time>2026-08-28T09:18:21.132Z</time>
</trkpt>
<trkpt lat="42.0355917" lon="2.9066502999999955">
<ele>67.29834804002289</ele>
<time>2026-08-28T09:18:22.133Z</time>
</trkpt>
<trkpt lat="42.0355607" lon="2.9065166000000033">
<ele>68.02735115612175</ele>
<time>2026-08-28T09:18:23.133Z</time>
</trkpt>
<trkpt lat="42.0355268" lon="2.9063897999999995">
<ele>68.65114995690925</ele>
<time>2026-08-28T09:18:24.133Z</time>
</trkpt>
<trkpt lat="42.0354961" lon="2.906263800000005">
<ele>69.16207561076837</ele>
<time>2026-08-28T09:18:25.132Z</time>
</trkpt>
<trkpt lat="42.0354671" lon="2.9061394000000007">
<ele>69.59796194673424</ele>
<time>2026-08-28T09:18:26.133Z</time>
</trkpt>
<trkpt lat="42.0354389" lon="2.9060234000000094">
<ele>69.711283905063</ele>
<time>2026-08-28T09:18:27.133Z</time>
</trkpt>
<trkpt lat="42.0354168" lon="2.905916700000006">
<ele>69.53910224029605</ele>
<time>2026-08-28T09:18:28.133Z</time>
</trkpt>
<trkpt lat="42.0354081" lon="2.9058200000000056">
<ele>69.84064473045308</ele>
<time>2026-08-28T09:18:29.132Z</time>
</trkpt>
<trkpt lat="42.0354216" lon="2.905722400000002">
<ele>69.97251686940636</ele>
<time>2026-08-28T09:18:30.133Z</time>
</trkpt>
<trkpt lat="42.0354391" lon="2.9056348999999955">
<ele>70.41033358186071</ele>
<time>2026-08-28T09:18:31.132Z</time>
</trkpt>
<trkpt lat="42.0354364" lon="2.9055442000000085">
<ele>70.62450061022642</ele>
<time>2026-08-28T09:18:32.133Z</time>
</trkpt>
<trkpt lat="42.0354194" lon="2.905458199999998">
<ele>71.07571085794008</ele>
<time>2026-08-28T09:18:33.133Z</time>
</trkpt>
<trkpt lat="42.0353783" lon="2.905375399999997">
<ele>70.97361746347369</ele>
<time>2026-08-28T09:18:34.133Z</time>
</trkpt>
<trkpt lat="42.0353284" lon="2.9053011000000026">
<ele>70.96950641617144</ele>
<time>2026-08-28T09:18:35.133Z</time>
</trkpt>
<trkpt lat="42.035276" lon="2.905215599999991">
<ele>70.9346305834729</ele>
<time>2026-08-28T09:18:36.133Z</time>
</trkpt>
<trkpt lat="42.0352269" lon="2.905114200000014">
<ele>70.56944143686516</ele>
<time>2026-08-28T09:18:37.133Z</time>
</trkpt>
<trkpt lat="42.0351889" lon="2.904995200000002">
<ele>70.49078406705505</ele>
<time>2026-08-28T09:18:38.133Z</time>
</trkpt>
<trkpt lat="42.0351543" lon="2.904877499999998">
<ele>70.54057486683399</ele>
<time>2026-08-28T09:18:39.133Z</time>
</trkpt>
<trkpt lat="42.035126" lon="2.904753900000003">
<ele>70.65758358254075</ele>
<time>2026-08-28T09:18:40.132Z</time>
</trkpt>
<trkpt lat="42.035096" lon="2.90462500000001">
<ele>71.26046701682165</ele>
<time>2026-08-28T09:18:41.133Z</time>
</trkpt>
<trkpt lat="42.0350635" lon="2.904486899999995">
<ele>71.77066828120083</ele>
<time>2026-08-28T09:18:42.132Z</time>
</trkpt>
<trkpt lat="42.0350301" lon="2.904345400000011">
<ele>71.77614501488665</ele>
<time>2026-08-28T09:18:43.132Z</time>
</trkpt>
<trkpt lat="42.0349963" lon="2.9041990999999996">
<ele>71.62021935577599</ele>
<time>2026-08-28T09:18:44.133Z</time>
</trkpt>
<trkpt lat="42.0349606" lon="2.9040468999999973">
<ele>71.90112558485353</ele>
<time>2026-08-28T09:18:45.133Z</time>
</trkpt>
<trkpt lat="42.034924" lon="2.903890700000005">
<ele>73.08360610716512</ele>
<time>2026-08-28T09:18:46.132Z</time>
</trkpt>
<trkpt lat="42.0348883" lon="2.903729300000009">
<ele>72.6378634294153</ele>
<time>2026-08-28T09:18:47.133Z</time>
</trkpt>
<trkpt lat="42.0348488" lon="2.9035663999999883">
<ele>73.28303826679897</ele>
<time>2026-08-28T09:18:48.133Z</time>
</trkpt>
<trkpt lat="42.0348096" lon="2.903403400000002">
<ele>73.68351531000901</ele>
<time>2026-08-28T09:18:49.133Z</time>
</trkpt>
<trkpt lat="42.0347736" lon="2.903248700000006">
<ele>73.49105346252821</ele>
<time>2026-08-28T09:18:50.133Z</time>
</trkpt>
<trkpt lat="42.0347327" lon="2.9030850000000044">
<ele>73.63805358065252</ele>
<time>2026-08-28T09:18:51.132Z</time>
</trkpt>
<trkpt lat="42.0346917" lon="2.9029219999999896">
<ele>72.92084029617534</ele>
<time>2026-08-28T09:18:52.133Z</time>
</trkpt>
<trkpt lat="42.0346524" lon="2.9027613000000088">
<ele>73.93752604444543</ele>
<time>2026-08-28T09:18:53.132Z</time>
</trkpt>
<trkpt lat="42.0346101" lon="2.902596899999992">
<ele>72.21226093828832</ele>
<time>2026-08-28T09:18:54.132Z</time>
</trkpt>
<trkpt lat="42.0345719" lon="2.9024292999999943">
<ele>71.73562863324487</ele>
<time>2026-08-28T09:18:55.132Z</time>
</trkpt>
<trkpt lat="42.0345322" lon="2.902263099999999">
<ele>71.98597425611922</ele>
<time>2026-08-28T09:18:56.133Z</time>
</trkpt>
<trkpt lat="42.0344919" lon="2.9020994999999914">
<ele>72.30659678387042</ele>
<time>2026-08-28T09:18:57.133Z</time>
</trkpt>
<trkpt lat="42.0344511" lon="2.9019342999999935">
<ele>72.39771992775411</ele>
<time>2026-08-28T09:18:58.132Z</time>
</trkpt>
<trkpt lat="42.034411" lon="2.901768000000004">
<ele>70.57239080495245</ele>
<time>2026-08-28T09:18:59.132Z</time>
</trkpt>
<trkpt lat="42.0343708" lon="2.901600699999989">
<ele>71.05217204055816</ele>
<time>2026-08-28T09:19:00.133Z</time>
</trkpt>
<trkpt lat="42.0343307" lon="2.901431400000007">
<ele>71.90505172663282</ele>
<time>2026-08-28T09:19:01.133Z</time>
</trkpt>
<trkpt lat="42.0342892" lon="2.9012572000000034">
<ele>70.96207902609129</ele>
<time>2026-08-28T09:19:02.132Z</time>
</trkpt>
<trkpt lat="42.0342492" lon="2.9010871000000122">
<ele>70.4063235970782</ele>
<time>2026-08-28T09:19:03.133Z</time>
</trkpt>
<trkpt lat="42.0342071" lon="2.9009097999999938">
<ele>70.09703234168754</ele>
<time>2026-08-28T09:19:04.132Z</time>
</trkpt>
<trkpt lat="42.0341641" lon="2.9007329000000084">
<ele>70.9689961428304</ele>
<time>2026-08-28T09:19:05.133Z</time>
</trkpt>
<trkpt lat="42.0341224" lon="2.900560399999989">
<ele>71.13768595382909</ele>
<time>2026-08-28T09:19:06.132Z</time>
</trkpt>
<trkpt lat="42.0340828" lon="2.9003913999999895">
<ele>72.21180799922043</ele>
<time>2026-08-28T09:19:07.133Z</time>
</trkpt>
<trkpt lat="42.0340411" lon="2.900221600000009">
<ele>70.42124660352239</ele>
<time>2026-08-28T09:19:08.133Z</time>
</trkpt>
<trkpt lat="42.0340013" lon="2.900055299999991">
<ele>70.59130264501215</ele>
<time>2026-08-28T09:19:09.133Z</time>
</trkpt>
<trkpt lat="42.0339619" lon="2.8998962999999947">
<ele>70.41442760823013</ele>
<time>2026-08-28T09:19:10.133Z</time>
</trkpt>
<trkpt lat="42.0339241" lon="2.899739699999998">
<ele>69.8807896778586</ele>
<time>2026-08-28T09:19:11.132Z</time>
</trkpt>
<trkpt lat="42.0338858" lon="2.899579799999998">
<ele>70.36775146950872</ele>
<time>2026-08-28T09:19:12.133Z</time>
</trkpt>
<trkpt lat="42.0338498" lon="2.899426500000004">
<ele>68.97107640478845</ele>
<time>2026-08-28T09:19:13.133Z</time>
</trkpt>
<trkpt lat="42.0338112" lon="2.899272499999995">
<ele>68.61887132767514</ele>
<time>2026-08-28T09:19:14.133Z</time>
</trkpt>
<trkpt lat="42.0337727" lon="2.8991202999999928">
<ele>68.82096979955432</ele>
<time>2026-08-28T09:19:15.133Z</time>
</trkpt>
<trkpt lat="42.0337353" lon="2.898966300000012">
<ele>68.44091768404115</ele>
<time>2026-08-28T09:19:16.133Z</time>
</trkpt>
<trkpt lat="42.0336988" lon="2.8988152000000014">
<ele>67.71502109188263</ele>
<time>2026-08-28T09:19:17.133Z</time>
</trkpt>
<trkpt lat="42.0336653" lon="2.898665499999993">
<ele>67.9398480293584</ele>
<time>2026-08-28T09:19:18.132Z</time>
</trkpt>
<trkpt lat="42.0336307" lon="2.8985232999999937">
<ele>69.84929673655581</ele>
<time>2026-08-28T09:19:19.133Z</time>
</trkpt>
<trkpt lat="42.0335975" lon="2.898387000000014">
<ele>69.27916181583214</ele>
<time>2026-08-28T09:19:20.132Z</time>
</trkpt>
<trkpt lat="42.0335643" lon="2.8982527000000005">
<ele>69.21102532203342</ele>
<time>2026-08-28T09:19:21.132Z</time>
</trkpt>
<trkpt lat="42.033534" lon="2.8981210999999973">
<ele>69.7798989626194</ele>
<time>2026-08-28T09:19:22.132Z</time>
</trkpt>
<trkpt lat="42.0335031" lon="2.8980007000000114">
<ele>69.47224491653662</ele>
<time>2026-08-28T09:19:23.132Z</time>
</trkpt>
<trkpt lat="42.0334742" lon="2.897889499999991">
<ele>67.46109950267386</ele>
<time>2026-08-28T09:19:24.133Z</time>
</trkpt>
<trkpt lat="42.0334464" lon="2.897776300000004">
<ele>68.47883014435827</ele>
<time>2026-08-28T09:19:25.133Z</time>
</trkpt>
<trkpt lat="42.0334221" lon="2.8976661000000092">
<ele>69.49017453463567</ele>
<time>2026-08-28T09:19:26.133Z</time>
</trkpt>
<trkpt lat="42.0334049" lon="2.897553600000009">
<ele>69.17765299433994</ele>
<time>2026-08-28T09:19:27.132Z</time>
</trkpt>
<trkpt lat="42.0333984" lon="2.8974435000000085">
<ele>68.05620809361059</ele>
<time>2026-08-28T09:19:28.133Z</time>
</trkpt>
<trkpt lat="42.0334154" lon="2.897331600000001">
<ele>69.6416847050665</ele>
<time>2026-08-28T09:19:29.132Z</time>
</trkpt>
<trkpt lat="42.03345" lon="2.897229100000004">
<ele>70.30099242667622</ele>
<time>2026-08-28T09:19:30.133Z</time>
</trkpt>
<trkpt lat="42.0334861" lon="2.897125499999987">
<ele>70.44066227133357</ele>
<time>2026-08-28T09:19:31.133Z</time>
</trkpt>
<trkpt lat="42.0335381" lon="2.8970323000000064">
<ele>68.30729888984942</ele>
<time>2026-08-28T09:19:32.132Z</time>
</trkpt>
<trkpt lat="42.0336026" lon="2.89695549999999">
<ele>69.25731260268869</ele>
<time>2026-08-28T09:19:33.132Z</time>
</trkpt>
<trkpt lat="42.0336881" lon="2.8969002999999987">
<ele>69.9715730193306</ele>
<time>2026-08-28T09:19:34.132Z</time>
</trkpt>
<trkpt lat="42.0337781" lon="2.896859699999993">
<ele>69.43489122281963</ele>
<time>2026-08-28T09:19:35.132Z</time>
</trkpt>
<trkpt lat="42.0338792" lon="2.8968202000000076">
<ele>69.73410774719459</ele>
<time>2026-08-28T09:19:36.132Z</time>
</trkpt>
<trkpt lat="42.0339793" lon="2.896776399999993">
<ele>69.71097306653255</ele>
<time>2026-08-28T09:19:37.132Z</time>
</trkpt>
<trkpt lat="42.0340843" lon="2.8967284999999947">
<ele>70.56271191631801</ele>
<time>2026-08-28T09:19:38.133Z</time>
</trkpt>
<trkpt lat="42.0341924" lon="2.89668309999999">
<ele>70.7248345870779</ele>
<time>2026-08-28T09:19:39.133Z</time>
</trkpt>
<trkpt lat="42.0342968" lon="2.8966378000000077">
<ele>69.88031902456348</ele>
<time>2026-08-28T09:19:40.133Z</time>
</trkpt>
<trkpt lat="42.034404" lon="2.896594399999998">
<ele>69.98515396551136</ele>
<time>2026-08-28T09:19:41.133Z</time>
</trkpt>
<trkpt lat="42.0345117" lon="2.8965493000000038">
<ele>70.05897853073614</ele>
<time>2026-08-28T09:19:42.132Z</time>
</trkpt>
<trkpt lat="42.0346218" lon="2.896503999999993">
<ele>69.53498993462081</ele>
<time>2026-08-28T09:19:43.133Z</time>
</trkpt>
<trkpt lat="42.0347324" lon="2.8964546999999925">
<ele>69.27142815319067</ele>
<time>2026-08-28T09:19:44.132Z</time>
</trkpt>
<trkpt lat="42.0348406" lon="2.8964070000000106">
<ele>68.23484930063678</ele>
<time>2026-08-28T09:19:45.133Z</time>
</trkpt>
<trkpt lat="42.0349501" lon="2.8963568000000066">
<ele>70.04036521888706</ele>
<time>2026-08-28T09:19:46.133Z</time>
</trkpt>
<trkpt lat="42.0350617" lon="2.8963053999999886">
<ele>69.5925590486148</ele>
<time>2026-08-28T09:19:47.133Z</time>
</trkpt>
<trkpt lat="42.0351717" lon="2.8962517999999875">
<ele>68.89099795390285</ele>
<time>2026-08-28T09:19:48.132Z</time>
</trkpt>
<trkpt lat="42.0352824" lon="2.8962028999999916">
<ele>69.24386562250565</ele>
<time>2026-08-28T09:19:49.133Z</time>
</trkpt>
<trkpt lat="42.035393" lon="2.8961572000000047">
<ele>70.35914067586627</ele>
<time>2026-08-28T09:19:50.133Z</time>
</trkpt>
<trkpt lat="42.0355047" lon="2.8961136000000067">
<ele>69.13317777101761</ele>
<time>2026-08-28T09:19:51.132Z</time>
</trkpt>
<trkpt lat="42.0356174" lon="2.8960634000000027">
<ele>71.32489297773779</ele>
<time>2026-08-28T09:19:52.133Z</time>
</trkpt>
<trkpt lat="42.0357314" lon="2.896018099999992">
<ele>69.47671820343628</ele>
<time>2026-08-28T09:19:53.133Z</time>
</trkpt>
<trkpt lat="42.0358465" lon="2.8959648000000016">
<ele>72.96787853778011</ele>
<time>2026-08-28T09:19:54.133Z</time>
</trkpt>
<trkpt lat="42.0359627" lon="2.8959098999999924">
<ele>73.66936369735137</ele>
<time>2026-08-28T09:19:55.133Z</time>
</trkpt>
<trkpt lat="42.0360823" lon="2.8958542000000023">
<ele>73.39707515531192</ele>
<time>2026-08-28T09:19:56.133Z</time>
</trkpt>
<trkpt lat="42.0362002" lon="2.895800500000007">
<ele>72.85595729105152</ele>
<time>2026-08-28T09:19:57.133Z</time>
</trkpt>
<trkpt lat="42.0363165" lon="2.895749099999989">
<ele>70.30120233292199</ele>
<time>2026-08-28T09:19:58.132Z</time>
</trkpt>
<trkpt lat="42.036431" lon="2.8956995000000063">
<ele>72.12423581651726</ele>
<time>2026-08-28T09:19:59.132Z</time>
</trkpt>
<trkpt lat="42.0365425" lon="2.895651200000003">
<ele>70.98955129435673</ele>
<time>2026-08-28T09:20:00.133Z</time>
</trkpt>
<trkpt lat="42.0366498" lon="2.8956056000000103">
<ele>71.12063025308974</ele>
<time>2026-08-28T09:20:01.133Z</time>
</trkpt>
<trkpt lat="42.0367538" lon="2.895559300000002">
<ele>71.76725721740885</ele>
<time>2026-08-28T09:20:02.133Z</time>
</trkpt>
<trkpt lat="42.0368539" lon="2.895518900000013">
<ele>71.08219685227282</ele>
<time>2026-08-28T09:20:03.133Z</time>
</trkpt>
<trkpt lat="42.0369489" lon="2.8954682000000105">
<ele>71.68031889049739</ele>
<time>2026-08-28T09:20:04.133Z</time>
</trkpt>
<trkpt lat="42.0370305" lon="2.8953930000000128">
<ele>71.99341831993827</ele>
<time>2026-08-28T09:20:05.132Z</time>
</trkpt>
<trkpt lat="42.0370976" lon="2.895293400000014">
<ele>72.0779021287295</ele>
<time>2026-08-28T09:20:06.132Z</time>
</trkpt>
<trkpt lat="42.0371504" lon="2.8951747000000125">
<ele>71.43637987034872</ele>
<time>2026-08-28T09:20:07.133Z</time>
</trkpt>
<trkpt lat="42.0371846" lon="2.89503160000001">
<ele>71.4354369579962</ele>
<time>2026-08-28T09:20:08.133Z</time>
</trkpt>
<trkpt lat="42.0371983" lon="2.894888900000012">
<ele>70.50406853557345</ele>
<time>2026-08-28T09:20:09.133Z</time>
</trkpt>
<trkpt lat="42.0372" lon="2.8947426000000007">
<ele>69.43061945623481</ele>
<time>2026-08-28T09:20:10.133Z</time>
</trkpt>
<trkpt lat="42.0371967" lon="2.894587599999994">
<ele>69.79961865087225</ele>
<time>2026-08-28T09:20:11.133Z</time>
</trkpt>
<trkpt lat="42.0371916" lon="2.8944236000000103">
<ele>68.42484247822266</ele>
<time>2026-08-28T09:20:12.133Z</time>
</trkpt>
<trkpt lat="42.0371867" lon="2.8942566999999997">
<ele>67.53038909188338</ele>
<time>2026-08-28T09:20:13.132Z</time>
</trkpt>
<trkpt lat="42.037183" lon="2.894084300000003">
<ele>68.33455189294875</ele>
<time>2026-08-28T09:20:14.133Z</time>
</trkpt>
<trkpt lat="42.0371795" lon="2.8939068999999904">
<ele>68.12494005073134</ele>
<time>2026-08-28T09:20:15.133Z</time>
</trkpt>
<trkpt lat="42.037174" lon="2.893726799999996">
<ele>67.1409069821455</ele>
<time>2026-08-28T09:20:16.133Z</time>
</trkpt>
<trkpt lat="42.0371717" lon="2.8935387999999875">
<ele>65.95148344737443</ele>
<time>2026-08-28T09:20:17.133Z</time>
</trkpt>
<trkpt lat="42.0371682" lon="2.893351899999999">
<ele>65.51994188633032</ele>
<time>2026-08-28T09:20:18.133Z</time>
</trkpt>
<trkpt lat="42.0371624" lon="2.893164399999989">
<ele>64.99122316794022</ele>
<time>2026-08-28T09:20:19.133Z</time>
</trkpt>
<trkpt lat="42.0371554" lon="2.8929814999999905">
<ele>64.23499899476681</ele>
<time>2026-08-28T09:20:20.132Z</time>
</trkpt>
<trkpt lat="42.0371479" lon="2.892791999999986">
<ele>64.69089450782374</ele>
<time>2026-08-28T09:20:21.132Z</time>
</trkpt>
<trkpt lat="42.0371417" lon="2.892605400000008">
<ele>64.93027119754827</ele>
<time>2026-08-28T09:20:22.132Z</time>
</trkpt>
<trkpt lat="42.0371361" lon="2.8924162000000138">
<ele>65.59828097251528</ele>
<time>2026-08-28T09:20:23.133Z</time>
</trkpt>
<trkpt lat="42.037131" lon="2.8922282000000052">
<ele>66.18256100585539</ele>
<time>2026-08-28T09:20:24.132Z</time>
</trkpt>
<trkpt lat="42.0371271" lon="2.8920359999999903">
<ele>66.4415274295883</ele>
<time>2026-08-28T09:20:25.132Z</time>
</trkpt>
<trkpt lat="42.037123" lon="2.8918462000000034">
<ele>67.24668405095765</ele>
<time>2026-08-28T09:20:26.133Z</time>
</trkpt>
<trkpt lat="42.0371171" lon="2.8916557999999952">
<ele>67.09287224405854</ele>
<time>2026-08-28T09:20:27.133Z</time>
</trkpt>
<trkpt lat="42.0371106" lon="2.891467299999988">
<ele>67.14358282960445</ele>
<time>2026-08-28T09:20:28.133Z</time>
</trkpt>
<trkpt lat="42.0371056" lon="2.8912838999999906">
<ele>67.30860737886503</ele>
<time>2026-08-28T09:20:29.133Z</time>
</trkpt>
<trkpt lat="42.0371016" lon="2.891103600000008">
<ele>67.86595834662542</ele>
<time>2026-08-28T09:20:30.133Z</time>
</trkpt>
<trkpt lat="42.0370964" lon="2.8909260000000074">
<ele>68.53743737850532</ele>
<time>2026-08-28T09:20:31.133Z</time>
</trkpt>
<trkpt lat="42.0370932" lon="2.8907556999999997">
<ele>68.97561327540632</ele>
<time>2026-08-28T09:20:32.133Z</time>
</trkpt>
<trkpt lat="42.0370863" lon="2.890594099999987">
<ele>69.2597983539543</ele>
<time>2026-08-28T09:20:33.132Z</time>
</trkpt>
<trkpt lat="42.037082" lon="2.8904349000000025">
<ele>69.58453891021654</ele>
<time>2026-08-28T09:20:34.133Z</time>
</trkpt>
<trkpt lat="42.0370793" lon="2.8902860000000032">
<ele>68.12338311850768</ele>
<time>2026-08-28T09:20:35.133Z</time>
</trkpt>
<trkpt lat="42.0370734" lon="2.8901386000000002">
<ele>67.88899668928228</ele>
<time>2026-08-28T09:20:36.133Z</time>
</trkpt>
<trkpt lat="42.0370687" lon="2.8899960999999905">
<ele>68.0428454330692</ele>
<time>2026-08-28T09:20:37.132Z</time>
</trkpt>
<trkpt lat="42.0370604" lon="2.88985679999999">
<ele>67.82363734035047</ele>
<time>2026-08-28T09:20:38.133Z</time>
</trkpt>
<trkpt lat="42.0370583" lon="2.8897337999999877">
<ele>68.08248361961233</ele>
<time>2026-08-28T09:20:39.133Z</time>
</trkpt>
<trkpt lat="42.0370633" lon="2.889626700000008">
<ele>68.72289295873587</ele>
<time>2026-08-28T09:20:40.132Z</time>
</trkpt>
<trkpt lat="42.037084" lon="2.889527799999996">
<ele>68.27132468761855</ele>
<time>2026-08-28T09:20:41.133Z</time>
</trkpt>
<trkpt lat="42.0371228" lon="2.8894363">
<ele>67.58640542725489</ele>
<time>2026-08-28T09:20:42.133Z</time>
</trkpt>
<trkpt lat="42.0371668" lon="2.8893635000000017">
<ele>67.77185293018023</ele>
<time>2026-08-28T09:20:43.133Z</time>
</trkpt>
<trkpt lat="42.0371959" lon="2.8892906000000096">
<ele>68.06165453881374</ele>
<time>2026-08-28T09:20:44.133Z</time>
</trkpt>
<trkpt lat="42.0372008" lon="2.8892099999999914">
<ele>68.05742037366112</ele>
<time>2026-08-28T09:20:45.133Z</time>
</trkpt>
<trkpt lat="42.0371807" lon="2.8891146999999933">
<ele>67.06560544351917</ele>
<time>2026-08-28T09:20:46.132Z</time>
</trkpt>
<trkpt lat="42.0371436" lon="2.8890421000000117">
<ele>67.1033951489399</ele>
<time>2026-08-28T09:20:47.133Z</time>
</trkpt>
<trkpt lat="42.0370932" lon="2.888984899999997">
<ele>67.75981284568904</ele>
<time>2026-08-28T09:20:48.133Z</time>
</trkpt>
<trkpt lat="42.0370384" lon="2.888919499999986">
<ele>70.05790590080464</ele>
<time>2026-08-28T09:20:49.133Z</time>
</trkpt>
<trkpt lat="42.0369888" lon="2.8888466999999878">
<ele>67.59462735267435</ele>
<time>2026-08-28T09:20:50.132Z</time>
</trkpt>
<trkpt lat="42.0369484" lon="2.888761399999993">
<ele>68.1975588405491</ele>
<time>2026-08-28T09:20:51.132Z</time>
</trkpt>
<trkpt lat="42.0369207" lon="2.8886554000000046">
<ele>67.97937658129088</ele>
<time>2026-08-28T09:20:52.133Z</time>
</trkpt>
<trkpt lat="42.0368947" lon="2.888550600000002">
<ele>67.04141985284905</ele>
<time>2026-08-28T09:20:53.133Z</time>
</trkpt>
<trkpt lat="42.0368734" lon="2.8884379000000138">
<ele>67.14624343535743</ele>
<time>2026-08-28T09:20:54.132Z</time>
</trkpt>
<trkpt lat="42.0368482" lon="2.8883214999999893">
<ele>66.88699394217268</ele>
<time>2026-08-28T09:20:55.133Z</time>
</trkpt>
<trkpt lat="42.036824" lon="2.8882043000000124">
<ele>66.43653554696624</ele>
<time>2026-08-28T09:20:56.132Z</time>
</trkpt>
<trkpt lat="42.0367939" lon="2.8880853">
<ele>65.90940907693756</ele>
<time>2026-08-28T09:20:57.133Z</time>
</trkpt>
<trkpt lat="42.0367642" lon="2.887965600000001">
<ele>65.22518720967905</ele>
<time>2026-08-28T09:20:58.133Z</time>
</trkpt>
<trkpt lat="42.0367373" lon="2.8878468999999996">
<ele>64.98584444484531</ele>
<time>2026-08-28T09:20:59.133Z</time>
</trkpt>
<trkpt lat="42.0367059" lon="2.88772560000001">
<ele>64.75358015824234</ele>
<time>2026-08-28T09:21:00.133Z</time>
</trkpt>
<trkpt lat="42.0366745" lon="2.8876060000000052">
<ele>65.11138402045573</ele>
<time>2026-08-28T09:21:01.133Z</time>
</trkpt>
<trkpt lat="42.0366443" lon="2.887484300000011">
<ele>65.99722514137179</ele>
<time>2026-08-28T09:21:02.132Z</time>
</trkpt>
<trkpt lat="42.0366128" lon="2.8873551000000077">
<ele>66.99206351484456</ele>
<time>2026-08-28T09:21:03.133Z</time>
</trkpt>
<trkpt lat="42.0365851" lon="2.8872254000000055">
<ele>66.51834127469334</ele>
<time>2026-08-28T09:21:04.133Z</time>
</trkpt>
<trkpt lat="42.0365555" lon="2.8870944999999892">
<ele>66.94478203757465</ele>
<time>2026-08-28T09:21:05.133Z</time>
</trkpt>
<trkpt lat="42.0365234" lon="2.88696139999999">
<ele>67.77428558754073</ele>
<time>2026-08-28T09:21:06.133Z</time>
</trkpt>
<trkpt lat="42.0364902" lon="2.886830300000014">
<ele>67.61684429682293</ele>
<time>2026-08-28T09:21:07.133Z</time>
</trkpt>
<trkpt lat="42.0364587" lon="2.8867004999999892">
<ele>68.81876287650432</ele>
<time>2026-08-28T09:21:08.133Z</time>
</trkpt>
<trkpt lat="42.0364255" lon="2.886571900000007">
<ele>68.35968221056301</ele>
<time>2026-08-28T09:21:09.133Z</time>
</trkpt>
<trkpt lat="42.0363928" lon="2.8864432999999963">
<ele>68.2605753447534</ele>
<time>2026-08-28T09:21:10.132Z</time>
</trkpt>
<trkpt lat="42.0363609" lon="2.8863198999999895">
<ele>68.44362350319714</ele>
<time>2026-08-28T09:21:11.132Z</time>
</trkpt>
<trkpt lat="42.036327" lon="2.8861922000000106">
<ele>68.88975331737315</ele>
<time>2026-08-28T09:21:12.133Z</time>
</trkpt>
<trkpt lat="42.0362939" lon="2.886062900000013">
<ele>69.18992806164422</ele>
<time>2026-08-28T09:21:13.133Z</time>
</trkpt>
<trkpt lat="42.0362607" lon="2.885934700000007">
<ele>69.37270295485149</ele>
<time>2026-08-28T09:21:14.132Z</time>
</trkpt>
<trkpt lat="42.0362268" lon="2.8858074999999985">
<ele>69.22237539410244</ele>
<time>2026-08-28T09:21:15.133Z</time>
</trkpt>
<trkpt lat="42.0361938" lon="2.8856873000000007">
<ele>68.90360788807565</ele>
<time>2026-08-28T09:21:16.133Z</time>
</trkpt>
<trkpt lat="42.036166" lon="2.8855681999999945">
<ele>69.28731852103677</ele>
<time>2026-08-28T09:21:17.132Z</time>
</trkpt>
<trkpt lat="42.0361347" lon="2.8854437999999902">
<ele>68.79324747286755</ele>
<time>2026-08-28T09:21:18.133Z</time>
</trkpt>
<trkpt lat="42.0361064" lon="2.8853229000000056">
<ele>69.60539368667084</ele>
<time>2026-08-28T09:21:19.133Z</time>
</trkpt>
<trkpt lat="42.036079" lon="2.885199699999987">
<ele>68.89867228219123</ele>
<time>2026-08-28T09:21:20.133Z</time>
</trkpt>
<trkpt lat="42.0360521" lon="2.8850821999999994">
<ele>68.45734318725066</ele>
<time>2026-08-28T09:21:21.133Z</time>
</trkpt>
<trkpt lat="42.0360283" lon="2.8849712999999895">
<ele>69.08938870141388</ele>
<time>2026-08-28T09:21:22.133Z</time>
</trkpt>
<trkpt lat="42.0360083" lon="2.8848567000000003">
<ele>69.00857082685225</ele>
<time>2026-08-28T09:21:23.133Z</time>
</trkpt>
<trkpt lat="42.0359876" lon="2.8847523999999964">
<ele>68.26244984320508</ele>
<time>2026-08-28T09:21:24.133Z</time>
</trkpt>
<trkpt lat="42.035968" lon="2.884657599999997">
<ele>67.08889822243322</ele>
<time>2026-08-28T09:21:25.132Z</time>
</trkpt>
<trkpt lat="42.0359566" lon="2.8845705999999893">
<ele>66.5197467012325</ele>
<time>2026-08-28T09:21:26.133Z</time>
</trkpt>
<trkpt lat="42.0359505" lon="2.8844912000000136">
<ele>66.42319894086816</ele>
<time>2026-08-28T09:21:27.133Z</time>
</trkpt>
<trkpt lat="42.035944" lon="2.8844137000000103">
<ele>66.81325433963258</ele>
<time>2026-08-28T09:21:28.133Z</time>
</trkpt>
<trkpt lat="42.0359162" lon="2.8843450999999902">
<ele>66.19472269986554</ele>
<time>2026-08-28T09:21:29.133Z</time>
</trkpt>
<trkpt lat="42.0358697" lon="2.884274199999993">
<ele>66.2596506281851</ele>
<time>2026-08-28T09:21:30.133Z</time>
</trkpt>
<trkpt lat="42.0358249" lon="2.8841903999999943">
<ele>66.22240463563261</ele>
<time>2026-08-28T09:21:31.133Z</time>
</trkpt>
<trkpt lat="42.0357931" lon="2.8840954000000067">
<ele>66.42968701145051</ele>
<time>2026-08-28T09:21:32.132Z</time>
</trkpt>
<trkpt lat="42.0357699" lon="2.883985999999993">
<ele>66.37603230242998</ele>
<time>2026-08-28T09:21:33.133Z</time>
</trkpt>
<trkpt lat="42.0357451" lon="2.8838705999999945">
<ele>66.58247888066481</ele>
<time>2026-08-28T09:21:34.133Z</time>
</trkpt>
<trkpt lat="42.0357151" lon="2.8837489000000005">
<ele>66.13712505058325</ele>
<time>2026-08-28T09:21:35.133Z</time>
</trkpt>
<trkpt lat="42.0356841" lon="2.8836272000000065">
<ele>65.64617689724787</ele>
<time>2026-08-28T09:21:36.132Z</time>
</trkpt>
<trkpt lat="42.0356533" lon="2.8834990000000005">
<ele>65.34811839582187</ele>
<time>2026-08-28T09:21:37.133Z</time>
</trkpt>
<trkpt lat="42.03562" lon="2.88336129999999">
<ele>64.9340357840669</ele>
<time>2026-08-28T09:21:38.133Z</time>
</trkpt>
<trkpt lat="42.03559" lon="2.8832298000000094">
<ele>64.78249718074596</ele>
<time>2026-08-28T09:21:39.132Z</time>
</trkpt>
<trkpt lat="42.0355579" lon="2.883090100000004">
<ele>63.98827319529989</ele>
<time>2026-08-28T09:21:40.132Z</time>
</trkpt>
<trkpt lat="42.0355242" lon="2.8829488000000083">
<ele>65.05262119688054</ele>
<time>2026-08-28T09:21:41.133Z</time>
</trkpt>
<trkpt lat="42.0354899" lon="2.8828064999999867">
<ele>64.73375911282446</ele>
<time>2026-08-28T09:21:42.133Z</time>
</trkpt>
<trkpt lat="42.0354583" lon="2.882661899999988">
<ele>64.2357888154495</ele>
<time>2026-08-28T09:21:43.133Z</time>
</trkpt>
<trkpt lat="42.0354267" lon="2.882514200000003">
<ele>63.90424198216427</ele>
<time>2026-08-28T09:21:44.133Z</time>
</trkpt>
<trkpt lat="42.0353983" lon="2.8823691999999994">
<ele>64.08231291714559</ele>
<time>2026-08-28T09:21:45.133Z</time>
</trkpt>
<trkpt lat="42.0353621" lon="2.882214199999993">
<ele>64.26077135781674</ele>
<time>2026-08-28T09:21:46.132Z</time>
</trkpt>
<trkpt lat="42.0353206" lon="2.8820618000000024">
<ele>64.69323407296383</ele>
<time>2026-08-28T09:21:47.132Z</time>
</trkpt>
<trkpt lat="42.0352781" lon="2.881904300000002">
<ele>65.9842295813686</ele>
<time>2026-08-28T09:21:48.131Z</time>
</trkpt>
<trkpt lat="42.0352405" lon="2.8817460999999867">
<ele>66.11369153235553</ele>
<time>2026-08-28T09:21:49.132Z</time>
</trkpt>
<trkpt lat="42.0351974" lon="2.8815864000000033">
<ele>66.42241895111614</ele>
<time>2026-08-28T09:21:50.131Z</time>
</trkpt>
<trkpt lat="42.0351624" lon="2.8814250000000072">
<ele>66.44802076337332</ele>
<time>2026-08-28T09:21:51.132Z</time>
</trkpt>
<trkpt lat="42.0351279" lon="2.881280099999998">
<ele>66.01524585037514</ele>
<time>2026-08-28T09:21:52.132Z</time>
</trkpt>
<trkpt lat="42.03509" lon="2.8811257000000126">
<ele>66.76450781556795</ele>
<time>2026-08-28T09:21:53.132Z</time>
</trkpt>
<trkpt lat="42.0350529" lon="2.8809752999999887">
<ele>65.83812046898464</ele>
<time>2026-08-28T09:21:54.132Z</time>
</trkpt>
<trkpt lat="42.0350191" lon="2.880835999999988">
<ele>66.04900596688748</ele>
<time>2026-08-28T09:21:55.132Z</time>
</trkpt>
<trkpt lat="42.0349896" lon="2.8806974999999966">
<ele>66.8223176885013</ele>
<time>2026-08-28T09:21:56.132Z</time>
</trkpt>
<trkpt lat="42.034964" lon="2.8805570000000102">
<ele>66.49153339169582</ele>
<time>2026-08-28T09:21:57.132Z</time>
</trkpt>
<trkpt lat="42.0349352" lon="2.8804149999999993">
<ele>67.2332364674831</ele>
<time>2026-08-28T09:21:58.132Z</time>
</trkpt>
<trkpt lat="42.0349072" lon="2.880274799999995">
<ele>66.27372764795616</ele>
<time>2026-08-28T09:21:59.131Z</time>
</trkpt>
<trkpt lat="42.0348818" lon="2.880145199999987">
<ele>66.32181812465684</ele>
<time>2026-08-28T09:22:00.131Z</time>
</trkpt>
<trkpt lat="42.0348542" lon="2.880016100000006">
<ele>66.00706308719126</ele>
<time>2026-08-28T09:22:01.132Z</time>
</trkpt>
<trkpt lat="42.0348289" lon="2.879889800000001">
<ele>66.54167898695488</ele>
<time>2026-08-28T09:22:02.132Z</time>
</trkpt>
<trkpt lat="42.034808" lon="2.8797691999999984">
<ele>65.4989420084688</ele>
<time>2026-08-28T09:22:03.132Z</time>
</trkpt>
<trkpt lat="42.0347858" lon="2.8796442999999954">
<ele>66.29194843883738</ele>
<time>2026-08-28T09:22:04.132Z</time>
</trkpt>
<trkpt lat="42.034762" lon="2.8795280999999875">
<ele>66.44804978295325</ele>
<time>2026-08-28T09:22:05.132Z</time>
</trkpt>
<trkpt lat="42.0347386" lon="2.879412099999996">
<ele>66.99682981785496</ele>
<time>2026-08-28T09:22:06.132Z</time>
</trkpt>
<trkpt lat="42.0347181" lon="2.879312199999987">
<ele>65.4564222719921</ele>
<time>2026-08-28T09:22:07.132Z</time>
</trkpt>
<trkpt lat="42.0346983" lon="2.8792074000000127">
<ele>65.38729006836378</ele>
<time>2026-08-28T09:22:08.132Z</time>
</trkpt>
<trkpt lat="42.0346777" lon="2.8791074000000094">
<ele>65.59200556250904</ele>
<time>2026-08-28T09:22:09.132Z</time>
</trkpt>
<trkpt lat="42.0346565" lon="2.879011300000002">
<ele>66.1294507711383</ele>
<time>2026-08-28T09:22:10.132Z</time>
</trkpt>
<trkpt lat="42.0346337" lon="2.878917300000012">
<ele>66.99853787376955</ele>
<time>2026-08-28T09:22:11.132Z</time>
</trkpt>
<trkpt lat="42.0346188" lon="2.8788251000000002">
<ele>67.21317895971298</ele>
<time>2026-08-28T09:22:12.132Z</time>
</trkpt>
<trkpt lat="42.0346152" lon="2.878735199999994">
<ele>66.36689216849275</ele>
<time>2026-08-28T09:22:13.131Z</time>
</trkpt>
<trkpt lat="42.0346222" lon="2.878655199999997">
<ele>66.12222776314732</ele>
<time>2026-08-28T09:22:14.132Z</time>
</trkpt>
<trkpt lat="42.0346461" lon="2.8785627999999974">
<ele>66.68474240088052</ele>
<time>2026-08-28T09:22:15.132Z</time>
</trkpt>
<trkpt lat="42.0346696" lon="2.8784855000000107">
<ele>66.38637940130427</ele>
<time>2026-08-28T09:22:16.132Z</time>
</trkpt>
<trkpt lat="42.0346763" lon="2.8784061000000065">
<ele>66.37753213112646</ele>
<time>2026-08-28T09:22:17.132Z</time>
</trkpt>
<trkpt lat="42.0346688" lon="2.8783234999999934">
<ele>67.15668331435795</ele>
<time>2026-08-28T09:22:18.131Z</time>
</trkpt>
<trkpt lat="42.0346319" lon="2.878242599999993">
<ele>67.64813433370422</ele>
<time>2026-08-28T09:22:19.131Z</time>
</trkpt>
<trkpt lat="42.0345853" lon="2.878178200000008">
<ele>67.08733160369437</ele>
<time>2026-08-28T09:22:20.132Z</time>
</trkpt>
<trkpt lat="42.0345317" lon="2.878121599999986">
<ele>68.01861176523875</ele>
<time>2026-08-28T09:22:21.132Z</time>
</trkpt>
<trkpt lat="42.0344843" lon="2.8780638000000067">
<ele>67.05896118632907</ele>
<time>2026-08-28T09:22:22.131Z</time>
</trkpt>
<trkpt lat="42.0344312" lon="2.8779930999999976">
<ele>67.08326894579575</ele>
<time>2026-08-28T09:22:23.132Z</time>
</trkpt>
<trkpt lat="42.034391" lon="2.8778979999999876">
<ele>66.78476108199948</ele>
<time>2026-08-28T09:22:24.132Z</time>
</trkpt>
<trkpt lat="42.0343692" lon="2.8777920999999935">
<ele>67.28258765049475</ele>
<time>2026-08-28T09:22:25.132Z</time>
</trkpt>
<trkpt lat="42.0343547" lon="2.8776855000000126">
<ele>67.34062659877338</ele>
<time>2026-08-28T09:22:26.132Z</time>
</trkpt>
<trkpt lat="42.0343343" lon="2.8775733999999886">
<ele>66.14254962841304</ele>
<time>2026-08-28T09:22:27.132Z</time>
</trkpt>
<trkpt lat="42.0343019" lon="2.877465199999989">
<ele>65.9623799111342</ele>
<time>2026-08-28T09:22:28.132Z</time>
</trkpt>
<trkpt lat="42.0342729" lon="2.8773571000000118">
<ele>66.34863485391878</ele>
<time>2026-08-28T09:22:29.131Z</time>
</trkpt>
<trkpt lat="42.0342418" lon="2.877244399999995">
<ele>66.45300646537083</ele>
<time>2026-08-28T09:22:30.132Z</time>
</trkpt>
<trkpt lat="42.0342118" lon="2.8771270999999956">
<ele>66.73611579109178</ele>
<time>2026-08-28T09:22:31.132Z</time>
</trkpt>
<trkpt lat="42.0341811" lon="2.8770126000000005">
<ele>67.0398006829973</ele>
<time>2026-08-28T09:22:32.131Z</time>
</trkpt>
<trkpt lat="42.0341507" lon="2.876894099999987">
<ele>66.65724769313707</ele>
<time>2026-08-28T09:22:33.131Z</time>
</trkpt>
<trkpt lat="42.0341212" lon="2.8767794000000038">
<ele>66.15471643017004</ele>
<time>2026-08-28T09:22:34.132Z</time>
</trkpt>
<trkpt lat="42.0340885" lon="2.876660600000008">
<ele>66.07397419331798</ele>
<time>2026-08-28T09:22:35.132Z</time>
</trkpt>
<trkpt lat="42.0340561" lon="2.876537500000012">
<ele>67.33376802123425</ele>
<time>2026-08-28T09:22:36.132Z</time>
</trkpt>
<trkpt lat="42.0340232" lon="2.8764124999999865">
<ele>66.7355628242468</ele>
<time>2026-08-28T09:22:37.132Z</time>
</trkpt>
<trkpt lat="42.0339916" lon="2.876287700000006">
<ele>66.8542866572892</ele>
<time>2026-08-28T09:22:38.132Z</time>
</trkpt>
<trkpt lat="42.0339537" lon="2.876158099999998">
<ele>68.49724587697527</ele>
<time>2026-08-28T09:22:39.132Z</time>
</trkpt>
<trkpt lat="42.033915" lon="2.8760288999999943">
<ele>67.66426625649204</ele>
<time>2026-08-28T09:22:40.131Z</time>
</trkpt>
<trkpt lat="42.0338729" lon="2.8758947999999975">
<ele>67.02753195318925</ele>
<time>2026-08-28T09:22:41.131Z</time>
</trkpt>
<trkpt lat="42.0338351" lon="2.8757632999999885">
<ele>66.4952506745402</ele>
<time>2026-08-28T09:22:42.132Z</time>
</trkpt>
<trkpt lat="42.0338013" lon="2.8756368999999893">
<ele>66.51256317887572</ele>
<time>2026-08-28T09:22:43.131Z</time>
</trkpt>
<trkpt lat="42.0337671" lon="2.8755094999999926">
<ele>66.671100319826</ele>
<time>2026-08-28T09:22:44.132Z</time>
</trkpt>
<trkpt lat="42.0337313" lon="2.8753842000000134">
<ele>66.241948533706</ele>
<time>2026-08-28T09:22:45.132Z</time>
</trkpt>
<trkpt lat="42.0336999" lon="2.8752576999999917">
<ele>66.31871711949886</ele>
<time>2026-08-28T09:22:46.132Z</time>
</trkpt>
<trkpt lat="42.033665" lon="2.875124900000003">
<ele>66.2237549272938</ele>
<time>2026-08-28T09:22:47.131Z</time>
</trkpt>
<trkpt lat="42.0336298" lon="2.874991499999993">
<ele>66.1584492901568</ele>
<time>2026-08-28T09:22:48.132Z</time>
</trkpt>
<trkpt lat="42.0335928" lon="2.874853900000005">
<ele>66.47271851273172</ele>
<time>2026-08-28T09:22:49.131Z</time>
</trkpt>
<trkpt lat="42.0335524" lon="2.8747122999999988">
<ele>66.10863823874425</ele>
<time>2026-08-28T09:22:50.132Z</time>
</trkpt>
<trkpt lat="42.0335094" lon="2.8745667000000026">
<ele>65.85832979207237</ele>
<time>2026-08-28T09:22:51.132Z</time>
</trkpt>
<trkpt lat="42.0334721" lon="2.8744264000000044">
<ele>65.87773238817915</ele>
<time>2026-08-28T09:22:52.132Z</time>
</trkpt>
<trkpt lat="42.0334341" lon="2.874288000000007">
<ele>65.57031761698079</ele>
<time>2026-08-28T09:22:53.131Z</time>
</trkpt>
<trkpt lat="42.0333952" lon="2.8741468000000054">
<ele>66.4154681415679</ele>
<time>2026-08-28T09:22:54.132Z</time>
</trkpt>
<trkpt lat="42.0333573" lon="2.874005299999993">
<ele>65.77519509078536</ele>
<time>2026-08-28T09:22:55.132Z</time>
</trkpt>
<trkpt lat="42.0333171" lon="2.8738652000000116">
<ele>65.76725858635207</ele>
<time>2026-08-28T09:22:56.132Z</time>
</trkpt>
<trkpt lat="42.0332721" lon="2.8737257999999883">
<ele>65.87240671576124</ele>
<time>2026-08-28T09:22:57.132Z</time>
</trkpt>
<trkpt lat="42.0332241" lon="2.873581400000006">
<ele>65.71513129400299</ele>
<time>2026-08-28T09:22:58.132Z</time>
</trkpt>
<trkpt lat="42.0331732" lon="2.873441000000014">
<ele>65.34266591997186</ele>
<time>2026-08-28T09:22:59.132Z</time>
</trkpt>
<trkpt lat="42.0331187" lon="2.8733052000000043">
<ele>65.4122530196968</ele>
<time>2026-08-28T09:23:00.132Z</time>
</trkpt>
<trkpt lat="42.0330612" lon="2.8731696000000113">
<ele>65.00534011663518</ele>
<time>2026-08-28T09:23:01.132Z</time>
</trkpt>
<trkpt lat="42.0330085" lon="2.873033899999996">
<ele>65.3978664236112</ele>
<time>2026-08-28T09:23:02.131Z</time>
</trkpt>
<trkpt lat="42.0329531" lon="2.8728974999999934">
<ele>65.32042995881396</ele>
<time>2026-08-28T09:23:03.131Z</time>
</trkpt>
<trkpt lat="42.032896" lon="2.8727667999999937">
<ele>64.56789210587402</ele>
<time>2026-08-28T09:23:04.131Z</time>
</trkpt>
<trkpt lat="42.032837" lon="2.8726436000000035">
<ele>64.50591894566611</ele>
<time>2026-08-28T09:23:05.131Z</time>
</trkpt>
<trkpt lat="42.0327821" lon="2.872530000000012">
<ele>64.57449426057637</ele>
<time>2026-08-28T09:23:06.132Z</time>
</trkpt>
<trkpt lat="42.0327261" lon="2.872418699999997">
<ele>64.37423507686829</ele>
<time>2026-08-28T09:23:07.131Z</time>
</trkpt>
<trkpt lat="42.0326706" lon="2.872311499999995">
<ele>65.15322414640656</ele>
<time>2026-08-28T09:23:08.131Z</time>
</trkpt>
<trkpt lat="42.0326137" lon="2.8721946000000003">
<ele>65.23122422184441</ele>
<time>2026-08-28T09:23:09.132Z</time>
</trkpt>
<trkpt lat="42.0325587" lon="2.8720776000000114">
<ele>65.91712002490611</ele>
<time>2026-08-28T09:23:10.132Z</time>
</trkpt>
<trkpt lat="42.0325002" lon="2.871959199999992">
<ele>65.5451825536067</ele>
<time>2026-08-28T09:23:11.132Z</time>
</trkpt>
<trkpt lat="42.0324451" lon="2.871846000000005">
<ele>65.85791836383525</ele>
<time>2026-08-28T09:23:12.132Z</time>
</trkpt>
<trkpt lat="42.0323902" lon="2.8717359999999985">
<ele>65.96267158829674</ele>
<time>2026-08-28T09:23:13.132Z</time>
</trkpt>
<trkpt lat="42.0323389" lon="2.871621800000014">
<ele>66.88096493344891</ele>
<time>2026-08-28T09:23:14.132Z</time>
</trkpt>
<trkpt lat="42.0322912" lon="2.871509400000008">
<ele>67.08139314390607</ele>
<time>2026-08-28T09:23:15.132Z</time>
</trkpt>
<trkpt lat="42.0322397" lon="2.8713943999999856">
<ele>67.51714818387171</ele>
<time>2026-08-28T09:23:16.131Z</time>
</trkpt>
<trkpt lat="42.0321861" lon="2.871278100000012">
<ele>67.74710232542115</ele>
<time>2026-08-28T09:23:17.131Z</time>
</trkpt>
<trkpt lat="42.0321381" lon="2.871167000000014">
<ele>69.17664281465332</ele>
<time>2026-08-28T09:23:18.132Z</time>
</trkpt>
<trkpt lat="42.0320872" lon="2.871051499999993">
<ele>67.99942384717336</ele>
<time>2026-08-28T09:23:19.131Z</time>
</trkpt>
<trkpt lat="42.0320326" lon="2.8709326000000033">
<ele>68.75017762295198</ele>
<time>2026-08-28T09:23:20.131Z</time>
</trkpt>
<trkpt lat="42.0319808" lon="2.870829100000009">
<ele>68.92278155419548</ele>
<time>2026-08-28T09:23:21.132Z</time>
</trkpt>
<trkpt lat="42.031927" lon="2.8707240999999897">
<ele>67.78542441924655</ele>
<time>2026-08-28T09:23:22.132Z</time>
</trkpt>
<trkpt lat="42.0318762" lon="2.870619199999993">
<ele>67.82389272644777</ele>
<time>2026-08-28T09:23:23.132Z</time>
</trkpt>
<trkpt lat="42.0318331" lon="2.8705214999999953">
<ele>67.90576305815894</ele>
<time>2026-08-28T09:23:24.132Z</time>
</trkpt>
<trkpt lat="42.0317863" lon="2.8704264000000137">
<ele>67.98012220481937</ele>
<time>2026-08-28T09:23:25.131Z</time>
</trkpt>
<trkpt lat="42.031737" lon="2.8703227999999967">
<ele>68.14903400496358</ele>
<time>2026-08-28T09:23:26.132Z</time>
</trkpt>
<trkpt lat="42.0316943" lon="2.870223699999997">
<ele>67.49739257125992</ele>
<time>2026-08-28T09:23:27.132Z</time>
</trkpt>
<trkpt lat="42.0316508" lon="2.8701212">
<ele>66.29394219466282</ele>
<time>2026-08-28T09:23:28.131Z</time>
</trkpt>
<trkpt lat="42.0316037" lon="2.8700163999999972">
<ele>66.24472893796876</ele>
<time>2026-08-28T09:23:29.132Z</time>
</trkpt>
<trkpt lat="42.031558" lon="2.8699167999999986">
<ele>66.22802514224892</ele>
<time>2026-08-28T09:23:30.132Z</time>
</trkpt>
<trkpt lat="42.0315109" lon="2.8698202999999864">
<ele>66.20400903031421</ele>
<time>2026-08-28T09:23:31.132Z</time>
</trkpt>
<trkpt lat="42.0314627" lon="2.8697172999999907">
<ele>66.28175085038482</ele>
<time>2026-08-28T09:23:32.132Z</time>
</trkpt>
<trkpt lat="42.0314136" lon="2.8696126000000106">
<ele>66.60763777311931</ele>
<time>2026-08-28T09:23:33.132Z</time>
</trkpt>
<trkpt lat="42.031368" lon="2.8695155000000057">
<ele>66.85726403234332</ele>
<time>2026-08-28T09:23:34.131Z</time>
</trkpt>
<trkpt lat="42.0313214" lon="2.8694151999999917">
<ele>67.57131837561893</ele>
<time>2026-08-28T09:23:35.131Z</time>
</trkpt>
<trkpt lat="42.0312728" lon="2.869313500000004">
<ele>67.60516658896432</ele>
<time>2026-08-28T09:23:36.132Z</time>
</trkpt>
<trkpt lat="42.0312255" lon="2.869204599999989">
<ele>69.01056465771563</ele>
<time>2026-08-28T09:23:37.132Z</time>
</trkpt>
<trkpt lat="42.0311786" lon="2.8690923000000055">
<ele>69.21456140787937</ele>
<time>2026-08-28T09:23:38.132Z</time>
</trkpt>
<trkpt lat="42.0311284" lon="2.8689800999999875">
<ele>68.61400088931201</ele>
<time>2026-08-28T09:23:39.132Z</time>
</trkpt>
<trkpt lat="42.0310805" lon="2.868875199999991">
<ele>69.54841698473996</ele>
<time>2026-08-28T09:23:40.131Z</time>
</trkpt>
<trkpt lat="42.0310281" lon="2.8687682999999993">
<ele>69.81740390492546</ele>
<time>2026-08-28T09:23:41.132Z</time>
</trkpt>
<trkpt lat="42.0309774" lon="2.8686600999999996">
<ele>70.04693256741231</ele>
<time>2026-08-28T09:23:42.132Z</time>
</trkpt>
<trkpt lat="42.0309303" lon="2.8685653999999943">
<ele>70.12163570130247</ele>
<time>2026-08-28T09:23:43.132Z</time>
</trkpt>
<trkpt lat="42.030881" lon="2.868465299999997">
<ele>70.23694014774145</ele>
<time>2026-08-28T09:23:44.132Z</time>
</trkpt>
<trkpt lat="42.0308391" lon="2.868367500000005">
<ele>70.13957815959068</ele>
<time>2026-08-28T09:23:45.131Z</time>
</trkpt>
<trkpt lat="42.0308011" lon="2.868272399999995">
<ele>69.4901918186963</ele>
<time>2026-08-28T09:23:46.132Z</time>
</trkpt>
<trkpt lat="42.0307642" lon="2.8681795999999906">
<ele>68.96158815399397</ele>
<time>2026-08-28T09:23:47.131Z</time>
</trkpt>
<trkpt lat="42.0307258" lon="2.8680946000000063">
<ele>68.68418775983496</ele>
<time>2026-08-28T09:23:48.132Z</time>
</trkpt>
<trkpt lat="42.0306865" lon="2.8680168999999864">
<ele>68.67024077346628</ele>
<time>2026-08-28T09:23:49.132Z</time>
</trkpt>
<trkpt lat="42.0306435" lon="2.8679472000000032">
<ele>68.80057119601501</ele>
<time>2026-08-28T09:23:50.132Z</time>
</trkpt>
<trkpt lat="42.0305982" lon="2.867892000000012">
<ele>68.60095597825682</ele>
<time>2026-08-28T09:23:51.132Z</time>
</trkpt>
<trkpt lat="42.03054" lon="2.867853800000006">
<ele>68.90089162846344</ele>
<time>2026-08-28T09:23:52.132Z</time>
</trkpt>
<trkpt lat="42.0304771" lon="2.8678237999999965">
<ele>68.62660085157047</ele>
<time>2026-08-28T09:23:53.131Z</time>
</trkpt>
<trkpt lat="42.0304035" lon="2.8678008999999918">
<ele>68.82194296778727</ele>
<time>2026-08-28T09:23:54.132Z</time>
</trkpt>
<trkpt lat="42.0303301" lon="2.8678008999999918">
<ele>68.57615820913759</ele>
<time>2026-08-28T09:23:55.132Z</time>
</trkpt>
<trkpt lat="42.0302592" lon="2.86780379999999">
<ele>68.14407984156138</ele>
<time>2026-08-28T09:23:56.131Z</time>
</trkpt>
<trkpt lat="42.0301871" lon="2.86782869999999">
<ele>68.2757480501378</ele>
<time>2026-08-28T09:23:57.132Z</time>
</trkpt>
<trkpt lat="42.0301149" lon="2.867861099999999">
<ele>68.03959883807019</ele>
<time>2026-08-28T09:23:58.131Z</time>
</trkpt>
<trkpt lat="42.0300426" lon="2.8679003999999964">
<ele>67.56522050163197</ele>
<time>2026-08-28T09:23:59.131Z</time>
</trkpt>
<trkpt lat="42.0299747" lon="2.86794230000001">
<ele>66.96592423220744</ele>
<time>2026-08-28T09:24:00.132Z</time>
</trkpt>
<trkpt lat="42.0298949" lon="2.8679864000000066">
<ele>66.93538428613908</ele>
<time>2026-08-28T09:24:01.132Z</time>
</trkpt>
<trkpt lat="42.0298125" lon="2.8680254999999875">
<ele>67.43924420338517</ele>
<time>2026-08-28T09:24:02.132Z</time>
</trkpt>
<trkpt lat="42.0297259" lon="2.8680666999999858">
<ele>67.44398796637451</ele>
<time>2026-08-28T09:24:03.132Z</time>
</trkpt>
<trkpt lat="42.029642" lon="2.8681053999999904">
<ele>66.47181040490479</ele>
<time>2026-08-28T09:24:04.132Z</time>
</trkpt>
<trkpt lat="42.0295487" lon="2.868149399999993">
<ele>66.24134213043224</ele>
<time>2026-08-28T09:24:05.131Z</time>
</trkpt>
<trkpt lat="42.0294564" lon="2.86819109999999">
<ele>65.70172862928054</ele>
<time>2026-08-28T09:24:06.132Z</time>
</trkpt>
<trkpt lat="42.0293711" lon="2.8682297000000005">
<ele>66.29355645465112</ele>
<time>2026-08-28T09:24:07.132Z</time>
</trkpt>
<trkpt lat="42.0292827" lon="2.868272300000001">
<ele>65.65495972348467</ele>
<time>2026-08-28T09:24:08.131Z</time>
</trkpt>
<trkpt lat="42.0292021" lon="2.86831380000001">
<ele>66.09621863262078</ele>
<time>2026-08-28T09:24:09.132Z</time>
</trkpt>
<trkpt lat="42.0291205" lon="2.8683513000000005">
<ele>64.87507448151263</ele>
<time>2026-08-28T09:24:10.132Z</time>
</trkpt>
<trkpt lat="42.0290438" lon="2.868392499999999">
<ele>65.16500635499804</ele>
<time>2026-08-28T09:24:11.132Z</time>
</trkpt>
<trkpt lat="42.0289686" lon="2.8684318999999903">
<ele>65.26061008110251</ele>
<time>2026-08-28T09:24:12.132Z</time>
</trkpt>
<trkpt lat="42.0288961" lon="2.8684671000000037">
<ele>65.91140675620485</ele>
<time>2026-08-28T09:24:13.132Z</time>
</trkpt>
<trkpt lat="42.0288239" lon="2.868501500000008">
<ele>66.23536675980442</ele>
<time>2026-08-28T09:24:14.131Z</time>
</trkpt>
<trkpt lat="42.0287573" lon="2.86853339999999">
<ele>66.51090000424972</ele>
<time>2026-08-28T09:24:15.132Z</time>
</trkpt>
<trkpt lat="42.028699" lon="2.868562300000008">
<ele>67.78116862562507</ele>
<time>2026-08-28T09:24:16.132Z</time>
</trkpt>
<trkpt lat="42.0286484" lon="2.868591000000009">
<ele>68.71780833888775</ele>
<time>2026-08-28T09:24:17.132Z</time>
</trkpt>
<trkpt lat="42.0285958" lon="2.8686183000000085">
<ele>69.16795757702161</ele>
<time>2026-08-28T09:24:18.132Z</time>
</trkpt>
<trkpt lat="42.0285502" lon="2.8686400999999933">
<ele>70.12661030256345</ele>
<time>2026-08-28T09:24:19.132Z</time>
</trkpt>
<trkpt lat="42.0284664" lon="2.8686745999999914">
<ele>70.87373165849864</ele>
<time>2026-08-28T09:24:21.132Z</time>
</trkpt>
<trkpt lat="42.028382" lon="2.868710099999987">
<ele>72.0601366677015</ele>
<time>2026-08-28T09:24:23.131Z</time>
</trkpt>
<trkpt lat="42.0283365" lon="2.868717800000013">
<ele>72.14729375135911</ele>
<time>2026-08-28T09:24:24.132Z</time>
</trkpt>
<trkpt lat="42.0282859" lon="2.8687280000000044">
<ele>72.7194014068611</ele>
<time>2026-08-28T09:24:25.132Z</time>
</trkpt>
<trkpt lat="42.0282308" lon="2.868728599999997">
<ele>72.88225890410216</ele>
<time>2026-08-28T09:24:26.131Z</time>
</trkpt>
<trkpt lat="42.0281716" lon="2.8687248999999895">
<ele>72.57073876090017</ele>
<time>2026-08-28T09:24:27.131Z</time>
</trkpt>
<trkpt lat="42.0281076" lon="2.8687202000000127">
<ele>72.63038939610935</ele>
<time>2026-08-28T09:24:28.132Z</time>
</trkpt>
<trkpt lat="42.0280541" lon="2.8687116000000117">
<ele>72.93922974060322</ele>
<time>2026-08-28T09:24:29.132Z</time>
</trkpt>
<trkpt lat="42.0280056" lon="2.868696099999994">
<ele>73.53133420623777</ele>
<time>2026-08-28T09:24:30.132Z</time>
</trkpt>
<trkpt lat="42.0279291" lon="2.8686639000000014">
<ele>72.31651649735166</ele>
<time>2026-08-28T09:24:32.132Z</time>
</trkpt>
<trkpt lat="42.0278542" lon="2.868627800000013">
<ele>73.23427507721668</ele>
<time>2026-08-28T09:24:34.132Z</time>
</trkpt>
<trkpt lat="42.0277768" lon="2.8685957000000144">
<ele>72.67532132404233</ele>
<time>2026-08-28T09:24:36.132Z</time>
</trkpt>
<trkpt lat="42.0277207" lon="2.868565999999987">
<ele>73.13558951585453</ele>
<time>2026-08-28T09:24:38.132Z</time>
</trkpt>
<trkpt lat="42.0276626" lon="2.868524100000002">
<ele>72.23331396520503</ele>
<time>2026-08-28T09:24:43.132Z</time>
</trkpt>
<trkpt lat="42.0275943" lon="2.8684516000000144">
<ele>71.85284866996231</ele>
<time>2026-08-28T09:24:45.132Z</time>
</trkpt>
<trkpt lat="42.0275574" lon="2.8684002999999905">
<ele>71.82887905714112</ele>
<time>2026-08-28T09:24:46.132Z</time>
</trkpt>
<trkpt lat="42.0275216" lon="2.8683327999999904">
<ele>72.49610049350665</ele>
<time>2026-08-28T09:24:47.132Z</time>
</trkpt>
<trkpt lat="42.0274872" lon="2.86825970000001">
<ele>72.39547781998367</ele>
<time>2026-08-28T09:24:48.132Z</time>
</trkpt>
<trkpt lat="42.0274482" lon="2.868185699999998">
<ele>71.88283613137618</ele>
<time>2026-08-28T09:24:49.131Z</time>
</trkpt>
<trkpt lat="42.0273937" lon="2.8681277999999963">
<ele>73.0257513671665</ele>
<time>2026-08-28T09:24:50.132Z</time>
</trkpt>
<trkpt lat="42.0273356" lon="2.8680875999999955">
<ele>72.9965885872883</ele>
<time>2026-08-28T09:24:51.131Z</time>
</trkpt>
<trkpt lat="42.0272771" lon="2.868060100000008">
<ele>72.8030124944021</ele>
<time>2026-08-28T09:24:52.132Z</time>
</trkpt>
<trkpt lat="42.0272162" lon="2.8680299000000105">
<ele>71.8537147098694</ele>
<time>2026-08-28T09:24:53.132Z</time>
</trkpt>
<trkpt lat="42.0271591" lon="2.867992500000014">
<ele>72.45391310430834</ele>
<time>2026-08-28T09:24:54.131Z</time>
</trkpt>
<trkpt lat="42.0271065" lon="2.8679434000000015">
<ele>72.71677052861492</ele>
<time>2026-08-28T09:24:55.131Z</time>
</trkpt>
<trkpt lat="42.0270482" lon="2.8678794999999866">
<ele>73.45598312391834</ele>
<time>2026-08-28T09:24:56.132Z</time>
</trkpt>
<trkpt lat="42.0269886" lon="2.8678051999999923">
<ele>72.92257508985102</ele>
<time>2026-08-28T09:24:57.132Z</time>
</trkpt>
<trkpt lat="42.0269286" lon="2.8677226000000076">
<ele>73.1938863180422</ele>
<time>2026-08-28T09:24:58.132Z</time>
</trkpt>
<trkpt lat="42.0268671" lon="2.867641700000007">
<ele>73.53078344404497</ele>
<time>2026-08-28T09:24:59.132Z</time>
</trkpt>
<trkpt lat="42.0268075" lon="2.8675548999999876">
<ele>73.37060242637692</ele>
<time>2026-08-28T09:25:00.132Z</time>
</trkpt>
<trkpt lat="42.0267464" lon="2.867465399999986">
<ele>72.00202664919665</ele>
<time>2026-08-28T09:25:01.131Z</time>
</trkpt>
<trkpt lat="42.0266836" lon="2.8673833">
<ele>73.47598568906042</ele>
<time>2026-08-28T09:25:02.132Z</time>
</trkpt>
<trkpt lat="42.0266208" lon="2.867306500000012">
<ele>72.09881652514196</ele>
<time>2026-08-28T09:25:03.131Z</time>
</trkpt>
<trkpt lat="42.0265605" lon="2.8672295000000076">
<ele>71.35173198364429</ele>
<time>2026-08-28T09:25:04.132Z</time>
</trkpt>
<trkpt lat="42.0265065" lon="2.8671526999999912">
<ele>70.93275278863223</ele>
<time>2026-08-28T09:25:05.132Z</time>
</trkpt>
<trkpt lat="42.0264575" lon="2.8670736999999917">
<ele>71.83147275969914</ele>
<time>2026-08-28T09:25:06.132Z</time>
</trkpt>
<trkpt lat="42.0264108" lon="2.8669907999999964">
<ele>72.17600139458762</ele>
<time>2026-08-28T09:25:07.132Z</time>
</trkpt>
<trkpt lat="42.0263509" lon="2.866919800000005">
<ele>70.3380623038386</ele>
<time>2026-08-28T09:25:08.132Z</time>
</trkpt>
<trkpt lat="42.0262714" lon="2.866864700000008">
<ele>70.50202648272197</ele>
<time>2026-08-28T09:25:09.132Z</time>
</trkpt>
<trkpt lat="42.0262172" lon="2.8667945999999915">
<ele>70.68966929767744</ele>
<time>2026-08-28T09:25:10.131Z</time>
</trkpt>
<trkpt lat="42.0261539" lon="2.866715699999986">
<ele>71.03790512710137</ele>
<time>2026-08-28T09:25:11.131Z</time>
</trkpt>
<trkpt lat="42.0261011" lon="2.866626800000006">
<ele>71.1333639685986</ele>
<time>2026-08-28T09:25:12.132Z</time>
</trkpt>
<trkpt lat="42.0260357" lon="2.86653960000001">
<ele>70.7246104542052</ele>
<time>2026-08-28T09:25:13.132Z</time>
</trkpt>
<trkpt lat="42.0259817" lon="2.8664387000000033">
<ele>71.71199358052954</ele>
<time>2026-08-28T09:25:14.132Z</time>
</trkpt>
<trkpt lat="42.0259316" lon="2.8663382000000013">
<ele>70.71727636776782</ele>
<time>2026-08-28T09:25:15.132Z</time>
</trkpt>
<trkpt lat="42.0258795" lon="2.866224100000011">
<ele>69.38041338696698</ele>
<time>2026-08-28T09:25:16.131Z</time>
</trkpt>
<trkpt lat="42.0258362" lon="2.866102699999999">
<ele>69.1244528673767</ele>
<time>2026-08-28T09:25:17.132Z</time>
</trkpt>
<trkpt lat="42.0257983" lon="2.865973099999991">
<ele>70.31572401651347</ele>
<time>2026-08-28T09:25:18.132Z</time>
</trkpt>
<trkpt lat="42.0257619" lon="2.8658360999999957">
<ele>70.34760588670714</ele>
<time>2026-08-28T09:25:19.132Z</time>
</trkpt>
<trkpt lat="42.0257262" lon="2.8656925999999885">
<ele>71.71462323192162</ele>
<time>2026-08-28T09:25:20.132Z</time>
</trkpt>
<trkpt lat="42.0256879" lon="2.865544099999994">
<ele>70.70138076250993</ele>
<time>2026-08-28T09:25:21.132Z</time>
</trkpt>
<trkpt lat="42.0256513" lon="2.865397300000012">
<ele>71.1442166387772</ele>
<time>2026-08-28T09:25:22.132Z</time>
</trkpt>
<trkpt lat="42.025614" lon="2.865253800000005">
<ele>71.90159172975952</ele>
<time>2026-08-28T09:25:23.132Z</time>
</trkpt>
<trkpt lat="42.0255747" lon="2.865111799999994">
<ele>70.12511491178951</ele>
<time>2026-08-28T09:25:24.132Z</time>
</trkpt>
<trkpt lat="42.0255369" lon="2.8649772999999925">
<ele>70.63551122657995</ele>
<time>2026-08-28T09:25:25.132Z</time>
</trkpt>
<trkpt lat="42.0254992" lon="2.864845400000007">
<ele>70.37904056047336</ele>
<time>2026-08-28T09:25:26.132Z</time>
</trkpt>
<trkpt lat="42.0254637" lon="2.8647115999999926">
<ele>69.39451025106958</ele>
<time>2026-08-28T09:25:27.132Z</time>
</trkpt>
<trkpt lat="42.0254257" lon="2.8645679999999913">
<ele>71.18165951629128</ele>
<time>2026-08-28T09:25:28.131Z</time>
</trkpt>
<trkpt lat="42.0253865" lon="2.864424000000014">
<ele>70.79655873920117</ele>
<time>2026-08-28T09:25:29.132Z</time>
</trkpt>
<trkpt lat="42.0253451" lon="2.864272199999988">
<ele>71.74039628213892</ele>
<time>2026-08-28T09:25:30.132Z</time>
</trkpt>
<trkpt lat="42.0253038" lon="2.864114999999998">
<ele>71.80059351830086</ele>
<time>2026-08-28T09:25:31.132Z</time>
</trkpt>
<trkpt lat="42.0252643" lon="2.8639565999999945">
<ele>71.21196803931386</ele>
<time>2026-08-28T09:25:32.132Z</time>
</trkpt>
<trkpt lat="42.0252277" lon="2.863795600000003">
<ele>71.51127739170698</ele>
<time>2026-08-28T09:25:33.132Z</time>
</trkpt>
<trkpt lat="42.0251881" lon="2.8636333999999977">
<ele>72.58504832773812</ele>
<time>2026-08-28T09:25:34.132Z</time>
</trkpt>
<trkpt lat="42.0251517" lon="2.863469400000014">
<ele>71.56566972321004</ele>
<time>2026-08-28T09:25:35.132Z</time>
</trkpt>
<trkpt lat="42.025115" lon="2.8633000000000095">
<ele>71.79723226051189</ele>
<time>2026-08-28T09:25:36.132Z</time>
</trkpt>
<trkpt lat="42.0250743" lon="2.8631348000000116">
<ele>71.93933646650973</ele>
<time>2026-08-28T09:25:37.132Z</time>
</trkpt>
<trkpt lat="42.0250358" lon="2.8629741000000024">
<ele>72.00298185378652</ele>
<time>2026-08-28T09:25:38.131Z</time>
</trkpt>
<trkpt lat="42.0249938" lon="2.8628021000000103">
<ele>72.08277208452768</ele>
<time>2026-08-28T09:25:39.132Z</time>
</trkpt>
<trkpt lat="42.0249481" lon="2.8626358999999866">
<ele>72.52425822855982</ele>
<time>2026-08-28T09:25:40.132Z</time>
</trkpt>
<trkpt lat="42.0249024" lon="2.8624743000000024">
<ele>72.67716286565691</ele>
<time>2026-08-28T09:25:41.131Z</time>
</trkpt>
<trkpt lat="42.0248575" lon="2.862312000000003">
<ele>72.82279277932766</ele>
<time>2026-08-28T09:25:42.131Z</time>
</trkpt>
<trkpt lat="42.0248107" lon="2.862148999999988">
<ele>73.85643330971415</ele>
<time>2026-08-28T09:25:43.132Z</time>
</trkpt>
<trkpt lat="42.0247633" lon="2.8619765999999913">
<ele>73.74759311562123</ele>
<time>2026-08-28T09:25:44.131Z</time>
</trkpt>
<trkpt lat="42.0247126" lon="2.8618034000000137">
<ele>74.45130196165013</ele>
<time>2026-08-28T09:25:45.132Z</time>
</trkpt>
<trkpt lat="42.0246627" lon="2.861628499999995">
<ele>74.63155882582471</ele>
<time>2026-08-28T09:25:46.131Z</time>
</trkpt>
<trkpt lat="42.0246092" lon="2.8614555999999993">
<ele>74.0924856229277</ele>
<time>2026-08-28T09:25:47.131Z</time>
</trkpt>
<trkpt lat="42.0245532" lon="2.861276900000007">
<ele>75.71230800031299</ele>
<time>2026-08-28T09:25:48.132Z</time>
</trkpt>
<trkpt lat="42.0244961" lon="2.8610922999999957">
<ele>76.52946406977772</ele>
<time>2026-08-28T09:25:49.132Z</time>
</trkpt>
<trkpt lat="42.0244382" lon="2.8609077000000127">
<ele>75.51658392670262</ele>
<time>2026-08-28T09:25:50.132Z</time>
</trkpt>
<trkpt lat="42.0243789" lon="2.860725000000002">
<ele>74.97165429582606</ele>
<time>2026-08-28T09:25:51.132Z</time>
</trkpt>
<trkpt lat="42.024317" lon="2.860536300000007">
<ele>75.51787588211859</ele>
<time>2026-08-28T09:25:52.132Z</time>
</trkpt>
<trkpt lat="42.0242557" lon="2.8603483999999924">
<ele>74.20516904315757</ele>
<time>2026-08-28T09:25:53.131Z</time>
</trkpt>
<trkpt lat="42.0241925" lon="2.8601602999999898">
<ele>72.89166922370096</ele>
<time>2026-08-28T09:25:54.131Z</time>
</trkpt>
<trkpt lat="42.0241253" lon="2.8599681000000032">
<ele>74.27060484914236</ele>
<time>2026-08-28T09:25:55.132Z</time>
</trkpt>
<trkpt lat="42.0240582" lon="2.8597770000000082">
<ele>73.55394932427735</ele>
<time>2026-08-28T09:25:56.131Z</time>
</trkpt>
<trkpt lat="42.0239889" lon="2.8595842999999945">
<ele>73.90006841874046</ele>
<time>2026-08-28T09:25:57.132Z</time>
</trkpt>
<trkpt lat="42.0239182" lon="2.859388999999993">
<ele>73.7692797219138</ele>
<time>2026-08-28T09:25:58.131Z</time>
</trkpt>
<trkpt lat="42.0238458" lon="2.859192699999994">
<ele>73.85136750222155</ele>
<time>2026-08-28T09:25:59.132Z</time>
</trkpt>
<trkpt lat="42.0237748" lon="2.859002000000004">
<ele>74.0868471460365</ele>
<time>2026-08-28T09:26:00.132Z</time>
</trkpt>
<trkpt lat="42.0237071" lon="2.858815099999987">
<ele>73.83861044672467</ele>
<time>2026-08-28T09:26:01.131Z</time>
</trkpt>
<trkpt lat="42.0236376" lon="2.858630500000004">
<ele>74.62613872470523</ele>
<time>2026-08-28T09:26:02.132Z</time>
</trkpt>
<trkpt lat="42.0235746" lon="2.8584509000000082">
<ele>74.35808569464696</ele>
<time>2026-08-28T09:26:03.132Z</time>
</trkpt>
<trkpt lat="42.0235001" lon="2.858276899999993">
<ele>74.44089063923316</ele>
<time>2026-08-28T09:26:04.132Z</time>
</trkpt>
<trkpt lat="42.0234242" lon="2.8581106000000034">
<ele>74.81145554216758</ele>
<time>2026-08-28T09:26:05.131Z</time>
</trkpt>
<trkpt lat="42.023338" lon="2.8579526999999985">
<ele>75.63741113378714</ele>
<time>2026-08-28T09:26:06.132Z</time>
</trkpt>
<trkpt lat="42.0232455" lon="2.8577974000000097">
<ele>75.40210201452842</ele>
<time>2026-08-28T09:26:07.132Z</time>
</trkpt>
<trkpt lat="42.0231512" lon="2.857651000000004">
<ele>75.41320170673637</ele>
<time>2026-08-28T09:26:08.132Z</time>
</trkpt>
<trkpt lat="42.0230612" lon="2.8575083000000063">
<ele>74.85821940684963</ele>
<time>2026-08-28T09:26:09.132Z</time>
</trkpt>
<trkpt lat="42.0229703" lon="2.8573667">
<ele>74.53623609921728</ele>
<time>2026-08-28T09:26:10.132Z</time>
</trkpt>
<trkpt lat="42.0228772" lon="2.857224400000007">
<ele>74.64291646001553</ele>
<time>2026-08-28T09:26:11.132Z</time>
</trkpt>
<trkpt lat="42.0227824" lon="2.8570776999999907">
<ele>74.46463083499329</ele>
<time>2026-08-28T09:26:12.131Z</time>
</trkpt>
<trkpt lat="42.0226912" lon="2.8569239999999922">
<ele>74.65852836628319</ele>
<time>2026-08-28T09:26:13.132Z</time>
</trkpt>
<trkpt lat="42.0226019" lon="2.856771199999997">
<ele>77.05028594703552</ele>
<time>2026-08-28T09:26:14.132Z</time>
</trkpt>
<trkpt lat="42.022519" lon="2.8566155000000037">
<ele>75.49928911004754</ele>
<time>2026-08-28T09:26:15.132Z</time>
</trkpt>
<trkpt lat="42.0224401" lon="2.8564565000000073">
<ele>76.0655789631326</ele>
<time>2026-08-28T09:26:16.132Z</time>
</trkpt>
<trkpt lat="42.0223685" lon="2.8562995000000058">
<ele>76.11968383672695</ele>
<time>2026-08-28T09:26:17.131Z</time>
</trkpt>
<trkpt lat="42.0223028" lon="2.856132500000001">
<ele>76.286868712235</ele>
<time>2026-08-28T09:26:18.132Z</time>
</trkpt>
<trkpt lat="42.0222453" lon="2.8559655999999904">
<ele>77.34092278773909</ele>
<time>2026-08-28T09:26:19.132Z</time>
</trkpt>
<trkpt lat="42.0221914" lon="2.8557910000000106">
<ele>77.31352998615189</ele>
<time>2026-08-28T09:26:20.132Z</time>
</trkpt>
<trkpt lat="42.0221419" lon="2.8556146999999896">
<ele>78.93247864918729</ele>
<time>2026-08-28T09:26:21.132Z</time>
</trkpt>
<trkpt lat="42.0220958" lon="2.8554359999999974">
<ele>79.52840883089728</ele>
<time>2026-08-28T09:26:22.132Z</time>
</trkpt>
<trkpt lat="42.0220538" lon="2.855253199999993">
<ele>79.3837760698878</ele>
<time>2026-08-28T09:26:23.132Z</time>
</trkpt>
<trkpt lat="42.02202" lon="2.855077999999992">
<ele>79.60845142616046</ele>
<time>2026-08-28T09:26:24.132Z</time>
</trkpt>
<trkpt lat="42.0219891" lon="2.8548906000000045">
<ele>79.22828975840837</ele>
<time>2026-08-28T09:26:25.132Z</time>
</trkpt>
<trkpt lat="42.021964" lon="2.854710600000004">
<ele>78.74311512722582</ele>
<time>2026-08-28T09:26:26.132Z</time>
</trkpt>
<trkpt lat="42.0219449" lon="2.8545396000000096">
<ele>79.0610164024768</ele>
<time>2026-08-28T09:26:27.132Z</time>
</trkpt>
<trkpt lat="42.0219306" lon="2.8543703999999934">
<ele>77.44238134621484</ele>
<time>2026-08-28T09:26:28.132Z</time>
</trkpt>
<trkpt lat="42.0219146" lon="2.854197499999998">
<ele>77.93788004817942</ele>
<time>2026-08-28T09:26:29.132Z</time>
</trkpt>
<trkpt lat="42.0219011" lon="2.854023600000005">
<ele>77.67126069427646</ele>
<time>2026-08-28T09:26:30.132Z</time>
</trkpt>
<trkpt lat="42.0218922" lon="2.853853799999996">
<ele>78.00584613868422</ele>
<time>2026-08-28T09:26:31.132Z</time>
</trkpt>
<trkpt lat="42.0218858" lon="2.8536814999999933">
<ele>77.290936388941</ele>
<time>2026-08-28T09:26:32.131Z</time>
</trkpt>
<trkpt lat="42.0218753" lon="2.8535004999999956">
<ele>76.89539113808728</ele>
<time>2026-08-28T09:26:33.132Z</time>
</trkpt>
<trkpt lat="42.0218707" lon="2.853320300000007">
<ele>77.05168450256768</ele>
<time>2026-08-28T09:26:34.131Z</time>
</trkpt>
<trkpt lat="42.0218736" lon="2.8531407000000115">
<ele>77.07137300759183</ele>
<time>2026-08-28T09:26:35.132Z</time>
</trkpt>
<trkpt lat="42.0218802" lon="2.852959900000002">
<ele>77.60837219480149</ele>
<time>2026-08-28T09:26:36.132Z</time>
</trkpt>
<trkpt lat="42.0218904" lon="2.8527824999999893">
<ele>77.63718093025325</ele>
<time>2026-08-28T09:26:37.132Z</time>
</trkpt>
<trkpt lat="42.0219027" lon="2.85260550000001">
<ele>79.3050437629508</ele>
<time>2026-08-28T09:26:38.132Z</time>
</trkpt>
<trkpt lat="42.0219181" lon="2.8524290000000008">
<ele>78.41504861211173</ele>
<time>2026-08-28T09:26:39.132Z</time>
</trkpt>
<trkpt lat="42.0219424" lon="2.8522490000000005">
<ele>78.33550933860478</ele>
<time>2026-08-28T09:26:40.131Z</time>
</trkpt>
<trkpt lat="42.0219728" lon="2.8520704999999964">
<ele>77.71218060690369</ele>
<time>2026-08-28T09:26:41.131Z</time>
</trkpt>
<trkpt lat="42.0220121" lon="2.8518953999999894">
<ele>79.8045331417954</ele>
<time>2026-08-28T09:26:42.131Z</time>
</trkpt>
<trkpt lat="42.0220638" lon="2.851725799999997">
<ele>78.27082135850117</ele>
<time>2026-08-28T09:26:43.131Z</time>
</trkpt>
<trkpt lat="42.0221219" lon="2.851547299999993">
<ele>79.13503501083613</ele>
<time>2026-08-28T09:26:44.132Z</time>
</trkpt>
<trkpt lat="42.0221887" lon="2.85137850000001">
<ele>79.30853847139399</ele>
<time>2026-08-28T09:26:45.131Z</time>
</trkpt>
<trkpt lat="42.0222676" lon="2.8512092999999936">
<ele>79.63941734851575</ele>
<time>2026-08-28T09:26:46.132Z</time>
</trkpt>
<trkpt lat="42.0223577" lon="2.851045599999992">
<ele>78.80620781004488</ele>
<time>2026-08-28T09:26:47.132Z</time>
</trkpt>
<trkpt lat="42.0224598" lon="2.850887400000005">
<ele>79.24446004607844</ele>
<time>2026-08-28T09:26:48.132Z</time>
</trkpt>
<trkpt lat="42.0225628" lon="2.850737900000013">
<ele>77.72465759658473</ele>
<time>2026-08-28T09:26:49.132Z</time>
</trkpt>
<trkpt lat="42.0226653" lon="2.850604599999997">
<ele>77.39406399715062</ele>
<time>2026-08-28T09:26:50.132Z</time>
</trkpt>
<trkpt lat="42.0227704" lon="2.850470300000012">
<ele>79.60786425960181</ele>
<time>2026-08-28T09:26:51.132Z</time>
</trkpt>
<trkpt lat="42.0228689" lon="2.8503538999999876">
<ele>78.45485376567582</ele>
<time>2026-08-28T09:26:52.132Z</time>
</trkpt>
<trkpt lat="42.0229678" lon="2.8502425000000073">
<ele>77.15682948690804</ele>
<time>2026-08-28T09:26:53.132Z</time>
</trkpt>
<trkpt lat="42.0230619" lon="2.8501409000000137">
<ele>76.79489136339029</ele>
<time>2026-08-28T09:26:54.132Z</time>
</trkpt>
<trkpt lat="42.0231526" lon="2.850034800000003">
<ele>76.73590891333626</ele>
<time>2026-08-28T09:26:55.132Z</time>
</trkpt>
<trkpt lat="42.0232404" lon="2.8499199000000033">
<ele>77.7836768114527</ele>
<time>2026-08-28T09:26:56.132Z</time>
</trkpt>
<trkpt lat="42.0233395" lon="2.849803400000013">
<ele>76.6132177892467</ele>
<time>2026-08-28T09:26:57.132Z</time>
</trkpt>
<trkpt lat="42.0234396" lon="2.849687799999998">
<ele>75.77995514036171</ele>
<time>2026-08-28T09:26:58.131Z</time>
</trkpt>
<trkpt lat="42.0235447" lon="2.8495685000000037">
<ele>74.93133240679806</ele>
<time>2026-08-28T09:26:59.132Z</time>
</trkpt>
<trkpt lat="42.0236475" lon="2.849452299999996">
<ele>73.80892275772585</ele>
<time>2026-08-28T09:27:00.132Z</time>
</trkpt>
<trkpt lat="42.0237503" lon="2.8493335999999942">
<ele>73.34872486382083</ele>
<time>2026-08-28T09:27:01.132Z</time>
</trkpt>
<trkpt lat="42.0238565" lon="2.8492147000000045">
<ele>76.36213865075747</ele>
<time>2026-08-28T09:27:02.131Z</time>
</trkpt>
<trkpt lat="42.0239627" lon="2.849092000000013">
<ele>77.30129712093408</ele>
<time>2026-08-28T09:27:03.132Z</time>
</trkpt>
<trkpt lat="42.024067" lon="2.8489741999999865">
<ele>77.68845582594763</ele>
<time>2026-08-28T09:27:04.132Z</time>
</trkpt>
<trkpt lat="42.0241683" lon="2.848856799999993">
<ele>77.13029990526807</ele>
<time>2026-08-28T09:27:05.131Z</time>
</trkpt>
<trkpt lat="42.0242703" lon="2.8487426000000085">
<ele>78.20421769709826</ele>
<time>2026-08-28T09:27:06.132Z</time>
</trkpt>
<trkpt lat="42.0243732" lon="2.8486258000000078">
<ele>77.272520392371</ele>
<time>2026-08-28T09:27:07.132Z</time>
</trkpt>
<trkpt lat="42.024476" lon="2.848510400000009">
<ele>78.72545070090821</ele>
<time>2026-08-28T09:27:08.132Z</time>
</trkpt>
<trkpt lat="42.0245761" lon="2.8483942000000013">
<ele>79.94278899680627</ele>
<time>2026-08-28T09:27:09.132Z</time>
</trkpt>
<trkpt lat="42.0246751" lon="2.8482830000000092">
<ele>78.53799368457015</ele>
<time>2026-08-28T09:27:10.132Z</time>
</trkpt>
<trkpt lat="42.0247762" lon="2.8481663999999967">
<ele>78.01260194440574</ele>
<time>2026-08-28T09:27:11.132Z</time>
</trkpt>
<trkpt lat="42.0248743" lon="2.8480538999999965">
<ele>78.49243610196378</ele>
<time>2026-08-28T09:27:12.132Z</time>
</trkpt>
<trkpt lat="42.0249692" lon="2.847943700000002">
<ele>79.48937081277447</ele>
<time>2026-08-28T09:27:13.132Z</time>
</trkpt>
<trkpt lat="42.0250601" lon="2.847835400000008">
<ele>80.11528644499361</ele>
<time>2026-08-28T09:27:14.131Z</time>
</trkpt>
<trkpt lat="42.02515" lon="2.847729799999996">
<ele>78.59524639482532</ele>
<time>2026-08-28T09:27:15.132Z</time>
</trkpt>
<trkpt lat="42.0252412" lon="2.847625999999991">
<ele>77.4826891802702</ele>
<time>2026-08-28T09:27:16.132Z</time>
</trkpt>
<trkpt lat="42.0253333" lon="2.8475223000000085">
<ele>79.84799982478167</ele>
<time>2026-08-28T09:27:17.132Z</time>
</trkpt>
<trkpt lat="42.0254224" lon="2.847420900000003">
<ele>82.04239763294954</ele>
<time>2026-08-28T09:27:18.131Z</time>
</trkpt>
<trkpt lat="42.0255125" lon="2.8473148999999864">
<ele>81.13329576690344</ele>
<time>2026-08-28T09:27:19.132Z</time>
</trkpt>
<trkpt lat="42.0256032" lon="2.847207499999996">
<ele>81.42146855832102</ele>
<time>2026-08-28T09:27:20.131Z</time>
</trkpt>
<trkpt lat="42.025694" lon="2.847094499999997">
<ele>82.78444197438442</ele>
<time>2026-08-28T09:27:21.132Z</time>
</trkpt>
<trkpt lat="42.025783" lon="2.846974899999992">
<ele>81.77215847383312</ele>
<time>2026-08-28T09:27:22.132Z</time>
</trkpt>
<trkpt lat="42.0258684" lon="2.846846400000004">
<ele>80.87307839516065</ele>
<time>2026-08-28T09:27:23.132Z</time>
</trkpt>
<trkpt lat="42.0259504" lon="2.8467100000000016">
<ele>80.75395979027182</ele>
<time>2026-08-28T09:27:24.132Z</time>
</trkpt>
<trkpt lat="42.0260289" lon="2.8465643000000114">
<ele>80.82226352920313</ele>
<time>2026-08-28T09:27:25.131Z</time>
</trkpt>
<trkpt lat="42.0261031" lon="2.8464084000000014">
<ele>80.7018502534502</ele>
<time>2026-08-28T09:27:26.131Z</time>
</trkpt>
<trkpt lat="42.0261747" lon="2.8462518999999986">
<ele>82.14492087907041</ele>
<time>2026-08-28T09:27:27.131Z</time>
</trkpt>
<trkpt lat="42.0262482" lon="2.8460944999999924">
<ele>81.29330060146569</ele>
<time>2026-08-28T09:27:28.132Z</time>
</trkpt>
<trkpt lat="42.0263159" lon="2.8459274999999877">
<ele>80.96949168681225</ele>
<time>2026-08-28T09:27:29.132Z</time>
</trkpt>
<trkpt lat="42.0263778" lon="2.8457600000000127">
<ele>81.95225658386063</ele>
<time>2026-08-28T09:27:30.132Z</time>
</trkpt>
<trkpt lat="42.0264384" lon="2.8455880999999863">
<ele>82.81780265762066</ele>
<time>2026-08-28T09:27:31.131Z</time>
</trkpt>
<trkpt lat="42.0264953" lon="2.845410500000014">
<ele>82.29249352621214</ele>
<time>2026-08-28T09:27:32.132Z</time>
</trkpt>
<trkpt lat="42.0265518" lon="2.8452291000000116">
<ele>81.07927358449854</ele>
<time>2026-08-28T09:27:33.132Z</time>
</trkpt>
<trkpt lat="42.0266089" lon="2.8450493999999935">
<ele>82.82601779166575</ele>
<time>2026-08-28T09:27:34.132Z</time>
</trkpt>
<trkpt lat="42.0266641" lon="2.844871899999987">
<ele>81.39957412063971</ele>
<time>2026-08-28T09:27:35.132Z</time>
</trkpt>
<trkpt lat="42.0267145" lon="2.84469949999999">
<ele>83.28839355326463</ele>
<time>2026-08-28T09:27:36.132Z</time>
</trkpt>
<trkpt lat="42.0267661" lon="2.84453289999999">
<ele>83.47235135269722</ele>
<time>2026-08-28T09:27:37.132Z</time>
</trkpt>
<trkpt lat="42.0268187" lon="2.8443579999999997">
<ele>83.49275323533836</ele>
<time>2026-08-28T09:27:38.131Z</time>
</trkpt>
<trkpt lat="42.0268696" lon="2.844185500000009">
<ele>84.54662175479113</ele>
<time>2026-08-28T09:27:39.132Z</time>
</trkpt>
<trkpt lat="42.0269056" lon="2.8440095999999926">
<ele>84.26164392777841</ele>
<time>2026-08-28T09:27:40.132Z</time>
</trkpt>
<trkpt lat="42.0269223" lon="2.843835200000001">
<ele>84.60858520553079</ele>
<time>2026-08-28T09:27:41.131Z</time>
</trkpt>
<trkpt lat="42.0269265" lon="2.8436609999999973">
<ele>84.12096488505303</ele>
<time>2026-08-28T09:27:42.132Z</time>
</trkpt>
<trkpt lat="42.0269134" lon="2.8434924000000024">
<ele>82.95220372083013</ele>
<time>2026-08-28T09:27:43.132Z</time>
</trkpt>
<trkpt lat="42.0268783" lon="2.8433200000000056">
<ele>83.04043555016501</ele>
<time>2026-08-28T09:27:44.131Z</time>
</trkpt>
<trkpt lat="42.0268243" lon="2.843154999999996">
<ele>83.70495827339586</ele>
<time>2026-08-28T09:27:45.132Z</time>
</trkpt>
<trkpt lat="42.0267573" lon="2.843003799999991">
<ele>83.20238987983035</ele>
<time>2026-08-28T09:27:46.131Z</time>
</trkpt>
<trkpt lat="42.0266712" lon="2.8428504999999973">
<ele>82.09101510194284</ele>
<time>2026-08-28T09:27:47.132Z</time>
</trkpt>
<trkpt lat="42.0265727" lon="2.8427263000000096">
<ele>81.27329604594517</ele>
<time>2026-08-28T09:27:48.132Z</time>
</trkpt>
<trkpt lat="42.0264554" lon="2.8426086000000055">
<ele>81.24631439746673</ele>
<time>2026-08-28T09:27:49.131Z</time>
</trkpt>
<trkpt lat="42.0263359" lon="2.8425214000000096">
<ele>81.43781026474055</ele>
<time>2026-08-28T09:27:50.132Z</time>
</trkpt>
<trkpt lat="42.0262085" lon="2.842443199999991">
<ele>80.42642149862394</ele>
<time>2026-08-28T09:27:51.132Z</time>
</trkpt>
<trkpt lat="42.0260742" lon="2.8423727999999926">
<ele>81.1117366627653</ele>
<time>2026-08-28T09:27:52.131Z</time>
</trkpt>
<trkpt lat="42.0259343" lon="2.842288200000013">
<ele>80.05679749307546</ele>
<time>2026-08-28T09:27:53.132Z</time>
</trkpt>
<trkpt lat="42.0258032" lon="2.8422161999999958">
<ele>81.48913145545379</ele>
<time>2026-08-28T09:27:54.132Z</time>
</trkpt>
<trkpt lat="42.0256745" lon="2.8421438999999964">
<ele>81.32863476571463</ele>
<time>2026-08-28T09:27:55.132Z</time>
</trkpt>
<trkpt lat="42.0255514" lon="2.842064999999991">
<ele>81.3886019783439</ele>
<time>2026-08-28T09:27:56.131Z</time>
</trkpt>
<trkpt lat="42.0254274" lon="2.8419781000000057">
<ele>80.60974264428714</ele>
<time>2026-08-28T09:27:57.132Z</time>
</trkpt>
<trkpt lat="42.0253105" lon="2.841881900000004">
<ele>79.93038265629013</ele>
<time>2026-08-28T09:27:58.132Z</time>
</trkpt>
<trkpt lat="42.0251987" lon="2.8417796999999894">
<ele>78.79132068904465</ele>
<time>2026-08-28T09:27:59.132Z</time>
</trkpt>
<trkpt lat="42.0250855" lon="2.8416525000000092">
<ele>77.66647468924256</ele>
<time>2026-08-28T09:28:00.132Z</time>
</trkpt>
<trkpt lat="42.0249888" lon="2.841513600000013">
<ele>78.3506900508979</ele>
<time>2026-08-28T09:28:01.132Z</time>
</trkpt>
<trkpt lat="42.0248996" lon="2.841363000000001">
<ele>76.23960153329735</ele>
<time>2026-08-28T09:28:02.131Z</time>
</trkpt>
<trkpt lat="42.0248175" lon="2.841198100000014">
<ele>76.26502558658194</ele>
<time>2026-08-28T09:28:03.132Z</time>
</trkpt>
<trkpt lat="42.0247441" lon="2.841027099999991">
<ele>75.46061861700863</ele>
<time>2026-08-28T09:28:04.132Z</time>
</trkpt>
<trkpt lat="42.0246788" lon="2.8408535000000086">
<ele>74.47323501341874</ele>
<time>2026-08-28T09:28:05.132Z</time>
</trkpt>
<trkpt lat="42.0246149" lon="2.840681999999987">
<ele>72.88752632034964</ele>
<time>2026-08-28T09:28:06.132Z</time>
</trkpt>
<trkpt lat="42.0245499" lon="2.840516799999989">
<ele>72.61961659124255</ele>
<time>2026-08-28T09:28:07.132Z</time>
</trkpt>
<trkpt lat="42.0244917" lon="2.8403615">
<ele>72.18394394674466</ele>
<time>2026-08-28T09:28:08.132Z</time>
</trkpt>
<trkpt lat="42.0244313" lon="2.840203300000013">
<ele>71.49621465830312</ele>
<time>2026-08-28T09:28:09.132Z</time>
</trkpt>
<trkpt lat="42.0243721" lon="2.840054000000009">
<ele>70.76342271337049</ele>
<time>2026-08-28T09:28:10.131Z</time>
</trkpt>
<trkpt lat="42.0243142" lon="2.839907000000011">
<ele>70.63901081408318</ele>
<time>2026-08-28T09:28:11.132Z</time>
</trkpt>
<trkpt lat="42.0242644" lon="2.8397712999999953">
<ele>69.69518506571256</ele>
<time>2026-08-28T09:28:12.131Z</time>
</trkpt>
<trkpt lat="42.0242135" lon="2.8396423000000084">
<ele>70.44225297917016</ele>
<time>2026-08-28T09:28:13.131Z</time>
</trkpt>
<trkpt lat="42.0241689" lon="2.8395294999999976">
<ele>69.05515337489517</ele>
<time>2026-08-28T09:28:14.131Z</time>
</trkpt>
<trkpt lat="42.0241232" lon="2.839410700000002">
<ele>68.25262775091743</ele>
<time>2026-08-28T09:28:15.131Z</time>
</trkpt>
<trkpt lat="42.024077" lon="2.8392867999999964">
<ele>68.38319754034165</ele>
<time>2026-08-28T09:28:16.131Z</time>
</trkpt>
<trkpt lat="42.0240287" lon="2.8391479000000004">
<ele>67.98300507924398</ele>
<time>2026-08-28T09:28:17.132Z</time>
</trkpt>
<trkpt lat="42.0239742" lon="2.839004100000011">
<ele>66.96468050528767</ele>
<time>2026-08-28T09:28:18.131Z</time>
</trkpt>
<trkpt lat="42.0239158" lon="2.8388509000000113">
<ele>66.39981349320125</ele>
<time>2026-08-28T09:28:19.131Z</time>
</trkpt>
<trkpt lat="42.0238526" lon="2.8386892999999986">
<ele>65.92963663688316</ele>
<time>2026-08-28T09:28:20.132Z</time>
</trkpt>
<trkpt lat="42.023791" lon="2.8385312999999996">
<ele>65.56438255330346</ele>
<time>2026-08-28T09:28:21.132Z</time>
</trkpt>
<trkpt lat="42.023729" lon="2.838370999999995">
<ele>65.53814139844393</ele>
<time>2026-08-28T09:28:22.132Z</time>
</trkpt>
<trkpt lat="42.0236619" lon="2.8382038999999963">
<ele>66.540520629838</ele>
<time>2026-08-28T09:28:23.132Z</time>
</trkpt>
<trkpt lat="42.0235922" lon="2.8380262999999957">
<ele>67.08401544817067</ele>
<time>2026-08-28T09:28:24.131Z</time>
</trkpt>
<trkpt lat="42.0235231" lon="2.8378516999999874">
<ele>67.38182317067647</ele>
<time>2026-08-28T09:28:25.132Z</time>
</trkpt>
<trkpt lat="42.0234516" lon="2.837671599999993">
<ele>67.75289908320084</ele>
<time>2026-08-28T09:28:26.131Z</time>
</trkpt>
<trkpt lat="42.0233767" lon="2.83748700000001">
<ele>67.6332713755592</ele>
<time>2026-08-28T09:28:27.131Z</time>
</trkpt>
<trkpt lat="42.0233039" lon="2.837300199999987">
<ele>68.12322113133052</ele>
<time>2026-08-28T09:28:28.132Z</time>
</trkpt>
<trkpt lat="42.0232316" lon="2.837110899999999">
<ele>67.70228210330094</ele>
<time>2026-08-28T09:28:29.132Z</time>
</trkpt>
<trkpt lat="42.0231574" lon="2.836921200000006">
<ele>70.04077840450323</ele>
<time>2026-08-28T09:28:30.132Z</time>
</trkpt>
<trkpt lat="42.0230806" lon="2.836720000000014">
<ele>69.0455458793391</ele>
<time>2026-08-28T09:28:31.132Z</time>
</trkpt>
<trkpt lat="42.0230033" lon="2.836524099999991">
<ele>68.65657973276505</ele>
<time>2026-08-28T09:28:32.132Z</time>
</trkpt>
<trkpt lat="42.0229249" lon="2.836326799999995">
<ele>68.62362935281269</ele>
<time>2026-08-28T09:28:33.132Z</time>
</trkpt>
<trkpt lat="42.0228469" lon="2.8361294999999984">
<ele>68.88359525969742</ele>
<time>2026-08-28T09:28:34.132Z</time>
</trkpt>
<trkpt lat="42.022768" lon="2.835925000000003">
<ele>69.26729523870806</ele>
<time>2026-08-28T09:28:35.132Z</time>
</trkpt>
<trkpt lat="42.0226883" lon="2.835720500000008">
<ele>68.96379818882419</ele>
<time>2026-08-28T09:28:36.132Z</time>
</trkpt>
<trkpt lat="42.0226085" lon="2.835514399999994">
<ele>69.00635845473072</ele>
<time>2026-08-28T09:28:37.132Z</time>
</trkpt>
<trkpt lat="42.0225293" lon="2.835307699999987">
<ele>69.48565960640305</ele>
<time>2026-08-28T09:28:38.132Z</time>
</trkpt>
<trkpt lat="42.0224514" lon="2.835104400000006">
<ele>69.51938027435148</ele>
<time>2026-08-28T09:28:39.132Z</time>
</trkpt>
<trkpt lat="42.0223735" lon="2.834904200000011">
<ele>69.64793747588558</ele>
<time>2026-08-28T09:28:40.132Z</time>
</trkpt>
<trkpt lat="42.0222925" lon="2.8346991999999887">
<ele>69.97009855276931</ele>
<time>2026-08-28T09:28:41.132Z</time>
</trkpt>
<trkpt lat="42.0222137" lon="2.8344960000000015">
<ele>70.17434496436876</ele>
<time>2026-08-28T09:28:42.132Z</time>
</trkpt>
<trkpt lat="42.0221335" lon="2.8342906000000028">
<ele>70.55385171646486</ele>
<time>2026-08-28T09:28:43.132Z</time>
</trkpt>
<trkpt lat="42.0220529" lon="2.8340882999999906">
<ele>71.16752939918565</ele>
<time>2026-08-28T09:28:44.131Z</time>
</trkpt>
<trkpt lat="42.0219724" lon="2.833880999999991">
<ele>71.90866210013844</ele>
<time>2026-08-28T09:28:45.132Z</time>
</trkpt>
<trkpt lat="42.0218912" lon="2.8336777000000097">
<ele>72.0519997297714</ele>
<time>2026-08-28T09:28:46.132Z</time>
</trkpt>
<trkpt lat="42.0218078" lon="2.83346929999999">
<ele>71.92503664381606</ele>
<time>2026-08-28T09:28:47.132Z</time>
</trkpt>
<trkpt lat="42.021727" lon="2.83325769999999">
<ele>72.68422064126926</ele>
<time>2026-08-28T09:28:48.132Z</time>
</trkpt>
<trkpt lat="42.0216485" lon="2.8330497000000037">
<ele>73.30195276498412</ele>
<time>2026-08-28T09:28:49.132Z</time>
</trkpt>
<trkpt lat="42.0215678" lon="2.8328400000000045">
<ele>73.41989321083085</ele>
<time>2026-08-28T09:28:50.132Z</time>
</trkpt>
<trkpt lat="42.0214854" lon="2.832627500000001">
<ele>73.27826785520018</ele>
<time>2026-08-28T09:28:51.132Z</time>
</trkpt>
<trkpt lat="42.0214024" lon="2.832417499999991">
<ele>73.109148556232</ele>
<time>2026-08-28T09:28:52.132Z</time>
</trkpt>
<trkpt lat="42.0213218" lon="2.832209199999994">
<ele>73.20821475137578</ele>
<time>2026-08-28T09:28:53.132Z</time>
</trkpt>
<trkpt lat="42.0212449" lon="2.8319964000000084">
<ele>73.59150788400846</ele>
<time>2026-08-28T09:28:54.132Z</time>
</trkpt>
<trkpt lat="42.0211563" lon="2.8317876000000126">
<ele>74.37504381322312</ele>
<time>2026-08-28T09:28:55.132Z</time>
</trkpt>
<trkpt lat="42.0210608" lon="2.831595600000014">
<ele>74.85962848386552</ele>
<time>2026-08-28T09:28:56.132Z</time>
</trkpt>
<trkpt lat="42.0209541" lon="2.8314096999999947">
<ele>74.91127363981647</ele>
<time>2026-08-28T09:28:57.132Z</time>
</trkpt>
<trkpt lat="42.0208367" lon="2.831245999999993">
<ele>74.65526860392009</ele>
<time>2026-08-28T09:28:58.132Z</time>
</trkpt>
<trkpt lat="42.0207143" lon="2.8311014999999884">
<ele>75.20748457300165</ele>
<time>2026-08-28T09:28:59.132Z</time>
</trkpt>
<trkpt lat="42.0205917" lon="2.8309757000000104">
<ele>75.4827795965427</ele>
<time>2026-08-28T09:29:00.132Z</time>
</trkpt>
<trkpt lat="42.0204659" lon="2.8308735999999897">
<ele>75.72470600903763</ele>
<time>2026-08-28T09:29:01.132Z</time>
</trkpt>
<trkpt lat="42.0203397" lon="2.8307813000000124">
<ele>76.31709722594853</ele>
<time>2026-08-28T09:29:02.131Z</time>
</trkpt>
<trkpt lat="42.0202268" lon="2.8306901999999923">
<ele>76.86647418138213</ele>
<time>2026-08-28T09:29:03.132Z</time>
</trkpt>
<trkpt lat="42.0201229" lon="2.83058969999999">
<ele>77.35425950528561</ele>
<time>2026-08-28T09:29:04.131Z</time>
</trkpt>
<trkpt lat="42.0200342" lon="2.8304741999999976">
<ele>77.87129782819792</ele>
<time>2026-08-28T09:29:05.131Z</time>
</trkpt>
<trkpt lat="42.019964" lon="2.830344800000006">
<ele>78.08123597508555</ele>
<time>2026-08-28T09:29:06.132Z</time>
</trkpt>
<trkpt lat="42.0199107" lon="2.8301969999999983">
<ele>78.47955005594302</ele>
<time>2026-08-28T09:29:07.132Z</time>
</trkpt>
<trkpt lat="42.0198764" lon="2.8300489000000084">
<ele>78.96437480758657</ele>
<time>2026-08-28T09:29:08.132Z</time>
</trkpt>
<trkpt lat="42.0198559" lon="2.8298929999999984">
<ele>79.28109965212509</ele>
<time>2026-08-28T09:29:09.131Z</time>
</trkpt>
<trkpt lat="42.0198384" lon="2.8297421999999983">
<ele>79.17723422866722</ele>
<time>2026-08-28T09:29:10.132Z</time>
</trkpt>
<trkpt lat="42.0198129" lon="2.8296080000000075">
<ele>79.7457015467644</ele>
<time>2026-08-28T09:29:11.131Z</time>
</trkpt>
<trkpt lat="42.0197753" lon="2.829480899999993">
<ele>80.1565167144474</ele>
<time>2026-08-28T09:29:12.132Z</time>
</trkpt>
<trkpt lat="42.019724" lon="2.8293655999999885">
<ele>80.59835245427408</ele>
<time>2026-08-28T09:29:13.132Z</time>
</trkpt>
<trkpt lat="42.0196514" lon="2.8292643000000055">
<ele>80.81105800905088</ele>
<time>2026-08-28T09:29:14.132Z</time>
</trkpt>
<trkpt lat="42.0195594" lon="2.829166700000002">
<ele>81.09042507112632</ele>
<time>2026-08-28T09:29:15.132Z</time>
</trkpt>
<trkpt lat="42.0194535" lon="2.829093499999999">
<ele>80.81231159387438</ele>
<time>2026-08-28T09:29:16.132Z</time>
</trkpt>
<trkpt lat="42.0193327" lon="2.8290336999999965">
<ele>81.35160635105807</ele>
<time>2026-08-28T09:29:17.131Z</time>
</trkpt>
<trkpt lat="42.0191997" lon="2.8290039000000036">
<ele>81.12545558873994</ele>
<time>2026-08-28T09:29:18.131Z</time>
</trkpt>
<trkpt lat="42.0190644" lon="2.8289851000000112">
<ele>81.21298626967268</ele>
<time>2026-08-28T09:29:19.132Z</time>
</trkpt>
<trkpt lat="42.0189269" lon="2.8289695999999935">
<ele>81.17379809070103</ele>
<time>2026-08-28T09:29:20.132Z</time>
</trkpt>
<trkpt lat="42.0187882" lon="2.8289484999999956">
<ele>81.1310884875628</ele>
<time>2026-08-28T09:29:21.132Z</time>
</trkpt>
<trkpt lat="42.0186454" lon="2.8289278999999965">
<ele>81.33002042239418</ele>
<time>2026-08-28T09:29:22.132Z</time>
</trkpt>
<trkpt lat="42.0184966" lon="2.828904399999999">
<ele>81.74283783073676</ele>
<time>2026-08-28T09:29:23.132Z</time>
</trkpt>
<trkpt lat="42.0183443" lon="2.828882099999987">
<ele>81.66678362269445</ele>
<time>2026-08-28T09:29:24.132Z</time>
</trkpt>
<trkpt lat="42.0181902" lon="2.828852299999994">
<ele>82.15127647199137</ele>
<time>2026-08-28T09:29:25.132Z</time>
</trkpt>
<trkpt lat="42.0180336" lon="2.8288247000000126">
<ele>82.35298115758347</ele>
<time>2026-08-28T09:29:26.132Z</time>
</trkpt>
<trkpt lat="42.0178751" lon="2.8287958999999887">
<ele>82.81964472478356</ele>
<time>2026-08-28T09:29:27.132Z</time>
</trkpt>
<trkpt lat="42.0177132" lon="2.828772200000003">
<ele>83.63726689668883</ele>
<time>2026-08-28T09:29:28.131Z</time>
</trkpt>
<trkpt lat="42.017553" lon="2.8287420000000054">
<ele>84.11124966719176</ele>
<time>2026-08-28T09:29:29.132Z</time>
</trkpt>
<trkpt lat="42.0173875" lon="2.8287124000000006">
<ele>84.0540284867561</ele>
<time>2026-08-28T09:29:30.132Z</time>
</trkpt>
<trkpt lat="42.0172213" lon="2.8286899999999946">
<ele>84.51834158873854</ele>
<time>2026-08-28T09:29:31.132Z</time>
</trkpt>
<trkpt lat="42.0170571" lon="2.828666300000009">
<ele>84.96482316554822</ele>
<time>2026-08-28T09:29:32.131Z</time>
</trkpt>
<trkpt lat="42.0168942" lon="2.828643800000009">
<ele>84.8120972697724</ele>
<time>2026-08-28T09:29:33.132Z</time>
</trkpt>
<trkpt lat="42.016735" lon="2.828620000000001">
<ele>84.57672569082341</ele>
<time>2026-08-28T09:29:34.132Z</time>
</trkpt>
<trkpt lat="42.0165776" lon="2.828595799999988">
<ele>84.40571742711448</ele>
<time>2026-08-28T09:29:35.131Z</time>
</trkpt>
<trkpt lat="42.0164232" lon="2.8285761999999863">
<ele>84.50695731504885</ele>
<time>2026-08-28T09:29:36.132Z</time>
</trkpt>
<trkpt lat="42.0162675" lon="2.8285609000000136">
<ele>84.21058163133395</ele>
<time>2026-08-28T09:29:37.131Z</time>
</trkpt>
<trkpt lat="42.0161152" lon="2.828543599999989">
<ele>84.03466211043384</ele>
<time>2026-08-28T09:29:38.131Z</time>
</trkpt>
<trkpt lat="42.0159596" lon="2.828525500000012">
<ele>83.77534166839499</ele>
<time>2026-08-28T09:29:39.132Z</time>
</trkpt>
<trkpt lat="42.0158137" lon="2.8285076999999887">
<ele>82.83817187463534</ele>
<time>2026-08-28T09:29:40.132Z</time>
</trkpt>
<trkpt lat="42.0156725" lon="2.828489200000007">
<ele>82.52762389972143</ele>
<time>2026-08-28T09:29:41.132Z</time>
</trkpt>
<trkpt lat="42.015533" lon="2.8284649">
<ele>82.33596709180208</ele>
<time>2026-08-28T09:29:42.131Z</time>
</trkpt>
<trkpt lat="42.0153953" lon="2.828440300000011">
<ele>82.3470830448069</ele>
<time>2026-08-28T09:29:43.132Z</time>
</trkpt>
<trkpt lat="42.0152613" lon="2.8284181999999873">
<ele>82.35960798081508</ele>
<time>2026-08-28T09:29:44.132Z</time>
</trkpt>
<trkpt lat="42.0151279" lon="2.8283892999999978">
<ele>82.25105806159368</ele>
<time>2026-08-28T09:29:45.132Z</time>
</trkpt>
<trkpt lat="42.0149998" lon="2.8283466000000033">
<ele>82.32510875270974</ele>
<time>2026-08-28T09:29:46.132Z</time>
</trkpt>
<trkpt lat="42.0148833" lon="2.8282833000000096">
<ele>82.32547083520984</ele>
<time>2026-08-28T09:29:47.132Z</time>
</trkpt>
<trkpt lat="42.0147799" lon="2.8282005000000083">
<ele>82.28238607419974</ele>
<time>2026-08-28T09:29:48.132Z</time>
</trkpt>
<trkpt lat="42.014684" lon="2.8280870000000107">
<ele>82.19880803832132</ele>
<time>2026-08-28T09:29:49.132Z</time>
</trkpt>
<trkpt lat="42.0145911" lon="2.8279580999999894">
<ele>82.05999951151688</ele>
<time>2026-08-28T09:29:50.131Z</time>
</trkpt>
<trkpt lat="42.0144978" lon="2.827840299999991">
<ele>81.96758888233136</ele>
<time>2026-08-28T09:29:51.131Z</time>
</trkpt>
<trkpt lat="42.014411" lon="2.827717100000001">
<ele>81.92371019969366</ele>
<time>2026-08-28T09:29:52.132Z</time>
</trkpt>
<trkpt lat="42.014329" lon="2.827593500000006">
<ele>81.79012031682034</ele>
<time>2026-08-28T09:29:53.132Z</time>
</trkpt>
<trkpt lat="42.0142523" lon="2.8274624999999958">
<ele>81.61391007461599</ele>
<time>2026-08-28T09:29:54.131Z</time>
</trkpt>
<trkpt lat="42.0141759" lon="2.827338499999996">
<ele>81.41388176233015</ele>
<time>2026-08-28T09:29:55.132Z</time>
</trkpt>
<trkpt lat="42.0141032" lon="2.827213300000011">
<ele>81.3528592290586</ele>
<time>2026-08-28T09:29:56.132Z</time>
</trkpt>
<trkpt lat="42.0140339" lon="2.82709109999999">
<ele>81.24148617666444</ele>
<time>2026-08-28T09:29:57.132Z</time>
</trkpt>
<trkpt lat="42.0139674" lon="2.8269737999999904">
<ele>81.07130989674405</ele>
<time>2026-08-28T09:29:58.132Z</time>
</trkpt>
<trkpt lat="42.0139055" lon="2.826859100000007">
<ele>81.02831924822773</ele>
<time>2026-08-28T09:29:59.132Z</time>
</trkpt>
<trkpt lat="42.0138433" lon="2.826751300000012">
<ele>80.8766717268775</ele>
<time>2026-08-28T09:30:00.132Z</time>
</trkpt>
<trkpt lat="42.013789" lon="2.826651499999997">
<ele>80.7982668047258</ele>
<time>2026-08-28T09:30:01.132Z</time>
</trkpt>
<trkpt lat="42.0137347" lon="2.8265585000000044">
<ele>80.75265574769168</ele>
<time>2026-08-28T09:30:02.132Z</time>
</trkpt>
<trkpt lat="42.0136761" lon="2.8264657">
<ele>80.71813697321441</ele>
<time>2026-08-28T09:30:03.132Z</time>
</trkpt>
<trkpt lat="42.0136149" lon="2.8263767999999914">
<ele>80.56523969156261</ele>
<time>2026-08-28T09:30:04.131Z</time>
</trkpt>
<trkpt lat="42.0135441" lon="2.826300300000014">
<ele>80.57033892362873</ele>
<time>2026-08-28T09:30:05.132Z</time>
</trkpt>
<trkpt lat="42.0134714" lon="2.8262374999999906">
<ele>80.51568846349855</ele>
<time>2026-08-28T09:30:06.132Z</time>
</trkpt>
<trkpt lat="42.0133971" lon="2.826182100000011">
<ele>80.48517954213023</ele>
<time>2026-08-28T09:30:07.131Z</time>
</trkpt>
<trkpt lat="42.0133242" lon="2.826132300000012">
<ele>80.62051323391151</ele>
<time>2026-08-28T09:30:08.132Z</time>
</trkpt>
<trkpt lat="42.0132534" lon="2.826086900000007">
<ele>80.94160557931333</ele>
<time>2026-08-28T09:30:09.131Z</time>
</trkpt>
<trkpt lat="42.0131843" lon="2.8260448000000054">
<ele>81.02543652171936</ele>
<time>2026-08-28T09:30:10.132Z</time>
</trkpt>
<trkpt lat="42.0131228" lon="2.826002499999987">
<ele>80.85737771089856</ele>
<time>2026-08-28T09:30:11.132Z</time>
</trkpt>
<trkpt lat="42.0130617" lon="2.825960600000002">
<ele>81.2310578084618</ele>
<time>2026-08-28T09:30:12.132Z</time>
</trkpt>
<trkpt lat="42.0129943" lon="2.825924100000009">
<ele>81.77125571113588</ele>
<time>2026-08-28T09:30:13.132Z</time>
</trkpt>
<trkpt lat="42.0129276" lon="2.8258835000000033">
<ele>81.7016431733991</ele>
<time>2026-08-28T09:30:14.132Z</time>
</trkpt>
<trkpt lat="42.0128576" lon="2.8258405999999923">
<ele>81.59654494672075</ele>
<time>2026-08-28T09:30:15.132Z</time>
</trkpt>
<trkpt lat="42.0127828" lon="2.8258016999999995">
<ele>82.2245275318364</ele>
<time>2026-08-28T09:30:16.132Z</time>
</trkpt>
<trkpt lat="42.0127012" lon="2.8257659999999873">
<ele>82.56949744723191</ele>
<time>2026-08-28T09:30:17.132Z</time>
</trkpt>
<trkpt lat="42.0126235" lon="2.825721499999986">
<ele>82.83736746521751</ele>
<time>2026-08-28T09:30:18.132Z</time>
</trkpt>
<trkpt lat="42.0125406" lon="2.8256686">
<ele>83.22848843732396</ele>
<time>2026-08-28T09:30:19.132Z</time>
</trkpt>
<trkpt lat="42.0124582" lon="2.8256327">
<ele>82.9668596402054</ele>
<time>2026-08-28T09:30:20.132Z</time>
</trkpt>
<trkpt lat="42.0123615" lon="2.8255763999999886">
<ele>82.53081828511353</ele>
<time>2026-08-28T09:30:21.132Z</time>
</trkpt>
<trkpt lat="42.0122757" lon="2.825519600000007">
<ele>82.16452038985213</ele>
<time>2026-08-28T09:30:22.132Z</time>
</trkpt>
<trkpt lat="42.012192" lon="2.8254645000000096">
<ele>82.88018055853325</ele>
<time>2026-08-28T09:30:23.132Z</time>
</trkpt>
<trkpt lat="42.0121052" lon="2.8254149999999925">
<ele>83.14356026404025</ele>
<time>2026-08-28T09:30:24.131Z</time>
</trkpt>
<trkpt lat="42.0120147" lon="2.8253660000000025">
<ele>82.79538931535737</ele>
<time>2026-08-28T09:30:25.132Z</time>
</trkpt>
<trkpt lat="42.0119179" lon="2.825332599999996">
<ele>83.03892240729131</ele>
<time>2026-08-28T09:30:26.132Z</time>
</trkpt>
<trkpt lat="42.0118299" lon="2.8252971000000002">
<ele>83.18081739916005</ele>
<time>2026-08-28T09:30:27.132Z</time>
</trkpt>
<trkpt lat="42.0117457" lon="2.8252629000000127">
<ele>82.92811056847846</ele>
<time>2026-08-28T09:30:28.132Z</time>
</trkpt>
<trkpt lat="42.0116651" lon="2.825241500000004">
<ele>83.16602260882809</ele>
<time>2026-08-28T09:30:29.132Z</time>
</trkpt>
<trkpt lat="42.0115625" lon="2.825236700000005">
<ele>82.43583731100493</ele>
<time>2026-08-28T09:30:30.132Z</time>
</trkpt>
<trkpt lat="42.0114691" lon="2.8252359999999896">
<ele>82.75710973823044</ele>
<time>2026-08-28T09:30:31.132Z</time>
</trkpt>
<trkpt lat="42.0113834" lon="2.8252259999999865">
<ele>82.63586043931437</ele>
<time>2026-08-28T09:30:32.132Z</time>
</trkpt>
<trkpt lat="42.0112967" lon="2.8252391999999986">
<ele>83.14732514779921</ele>
<time>2026-08-28T09:30:33.132Z</time>
</trkpt>
<trkpt lat="42.011219" lon="2.8252391999999986">
<ele>83.31399477068086</ele>
<time>2026-08-28T09:30:34.131Z</time>
</trkpt>
<trkpt lat="42.0111416" lon="2.825222200000013">
<ele>83.4487974753241</ele>
<time>2026-08-28T09:30:35.132Z</time>
</trkpt>
<trkpt lat="42.0110754" lon="2.8252152000000024">
<ele>82.78162967254862</ele>
<time>2026-08-28T09:30:36.132Z</time>
</trkpt>
<trkpt lat="42.0110029" lon="2.8252075000000048">
<ele>82.56898784652594</ele>
<time>2026-08-28T09:30:37.131Z</time>
</trkpt>
<trkpt lat="42.010929" lon="2.8252009999999927">
<ele>82.45954438691606</ele>
<time>2026-08-28T09:30:38.132Z</time>
</trkpt>
<trkpt lat="42.0108551" lon="2.825195000000008">
<ele>82.52989725102397</ele>
<time>2026-08-28T09:30:39.132Z</time>
</trkpt>
<trkpt lat="42.0107773" lon="2.8251889999999946">
<ele>82.47716512249545</ele>
<time>2026-08-28T09:30:40.132Z</time>
</trkpt>
<trkpt lat="42.0106961" lon="2.8251808999999923">
<ele>82.39511706305207</ele>
<time>2026-08-28T09:30:41.132Z</time>
</trkpt>
<trkpt lat="42.0106136" lon="2.8251764000000037">
<ele>82.37690682540938</ele>
<time>2026-08-28T09:30:42.132Z</time>
</trkpt>
<trkpt lat="42.0105281" lon="2.8251698999999917">
<ele>81.63854208940577</ele>
<time>2026-08-28T09:30:43.131Z</time>
</trkpt>
<trkpt lat="42.0104422" lon="2.825151599999998">
<ele>81.23169058023568</ele>
<time>2026-08-28T09:30:44.132Z</time>
</trkpt>
<trkpt lat="42.0103525" lon="2.8251432000000136">
<ele>80.83953652653128</ele>
<time>2026-08-28T09:30:45.131Z</time>
</trkpt>
<trkpt lat="42.0102709" lon="2.825133099999988">
<ele>80.6356169180844</ele>
<time>2026-08-28T09:30:46.132Z</time>
</trkpt>
<trkpt lat="42.010186" lon="2.825132300000007">
<ele>80.47101295726317</ele>
<time>2026-08-28T09:30:47.132Z</time>
</trkpt>
<trkpt lat="42.010098" lon="2.825127199999997">
<ele>80.08524659292897</ele>
<time>2026-08-28T09:30:48.132Z</time>
</trkpt>
<trkpt lat="42.0100116" lon="2.8251261999999997">
<ele>80.04237123286507</ele>
<time>2026-08-28T09:30:49.131Z</time>
</trkpt>
<trkpt lat="42.0099268" lon="2.825122399999998">
<ele>80.39102548645037</ele>
<time>2026-08-28T09:30:50.132Z</time>
</trkpt>
<trkpt lat="42.0098389" lon="2.8251213000000064">
<ele>80.87517946121507</ele>
<time>2026-08-28T09:30:51.132Z</time>
</trkpt>
<trkpt lat="42.0097514" lon="2.825117299999988">
<ele>80.8093508041518</ele>
<time>2026-08-28T09:30:52.132Z</time>
</trkpt>
<trkpt lat="42.00966" lon="2.8251102000000117">
<ele>80.49108214879311</ele>
<time>2026-08-28T09:30:53.131Z</time>
</trkpt>
<trkpt lat="42.0095724" lon="2.8251040000000103">
<ele>79.56608105199354</ele>
<time>2026-08-28T09:30:54.131Z</time>
</trkpt>
<trkpt lat="42.0094883" lon="2.8250971999999877">
<ele>80.06202692650967</ele>
<time>2026-08-28T09:30:55.132Z</time>
</trkpt>
<trkpt lat="42.009409" lon="2.8250936999999965">
<ele>80.13645267234969</ele>
<time>2026-08-28T09:30:56.132Z</time>
</trkpt>
<trkpt lat="42.0093303" lon="2.825089399999996">
<ele>80.35504630625124</ele>
<time>2026-08-28T09:30:57.132Z</time>
</trkpt>
<trkpt lat="42.0092579" lon="2.825087400000001">
<ele>80.29787785312692</ele>
<time>2026-08-28T09:30:58.131Z</time>
</trkpt>
<trkpt lat="42.0091905" lon="2.8250830000000065">
<ele>80.04263480149525</ele>
<time>2026-08-28T09:30:59.131Z</time>
</trkpt>
<trkpt lat="42.0091302" lon="2.825080899999989">
<ele>79.62809270417928</ele>
<time>2026-08-28T09:31:00.131Z</time>
</trkpt>
<trkpt lat="42.0090685" lon="2.825075400000003">
<ele>79.3177418596596</ele>
<time>2026-08-28T09:31:01.132Z</time>
</trkpt>
<trkpt lat="42.0090134" lon="2.8250727999999867">
<ele>78.98994345199888</ele>
<time>2026-08-28T09:31:02.132Z</time>
</trkpt>
<trkpt lat="42.0089625" lon="2.8250677000000053">
<ele>78.8789351975901</ele>
<time>2026-08-28T09:31:03.131Z</time>
</trkpt>
<trkpt lat="42.0089123" lon="2.825063599999993">
<ele>78.65388502090106</ele>
<time>2026-08-28T09:31:04.132Z</time>
</trkpt>
<trkpt lat="42.008859" lon="2.825058299999995">
<ele>78.13561497551862</ele>
<time>2026-08-28T09:31:05.132Z</time>
</trkpt>
<trkpt lat="42.0088071" lon="2.825054200000011">
<ele>78.09908746456797</ele>
<time>2026-08-28T09:31:06.132Z</time>
</trkpt>
<trkpt lat="42.0087518" lon="2.825047699999999">
<ele>78.14939711326492</ele>
<time>2026-08-28T09:31:07.132Z</time>
</trkpt>
<trkpt lat="42.0086922" lon="2.82504449999999">
<ele>78.15887469701718</ele>
<time>2026-08-28T09:31:08.132Z</time>
</trkpt>
<trkpt lat="42.0086318" lon="2.82504560000001">
<ele>78.46464090595906</ele>
<time>2026-08-28T09:31:09.132Z</time>
</trkpt>
<trkpt lat="42.0085659" lon="2.8250433999999984">
<ele>78.74097737537456</ele>
<time>2026-08-28T09:31:10.132Z</time>
</trkpt>
<trkpt lat="42.0084914" lon="2.8250408000000107">
<ele>78.59735304945075</ele>
<time>2026-08-28T09:31:11.132Z</time>
</trkpt>
<trkpt lat="42.0084104" lon="2.8250347999999974">
<ele>78.80727521418704</ele>
<time>2026-08-28T09:31:12.132Z</time>
</trkpt>
<trkpt lat="42.0083259" lon="2.825028000000003">
<ele>78.95112765670804</ele>
<time>2026-08-28T09:31:13.132Z</time>
</trkpt>
<trkpt lat="42.0082356" lon="2.8250162999999873">
<ele>78.36175002512006</ele>
<time>2026-08-28T09:31:14.132Z</time>
</trkpt>
<trkpt lat="42.0081435" lon="2.8250050000000044">
<ele>78.33176918602045</ele>
<time>2026-08-28T09:31:15.132Z</time>
</trkpt>
<trkpt lat="42.0080521" lon="2.824990899999989">
<ele>78.48476050859774</ele>
<time>2026-08-28T09:31:16.132Z</time>
</trkpt>
<trkpt lat="42.007963" lon="2.824978200000004">
<ele>78.4566616499268</ele>
<time>2026-08-28T09:31:17.132Z</time>
</trkpt>
<trkpt lat="42.0078775" lon="2.8249668999999926">
<ele>78.51690478219078</ele>
<time>2026-08-28T09:31:18.132Z</time>
</trkpt>
<trkpt lat="42.0077985" lon="2.824958600000002">
<ele>78.68609379718319</ele>
<time>2026-08-28T09:31:19.132Z</time>
</trkpt>
<trkpt lat="42.0077201" lon="2.824955799999998">
<ele>78.76123414273978</ele>
<time>2026-08-28T09:31:20.131Z</time>
</trkpt>
<trkpt lat="42.0076442" lon="2.824951800000008">
<ele>78.78233806716672</ele>
<time>2026-08-28T09:31:21.132Z</time>
</trkpt>
<trkpt lat="42.0075744" lon="2.824944700000003">
<ele>78.87317727954883</ele>
<time>2026-08-28T09:31:22.131Z</time>
</trkpt>
<trkpt lat="42.0075127" lon="2.824944600000009">
<ele>78.90744970333752</ele>
<time>2026-08-28T09:31:23.132Z</time>
</trkpt>
<trkpt lat="42.0074652" lon="2.82494539999999">
<ele>79.02199790064785</ele>
<time>2026-08-28T09:31:24.132Z</time>
</trkpt>
<trkpt lat="42.007417" lon="2.82493869999999">
<ele>79.16421034727526</ele>
<time>2026-08-28T09:31:26.132Z</time>
</trkpt>
<trkpt lat="42.007365" lon="2.824934600000006">
<ele>79.34651178004236</ele>
<time>2026-08-28T09:32:00.132Z</time>
</trkpt>
<trkpt lat="42.0072766" lon="2.8249310999999864">
<ele>78.96730768562692</ele>
<time>2026-08-28T09:32:02.131Z</time>
</trkpt>
<trkpt lat="42.0072232" lon="2.824924600000003">
<ele>79.42188719640447</ele>
<time>2026-08-28T09:32:03.132Z</time>
</trkpt>
<trkpt lat="42.0071599" lon="2.824918800000006">
<ele>79.48989323170687</ele>
<time>2026-08-28T09:32:04.132Z</time>
</trkpt>
<trkpt lat="42.0070888" lon="2.8249159000000077">
<ele>79.54005044514983</ele>
<time>2026-08-28T09:32:05.131Z</time>
</trkpt>
<trkpt lat="42.0070131" lon="2.8249080999999876">
<ele>79.53864862093609</ele>
<time>2026-08-28T09:32:06.132Z</time>
</trkpt>
<trkpt lat="42.0069314" lon="2.8249026999999955">
<ele>79.69131627922633</ele>
<time>2026-08-28T09:32:07.132Z</time>
</trkpt>
<trkpt lat="42.0068465" lon="2.8249000000000137">
<ele>79.68421076918544</ele>
<time>2026-08-28T09:32:08.131Z</time>
</trkpt>
<trkpt lat="42.0067645" lon="2.8248938000000123">
<ele>79.77201930815765</ele>
<time>2026-08-28T09:32:09.131Z</time>
</trkpt>
<trkpt lat="42.0066808" lon="2.824886399999997">
<ele>79.88518811633088</ele>
<time>2026-08-28T09:32:10.132Z</time>
</trkpt>
<trkpt lat="42.0065994" lon="2.824879100000004">
<ele>79.80980865494779</ele>
<time>2026-08-28T09:32:11.131Z</time>
</trkpt>
<trkpt lat="42.0065192" lon="2.8248715999999945">
<ele>79.95325055017913</ele>
<time>2026-08-28T09:32:12.131Z</time>
</trkpt>
<trkpt lat="42.0064395" lon="2.8248628999999994">
<ele>80.01187801509055</ele>
<time>2026-08-28T09:32:13.131Z</time>
</trkpt>
<trkpt lat="42.0063489" lon="2.82485650000001">
<ele>80.02755760904867</ele>
<time>2026-08-28T09:32:14.131Z</time>
</trkpt>
<trkpt lat="42.0062583" lon="2.824849999999998">
<ele>80.1404985988521</ele>
<time>2026-08-28T09:32:15.131Z</time>
</trkpt>
<trkpt lat="42.0061647" lon="2.8248436000000083">
<ele>80.18774508636179</ele>
<time>2026-08-28T09:32:16.132Z</time>
</trkpt>
<trkpt lat="42.0060719" lon="2.824837500000001">
<ele>80.31674417522304</ele>
<time>2026-08-28T09:32:17.131Z</time>
</trkpt>
<trkpt lat="42.0059738" lon="2.8248306000000127">
<ele>80.40544859767772</ele>
<time>2026-08-28T09:32:18.131Z</time>
</trkpt>
<trkpt lat="42.0058734" lon="2.82482379999999">
<ele>80.4851179587482</ele>
<time>2026-08-28T09:32:19.130Z</time>
</trkpt>
<trkpt lat="42.0057741" lon="2.8248153000000116">
<ele>80.46041138241061</ele>
<time>2026-08-28T09:32:20.130Z</time>
</trkpt>
<trkpt lat="42.0056738" lon="2.824807099999987">
<ele>80.6053528400566</ele>
<time>2026-08-28T09:32:21.130Z</time>
</trkpt>
<trkpt lat="42.0055691" lon="2.824801100000002">
<ele>80.77791635552875</ele>
<time>2026-08-28T09:32:22.131Z</time>
</trkpt>
<trkpt lat="42.0054605" lon="2.824795200000011">
<ele>80.81650269596967</ele>
<time>2026-08-28T09:32:23.131Z</time>
</trkpt>
<trkpt lat="42.0053536" lon="2.8247929999999997">
<ele>80.88682606583399</ele>
<time>2026-08-28T09:32:24.131Z</time>
</trkpt>
<trkpt lat="42.0052452" lon="2.8247881000000064">
<ele>80.9925452896237</ele>
<time>2026-08-28T09:32:25.131Z</time>
</trkpt>
<trkpt lat="42.0051381" lon="2.8247791999999947">
<ele>81.06672776573343</ele>
<time>2026-08-28T09:32:26.131Z</time>
</trkpt>
<trkpt lat="42.0050291" lon="2.824768199999994">
<ele>81.13945926212915</ele>
<time>2026-08-28T09:32:27.130Z</time>
</trkpt>
<trkpt lat="42.0049194" lon="2.824758900000006">
<ele>81.203334104369</ele>
<time>2026-08-28T09:32:28.131Z</time>
</trkpt>
<trkpt lat="42.0048085" lon="2.8247480999999937">
<ele>81.20712820624713</ele>
<time>2026-08-28T09:32:29.131Z</time>
</trkpt>
<trkpt lat="42.0046945" lon="2.8247341999999946">
<ele>81.30122149811157</ele>
<time>2026-08-28T09:32:30.131Z</time>
</trkpt>
<trkpt lat="42.0045782" lon="2.824722400000013">
<ele>81.39383467304192</ele>
<time>2026-08-28T09:32:31.131Z</time>
</trkpt>
<trkpt lat="42.0044679" lon="2.824717600000014">
<ele>81.49287066577493</ele>
<time>2026-08-28T09:32:32.131Z</time>
</trkpt>
<trkpt lat="42.0043578" lon="2.824709000000013">
<ele>81.48253057427858</ele>
<time>2026-08-28T09:32:33.130Z</time>
</trkpt>
<trkpt lat="42.0042493" lon="2.8247049000000004">
<ele>81.6336312560716</ele>
<time>2026-08-28T09:32:34.131Z</time>
</trkpt>
<trkpt lat="42.0041453" lon="2.824697399999991">
<ele>81.65339107849343</ele>
<time>2026-08-28T09:32:35.130Z</time>
</trkpt>
<trkpt lat="42.0040377" lon="2.824686100000008">
<ele>81.70262223188375</ele>
<time>2026-08-28T09:32:36.131Z</time>
</trkpt>
<trkpt lat="42.0039354" lon="2.8246810999999923">
<ele>81.77305779750097</ele>
<time>2026-08-28T09:32:37.130Z</time>
</trkpt>
<trkpt lat="42.0038312" lon="2.8246686999999895">
<ele>81.80634782387752</ele>
<time>2026-08-28T09:32:38.131Z</time>
</trkpt>
<trkpt lat="42.0037343" lon="2.8246626000000106">
<ele>81.88806047157347</ele>
<time>2026-08-28T09:32:39.131Z</time>
</trkpt>
<trkpt lat="42.003634" lon="2.824652399999991">
<ele>82.00488928373916</ele>
<time>2026-08-28T09:32:40.131Z</time>
</trkpt>
<trkpt lat="42.0035419" lon="2.824645099999998">
<ele>82.04671262172742</ele>
<time>2026-08-28T09:32:41.131Z</time>
</trkpt>
<trkpt lat="42.0034529" lon="2.824641700000001">
<ele>82.04410072342478</ele>
<time>2026-08-28T09:32:42.131Z</time>
</trkpt>
<trkpt lat="42.0033738" lon="2.824636499999997">
<ele>82.18121328207381</ele>
<time>2026-08-28T09:32:43.130Z</time>
</trkpt>
<trkpt lat="42.003307" lon="2.8246216000000004">
<ele>82.23901717403619</ele>
<time>2026-08-28T09:32:44.131Z</time>
</trkpt>
<trkpt lat="42.0032499" lon="2.824587799999989">
<ele>82.3425183068612</ele>
<time>2026-08-28T09:32:45.130Z</time>
</trkpt>
<trkpt lat="42.0031863" lon="2.8245449000000065">
<ele>82.28750775530862</ele>
<time>2026-08-28T09:32:46.131Z</time>
</trkpt>
<trkpt lat="42.003125" lon="2.8245156000000122">
<ele>82.41425519767293</ele>
<time>2026-08-28T09:32:47.131Z</time>
</trkpt>
<trkpt lat="42.0030585" lon="2.8245186000000047">
<ele>82.52171406563129</ele>
<time>2026-08-28T09:32:48.131Z</time>
</trkpt>
<trkpt lat="42.0030001" lon="2.824540500000012">
<ele>82.57617836608411</ele>
<time>2026-08-28T09:32:49.130Z</time>
</trkpt>
<trkpt lat="42.0029294" lon="2.8245746000000054">
<ele>82.65413945967362</ele>
<time>2026-08-28T09:32:50.131Z</time>
</trkpt>
<trkpt lat="42.0028636" lon="2.8245939999999905">
<ele>82.66316263190893</ele>
<time>2026-08-28T09:32:51.130Z</time>
</trkpt>
<trkpt lat="42.0027921" lon="2.8245977999999923">
<ele>82.75881079188927</ele>
<time>2026-08-28T09:32:52.130Z</time>
</trkpt>
<trkpt lat="42.0027255" lon="2.8245879000000116">
<ele>82.8496190409082</ele>
<time>2026-08-28T09:32:53.131Z</time>
</trkpt>
<trkpt lat="42.0026649" lon="2.824551299999996">
<ele>82.86806143601478</ele>
<time>2026-08-28T09:32:54.131Z</time>
</trkpt>
<trkpt lat="42.0026039" lon="2.824506100000008">
<ele>82.89122239103774</ele>
<time>2026-08-28T09:32:55.131Z</time>
</trkpt>
<trkpt lat="42.0025408" lon="2.8244783000000098">
<ele>82.91617315946938</ele>
<time>2026-08-28T09:32:56.130Z</time>
</trkpt>
<trkpt lat="42.0024786" lon="2.824473100000006">
<ele>83.0427709623986</ele>
<time>2026-08-28T09:32:57.130Z</time>
</trkpt>
<trkpt lat="42.002412" lon="2.8244755000000055">
<ele>83.04990038970651</ele>
<time>2026-08-28T09:32:58.131Z</time>
</trkpt>
<trkpt lat="42.0023448" lon="2.8244709999999884">
<ele>83.0197461077248</ele>
<time>2026-08-28T09:32:59.131Z</time>
</trkpt>
<trkpt lat="42.002283" lon="2.8244636999999955">
<ele>83.02820696904763</ele>
<time>2026-08-28T09:33:00.131Z</time>
</trkpt>
<trkpt lat="42.002219" lon="2.8244546999999898">
<ele>83.07568425051683</ele>
<time>2026-08-28T09:33:01.130Z</time>
</trkpt>
<trkpt lat="42.0021566" lon="2.8244476000000134">
<ele>83.11290739233755</ele>
<time>2026-08-28T09:33:02.131Z</time>
</trkpt>
<trkpt lat="42.0020964" lon="2.824442199999993">
<ele>83.16780125493959</ele>
<time>2026-08-28T09:33:03.131Z</time>
</trkpt>
<trkpt lat="42.0020444" lon="2.82443889999999">
<ele>83.14289714537105</ele>
<time>2026-08-28T09:33:04.131Z</time>
</trkpt>
<trkpt lat="42.001996" lon="2.8244387000000017">
<ele>83.16866338292103</ele>
<time>2026-08-28T09:33:05.130Z</time>
</trkpt>
<trkpt lat="42.001924" lon="2.8244278999999892">
<ele>83.23581115894308</ele>
<time>2026-08-28T09:33:07.131Z</time>
</trkpt>
<trkpt lat="42.0018724" lon="2.8244238000000053">
<ele>83.22866442357683</ele>
<time>2026-08-28T09:33:14.131Z</time>
</trkpt>
<trkpt lat="42.0018118" lon="2.8244339999999966">
<ele>83.22888127933012</ele>
<time>2026-08-28T09:33:16.131Z</time>
</trkpt>
<trkpt lat="42.0017564" lon="2.824432800000011">
<ele>83.17257587246439</ele>
<time>2026-08-28T09:33:18.130Z</time>
</trkpt>
<trkpt lat="42.0017631" lon="2.8244536999999923">
<ele>83.3253435903997</ele>
<time>2026-08-28T09:34:27.131Z</time>
</trkpt>
<trkpt lat="42.001764" lon="2.824454099999997">
<ele>83.3246974179603</ele>
<time>2026-08-28T09:36:12.131Z</time>
</trkpt>
<trkpt lat="42.0017823" lon="2.8244735000000105">
<ele>83.29414123257729</ele>
<time>2026-08-28T09:36:15.309Z</time>
</trkpt>
<trkpt lat="42.001763" lon="2.824454000000003">
<ele>83.40740890290859</ele>
<time>2026-08-28T09:37:09.131Z</time>
</trkpt>
<trkpt lat="42.001763" lon="2.824454000000003">
<ele>83.45844578397666</ele>
<time>2026-08-28T09:37:09.479Z</time>
</trkpt>
<trkpt lat="42.0017569" lon="2.8244650999999976">
<ele>83.62073899035506</ele>
<time>2026-08-28T09:38:03.131Z</time>
</trkpt>
<trkpt lat="42.0017015" lon="2.8245205000000055">
<ele>82.85168589940132</ele>
<time>2026-08-28T09:45:58.053Z</time>
</trkpt>
<trkpt lat="42.0017015" lon="2.8245205000000055">
<ele>82.86955129554104</ele>
<time>2026-08-28T09:45:58.053Z</time>
</trkpt>
<trkpt lat="42.0015809" lon="2.8246289999999874">
<ele>82.95543117199615</ele>
<time>2026-08-28T09:46:00.130Z</time>
</trkpt>
<trkpt lat="42.0016675" lon="2.824582200000009">
<ele>83.01945085681481</ele>
<time>2026-08-28T09:46:01.077Z</time>
</trkpt>
<trkpt lat="42.0017565" lon="2.8244386000000077">
<ele>83.17068252973749</ele>
<time>2026-08-28T09:46:03.130Z</time>
</trkpt>
<trkpt lat="42.0017208" lon="2.8244760999999983">
<ele>83.43142100827016</ele>
<time>2026-08-28T09:46:35.231Z</time>
</trkpt>
<trkpt lat="42.001699" lon="2.8245139999999935">
<ele>83.66717224932023</ele>
<time>2026-08-28T09:47:21.257Z</time>
</trkpt>
<trkpt lat="42.0016992" lon="2.824516399999993">
<ele>84.17953660830273</ele>
<time>2026-08-28T09:48:17.234Z</time>
</trkpt>
<trkpt lat="42.0016983" lon="2.824520000000007">
<ele>84.25661348245809</ele>
<time>2026-08-28T09:49:13.213Z</time>
</trkpt>
<trkpt lat="42.001679" lon="2.824516200000005">
<ele>84.39489996359734</ele>
<time>2026-08-28T09:49:18.141Z</time>
</trkpt>
<trkpt lat="42.0016201" lon="2.824472700000001">
<ele>84.73907755353126</ele>
<time>2026-08-28T09:49:21.166Z</time>
</trkpt>
<trkpt lat="42.0015526" lon="2.824448999999987">
<ele>84.77229019715014</ele>
<time>2026-08-28T09:49:23.182Z</time>
</trkpt>
<trkpt lat="42.0014828" lon="2.824445400000002">
<ele>84.69299296113853</ele>
<time>2026-08-28T09:49:25.198Z</time>
</trkpt>
<trkpt lat="42.0014294" lon="2.8244503999999893">
<ele>84.42154833554108</ele>
<time>2026-08-28T09:49:27.214Z</time>
</trkpt>
<trkpt lat="42.0013835" lon="2.82444559999999">
<ele>84.39414821016229</ele>
<time>2026-08-28T09:49:29.231Z</time>
</trkpt>
<trkpt lat="42.0013685" lon="2.824379300000004">
<ele>84.40640738351547</ele>
<time>2026-08-28T09:49:32.255Z</time>
</trkpt>
<trkpt lat="42.0013095" lon="2.824399199999988">
<ele>84.24071440625423</ele>
<time>2026-08-28T09:49:34.160Z</time>
</trkpt>
<trkpt lat="42.0012622" lon="2.824421099999995">
<ele>84.5917009124206</ele>
<time>2026-08-28T09:49:44.237Z</time>
</trkpt>
<trkpt lat="42.0012143" lon="2.8244108000000097">
<ele>84.72572540635146</ele>
<time>2026-08-28T09:49:45.246Z</time>
</trkpt>
<trkpt lat="42.0011447" lon="2.824443500000001">
<ele>84.92250726456514</ele>
<time>2026-08-28T09:49:47.129Z</time>
</trkpt>
<trkpt lat="42.0010931" lon="2.8244536999999923">
<ele>85.39329852088967</ele>
<time>2026-08-28T09:49:48.130Z</time>
</trkpt>
<trkpt lat="42.0010368" lon="2.824454000000003">
<ele>85.53271543661705</ele>
<time>2026-08-28T09:49:49.130Z</time>
</trkpt>
<trkpt lat="42.000969" lon="2.8244544000000076">
<ele>85.7931563478217</ele>
<time>2026-08-28T09:49:50.130Z</time>
</trkpt>
<trkpt lat="42.000903" lon="2.8244497999999965">
<ele>86.18556415426336</ele>
<time>2026-08-28T09:49:51.130Z</time>
</trkpt>
<trkpt lat="42.0008258" lon="2.8244512999999927">
<ele>86.10667450021434</ele>
<time>2026-08-28T09:49:52.130Z</time>
</trkpt>
<trkpt lat="42.0007473" lon="2.8244536999999923">
<ele>86.25317065139578</ele>
<time>2026-08-28T09:49:53.130Z</time>
</trkpt>
<trkpt lat="42.0006618" lon="2.8244497999999965">
<ele>86.3128090044239</ele>
<time>2026-08-28T09:49:54.130Z</time>
</trkpt>
<trkpt lat="42.0005724" lon="2.824455300000011">
<ele>86.41384562312922</ele>
<time>2026-08-28T09:49:55.129Z</time>
</trkpt>
<trkpt lat="42.0004852" lon="2.824461299999996">
<ele>86.62423676949024</ele>
<time>2026-08-28T09:49:56.130Z</time>
</trkpt>
<trkpt lat="42.0003971" lon="2.824466199999989">
<ele>86.56676530313185</ele>
<time>2026-08-28T09:49:57.130Z</time>
</trkpt>
<trkpt lat="42.0003032" lon="2.8244708999999943">
<ele>86.45509973071448</ele>
<time>2026-08-28T09:49:58.130Z</time>
</trkpt>
<trkpt lat="42.0002125" lon="2.8244709999999884">
<ele>86.38590488083126</ele>
<time>2026-08-28T09:49:59.130Z</time>
</trkpt>
<trkpt lat="42.0001156" lon="2.824467900000002">
<ele>86.19477494635652</ele>
<time>2026-08-28T09:50:00.130Z</time>
</trkpt>
<trkpt lat="42.0000176" lon="2.824471899999992">
<ele>86.4128070329744</ele>
<time>2026-08-28T09:50:01.130Z</time>
</trkpt>
<trkpt lat="41.9999186" lon="2.824478400000004">
<ele>86.24971902363522</ele>
<time>2026-08-28T09:50:02.130Z</time>
</trkpt>
<trkpt lat="41.9998169" lon="2.8244807000000094">
<ele>86.04284600692168</ele>
<time>2026-08-28T09:50:03.130Z</time>
</trkpt>
<trkpt lat="41.9997158" lon="2.8244809999999916">
<ele>86.27413417729764</ele>
<time>2026-08-28T09:50:04.130Z</time>
</trkpt>
<trkpt lat="41.9996155" lon="2.8244855000000086">
<ele>86.3901069955999</ele>
<time>2026-08-28T09:50:05.130Z</time>
</trkpt>
<trkpt lat="41.999518" lon="2.824485799999991">
<ele>86.468966090646</ele>
<time>2026-08-28T09:50:06.129Z</time>
</trkpt>
<trkpt lat="41.9994199" lon="2.8244842000000006">
<ele>86.13664294982992</ele>
<time>2026-08-28T09:50:07.130Z</time>
</trkpt>
<trkpt lat="41.9993171" lon="2.8244835000000137">
<ele>85.94191664224489</ele>
<time>2026-08-28T09:50:08.130Z</time>
</trkpt>
<trkpt lat="41.9992153" lon="2.8244822999999997">
<ele>85.86200729980145</ele>
<time>2026-08-28T09:50:09.130Z</time>
</trkpt>
<trkpt lat="41.9991157" lon="2.824476000000004">
<ele>85.77735045296988</ele>
<time>2026-08-28T09:50:10.129Z</time>
</trkpt>
<trkpt lat="41.9990156" lon="2.824467400000003">
<ele>85.79967033343802</ele>
<time>2026-08-28T09:50:11.130Z</time>
</trkpt>
<trkpt lat="41.9989163" lon="2.824467700000014">
<ele>85.35544860269472</ele>
<time>2026-08-28T09:50:12.130Z</time>
</trkpt>
<trkpt lat="41.9988145" lon="2.824469300000004">
<ele>85.6539806830522</ele>
<time>2026-08-28T09:50:13.130Z</time>
</trkpt>
<trkpt lat="41.99871" lon="2.824470600000012">
<ele>85.57772605086552</ele>
<time>2026-08-28T09:50:14.130Z</time>
</trkpt>
<trkpt lat="41.998612" lon="2.82446920000001">
<ele>85.76903881565065</ele>
<time>2026-08-28T09:50:15.130Z</time>
</trkpt>
<trkpt lat="41.9985097" lon="2.824473000000012">
<ele>85.77232751882012</ele>
<time>2026-08-28T09:50:16.129Z</time>
</trkpt>
<trkpt lat="41.9984031" lon="2.8244821000000115">
<ele>85.7735917148315</ele>
<time>2026-08-28T09:50:17.130Z</time>
</trkpt>
<trkpt lat="41.9983051" lon="2.8244847999999934">
<ele>85.22452488831854</ele>
<time>2026-08-28T09:50:18.129Z</time>
</trkpt>
<trkpt lat="41.998201" lon="2.824489800000009">
<ele>85.13239479303212</ele>
<time>2026-08-28T09:50:19.130Z</time>
</trkpt>
<trkpt lat="41.9981054" lon="2.8244932000000063">
<ele>85.09296734369106</ele>
<time>2026-08-28T09:50:20.130Z</time>
</trkpt>
<trkpt lat="41.998007" lon="2.824496900000014">
<ele>85.09651173207219</ele>
<time>2026-08-28T09:50:21.130Z</time>
</trkpt>
<trkpt lat="41.9979091" lon="2.824496900000014">
<ele>85.02253667812005</ele>
<time>2026-08-28T09:50:22.129Z</time>
</trkpt>
<trkpt lat="41.9978128" lon="2.8244913999999994">
<ele>85.45497843154321</ele>
<time>2026-08-28T09:50:23.130Z</time>
</trkpt>
<trkpt lat="41.9977242" lon="2.8244926000000135">
<ele>85.83111254511624</ele>
<time>2026-08-28T09:50:24.130Z</time>
</trkpt>
<trkpt lat="41.9976358" lon="2.824493799999999">
<ele>85.95637153419844</ele>
<time>2026-08-28T09:50:25.129Z</time>
</trkpt>
<trkpt lat="41.9975448" lon="2.82449840000001">
<ele>85.49689242592012</ele>
<time>2026-08-28T09:50:26.130Z</time>
</trkpt>
<trkpt lat="41.9974537" lon="2.8245151000000135">
<ele>85.36556568047183</ele>
<time>2026-08-28T09:50:27.130Z</time>
</trkpt>
<trkpt lat="41.9973626" lon="2.824534099999994">
<ele>85.35390234514536</ele>
<time>2026-08-28T09:50:28.130Z</time>
</trkpt>
<trkpt lat="41.9972749" lon="2.824558499999995">
<ele>85.21989702952729</ele>
<time>2026-08-28T09:50:29.130Z</time>
</trkpt>
<trkpt lat="41.9971878" lon="2.8245860000000107">
<ele>85.30774519403272</ele>
<time>2026-08-28T09:50:30.130Z</time>
</trkpt>
<trkpt lat="41.997101" lon="2.8246123000000125">
<ele>85.43175873386473</ele>
<time>2026-08-28T09:50:31.130Z</time>
</trkpt>
<trkpt lat="41.9970176" lon="2.8246335000000045">
<ele>85.12907047216767</ele>
<time>2026-08-28T09:50:32.130Z</time>
</trkpt>
<trkpt lat="41.99693" lon="2.824652299999997">
<ele>85.1135602734404</ele>
<time>2026-08-28T09:50:33.130Z</time>
</trkpt>
<trkpt lat="41.9968517" lon="2.8246823000000063">
<ele>84.89186020192041</ele>
<time>2026-08-28T09:50:34.130Z</time>
</trkpt>
<trkpt lat="41.9967601" lon="2.8247215000000097">
<ele>84.78572008808776</ele>
<time>2026-08-28T09:50:35.129Z</time>
</trkpt>
<trkpt lat="41.9966719" lon="2.824775299999999">
<ele>84.53297403407517</ele>
<time>2026-08-28T09:50:36.130Z</time>
</trkpt>
<trkpt lat="41.9965899" lon="2.824812400000013">
<ele>84.38126620329177</ele>
<time>2026-08-28T09:50:37.130Z</time>
</trkpt>
<trkpt lat="41.9965075" lon="2.82484740000001">
<ele>84.47776957662623</ele>
<time>2026-08-28T09:50:38.130Z</time>
</trkpt>
<trkpt lat="41.996427" lon="2.8248839999999973">
<ele>84.6002302190287</ele>
<time>2026-08-28T09:50:39.130Z</time>
</trkpt>
<trkpt lat="41.9963467" lon="2.8249182000000133">
<ele>84.90030559146977</ele>
<time>2026-08-28T09:50:40.130Z</time>
</trkpt>
<trkpt lat="41.9962603" lon="2.8249653000000023">
<ele>84.66453375695762</ele>
<time>2026-08-28T09:50:41.129Z</time>
</trkpt>
<trkpt lat="41.9961753" lon="2.825008099999991">
<ele>84.68611996633834</ele>
<time>2026-08-28T09:50:42.130Z</time>
</trkpt>
<trkpt lat="41.9960951" lon="2.8250526999999863">
<ele>84.4668492122175</ele>
<time>2026-08-28T09:50:43.130Z</time>
</trkpt>
<trkpt lat="41.9960114" lon="2.825097400000004">
<ele>84.35591885610512</ele>
<time>2026-08-28T09:50:44.130Z</time>
</trkpt>
<trkpt lat="41.9959319" lon="2.825144899999998">
<ele>84.72813019526858</ele>
<time>2026-08-28T09:50:45.130Z</time>
</trkpt>
<trkpt lat="41.9958459" lon="2.8251888000000065">
<ele>84.64229225974076</ele>
<time>2026-08-28T09:50:46.130Z</time>
</trkpt>
<trkpt lat="41.9957612" lon="2.825232800000009">
<ele>84.93393318879431</ele>
<time>2026-08-28T09:50:47.130Z</time>
</trkpt>
<trkpt lat="41.9956768" lon="2.8252761999999905">
<ele>84.92059454548703</ele>
<time>2026-08-28T09:50:48.130Z</time>
</trkpt>
<trkpt lat="41.9955839" lon="2.825318799999991">
<ele>84.81537149852453</ele>
<time>2026-08-28T09:50:49.130Z</time>
</trkpt>
<trkpt lat="41.995494" lon="2.8253693000000055">
<ele>85.04988410456973</ele>
<time>2026-08-28T09:50:50.130Z</time>
</trkpt>
<trkpt lat="41.9953974" lon="2.825408500000009">
<ele>85.02874397216479</ele>
<time>2026-08-28T09:50:51.130Z</time>
</trkpt>
<trkpt lat="41.9953097" lon="2.825441100000006">
<ele>84.92048502417305</ele>
<time>2026-08-28T09:50:52.129Z</time>
</trkpt>
<trkpt lat="41.9952015" lon="2.825482800000003">
<ele>84.90783205761068</ele>
<time>2026-08-28T09:50:53.129Z</time>
</trkpt>
<trkpt lat="41.9951069" lon="2.8255192000000022">
<ele>84.91275938245472</ele>
<time>2026-08-28T09:50:54.130Z</time>
</trkpt>
<trkpt lat="41.9950131" lon="2.8255532000000017">
<ele>85.15757112866957</ele>
<time>2026-08-28T09:50:55.129Z</time>
</trkpt>
<trkpt lat="41.9949206" lon="2.825589199999996">
<ele>85.09528399404248</ele>
<time>2026-08-28T09:50:56.130Z</time>
</trkpt>
<trkpt lat="41.994822" lon="2.825626199999988">
<ele>85.25148291990016</ele>
<time>2026-08-28T09:50:57.130Z</time>
</trkpt>
<trkpt lat="41.9947275" lon="2.825667100000004">
<ele>85.34881321881956</ele>
<time>2026-08-28T09:50:58.129Z</time>
</trkpt>
<trkpt lat="41.9946327" lon="2.825703699999991">
<ele>85.41701535814074</ele>
<time>2026-08-28T09:50:59.130Z</time>
</trkpt>
<trkpt lat="41.9945358" lon="2.8257308999999964">
<ele>85.52264542532413</ele>
<time>2026-08-28T09:51:00.129Z</time>
</trkpt>
<trkpt lat="41.9944415" lon="2.8257687999999916">
<ele>85.44133099788638</ele>
<time>2026-08-28T09:51:01.130Z</time>
</trkpt>
<trkpt lat="41.9943454" lon="2.8258142999999905">
<ele>85.6762428283507</ele>
<time>2026-08-28T09:51:02.130Z</time>
</trkpt>
<trkpt lat="41.9942433" lon="2.825858199999999">
<ele>85.89368261764011</ele>
<time>2026-08-28T09:51:03.129Z</time>
</trkpt>
<trkpt lat="41.9941484" lon="2.825888600000013">
<ele>85.85026400862178</ele>
<time>2026-08-28T09:51:04.129Z</time>
</trkpt>
<trkpt lat="41.9940512" lon="2.8259239999999863">
<ele>85.57036538772395</ele>
<time>2026-08-28T09:51:05.130Z</time>
</trkpt>
<trkpt lat="41.9939596" lon="2.8259561000000133">
<ele>86.12742375483462</ele>
<time>2026-08-28T09:51:06.130Z</time>
</trkpt>
<trkpt lat="41.9938648" lon="2.8259868000000097">
<ele>86.00562565608972</ele>
<time>2026-08-28T09:51:07.129Z</time>
</trkpt>
<trkpt lat="41.9937723" lon="2.8260146000000077">
<ele>86.27864716940302</ele>
<time>2026-08-28T09:51:08.129Z</time>
</trkpt>
<trkpt lat="41.9936735" lon="2.826047399999993">
<ele>85.44889687416664</ele>
<time>2026-08-28T09:51:09.129Z</time>
</trkpt>
<trkpt lat="41.9935744" lon="2.8260740000000055">
<ele>85.6203767022383</ele>
<time>2026-08-28T09:51:10.129Z</time>
</trkpt>
<trkpt lat="41.9934716" lon="2.8260846000000015">
<ele>86.15930271827887</ele>
<time>2026-08-28T09:51:11.130Z</time>
</trkpt>
<trkpt lat="41.9933687" lon="2.826090800000003">
<ele>86.28392606745267</ele>
<time>2026-08-28T09:51:12.130Z</time>
</trkpt>
<trkpt lat="41.993268" lon="2.826085799999987">
<ele>86.57238545660358</ele>
<time>2026-08-28T09:51:13.130Z</time>
</trkpt>
<trkpt lat="41.9931741" lon="2.8260606999999993">
<ele>86.37451604585148</ele>
<time>2026-08-28T09:51:14.129Z</time>
</trkpt>
<trkpt lat="41.9930859" lon="2.8260275000000092">
<ele>85.94387248934562</ele>
<time>2026-08-28T09:51:15.130Z</time>
</trkpt>
<trkpt lat="41.9929921" lon="2.8259855000000016">
<ele>86.06748239898053</ele>
<time>2026-08-28T09:51:16.129Z</time>
</trkpt>
<trkpt lat="41.9929015" lon="2.8259370000000104">
<ele>85.95046208931805</ele>
<time>2026-08-28T09:51:17.130Z</time>
</trkpt>
<trkpt lat="41.9928111" lon="2.825882400000012">
<ele>85.78106485526584</ele>
<time>2026-08-28T09:51:18.130Z</time>
</trkpt>
<trkpt lat="41.9927211" lon="2.8258261999999945">
<ele>85.27560616195515</ele>
<time>2026-08-28T09:51:19.130Z</time>
</trkpt>
<trkpt lat="41.9926299" lon="2.8257700999999997">
<ele>85.62217700960315</ele>
<time>2026-08-28T09:51:20.130Z</time>
</trkpt>
<trkpt lat="41.9925405" lon="2.8257116999999994">
<ele>85.52637970826326</ele>
<time>2026-08-28T09:51:21.130Z</time>
</trkpt>
<trkpt lat="41.9924478" lon="2.825655399999988">
<ele>85.57072614331835</ele>
<time>2026-08-28T09:51:22.130Z</time>
</trkpt>
<trkpt lat="41.9923548" lon="2.8255972000000042">
<ele>85.29790277853073</ele>
<time>2026-08-28T09:51:23.130Z</time>
</trkpt>
<trkpt lat="41.9922649" lon="2.825536999999997">
<ele>85.49257049607507</ele>
<time>2026-08-28T09:51:24.130Z</time>
</trkpt>
<trkpt lat="41.9921726" lon="2.8254776999999933">
<ele>84.5110630176335</ele>
<time>2026-08-28T09:51:25.130Z</time>
</trkpt>
<trkpt lat="41.9920805" lon="2.8254188999999883">
<ele>84.26794808747715</ele>
<time>2026-08-28T09:51:26.130Z</time>
</trkpt>
<trkpt lat="41.9919886" lon="2.8253588999999977">
<ele>84.11382611473735</ele>
<time>2026-08-28T09:51:27.129Z</time>
</trkpt>
<trkpt lat="41.991896" lon="2.825297699999993">
<ele>84.10470357394902</ele>
<time>2026-08-28T09:51:28.130Z</time>
</trkpt>
<trkpt lat="41.9918062" lon="2.8252376000000083">
<ele>84.2608478570594</ele>
<time>2026-08-28T09:51:29.129Z</time>
</trkpt>
<trkpt lat="41.9917132" lon="2.825175400000006">
<ele>84.14671442538429</ele>
<time>2026-08-28T09:51:30.129Z</time>
</trkpt>
<trkpt lat="41.9916233" lon="2.8251148999999884">
<ele>84.21899872817416</ele>
<time>2026-08-28T09:51:31.130Z</time>
</trkpt>
<trkpt lat="41.9915324" lon="2.8250540999999885">
<ele>84.3288927214755</ele>
<time>2026-08-28T09:51:32.129Z</time>
</trkpt>
<trkpt lat="41.99144" lon="2.8249955">
<ele>84.54590307051237</ele>
<time>2026-08-28T09:51:33.130Z</time>
</trkpt>
<trkpt lat="41.9913505" lon="2.824938599999996">
<ele>84.62556669831334</ele>
<time>2026-08-28T09:51:34.130Z</time>
</trkpt>
<trkpt lat="41.9912614" lon="2.8248853999999994">
<ele>84.73678371590815</ele>
<time>2026-08-28T09:51:35.129Z</time>
</trkpt>
<trkpt lat="41.9911728" lon="2.8248338999999874">
<ele>84.7804864592106</ele>
<time>2026-08-28T09:51:36.130Z</time>
</trkpt>
<trkpt lat="41.9910915" lon="2.824780699999991">
<ele>84.96106509452588</ele>
<time>2026-08-28T09:51:37.129Z</time>
</trkpt>
<trkpt lat="41.9910068" lon="2.824725000000001">
<ele>84.92856487318556</ele>
<time>2026-08-28T09:51:38.130Z</time>
</trkpt>
<trkpt lat="41.9909287" lon="2.8246684000000073">
<ele>84.98026079360636</ele>
<time>2026-08-28T09:51:39.130Z</time>
</trkpt>
<trkpt lat="41.9908531" lon="2.8246158000000037">
<ele>84.95189762437576</ele>
<time>2026-08-28T09:51:40.130Z</time>
</trkpt>
<trkpt lat="41.9907805" lon="2.8245626000000073">
<ele>84.74600249590938</ele>
<time>2026-08-28T09:51:41.130Z</time>
</trkpt>
<trkpt lat="41.990708" lon="2.824514800000003">
<ele>84.92640144967841</ele>
<time>2026-08-28T09:51:42.130Z</time>
</trkpt>
<trkpt lat="41.9906499" lon="2.824471399999993">
<ele>84.92872762102476</ele>
<time>2026-08-28T09:51:43.130Z</time>
</trkpt>
<trkpt lat="41.9905983" lon="2.824434300000007">
<ele>84.96057513850583</ele>
<time>2026-08-28T09:51:44.129Z</time>
</trkpt>
<trkpt lat="41.990557" lon="2.8244079000000113">
<ele>85.1217046171233</ele>
<time>2026-08-28T09:51:45.130Z</time>
</trkpt>
<trkpt lat="41.9904885" lon="2.824419199999994">
<ele>85.1303348211691</ele>
<time>2026-08-28T09:51:47.130Z</time>
</trkpt>
<trkpt lat="41.9904658" lon="2.8245085000000074">
<ele>85.26442741711078</ele>
<time>2026-08-28T09:51:49.130Z</time>
</trkpt>
<trkpt lat="41.9905181" lon="2.8245826000000136">
<ele>85.24848251697587</ele>
<time>2026-08-28T09:51:51.130Z</time>
</trkpt>
<trkpt lat="41.9905614" lon="2.8246264999999937">
<ele>85.48504032160976</ele>
<time>2026-08-28T09:51:54.130Z</time>
</trkpt>
<trkpt lat="41.9906032" lon="2.824666199999996">
<ele>85.54339039239974</ele>
<time>2026-08-28T09:51:56.130Z</time>
</trkpt>
<trkpt lat="41.9906475" lon="2.824710799999991">
<ele>85.69985425047801</ele>
<time>2026-08-28T09:51:58.130Z</time>
</trkpt>
<trkpt lat="41.9906929" lon="2.8247579000000087">
<ele>85.78060516684724</ele>
<time>2026-08-28T09:52:00.129Z</time>
</trkpt>
<trkpt lat="41.990737" lon="2.824811100000005">
<ele>85.806278425409</ele>
<time>2026-08-28T09:52:02.129Z</time>
</trkpt>
<trkpt lat="41.9907862" lon="2.8248475999999982">
<ele>85.83359991980568</ele>
<time>2026-08-28T09:52:04.130Z</time>
</trkpt>
<trkpt lat="41.9907717" lon="2.8248591999999917">
<ele>87.00114554836298</ele>
<time>2026-08-28T09:52:59.130Z</time>
</trkpt>
<trkpt lat="41.9907693" lon="2.8248595000000023">
<ele>85.62696012883555</ele>
<time>2026-08-28T09:53:15.129Z</time>
</trkpt>
<trkpt lat="41.9907696" lon="2.824858699999993">
<ele>85.19065483341105</ele>
<time>2026-08-28T09:53:54.128Z</time>
</trkpt>
<trkpt lat="41.9907688" lon="2.824859800000013">
<ele>87.91827857517987</ele>
<time>2026-08-28T09:54:24.129Z</time>
</trkpt>
<trkpt lat="41.9906475" lon="2.824669099999994">
<ele>88.70518214269296</ele>
<time>2026-08-28T09:54:43.359Z</time>
</trkpt>
<trkpt lat="41.9906807" lon="2.824614099999991">
<ele>89.81398280097378</ele>
<time>2026-08-28T09:54:49.871Z</time>
</trkpt>
<trkpt lat="41.9905663" lon="2.824969100000004">
<ele>90.60167310731673</ele>
<time>2026-08-28T09:54:56.327Z</time>
</trkpt>
<trkpt lat="41.9906495" lon="2.824752100000012">
<ele>92.56523100804928</ele>
<time>2026-08-28T09:55:02.894Z</time>
</trkpt>
<trkpt lat="41.9906148" lon="2.824903699999993">
<ele>92.04511905366782</ele>
<time>2026-08-28T09:55:09.339Z</time>
</trkpt>
<trkpt lat="41.9905395" lon="2.8249232999999947">
<ele>92.82378602297624</ele>
<time>2026-08-28T09:55:22.336Z</time>
</trkpt>
<trkpt lat="41.9905544" lon="2.8247823000000096">
<ele>92.21363428484854</ele>
<time>2026-08-28T09:55:28.838Z</time>
</trkpt>
<trkpt lat="41.9907101" lon="2.8248015000000066">
<ele>93.8230984837805</ele>
<time>2026-08-28T09:55:41.129Z</time>
</trkpt>
<trkpt lat="41.9905652" lon="2.8248016000000007">
<ele>91.57843397047475</ele>
<time>2026-08-28T09:55:55.372Z</time>
</trkpt>
<trkpt lat="41.990727" lon="2.8248086000000114">
<ele>92.81251206915623</ele>
<time>2026-08-28T09:55:58.129Z</time>
</trkpt>
<trkpt lat="41.990769" lon="2.8248649999999884">
<ele>95.1430500110642</ele>
<time>2026-08-28T09:56:39.129Z</time>
</trkpt>
<trkpt lat="41.9907513" lon="2.8249278000000118">
<ele>95.18262292269195</ele>
<time>2026-08-28T09:56:44.128Z</time>
</trkpt>
<trkpt lat="41.9907014" lon="2.8249384000000077">
<ele>95.32106652848368</ele>
<time>2026-08-28T09:56:48.128Z</time>
</trkpt>
<trkpt lat="41.9906459" lon="2.8249329999999873">
<ele>98.45441260446783</ele>
<time>2026-08-28T09:56:50.128Z</time>
</trkpt>
<trkpt lat="41.9905999" lon="2.8249562999999966">
<ele>98.39805052501497</ele>
<time>2026-08-28T09:56:54.129Z</time>
</trkpt>
<trkpt lat="41.9906951" lon="2.824823600000002">
<ele>97.33399121012488</ele>
<time>2026-08-28T09:56:59.129Z</time>
</trkpt>
<trkpt lat="41.9906795" lon="2.8249005000000125">
<ele>97.18527856305556</ele>
<time>2026-08-28T09:57:16.129Z</time>
</trkpt>
<trkpt lat="41.9907239" lon="2.824882500000001">
<ele>97.62470204802588</ele>
<time>2026-08-28T09:57:31.529Z</time>
</trkpt>
<trkpt lat="41.990678" lon="2.8248815000000036">
<ele>93.78954134687207</ele>
<time>2026-08-28T09:57:49.353Z</time>
</trkpt>
<trkpt lat="41.9906308" lon="2.8248872000000063">
<ele>93.56188212488834</ele>
<time>2026-08-28T09:58:06.531Z</time>
</trkpt>
<trkpt lat="41.9906782" lon="2.824823500000008">
<ele>91.36092339033678</ele>
<time>2026-08-28T09:58:20.154Z</time>
</trkpt>
<trkpt lat="41.9907263" lon="2.8248193000000015">
<ele>92.14723728539126</ele>
<time>2026-08-28T09:58:25.129Z</time>
</trkpt>
<trkpt lat="41.9907676" lon="2.8248628000000053">
<ele>91.75550664789714</ele>
<time>2026-08-28T09:58:51.169Z</time>
</trkpt>
<trkpt lat="41.9907939" lon="2.824876499999988">
<ele>91.13574002526073</ele>
<time>2026-08-28T09:59:24.129Z</time>
</trkpt>
<trkpt lat="41.9906975" lon="2.8248402000000112">
<ele>90.92380855803813</ele>
<time>2026-08-28T09:59:44.160Z</time>
</trkpt>
<trkpt lat="41.9905295" lon="2.8247762000000023">
<ele>91.3545828228973</ele>
<time>2026-08-28T10:00:00.731Z</time>
</trkpt>
<trkpt lat="41.9905809" lon="2.824806200000012">
<ele>92.0858574408674</ele>
<time>2026-08-28T10:00:13.611Z</time>
</trkpt>
<trkpt lat="41.9905583" lon="2.8248337999999933">
<ele>90.6753626526111</ele>
<time>2026-08-28T10:00:55.791Z</time>
</trkpt>
<trkpt lat="41.9905501" lon="2.824851300000006">
<ele>91.60710059343923</ele>
<time>2026-08-28T10:01:05.524Z</time>
</trkpt>
<trkpt lat="41.9905202" lon="2.8247762000000023">
<ele>92.84361425284298</ele>
<time>2026-08-28T10:01:12.175Z</time>
</trkpt>
<trkpt lat="41.9905087" lon="2.8247164">
<ele>92.90880509171542</ele>
<time>2026-08-28T10:01:42.179Z</time>
</trkpt>
<trkpt lat="41.990504" lon="2.8247069999999894">
<ele>90.00975455964769</ele>
<time>2026-08-28T10:02:20.140Z</time>
</trkpt>
<trkpt lat="41.9905282" lon="2.8246870000000115">
<ele>90.60366519739826</ele>
<time>2026-08-28T10:03:16.143Z</time>
</trkpt>
<trkpt lat="41.9904515" lon="2.8246177000000046">
<ele>88.62961675148915</ele>
<time>2026-08-28T10:03:36.129Z</time>
</trkpt>
<trkpt lat="41.9904262" lon="2.8245483999999976">
<ele>90.13641607797422</ele>
<time>2026-08-28T10:03:37.128Z</time>
</trkpt>
<trkpt lat="41.9903954" lon="2.8244727999999952">
<ele>89.25889873714961</ele>
<time>2026-08-28T10:03:38.129Z</time>
</trkpt>
<trkpt lat="41.9904509" lon="2.8245767999999885">
<ele>89.9031642617288</ele>
<time>2026-08-28T10:03:39.632Z</time>
</trkpt>
<trkpt lat="41.9905431" lon="2.8247579000000087">
<ele>87.49594403447445</ele>
<time>2026-08-28T10:03:52.129Z</time>
</trkpt>
<trkpt lat="41.9905119" lon="2.824818399999998">
<ele>90.38903337869795</ele>
<time>2026-08-28T10:03:54.128Z</time>
</trkpt>
<trkpt lat="41.9904519" lon="2.8248107999999945">
<ele>87.63723588214656</ele>
<time>2026-08-28T10:03:56.129Z</time>
</trkpt>
<trkpt lat="41.9904983" lon="2.824766699999998">
<ele>89.07266108049991</ele>
<time>2026-08-28T10:03:58.139Z</time>
</trkpt>
<trkpt lat="41.9905052" lon="2.8247029000000055">
<ele>89.81916065692731</ele>
<time>2026-08-28T10:04:03.177Z</time>
</trkpt>
<trkpt lat="41.9905166" lon="2.8246766999999977">
<ele>90.03803895773137</ele>
<time>2026-08-28T10:04:34.127Z</time>
</trkpt>
<trkpt lat="41.9905483" lon="2.8247328999999866">
<ele>90.60432613548845</ele>
<time>2026-08-28T10:04:54.128Z</time>
</trkpt>
<trkpt lat="41.9905547" lon="2.82494650000001">
<ele>89.55951585046694</ele>
<time>2026-08-28T10:05:13.075Z</time>
</trkpt>
<trkpt lat="41.9905483" lon="2.824858500000005">
<ele>90.21530528055247</ele>
<time>2026-08-28T10:05:31.367Z</time>
</trkpt>
<trkpt lat="41.9905359" lon="2.8248292000000106">
<ele>90.15587550619374</ele>
<time>2026-08-28T10:05:51.385Z</time>
</trkpt>
<trkpt lat="41.9905264" lon="2.8249289999999974">
<ele>89.45736280255336</ele>
<time>2026-08-28T10:06:10.741Z</time>
</trkpt>
<trkpt lat="41.9905419" lon="2.8249285999999927">
<ele>89.38172594070282</ele>
<time>2026-08-28T10:06:26.335Z</time>
</trkpt>
<trkpt lat="41.9906437" lon="2.8247148000000095">
<ele>91.62886632357629</ele>
<time>2026-08-28T10:06:45.848Z</time>
</trkpt>
<trkpt lat="41.9905576" lon="2.824965899999995">
<ele>92.94172614745918</ele>
<time>2026-08-28T10:06:52.329Z</time>
</trkpt>
<trkpt lat="41.9905635" lon="2.8248212000000024">
<ele>93.26851217925824</ele>
<time>2026-08-28T10:07:00.128Z</time>
</trkpt>
<trkpt lat="41.9905639" lon="2.824755600000003">
<ele>92.53642847795248</ele>
<time>2026-08-28T10:07:01.128Z</time>
</trkpt>
<trkpt lat="41.9905684" lon="2.8248160999999925">
<ele>94.06896230440545</ele>
<time>2026-08-28T10:07:05.574Z</time>
</trkpt>
<trkpt lat="41.9906108" lon="2.824786700000004">
<ele>95.56545563608906</ele>
<time>2026-08-28T10:07:20.794Z</time>
</trkpt>
<trkpt lat="41.9906596" lon="2.824816400000003">
<ele>94.38040467798965</ele>
<time>2026-08-28T10:07:33.168Z</time>
</trkpt>
<trkpt lat="41.990661" lon="2.824845900000014">
<ele>94.67538888860788</ele>
<time>2026-08-28T10:08:22.212Z</time>
</trkpt>
<trkpt lat="41.9906341" lon="2.82486990000001">
<ele>92.5001101393047</ele>
<time>2026-08-28T10:08:29.871Z</time>
</trkpt>
<trkpt lat="41.9906012" lon="2.8247447999999906">
<ele>91.09165863350854</ele>
<time>2026-08-28T10:08:53.950Z</time>
</trkpt>
<trkpt lat="41.9906424" lon="2.8247935999999925">
<ele>91.44169382934969</ele>
<time>2026-08-28T10:09:13.231Z</time>
</trkpt>
<trkpt lat="41.99055" lon="2.824766600000004">
<ele>91.06780574959173</ele>
<time>2026-08-28T10:09:21.128Z</time>
</trkpt>
<trkpt lat="41.9905197" lon="2.824714300000011">
<ele>91.06034242763958</ele>
<time>2026-08-28T10:09:22.128Z</time>
</trkpt>
<trkpt lat="41.9904998" lon="2.8246508999999946">
<ele>91.0800259062868</ele>
<time>2026-08-28T10:09:25.128Z</time>
</trkpt>
<trkpt lat="41.9905711" lon="2.824768000000006">
<ele>87.45045909368805</ele>
<time>2026-08-28T10:09:51.316Z</time>
</trkpt>
<trkpt lat="41.9905842" lon="2.8248955999999907">
<ele>86.77016934747596</ele>
<time>2026-08-28T10:09:56.962Z</time>
</trkpt>
<trkpt lat="41.9906968" lon="2.8246368000000075">
<ele>85.28305558995024</ele>
<time>2026-08-28T10:10:03.451Z</time>
</trkpt>
</trkseg></trk></gpx>
