<?xml version="1.0" encoding="UTF-8"?>
<gpx version="1.1" creator="STrack Rec" xmlns="http://www.topografix.com/GPX/1/1">
<bounds minlat="0.0" minlon="0.0" maxlat="0.0" maxlon="0.0" />
<trk><name>ricard tornada-2026-08-23</name><trkseg>
<trkpt lat="41.9771589" lon="2.7970998000000122">
<ele>79.03231174334819</ele>
<time>2026-08-23T14:08:55.389Z</time>
<speed>0.0</speed>
<extensions>
<accuracy>3.2690000534057617</accuracy>
<heading>10.807257652282715</heading>
<satellites>0</satellites>
<vAccuracy>0.6146997809410095</vAccuracy>
</extensions>
</trkpt>
<trkpt lat="41.9772046" lon="2.7971032000000093">
<ele>79.12267354306304</ele>
<time>2026-08-23T14:09:02.231Z</time>
<speed>0.7438431172092425</speed>
<extensions>
<accuracy>3.4700000286102295</accuracy>
<heading>27.383853912353516</heading>
<satellites>0</satellites>
<vAccuracy>0.6236287355422974</vAccuracy>
</extensions>
</trkpt>
<trkpt lat="41.9772542" lon="2.7971053999999924">
<ele>79.29254648578296</ele>
<time>2026-08-23T14:09:06.017Z</time>
<speed>1.1006941226327067</speed>
<extensions>
<accuracy>3.5480000972747803</accuracy>
<heading>3.184922695159912</heading>
<satellites>0</satellites>
<vAccuracy>0.5828693509101868</vAccuracy>
</extensions>
</trkpt>
<trkpt lat="41.9773043" lon="2.7970961000000045">
<ele>79.41388133090153</ele>
<time>2026-08-23T14:09:10.475Z</time>
<speed>1.1542880907570072</speed>
<extensions>
<accuracy>3.180000066757202</accuracy>
<heading>354.70367431640625</heading>
<satellites>0</satellites>
<vAccuracy>0.5786705613136292</vAccuracy>
</extensions>
</trkpt>
<trkpt lat="41.9773531" lon="2.79710750000001">
<ele>79.63017852044383</ele>
<time>2026-08-23T14:09:15.091Z</time>
<speed>1.1640009696283873</speed>
<extensions>
<accuracy>3.0199999809265137</accuracy>
<heading>51.125675201416016</heading>
<satellites>0</satellites>
<vAccuracy>0.6510493159294128</vAccuracy>
</extensions>
</trkpt>
<trkpt lat="41.9773699" lon="2.7971642999999915">
<ele>80.02023666543762</ele>
<time>2026-08-23T14:09:17.994Z</time>
<speed>1.279340584300815</speed>
<extensions>
<accuracy>3.1059999465942383</accuracy>
<heading>82.21926879882812</heading>
<satellites>0</satellites>
<vAccuracy>0.6143123507499695</vAccuracy>
</extensions>
</trkpt>
<trkpt lat="41.9773852" lon="2.797222699999992">
<ele>80.4281172603906</ele>
<time>2026-08-23T14:09:21.610Z</time>
<speed>1.413677177716729</speed>
<extensions>
<accuracy>3.23799991607666</accuracy>
<heading>69.20875549316406</heading>
<satellites>0</satellites>
<vAccuracy>0.611106276512146</vAccuracy>
</extensions>
</trkpt>
<trkpt lat="41.9773851" lon="2.7972843999999952">
<ele>80.54916730778336</ele>
<time>2026-08-23T14:09:30.476Z</time>
<speed>1.2372220083768608</speed>
<extensions>
<accuracy>3.316999912261963</accuracy>
<heading>75.7435073852539</heading>
<satellites>0</satellites>
<vAccuracy>0.6293705701828003</vAccuracy>
</extensions>
</trkpt>
<trkpt lat="41.9773877" lon="2.79734830000001">
<ele>80.6838862229145</ele>
<time>2026-08-23T14:09:37.030Z</time>
<speed>1.146357694579554</speed>
<extensions>
<accuracy>3.046999931335449</accuracy>
<heading>88.59575653076172</heading>
<satellites>0</satellites>
<vAccuracy>0.6261362433433533</vAccuracy>
</extensions>
</trkpt>
<trkpt lat="41.9773919" lon="2.7974093999999923">
<ele>80.81233147112971</ele>
<time>2026-08-23T14:09:41.419Z</time>
<speed>1.1388654586826503</speed>
<extensions>
<accuracy>3.1480000019073486</accuracy>
<heading>82.24943542480469</heading>
<satellites>0</satellites>
<vAccuracy>0.6545082926750183</vAccuracy>
</extensions>
</trkpt>
<trkpt lat="41.9773979" lon="2.7974695999999994">
<ele>80.93437210819317</ele>
<time>2026-08-23T14:09:45.450Z</time>
<speed>1.039837715871631</speed>
<extensions>
<accuracy>3.134999990463257</accuracy>
<heading>86.17990112304688</heading>
<satellites>0</satellites>
<vAccuracy>0.6782510280609131</vAccuracy>
</extensions>
</trkpt>
<trkpt lat="41.977397" lon="2.797530999999992">
<ele>80.9674444645673</ele>
<time>2026-08-23T14:09:48.534Z</time>
<speed>1.0859485734777974</speed>
<extensions>
<accuracy>3.062000036239624</accuracy>
<heading>91.01683044433594</heading>
<satellites>0</satellites>
<vAccuracy>0.6940541863441467</vAccuracy>
</extensions>
</trkpt>
<trkpt lat="41.9773983" lon="2.797594800000013">
<ele>80.9450861826665</ele>
<time>2026-08-23T14:09:53.401Z</time>
<speed>1.1876975888964603</speed>
<extensions>
<accuracy>3.00600004196167</accuracy>
<heading>84.69842529296875</heading>
<satellites>0</satellites>
<vAccuracy>0.7053998112678528</vAccuracy>
</extensions>
</trkpt>
<trkpt lat="41.9774014" lon="2.7976591999999982">
<ele>80.9304465290187</ele>
<time>2026-08-23T14:09:58.132Z</time>
<speed>1.251786178943821</speed>
<extensions>
<accuracy>3.059000015258789</accuracy>
<heading>84.66606140136719</heading>
<satellites>0</satellites>
<vAccuracy>0.692703127861023</vAccuracy>
</extensions>
</trkpt>
<trkpt lat="41.9774034" lon="2.7977209000000016">
<ele>80.91725795709007</ele>
<time>2026-08-23T14:10:02.433Z</time>
<speed>1.2580450569646957</speed>
<extensions>
<accuracy>3.0450000762939453</accuracy>
<heading>81.96656799316406</heading>
<satellites>0</satellites>
<vAccuracy>0.6264340281486511</vAccuracy>
</extensions>
</trkpt>
<trkpt lat="41.9774074" lon="2.797786400000007">
<ele>80.91070262915832</ele>
<time>2026-08-23T14:10:07.395Z</time>
<speed>1.227904456131399</speed>
<extensions>
<accuracy>3.0850000381469727</accuracy>
<heading>76.65059661865234</heading>
<satellites>0</satellites>
<vAccuracy>0.6751198768615723</vAccuracy>
</extensions>
</trkpt>
<trkpt lat="41.9774196" lon="2.7978479999999877">
<ele>80.91560944840604</ele>
<time>2026-08-23T14:10:11.310Z</time>
<speed>1.167892100032829</speed>
<extensions>
<accuracy>3.056999921798706</accuracy>
<heading>87.68087005615234</heading>
<satellites>0</satellites>
<vAccuracy>0.6395654678344727</vAccuracy>
</extensions>
</trkpt>
<trkpt lat="41.9774327" lon="2.7979062">
<ele>80.91124213427341</ele>
<time>2026-08-23T14:10:15.294Z</time>
<speed>1.2034328785567039</speed>
<extensions>
<accuracy>3.0390000343322754</accuracy>
<heading>78.13253021240234</heading>
<satellites>0</satellites>
<vAccuracy>0.6577824950218201</vAccuracy>
</extensions>
</trkpt>
<trkpt lat="41.9774434" lon="2.7979693000000054">
<ele>80.87926486124533</ele>
<time>2026-08-23T14:10:19.389Z</time>
<speed>1.2392088612335956</speed>
<extensions>
<accuracy>3.0139999389648438</accuracy>
<heading>77.82860565185547</heading>
<satellites>0</satellites>
<vAccuracy>0.6695640087127686</vAccuracy>
</extensions>
</trkpt>
<trkpt lat="41.9774555" lon="2.7980308999999863">
<ele>80.83799301165138</ele>
<time>2026-08-23T14:10:22.091Z</time>
<speed>1.3916594835251739</speed>
<extensions>
<accuracy>3.0179998874664307</accuracy>
<heading>79.7559585571289</heading>
<satellites>0</satellites>
<vAccuracy>0.6644659042358398</vAccuracy>
</extensions>
</trkpt>
<trkpt lat="41.9774626" lon="2.798102099999994">
<ele>81.0046835922169</ele>
<time>2026-08-23T14:10:26.431Z</time>
<speed>1.446343942866812</speed>
<extensions>
<accuracy>3.11299991607666</accuracy>
<heading>87.49983215332031</heading>
<satellites>0</satellites>
<vAccuracy>0.7127693891525269</vAccuracy>
</extensions>
</trkpt>
<trkpt lat="41.977482" lon="2.7981583000000114">
<ele>81.2822909801946</ele>
<time>2026-08-23T14:10:29.455Z</time>
<speed>1.5159020417245768</speed>
<extensions>
<accuracy>3.1679999828338623</accuracy>
<heading>72.74443817138672</heading>
<satellites>0</satellites>
<vAccuracy>0.6352414488792419</vAccuracy>
</extensions>
</trkpt>
<trkpt lat="41.9774881" lon="2.798223500000006">
<ele>81.56422177962688</ele>
<time>2026-08-23T14:10:34.389Z</time>
<speed>1.4837510247066192</speed>
<extensions>
<accuracy>3.055000066757202</accuracy>
<heading>78.0356674194336</heading>
<satellites>0</satellites>
<vAccuracy>0.6792603731155396</vAccuracy>
</extensions>
</trkpt>
<trkpt lat="41.9774983" lon="2.798288299999996">
<ele>81.8774808872411</ele>
<time>2026-08-23T14:10:38.414Z</time>
<speed>1.4945217055695235</speed>
<extensions>
<accuracy>3.003999948501587</accuracy>
<heading>89.3784408569336</heading>
<satellites>0</satellites>
<vAccuracy>0.6480239629745483</vAccuracy>
</extensions>
</trkpt>
<trkpt lat="41.9775094" lon="2.798347199999995">
<ele>82.01551320477454</ele>
<time>2026-08-23T14:10:42.235Z</time>
<speed>1.3675850367378974</speed>
<extensions>
<accuracy>3.0179998874664307</accuracy>
<heading>79.65126037597656</heading>
<satellites>0</satellites>
<vAccuracy>0.6554510593414307</vAccuracy>
</extensions>
</trkpt>
<trkpt lat="41.9775209" lon="2.798410700000005">
<ele>81.66562650603551</ele>
<time>2026-08-23T14:10:46.389Z</time>
<speed>1.3540457062782976</speed>
<extensions>
<accuracy>3.009999990463257</accuracy>
<heading>79.33575439453125</heading>
<satellites>0</satellites>
<vAccuracy>0.6844613552093506</vAccuracy>
</extensions>
</trkpt>
<trkpt lat="41.9775323" lon="2.798471400000011">
<ele>81.31431699003657</ele>
<time>2026-08-23T14:10:49.391Z</time>
<speed>1.3600737475991902</speed>
<extensions>
<accuracy>3.0269999504089355</accuracy>
<heading>75.2068099975586</heading>
<satellites>0</satellites>
<vAccuracy>0.6547335982322693</vAccuracy>
</extensions>
</trkpt>
<trkpt lat="41.9775532" lon="2.7985526999999877">
<ele>80.832413422235</ele>
<time>2026-08-23T14:10:54.431Z</time>
<speed>1.4220630375439653</speed>
<extensions>
<accuracy>3.065999984741211</accuracy>
<heading>73.29525756835938</heading>
<satellites>0</satellites>
<vAccuracy>0.6804219484329224</vAccuracy>
</extensions>
</trkpt>
<trkpt lat="41.9775698" lon="2.798608800000011">
<ele>80.47823403578967</ele>
<time>2026-08-23T14:10:59.476Z</time>
<speed>1.3478660446883166</speed>
<extensions>
<accuracy>3.0280001163482666</accuracy>
<heading>75.27040100097656</heading>
<satellites>0</satellites>
<vAccuracy>0.6605077981948853</vAccuracy>
</extensions>
</trkpt>
<trkpt lat="41.9775837" lon="2.798667899999998">
<ele>80.42287878634542</ele>
<time>2026-08-23T14:11:04.132Z</time>
<speed>1.3050628405650675</speed>
<extensions>
<accuracy>3.0329999923706055</accuracy>
<heading>76.14306640625</heading>
<satellites>0</satellites>
<vAccuracy>0.649057924747467</vAccuracy>
</extensions>
</trkpt>
<trkpt lat="41.977605" lon="2.7987468999999976">
<ele>80.46611323626001</ele>
<time>2026-08-23T14:11:08.431Z</time>
<speed>1.368119618111775</speed>
<extensions>
<accuracy>3.3320000171661377</accuracy>
<heading>76.80741882324219</heading>
<satellites>0</satellites>
<vAccuracy>0.6360414624214172</vAccuracy>
</extensions>
</trkpt>
<trkpt lat="41.9776211" lon="2.798808699999995">
<ele>80.58048676935371</ele>
<time>2026-08-23T14:11:12.757Z</time>
<speed>1.2735921761219635</speed>
<extensions>
<accuracy>3.0799999237060547</accuracy>
<heading>76.46332550048828</heading>
<satellites>0</satellites>
<vAccuracy>0.6834559440612793</vAccuracy>
</extensions>
</trkpt>
<trkpt lat="41.9776307" lon="2.7988698000000056">
<ele>80.68937747527494</ele>
<time>2026-08-23T14:11:15.676Z</time>
<speed>1.3451122990509898</speed>
<extensions>
<accuracy>3.0179998874664307</accuracy>
<heading>75.4344711303711</heading>
<satellites>0</satellites>
<vAccuracy>0.6660714149475098</vAccuracy>
</extensions>
</trkpt>
<trkpt lat="41.9776395" lon="2.7989291000000094">
<ele>80.86032024895816</ele>
<time>2026-08-23T14:11:19.197Z</time>
<speed>1.4311752854753783</speed>
<extensions>
<accuracy>3.0</accuracy>
<heading>77.08474731445312</heading>
<satellites>0</satellites>
<vAccuracy>0.6700751185417175</vAccuracy>
</extensions>
</trkpt>
<trkpt lat="41.9776521" lon="2.7989968999999917">
<ele>81.07985926936641</ele>
<time>2026-08-23T14:11:23.172Z</time>
<speed>1.5017374794182</speed>
<extensions>
<accuracy>3.0</accuracy>
<heading>77.42154693603516</heading>
<satellites>0</satellites>
<vAccuracy>0.6841235756874084</vAccuracy>
</extensions>
</trkpt>
<trkpt lat="41.9776646" lon="2.799062399999997">
<ele>81.26002592471544</ele>
<time>2026-08-23T14:11:27.389Z</time>
<speed>1.443680624827373</speed>
<extensions>
<accuracy>3.0199999809265137</accuracy>
<heading>78.0169677734375</heading>
<satellites>0</satellites>
<vAccuracy>0.6296052932739258</vAccuracy>
</extensions>
</trkpt>
<trkpt lat="41.9776782" lon="2.7991250000000036">
<ele>81.41185774918979</ele>
<time>2026-08-23T14:11:31.814Z</time>
<speed>1.437085648005764</speed>
<extensions>
<accuracy>3.000999927520752</accuracy>
<heading>77.93939208984375</heading>
<satellites>0</satellites>
<vAccuracy>0.667597234249115</vAccuracy>
</extensions>
</trkpt>
<trkpt lat="41.9776946" lon="2.7991877000000045">
<ele>81.54181990148696</ele>
<time>2026-08-23T14:11:35.374Z</time>
<speed>1.3920587348556324</speed>
<extensions>
<accuracy>3.0299999713897705</accuracy>
<heading>76.7041244506836</heading>
<satellites>0</satellites>
<vAccuracy>0.6358470916748047</vAccuracy>
</extensions>
</trkpt>
<trkpt lat="41.9777074" lon="2.7992486999999926">
<ele>81.61516427230606</ele>
<time>2026-08-23T14:11:39.593Z</time>
<speed>1.356501041116924</speed>
<extensions>
<accuracy>3.174999952316284</accuracy>
<heading>75.89102935791016</heading>
<satellites>0</satellites>
<vAccuracy>0.7086572051048279</vAccuracy>
</extensions>
</trkpt>
<trkpt lat="41.9777167" lon="2.7993094999999926">
<ele>81.65198525363594</ele>
<time>2026-08-23T14:11:43.389Z</time>
<speed>1.3361806140604104</speed>
<extensions>
<accuracy>3.003000020980835</accuracy>
<heading>74.00004577636719</heading>
<satellites>0</satellites>
<vAccuracy>0.6856392621994019</vAccuracy>
</extensions>
</trkpt>
<trkpt lat="41.9777269" lon="2.7993753000000083">
<ele>81.67652642142247</ele>
<time>2026-08-23T14:11:47.256Z</time>
<speed>1.358429427265608</speed>
<extensions>
<accuracy>3.069000005722046</accuracy>
<heading>82.2392578125</heading>
<satellites>0</satellites>
<vAccuracy>0.6388071179389954</vAccuracy>
</extensions>
</trkpt>
<trkpt lat="41.977738" lon="2.7994381000000033">
<ele>81.68886939321209</ele>
<time>2026-08-23T14:11:51.274Z</time>
<speed>1.3803637104491104</speed>
<extensions>
<accuracy>3.1440000534057617</accuracy>
<heading>77.44911193847656</heading>
<satellites>0</satellites>
<vAccuracy>0.686615526676178</vAccuracy>
</extensions>
</trkpt>
<trkpt lat="41.9777502" lon="2.7995036000000084">
<ele>81.62801832466006</ele>
<time>2026-08-23T14:11:55.389Z</time>
<speed>1.342977699831646</speed>
<extensions>
<accuracy>3.078000068664551</accuracy>
<heading>77.6962661743164</heading>
<satellites>0</satellites>
<vAccuracy>0.6778739094734192</vAccuracy>
</extensions>
</trkpt>
<trkpt lat="41.9777509" lon="2.7995645999999965">
<ele>81.48348325932926</ele>
<time>2026-08-23T14:11:59.130Z</time>
<speed>1.3642120655203844</speed>
<extensions>
<accuracy>3.171999931335449</accuracy>
<heading>77.00996398925781</heading>
<satellites>0</satellites>
<vAccuracy>0.6728372573852539</vAccuracy>
</extensions>
</trkpt>
<trkpt lat="41.9777529" lon="2.7996287999999936">
<ele>81.36222693689672</ele>
<time>2026-08-23T14:12:02.993Z</time>
<speed>1.3688642416373953</speed>
<extensions>
<accuracy>3.2119998931884766</accuracy>
<heading>89.88145446777344</heading>
<satellites>0</satellites>
<vAccuracy>0.6743999719619751</vAccuracy>
</extensions>
</trkpt>
<trkpt lat="41.9777591" lon="2.799691899999999">
<ele>81.34896820912145</ele>
<time>2026-08-23T14:12:07.296Z</time>
<speed>1.3260439415322398</speed>
<extensions>
<accuracy>3.3459999561309814</accuracy>
<heading>88.13346099853516</heading>
<satellites>0</satellites>
<vAccuracy>0.6539967656135559</vAccuracy>
</extensions>
</trkpt>
<trkpt lat="41.9777779" lon="2.7997522999999944">
<ele>82.0903752202238</ele>
<time>2026-08-23T14:12:11.912Z</time>
<speed>1.2949656944792003</speed>
<extensions>
<accuracy>3.257999897003174</accuracy>
<heading>76.82913970947266</heading>
<satellites>0</satellites>
<vAccuracy>0.6940999627113342</vAccuracy>
</extensions>
</trkpt>
<trkpt lat="41.9777882" lon="2.799815300000006">
<ele>82.97711241745048</ele>
<time>2026-08-23T14:12:15.413Z</time>
<speed>1.3282871436925963</speed>
<extensions>
<accuracy>3.052000045776367</accuracy>
<heading>83.2548599243164</heading>
<satellites>0</satellites>
<vAccuracy>0.6488730311393738</vAccuracy>
</extensions>
</trkpt>
<trkpt lat="41.9777933" lon="2.7998905000000036">
<ele>83.80873052365286</ele>
<time>2026-08-23T14:12:20.457Z</time>
<speed>1.3061824571008083</speed>
<extensions>
<accuracy>3.0390000343322754</accuracy>
<heading>84.40988159179688</heading>
<satellites>0</satellites>
<vAccuracy>0.6603512167930603</vAccuracy>
</extensions>
</trkpt>
<trkpt lat="41.9777785" lon="2.7999533999999926">
<ele>84.42288997555028</ele>
<time>2026-08-23T14:12:25.729Z</time>
<speed>1.2380766261139642</speed>
<extensions>
<accuracy>3.0320000648498535</accuracy>
<heading>96.54576873779297</heading>
<satellites>0</satellites>
<vAccuracy>0.6596311926841736</vAccuracy>
</extensions>
</trkpt>
<trkpt lat="41.9777678" lon="2.800015699999989">
<ele>85.03401834131004</ele>
<time>2026-08-23T14:12:29.414Z</time>
<speed>1.2803996638155324</speed>
<extensions>
<accuracy>3.0250000953674316</accuracy>
<heading>97.72792053222656</heading>
<satellites>0</satellites>
<vAccuracy>0.6518992185592651</vAccuracy>
</extensions>
</trkpt>
<trkpt lat="41.977752" lon="2.80007599999999">
<ele>84.40480220841948</ele>
<time>2026-08-23T14:12:33.331Z</time>
<speed>1.3157319086382857</speed>
<extensions>
<accuracy>3.01200008392334</accuracy>
<heading>94.69013214111328</heading>
<satellites>0</satellites>
<vAccuracy>0.6444563269615173</vAccuracy>
</extensions>
</trkpt>
<trkpt lat="41.977724" lon="2.8001304000000005">
<ele>83.58830495740841</ele>
<time>2026-08-23T14:12:38.388Z</time>
<speed>1.2274350868726718</speed>
<extensions>
<accuracy>3.0</accuracy>
<heading>107.60214233398438</heading>
<satellites>0</satellites>
<vAccuracy>0.6930809020996094</vAccuracy>
</extensions>
</trkpt>
<trkpt lat="41.9777084" lon="2.8001907000000017">
<ele>82.6876492086298</ele>
<time>2026-08-23T14:12:42.405Z</time>
<speed>1.2427030074940932</speed>
<extensions>
<accuracy>3.058000087738037</accuracy>
<heading>109.87053680419922</heading>
<satellites>0</satellites>
<vAccuracy>0.6797543168067932</vAccuracy>
</extensions>
</trkpt>
<trkpt lat="41.9776872" lon="2.800249000000008">
<ele>81.86144201471647</ele>
<time>2026-08-23T14:12:46.457Z</time>
<speed>1.3006121527169339</speed>
<extensions>
<accuracy>3.2829999923706055</accuracy>
<heading>106.5850601196289</heading>
<satellites>0</satellites>
<vAccuracy>0.670587956905365</vAccuracy>
</extensions>
</trkpt>
<trkpt lat="41.9776673" lon="2.800306599999999">
<ele>81.20311761273827</ele>
<time>2026-08-23T14:12:50.793Z</time>
<speed>1.25592326386408</speed>
<extensions>
<accuracy>3.1549999713897705</accuracy>
<heading>106.44222259521484</heading>
<satellites>0</satellites>
<vAccuracy>0.6861218214035034</vAccuracy>
</extensions>
</trkpt>
<trkpt lat="41.9776515" lon="2.800363599999997">
<ele>80.66106772617114</ele>
<time>2026-08-23T14:12:54.857Z</time>
<speed>1.2335416890086692</speed>
<extensions>
<accuracy>3.009999990463257</accuracy>
<heading>108.14899444580078</heading>
<satellites>0</satellites>
<vAccuracy>0.6228760480880737</vAccuracy>
</extensions>
</trkpt>
<trkpt lat="41.9776375" lon="2.800422900000001">
<ele>80.09409599131266</ele>
<time>2026-08-23T14:12:59.177Z</time>
<speed>1.255337494826233</speed>
<extensions>
<accuracy>3.0439999103546143</accuracy>
<heading>98.2496337890625</heading>
<satellites>0</satellites>
<vAccuracy>0.6601184606552124</vAccuracy>
</extensions>
</trkpt>
<trkpt lat="41.9776278" lon="2.8004875000000027">
<ele>79.4727975200144</ele>
<time>2026-08-23T14:13:04.389Z</time>
<speed>1.2016163839760348</speed>
<extensions>
<accuracy>3.0239999294281006</accuracy>
<heading>109.18578338623047</heading>
<satellites>0</satellites>
<vAccuracy>0.6635464429855347</vAccuracy>
</extensions>
</trkpt>
<trkpt lat="41.9776185" lon="2.8005540999999994">
<ele>78.830605078802</ele>
<time>2026-08-23T14:13:08.975Z</time>
<speed>1.1811066899232696</speed>
<extensions>
<accuracy>3.0</accuracy>
<heading>105.51686096191406</heading>
<satellites>0</satellites>
<vAccuracy>0.6584324836730957</vAccuracy>
</extensions>
</trkpt>
<trkpt lat="41.9776068" lon="2.800625200000013">
<ele>78.48311984437811</ele>
<time>2026-08-23T14:13:13.396Z</time>
<speed>1.2112463061539351</speed>
<extensions>
<accuracy>3.0</accuracy>
<heading>110.39361572265625</heading>
<satellites>0</satellites>
<vAccuracy>0.6769346594810486</vAccuracy>
</extensions>
</trkpt>
<trkpt lat="41.9776" lon="2.80068940000001">
<ele>78.19263883204201</ele>
<time>2026-08-23T14:13:17.456Z</time>
<speed>1.2278391727731397</speed>
<extensions>
<accuracy>3.0230000019073486</accuracy>
<heading>100.20600128173828</heading>
<satellites>0</satellites>
<vAccuracy>0.6684809923171997</vAccuracy>
</extensions>
</trkpt>
<trkpt lat="41.9775905" lon="2.8007518999999945">
<ele>77.93217212868686</ele>
<time>2026-08-23T14:13:21.291Z</time>
<speed>1.2647401150255646</speed>
<extensions>
<accuracy>3.007999897003174</accuracy>
<heading>110.69549560546875</heading>
<satellites>0</satellites>
<vAccuracy>0.6629246473312378</vAccuracy>
</extensions>
</trkpt>
<trkpt lat="41.977586" lon="2.8008146999999894">
<ele>77.66787032657759</ele>
<time>2026-08-23T14:13:25.406Z</time>
<speed>1.3091666059614206</speed>
<extensions>
<accuracy>3.052000045776367</accuracy>
<heading>95.64614868164062</heading>
<satellites>0</satellites>
<vAccuracy>0.6614356637001038</vAccuracy>
</extensions>
</trkpt>
<trkpt lat="41.9775747" lon="2.800877799999995">
<ele>77.92995656011375</ele>
<time>2026-08-23T14:13:29.755Z</time>
<speed>1.3116083687804008</speed>
<extensions>
<accuracy>3.319999933242798</accuracy>
<heading>101.79344177246094</heading>
<satellites>0</satellites>
<vAccuracy>0.6593841314315796</vAccuracy>
</extensions>
</trkpt>
<trkpt lat="41.9775632" lon="2.8009447999999963">
<ele>78.44217728445928</ele>
<time>2026-08-23T14:13:33.970Z</time>
<speed>1.308999164501763</speed>
<extensions>
<accuracy>3.2079999446868896</accuracy>
<heading>107.41158294677734</heading>
<satellites>0</satellites>
<vAccuracy>0.6302658915519714</vAccuracy>
</extensions>
</trkpt>
<trkpt lat="41.9775517" lon="2.801007800000008">
<ele>78.92423472300902</ele>
<time>2026-08-23T14:13:37.896Z</time>
<speed>1.3181094354364837</speed>
<extensions>
<accuracy>3.0369999408721924</accuracy>
<heading>106.11137390136719</heading>
<satellites>0</satellites>
<vAccuracy>0.6628621816635132</vAccuracy>
</extensions>
</trkpt>
<trkpt lat="41.9775422" lon="2.801070799999991">
<ele>79.39556532511882</ele>
<time>2026-08-23T14:13:41.470Z</time>
<speed>1.3404593383599357</speed>
<extensions>
<accuracy>3.1410000324249268</accuracy>
<heading>102.77287292480469</heading>
<satellites>0</satellites>
<vAccuracy>0.6573303937911987</vAccuracy>
</extensions>
</trkpt>
<trkpt lat="41.9775293" lon="2.8011300999999946">
<ele>79.73271207112258</ele>
<time>2026-08-23T14:13:45.357Z</time>
<speed>1.3497801132070488</speed>
<extensions>
<accuracy>3.1649999618530273</accuracy>
<heading>109.37551879882812</heading>
<satellites>0</satellites>
<vAccuracy>0.6572363972663879</vAccuracy>
</extensions>
</trkpt>
<trkpt lat="41.9775139" lon="2.8011941000000036">
<ele>79.80087131841553</ele>
<time>2026-08-23T14:13:49.480Z</time>
<speed>1.372784587501893</speed>
<extensions>
<accuracy>3.0759999752044678</accuracy>
<heading>107.61831665039062</heading>
<satellites>0</satellites>
<vAccuracy>0.6703048944473267</vAccuracy>
</extensions>
</trkpt>
<trkpt lat="41.9775044" lon="2.801256099999989">
<ele>79.8548740219708</ele>
<time>2026-08-23T14:13:52.755Z</time>
<speed>1.4226381044397958</speed>
<extensions>
<accuracy>3.1110000610351562</accuracy>
<heading>103.78202819824219</heading>
<satellites>0</satellites>
<vAccuracy>0.6082871556282043</vAccuracy>
</extensions>
</trkpt>
<trkpt lat="41.9774937" lon="2.8013228000000083">
<ele>79.92741741875362</ele>
<time>2026-08-23T14:13:57.393Z</time>
<speed>1.3926925231439813</speed>
<extensions>
<accuracy>3.1440000534057617</accuracy>
<heading>105.783203125</heading>
<satellites>0</satellites>
<vAccuracy>0.6390097737312317</vAccuracy>
</extensions>
</trkpt>
<trkpt lat="41.9774797" lon="2.8013857999999914">
<ele>80.03256980228285</ele>
<time>2026-08-23T14:14:01.377Z</time>
<speed>1.3681972497152168</speed>
<extensions>
<accuracy>3.0829999446868896</accuracy>
<heading>105.1432113647461</heading>
<satellites>0</satellites>
<vAccuracy>0.6587995290756226</vAccuracy>
</extensions>
</trkpt>
<trkpt lat="41.9774656" lon="2.8014498000000003">
<ele>81.28772545418619</ele>
<time>2026-08-23T14:14:05.015Z</time>
<speed>1.4087456600342338</speed>
<extensions>
<accuracy>3.0280001163482666</accuracy>
<heading>106.89476013183594</heading>
<satellites>0</satellites>
<vAccuracy>0.7013339400291443</vAccuracy>
</extensions>
</trkpt>
<trkpt lat="41.9774552" lon="2.8015101999999956">
<ele>82.49727290540558</ele>
<time>2026-08-23T14:14:08.401Z</time>
<speed>1.4417254694451351</speed>
<extensions>
<accuracy>3.0369999408721924</accuracy>
<heading>102.33927917480469</heading>
<satellites>0</satellites>
<vAccuracy>0.661935567855835</vAccuracy>
</extensions>
</trkpt>
<trkpt lat="41.9774415" lon="2.80157779999999">
<ele>83.77909107373536</ele>
<time>2026-08-23T14:14:12.276Z</time>
<speed>1.4211021095314351</speed>
<extensions>
<accuracy>3.0999999046325684</accuracy>
<heading>107.43158721923828</heading>
<satellites>0</satellites>
<vAccuracy>0.6209388375282288</vAccuracy>
</extensions>
</trkpt>
<trkpt lat="41.9774347" lon="2.8016417999999987">
<ele>84.9361186650163</ele>
<time>2026-08-23T14:14:16.994Z</time>
<speed>1.4044158566697529</speed>
<extensions>
<accuracy>3.056999921798706</accuracy>
<heading>100.76396179199219</heading>
<satellites>0</satellites>
<vAccuracy>0.6887062788009644</vAccuracy>
</extensions>
</trkpt>
<trkpt lat="41.97743" lon="2.801712500000008">
<ele>85.7351496360942</ele>
<time>2026-08-23T14:14:21.313Z</time>
<speed>1.4032622910841261</speed>
<extensions>
<accuracy>3.00600004196167</accuracy>
<heading>96.82795715332031</heading>
<satellites>0</satellites>
<vAccuracy>0.6499199271202087</vAccuracy>
</extensions>
</trkpt>
<trkpt lat="41.9774209" lon="2.8017757000000074">
<ele>86.1545044336142</ele>
<time>2026-08-23T14:14:25.255Z</time>
<speed>1.369900834304576</speed>
<extensions>
<accuracy>3.010999917984009</accuracy>
<heading>97.75443267822266</heading>
<satellites>0</satellites>
<vAccuracy>0.683255136013031</vAccuracy>
</extensions>
</trkpt>
<trkpt lat="41.9774117" lon="2.8018347999999946">
<ele>86.52873561004456</ele>
<time>2026-08-23T14:14:29.448Z</time>
<speed>1.305262321322912</speed>
<extensions>
<accuracy>3.003000020980835</accuracy>
<heading>98.36614227294922</heading>
<satellites>0</satellites>
<vAccuracy>0.7441755533218384</vAccuracy>
</extensions>
</trkpt>
<trkpt lat="41.9774031" lon="2.801894699999991">
<ele>86.89999482183272</ele>
<time>2026-08-23T14:14:33.449Z</time>
<speed>1.2584108479804603</speed>
<extensions>
<accuracy>3.000999927520752</accuracy>
<heading>97.45777130126953</heading>
<satellites>0</satellites>
<vAccuracy>0.689714252948761</vAccuracy>
</extensions>
</trkpt>
<trkpt lat="41.9773936" lon="2.801959199999999">
<ele>87.08857099890069</ele>
<time>2026-08-23T14:14:37.396Z</time>
<speed>1.3072856340040788</speed>
<extensions>
<accuracy>3.0220000743865967</accuracy>
<heading>99.72074127197266</heading>
<satellites>0</satellites>
<vAccuracy>0.659234344959259</vAccuracy>
</extensions>
</trkpt>
<trkpt lat="41.9773852" lon="2.802020099999993">
<ele>86.52010508104553</ele>
<time>2026-08-23T14:14:42.230Z</time>
<speed>1.2474115233829675</speed>
<extensions>
<accuracy>3.0390000343322754</accuracy>
<heading>103.09125518798828</heading>
<satellites>0</satellites>
<vAccuracy>0.6777064204216003</vAccuracy>
</extensions>
</trkpt>
<trkpt lat="41.9773728" lon="2.8020799999999895">
<ele>86.06375818502664</ele>
<time>2026-08-23T14:14:46.412Z</time>
<speed>1.2232380685180149</speed>
<extensions>
<accuracy>3.117000102996826</accuracy>
<heading>101.23468780517578</heading>
<satellites>0</satellites>
<vAccuracy>0.6935873627662659</vAccuracy>
</extensions>
</trkpt>
<trkpt lat="41.9773577" lon="2.8021468999999968">
<ele>85.72267283222686</ele>
<time>2026-08-23T14:14:51.232Z</time>
<speed>1.2249688377181502</speed>
<extensions>
<accuracy>3.0360000133514404</accuracy>
<heading>102.60193634033203</heading>
<satellites>0</satellites>
<vAccuracy>0.6508908271789551</vAccuracy>
</extensions>
</trkpt>
<trkpt lat="41.9773513" lon="2.8022067999999933">
<ele>85.466527587333</ele>
<time>2026-08-23T14:14:55.417Z</time>
<speed>1.2119444732341946</speed>
<extensions>
<accuracy>3.194000005722046</accuracy>
<heading>92.00670623779297</heading>
<satellites>0</satellites>
<vAccuracy>0.7493637800216675</vAccuracy>
</extensions>
</trkpt>
<trkpt lat="41.9773462" lon="2.802269200000012">
<ele>84.7924778934676</ele>
<time>2026-08-23T14:14:59.446Z</time>
<speed>1.1941202791585506</speed>
<extensions>
<accuracy>3.121000051498413</accuracy>
<heading>91.98329162597656</heading>
<satellites>0</satellites>
<vAccuracy>0.7094563245773315</vAccuracy>
</extensions>
</trkpt>
<trkpt lat="41.9773371" lon="2.8023369000000002">
<ele>83.8383619182731</ele>
<time>2026-08-23T14:15:03.388Z</time>
<speed>1.2708192133054135</speed>
<extensions>
<accuracy>3.0169999599456787</accuracy>
<heading>98.30065155029297</heading>
<satellites>0</satellites>
<vAccuracy>0.6682316064834595</vAccuracy>
</extensions>
</trkpt>
<trkpt lat="41.9773281" lon="2.8023985000000096">
<ele>82.88217341353607</ele>
<time>2026-08-23T14:15:08.401Z</time>
<speed>1.232048078871612</speed>
<extensions>
<accuracy>3.2109999656677246</accuracy>
<heading>98.28144073486328</heading>
<satellites>0</satellites>
<vAccuracy>0.669409990310669</vAccuracy>
</extensions>
</trkpt>
<trkpt lat="41.9773282" lon="2.8024615999999867">
<ele>81.83893649778915</ele>
<time>2026-08-23T14:15:12.114Z</time>
<speed>1.2731994889523262</speed>
<extensions>
<accuracy>3.2639999389648438</accuracy>
<heading>94.87362670898438</heading>
<satellites>0</satellites>
<vAccuracy>0.653939425945282</vAccuracy>
</extensions>
</trkpt>
<trkpt lat="41.9773223" lon="2.8025346000000013">
<ele>81.48145263825708</ele>
<time>2026-08-23T14:15:16.135Z</time>
<speed>1.3360497134082427</speed>
<extensions>
<accuracy>3.109999895095825</accuracy>
<heading>100.62890625</heading>
<satellites>0</satellites>
<vAccuracy>0.6742965579032898</vAccuracy>
</extensions>
</trkpt>
<trkpt lat="41.9773162" lon="2.802596599999987">
<ele>82.23885175749888</ele>
<time>2026-08-23T14:15:21.388Z</time>
<speed>1.2752866861685468</speed>
<extensions>
<accuracy>3.002000093460083</accuracy>
<heading>97.6235122680664</heading>
<satellites>0</satellites>
<vAccuracy>0.7072070837020874</vAccuracy>
</extensions>
</trkpt>
<trkpt lat="41.9773112" lon="2.802657399999987">
<ele>83.04106471965228</ele>
<time>2026-08-23T14:15:25.351Z</time>
<speed>1.2419403979942822</speed>
<extensions>
<accuracy>3.0439999103546143</accuracy>
<heading>97.66775512695312</heading>
<satellites>0</satellites>
<vAccuracy>0.7025038003921509</vAccuracy>
</extensions>
</trkpt>
<trkpt lat="41.9773041" lon="2.80272020000001">
<ele>83.951677938337</ele>
<time>2026-08-23T14:15:29.388Z</time>
<speed>1.2950410404950028</speed>
<extensions>
<accuracy>3.065999984741211</accuracy>
<heading>99.53904724121094</heading>
<satellites>0</satellites>
<vAccuracy>0.6635468006134033</vAccuracy>
</extensions>
</trkpt>
<trkpt lat="41.9772981" lon="2.8027806999999996">
<ele>84.88987042702196</ele>
<time>2026-08-23T14:15:34.255Z</time>
<speed>1.2214111468142645</speed>
<extensions>
<accuracy>3.0</accuracy>
<heading>87.6740951538086</heading>
<satellites>0</satellites>
<vAccuracy>0.6730186939239502</vAccuracy>
</extensions>
</trkpt>
<trkpt lat="41.977291" lon="2.8028453999999954">
<ele>84.7398891069414</ele>
<time>2026-08-23T14:15:39.013Z</time>
<speed>1.1467470340532624</speed>
<extensions>
<accuracy>3.0169999599456787</accuracy>
<heading>100.22589874267578</heading>
<satellites>0</satellites>
<vAccuracy>0.6445819735527039</vAccuracy>
</extensions>
</trkpt>
<trkpt lat="41.9772858" lon="2.802905900000013">
<ele>84.5548214098736</ele>
<time>2026-08-23T14:15:43.174Z</time>
<speed>1.1918967891384729</speed>
<extensions>
<accuracy>3.0889999866485596</accuracy>
<heading>92.47624969482422</heading>
<satellites>0</satellites>
<vAccuracy>0.6567403674125671</vAccuracy>
</extensions>
</trkpt>
<trkpt lat="41.9772779" lon="2.802981299999999">
<ele>84.34613352495836</ele>
<time>2026-08-23T14:15:48.387Z</time>
<speed>1.1781960788512187</speed>
<extensions>
<accuracy>3.046999931335449</accuracy>
<heading>92.85301208496094</heading>
<satellites>0</satellites>
<vAccuracy>0.6720442175865173</vAccuracy>
</extensions>
</trkpt>
<trkpt lat="41.9772688" lon="2.8030469999999923">
<ele>84.19942654205927</ele>
<time>2026-08-23T14:15:53.418Z</time>
<speed>1.1376711500358503</speed>
<extensions>
<accuracy>3.1410000324249268</accuracy>
<heading>97.19200897216797</heading>
<satellites>0</satellites>
<vAccuracy>0.7485501170158386</vAccuracy>
</extensions>
</trkpt>
<trkpt lat="41.9772621" lon="2.8031105999999966">
<ele>84.36712617691678</ele>
<time>2026-08-23T14:15:57.450Z</time>
<speed>1.1937273003534155</speed>
<extensions>
<accuracy>3.2170000076293945</accuracy>
<heading>98.66865539550781</heading>
<satellites>0</satellites>
<vAccuracy>0.7368977069854736</vAccuracy>
</extensions>
</trkpt>
<trkpt lat="41.9772535" lon="2.8031779000000085">
<ele>84.67327597474404</ele>
<time>2026-08-23T14:16:01.482Z</time>
<speed>1.2464792915664729</speed>
<extensions>
<accuracy>3.1570000648498535</accuracy>
<heading>99.7742919921875</heading>
<satellites>0</satellites>
<vAccuracy>0.6954704523086548</vAccuracy>
</extensions>
</trkpt>
<trkpt lat="41.9772488" lon="2.8032421999999997">
<ele>84.9093473880028</ele>
<time>2026-08-23T14:16:06.095Z</time>
<speed>1.236054816860494</speed>
<extensions>
<accuracy>3.0230000019073486</accuracy>
<heading>99.28709411621094</heading>
<satellites>0</satellites>
<vAccuracy>0.7117181420326233</vAccuracy>
</extensions>
</trkpt>
<trkpt lat="41.9772495" lon="2.803313199999991">
<ele>85.06088603949624</ele>
<time>2026-08-23T14:16:10.442Z</time>
<speed>1.2646193808685793</speed>
<extensions>
<accuracy>3.1559998989105225</accuracy>
<heading>101.7974853515625</heading>
<satellites>0</satellites>
<vAccuracy>0.6953125</vAccuracy>
</extensions>
</trkpt>
<trkpt lat="41.9772541" lon="2.8033744999999897">
<ele>84.78271143465184</ele>
<time>2026-08-23T14:16:14.717Z</time>
<speed>1.2832730799072123</speed>
<extensions>
<accuracy>3.0260000228881836</accuracy>
<heading>91.36003112792969</heading>
<satellites>0</satellites>
<vAccuracy>0.7603938579559326</vAccuracy>
</extensions>
</trkpt>
<trkpt lat="41.977254" lon="2.803435500000006">
<ele>84.3768720353305</ele>
<time>2026-08-23T14:16:19.215Z</time>
<speed>1.2440942684453375</speed>
<extensions>
<accuracy>3.0</accuracy>
<heading>87.02696990966797</heading>
<satellites>0</satellites>
<vAccuracy>0.7722138166427612</vAccuracy>
</extensions>
</trkpt>
<trkpt lat="41.977244" lon="2.8034960999999896">
<ele>84.13564928716787</ele>
<time>2026-08-23T14:16:23.433Z</time>
<speed>1.2073987291481123</speed>
<extensions>
<accuracy>3.0360000133514404</accuracy>
<heading>104.7313461303711</heading>
<satellites>0</satellites>
<vAccuracy>0.7729239463806152</vAccuracy>
</extensions>
</trkpt>
<trkpt lat="41.9772353" lon="2.803574300000008">
<ele>83.7229068698149</ele>
<time>2026-08-23T14:16:29.212Z</time>
<speed>1.2020480910965174</speed>
<extensions>
<accuracy>3.009000062942505</accuracy>
<heading>109.882080078125</heading>
<satellites>0</satellites>
<vAccuracy>0.7206206917762756</vAccuracy>
</extensions>
</trkpt>
<trkpt lat="41.9772358" lon="2.803639199999992">
<ele>83.25631186481453</ele>
<time>2026-08-23T14:16:34.369Z</time>
<speed>1.1400666069057226</speed>
<extensions>
<accuracy>3.0759999752044678</accuracy>
<heading>87.54803466796875</heading>
<satellites>0</satellites>
<vAccuracy>0.7363776564598083</vAccuracy>
</extensions>
</trkpt>
<trkpt lat="41.9772382" lon="2.8037021000000095">
<ele>82.78939049769635</ele>
<time>2026-08-23T14:16:38.793Z</time>
<speed>1.1371663145176463</speed>
<extensions>
<accuracy>3.114000082015991</accuracy>
<heading>94.16118621826172</heading>
<satellites>0</satellites>
<vAccuracy>0.7032418847084045</vAccuracy>
</extensions>
</trkpt>
<trkpt lat="41.9772392" lon="2.803762799999987">
<ele>82.36118538355223</ele>
<time>2026-08-23T14:16:43.496Z</time>
<speed>1.1263904925539292</speed>
<extensions>
<accuracy>3.010999917984009</accuracy>
<heading>93.44791412353516</heading>
<satellites>0</satellites>
<vAccuracy>0.7412847876548767</vAccuracy>
</extensions>
</trkpt>
<trkpt lat="41.9772361" lon="2.8038258999999925">
<ele>81.93838220079488</ele>
<time>2026-08-23T14:16:47.217Z</time>
<speed>1.164053840216637</speed>
<extensions>
<accuracy>3.052999973297119</accuracy>
<heading>99.18860626220703</heading>
<satellites>0</satellites>
<vAccuracy>0.7551482915878296</vAccuracy>
</extensions>
</trkpt>
<trkpt lat="41.9772368" lon="2.803894899999989">
<ele>81.46003623523777</ele>
<time>2026-08-23T14:16:53.217Z</time>
<speed>1.1279899097195207</speed>
<extensions>
<accuracy>3.003000020980835</accuracy>
<heading>89.6023178100586</heading>
<satellites>0</satellites>
<vAccuracy>0.7913268804550171</vAccuracy>
</extensions>
</trkpt>
<trkpt lat="41.9772361" lon="2.8039555000000007">
<ele>81.82545763803701</ele>
<time>2026-08-23T14:16:57.873Z</time>
<speed>1.135124147445534</speed>
<extensions>
<accuracy>3.0309998989105225</accuracy>
<heading>91.6151123046875</heading>
<satellites>0</satellites>
<vAccuracy>0.7292540669441223</vAccuracy>
</extensions>
</trkpt>
<trkpt lat="41.9772339" lon="2.8040201000000025">
<ele>82.21786556293237</ele>
<time>2026-08-23T14:17:02.406Z</time>
<speed>1.1356098250139885</speed>
<extensions>
<accuracy>3.0339999198913574</accuracy>
<heading>86.54780578613281</heading>
<satellites>0</satellites>
<vAccuracy>0.7399058938026428</vAccuracy>
</extensions>
</trkpt>
<trkpt lat="41.9772257" lon="2.804086500000011">
<ele>82.63487841327527</ele>
<time>2026-08-23T14:17:07.445Z</time>
<speed>1.1430160153920355</speed>
<extensions>
<accuracy>3.0309998989105225</accuracy>
<heading>95.49471282958984</heading>
<satellites>0</satellites>
<vAccuracy>0.7154315114021301</vAccuracy>
</extensions>
</trkpt>
<trkpt lat="41.9772221" lon="2.8041504999999916">
<ele>83.03307202959373</ele>
<time>2026-08-23T14:17:12.633Z</time>
<speed>1.0665792341180065</speed>
<extensions>
<accuracy>3.062999963760376</accuracy>
<heading>92.64981079101562</heading>
<satellites>0</satellites>
<vAccuracy>0.7436632513999939</vAccuracy>
</extensions>
</trkpt>
<trkpt lat="41.9772153" lon="2.8042169">
<ele>83.48996685917533</ele>
<time>2026-08-23T14:17:17.414Z</time>
<speed>1.1082151771332658</speed>
<extensions>
<accuracy>3.002000093460083</accuracy>
<heading>98.36884307861328</heading>
<satellites>0</satellites>
<vAccuracy>0.7491096258163452</vAccuracy>
</extensions>
</trkpt>
<trkpt lat="41.9772068" lon="2.8042768999999907">
<ele>83.95061058904423</ele>
<time>2026-08-23T14:17:25.450Z</time>
<speed>1.0186696031837148</speed>
<extensions>
<accuracy>3.0230000019073486</accuracy>
<heading>127.62107849121094</heading>
<satellites>0</satellites>
<vAccuracy>0.7698915004730225</vAccuracy>
</extensions>
</trkpt>
<trkpt lat="41.9772124" lon="2.8042106999999987">
<ele>83.45801447833087</ele>
<time>2026-08-23T14:19:09.403Z</time>
<speed>0.7934106437615893</speed>
<extensions>
<accuracy>3.0</accuracy>
<heading>269.02947998046875</heading>
<satellites>0</satellites>
<vAccuracy>0.7368190884590149</vAccuracy>
</extensions>
</trkpt>
<trkpt lat="41.9772051" lon="2.804272900000001">
<ele>83.93152111877907</ele>
<time>2026-08-23T14:19:26.405Z</time>
<speed>0.63380245897903</speed>
<extensions>
<accuracy>4.840000152587891</accuracy>
<heading>82.92040252685547</heading>
<satellites>0</satellites>
<vAccuracy>0.6995418667793274</vAccuracy>
</extensions>
</trkpt>
<trkpt lat="41.9772056" lon="2.80433339999999">
<ele>84.36227973290475</ele>
<time>2026-08-23T14:20:15.388Z</time>
<speed>0.4496905959020265</speed>
<extensions>
<accuracy>3.0</accuracy>
<heading>0.0</heading>
<satellites>0</satellites>
<vAccuracy>0.7139988541603088</vAccuracy>
</extensions>
</trkpt>
<trkpt lat="41.9771928" lon="2.8043921999999952">
<ele>84.90047962108405</ele>
<time>2026-08-23T14:21:02.396Z</time>
<speed>0.2394592457509258</speed>
<extensions>
<accuracy>3.0</accuracy>
<heading>0.0</heading>
<satellites>0</satellites>
<vAccuracy>0.6797242760658264</vAccuracy>
</extensions>
</trkpt>
<trkpt lat="41.9771657" lon="2.804442999999992">
<ele>85.40430736985587</ele>
<time>2026-08-23T14:21:20.388Z</time>
<speed>0.17125280209008617</speed>
<extensions>
<accuracy>6.480999946594238</accuracy>
<heading>110.55845642089844</heading>
<satellites>0</satellites>
<vAccuracy>0.7241004705429077</vAccuracy>
</extensions>
</trkpt>
<trkpt lat="41.9771741" lon="2.8045080999999925">
<ele>84.36172281546185</ele>
<time>2026-08-23T14:21:24.388Z</time>
<speed>0.43374923200142745</speed>
<extensions>
<accuracy>4.809000015258789</accuracy>
<heading>90.07694244384766</heading>
<satellites>0</satellites>
<vAccuracy>0.7011618614196777</vAccuracy>
</extensions>
</trkpt>
<trkpt lat="41.97717" lon="2.804568499999988">
<ele>83.25014800926782</ele>
<time>2026-08-23T14:21:31.421Z</time>
<speed>0.5150920349145319</speed>
<extensions>
<accuracy>3.3499999046325684</accuracy>
<heading>83.82188415527344</heading>
<satellites>0</satellites>
<vAccuracy>0.6858829259872437</vAccuracy>
</extensions>
</trkpt>
<trkpt lat="41.9771651" lon="2.8046330999999896">
<ele>82.05945520278384</ele>
<time>2026-08-23T14:21:38.388Z</time>
<speed>0.6487627587633151</speed>
<extensions>
<accuracy>3.190999984741211</accuracy>
<heading>81.00897979736328</heading>
<satellites>0</satellites>
<vAccuracy>0.7204200625419617</vAccuracy>
</extensions>
</trkpt>
<trkpt lat="41.9771694" lon="2.804696299999989">
<ele>80.86779512719315</ele>
<time>2026-08-23T14:21:43.322Z</time>
<speed>0.8398683692682439</speed>
<extensions>
<accuracy>3.2679998874664307</accuracy>
<heading>66.27420806884766</heading>
<satellites>0</satellites>
<vAccuracy>0.6775891780853271</vAccuracy>
</extensions>
</trkpt>
<trkpt lat="41.9771934" lon="2.8047491000000093">
<ele>80.5770066662617</ele>
<time>2026-08-23T14:21:49.388Z</time>
<speed>0.9510865150825427</speed>
<extensions>
<accuracy>3.049999952316284</accuracy>
<heading>19.44133186340332</heading>
<satellites>0</satellites>
<vAccuracy>0.6958237290382385</vAccuracy>
</extensions>
</trkpt>
<trkpt lat="41.9772347" lon="2.8047732999999937">
<ele>80.86458521470843</ele>
<time>2026-08-23T14:21:59.463Z</time>
<speed>0.7774307605933004</speed>
<extensions>
<accuracy>3.934000015258789</accuracy>
<heading>14.830530166625977</heading>
<satellites>0</satellites>
<vAccuracy>0.701028048992157</vAccuracy>
</extensions>
</trkpt>
<trkpt lat="41.9772753" lon="2.8047995000000014">
<ele>81.02840815389939</ele>
<time>2026-08-23T14:22:09.024Z</time>
<speed>0.7395966686549116</speed>
<extensions>
<accuracy>3.115000009536743</accuracy>
<heading>311.9150085449219</heading>
<satellites>0</satellites>
<vAccuracy>0.7150487899780273</vAccuracy>
</extensions>
</trkpt>
<trkpt lat="41.9773159" lon="2.8047698999999966">
<ele>80.54427020985256</ele>
<time>2026-08-23T14:22:13.543Z</time>
<speed>0.8127658124362896</speed>
<extensions>
<accuracy>3.9549999237060547</accuracy>
<heading>319.4945068359375</heading>
<satellites>0</satellites>
<vAccuracy>0.7122058272361755</vAccuracy>
</extensions>
</trkpt>
<trkpt lat="41.9773645" lon="2.8047508999999877">
<ele>80.28677257637325</ele>
<time>2026-08-23T14:22:15.862Z</time>
<speed>1.0854660957346403</speed>
<extensions>
<accuracy>4.7729997634887695</accuracy>
<heading>311.56964111328125</heading>
<satellites>0</satellites>
<vAccuracy>0.7282576560974121</vAccuracy>
</extensions>
</trkpt>
<trkpt lat="41.977403" lon="2.804715299999998">
<ele>80.30679929552417</ele>
<time>2026-08-23T14:22:19.399Z</time>
<speed>1.2105402770810214</speed>
<extensions>
<accuracy>4.460000038146973</accuracy>
<heading>305.3619079589844</heading>
<satellites>0</satellites>
<vAccuracy>0.6973580718040466</vAccuracy>
</extensions>
</trkpt>
<trkpt lat="41.9772822" lon="2.804928999999987">
<ele>82.45048319471637</ele>
<time>2026-08-23T14:22:20.388Z</time>
<speed>1.2105402770810214</speed>
<extensions>
<accuracy>4.2870001792907715</accuracy>
<heading>67.25733184814453</heading>
<satellites>0</satellites>
<vAccuracy>0.6950647234916687</vAccuracy>
</extensions>
</trkpt>
<trkpt lat="41.9772329" lon="2.805029300000001">
<ele>84.26544883322931</ele>
<time>2026-08-23T14:22:21.388Z</time>
<speed>1.2105402770810214</speed>
<extensions>
<accuracy>4.090000152587891</accuracy>
<heading>61.85322570800781</heading>
<satellites>0</satellites>
<vAccuracy>0.7037351727485657</vAccuracy>
</extensions>
</trkpt>
<trkpt lat="41.977219" lon="2.805096700000007">
<ele>84.16492807177148</ele>
<time>2026-08-23T14:22:22.903Z</time>
<speed>1.8743946273130057</speed>
<extensions>
<accuracy>4.300000190734863</accuracy>
<heading>80.9660415649414</heading>
<satellites>0</satellites>
<vAccuracy>0.6479020714759827</vAccuracy>
</extensions>
</trkpt>
<trkpt lat="41.9772114" lon="2.8051571999999965">
<ele>83.93009345589458</ele>
<time>2026-08-23T14:22:27.663Z</time>
<speed>1.982764628847689</speed>
<extensions>
<accuracy>4.864999771118164</accuracy>
<heading>84.92851257324219</heading>
<satellites>0</satellites>
<vAccuracy>0.6949806809425354</vAccuracy>
</extensions>
</trkpt>
<trkpt lat="41.977208" lon="2.8052189">
<ele>83.59697656302116</ele>
<time>2026-08-23T14:22:31.387Z</time>
<speed>2.0301723351316214</speed>
<extensions>
<accuracy>3.6429998874664307</accuracy>
<heading>74.71880340576172</heading>
<satellites>0</satellites>
<vAccuracy>0.675933301448822</vAccuracy>
</extensions>
</trkpt>
<trkpt lat="41.9772322" lon="2.8053018999999892">
<ele>83.01135136126962</ele>
<time>2026-08-23T14:22:36.395Z</time>
<speed>1.839142955726277</speed>
<extensions>
<accuracy>3.200000047683716</accuracy>
<heading>67.97440338134766</heading>
<satellites>0</satellites>
<vAccuracy>0.6731336116790771</vAccuracy>
</extensions>
</trkpt>
<trkpt lat="41.9772482" lon="2.8053640999999914">
<ele>82.92779790483709</ele>
<time>2026-08-23T14:22:41.244Z</time>
<speed>1.769804021697174</speed>
<extensions>
<accuracy>3.382999897003174</accuracy>
<heading>57.28194808959961</heading>
<satellites>0</satellites>
<vAccuracy>0.693128764629364</vAccuracy>
</extensions>
</trkpt>
<trkpt lat="41.9772584" lon="2.8054242000000045">
<ele>82.86996609210566</ele>
<time>2026-08-23T14:22:45.388Z</time>
<speed>1.252453471079469</speed>
<extensions>
<accuracy>3.1710000038146973</accuracy>
<heading>62.61326217651367</heading>
<satellites>0</satellites>
<vAccuracy>0.6589328646659851</vAccuracy>
</extensions>
</trkpt>
<trkpt lat="41.9772772" lon="2.8054817999999955">
<ele>82.69314640485833</ele>
<time>2026-08-23T14:22:50.018Z</time>
<speed>1.2639691867126277</speed>
<extensions>
<accuracy>3.0</accuracy>
<heading>68.06236267089844</heading>
<satellites>0</satellites>
<vAccuracy>0.6612055897712708</vAccuracy>
</extensions>
</trkpt>
<trkpt lat="41.9772983" lon="2.8055440999999917">
<ele>82.45169753411369</ele>
<time>2026-08-23T14:22:56.441Z</time>
<speed>1.1655170518866595</speed>
<extensions>
<accuracy>3.071000099182129</accuracy>
<heading>62.83084487915039</heading>
<satellites>0</satellites>
<vAccuracy>0.670147180557251</vAccuracy>
</extensions>
</trkpt>
<trkpt lat="41.977347" lon="2.8055591000000106">
<ele>81.83681945606864</ele>
<time>2026-08-23T14:23:09.384Z</time>
<speed>0.9570353627782272</speed>
<extensions>
<accuracy>4.182000160217285</accuracy>
<heading>319.39263916015625</heading>
<satellites>0</satellites>
<vAccuracy>0.6523008942604065</vAccuracy>
</extensions>
</trkpt>
<trkpt lat="41.9773933" lon="2.8055565999999885">
<ele>81.25689994466636</ele>
<time>2026-08-23T14:23:16.388Z</time>
<speed>0.8797566706097252</speed>
<extensions>
<accuracy>3.443000078201294</accuracy>
<heading>315.9013366699219</heading>
<satellites>0</satellites>
<vAccuracy>0.6780983805656433</vAccuracy>
</extensions>
</trkpt>
<trkpt lat="41.9774283" lon="2.805517000000009">
<ele>80.90453396641414</ele>
<time>2026-08-23T14:23:19.202Z</time>
<speed>0.9952554058341361</speed>
<extensions>
<accuracy>4.581999778747559</accuracy>
<heading>304.66021728515625</heading>
<satellites>0</satellites>
<vAccuracy>0.6770025491714478</vAccuracy>
</extensions>
</trkpt>
<trkpt lat="41.9774612" lon="2.8054726000000016">
<ele>80.63536084555851</ele>
<time>2026-08-23T14:23:22.202Z</time>
<speed>1.11610084822466</speed>
<extensions>
<accuracy>5.6570000648498535</accuracy>
<heading>310.3406982421875</heading>
<satellites>0</satellites>
<vAccuracy>0.658068060874939</vAccuracy>
</extensions>
</trkpt>
<trkpt lat="41.9774476" lon="2.805899399999987">
<ele>81.92260352789471</ele>
<time>2026-08-23T14:23:28.388Z</time>
<speed>2.0815929746549497</speed>
<extensions>
<accuracy>7.517000198364258</accuracy>
<heading>106.02005004882812</heading>
<satellites>0</satellites>
<vAccuracy>0.6480196714401245</vAccuracy>
</extensions>
</trkpt>
<trkpt lat="41.9774397" lon="2.8059988999999916">
<ele>81.50021079865434</ele>
<time>2026-08-23T14:23:29.388Z</time>
<speed>3.6501031517222398</speed>
<extensions>
<accuracy>7.1529998779296875</accuracy>
<heading>92.21773529052734</heading>
<satellites>0</satellites>
<vAccuracy>0.6613926887512207</vAccuracy>
</extensions>
</trkpt>
<trkpt lat="41.9774069" lon="2.8060519">
<ele>81.64570882108548</ele>
<time>2026-08-23T14:23:32.388Z</time>
<speed>3.883011857147916</speed>
<extensions>
<accuracy>6.939000129699707</accuracy>
<heading>93.20590209960938</heading>
<satellites>0</satellites>
<vAccuracy>0.6845029592514038</vAccuracy>
</extensions>
</trkpt>
<trkpt lat="41.9774146" lon="2.806114199999996">
<ele>81.2806895457636</ele>
<time>2026-08-23T14:23:35.402Z</time>
<speed>3.8679962656333458</speed>
<extensions>
<accuracy>5.644999980926514</accuracy>
<heading>56.09305953979492</heading>
<satellites>0</satellites>
<vAccuracy>0.6630985736846924</vAccuracy>
</extensions>
</trkpt>
<trkpt lat="41.9774507" lon="2.8061533000000054">
<ele>81.1522016918468</ele>
<time>2026-08-23T14:23:38.387Z</time>
<speed>3.86782649204649</speed>
<extensions>
<accuracy>5.5920000076293945</accuracy>
<heading>28.826499938964844</heading>
<satellites>0</satellites>
<vAccuracy>0.6726208329200745</vAccuracy>
</extensions>
</trkpt>
<trkpt lat="41.9774891" lon="2.8061878999999976">
<ele>81.4944309744874</ele>
<time>2026-08-23T14:23:41.197Z</time>
<speed>3.091903889750652</speed>
<extensions>
<accuracy>5.369999885559082</accuracy>
<heading>29.522741317749023</heading>
<satellites>0</satellites>
<vAccuracy>0.6558356285095215</vAccuracy>
</extensions>
</trkpt>
<trkpt lat="41.9775295" lon="2.8062213000000042">
<ele>82.09164601924006</ele>
<time>2026-08-23T14:23:48.801Z</time>
<speed>1.5762378478386527</speed>
<extensions>
<accuracy>3.1059999465942383</accuracy>
<heading>19.373149871826172</heading>
<satellites>0</satellites>
<vAccuracy>0.6629981398582458</vAccuracy>
</extensions>
</trkpt>
<trkpt lat="41.9775756" lon="2.8062459999999874">
<ele>82.51357737045687</ele>
<time>2026-08-23T14:23:55.438Z</time>
<speed>1.3624723071643101</speed>
<extensions>
<accuracy>4.085999965667725</accuracy>
<heading>7.348292350769043</heading>
<satellites>0</satellites>
<vAccuracy>0.6543595194816589</vAccuracy>
</extensions>
</trkpt>
<trkpt lat="41.9776132" lon="2.8062954000000104">
<ele>82.93656874810459</ele>
<time>2026-08-23T14:24:00.020Z</time>
<speed>1.2711455069005464</speed>
<extensions>
<accuracy>4.679999828338623</accuracy>
<heading>6.3235578536987305</heading>
<satellites>0</satellites>
<vAccuracy>0.653759241104126</vAccuracy>
</extensions>
</trkpt>
<trkpt lat="41.9776579" lon="2.8063114999999925">
<ele>83.06153794768785</ele>
<time>2026-08-23T14:24:04.123Z</time>
<speed>1.1766599640439606</speed>
<extensions>
<accuracy>4.295000076293945</accuracy>
<heading>345.48236083984375</heading>
<satellites>0</satellites>
<vAccuracy>0.6724563837051392</vAccuracy>
</extensions>
</trkpt>
<trkpt lat="41.9776933" lon="2.806355200000013">
<ele>83.16010571320817</ele>
<time>2026-08-23T14:24:08.921Z</time>
<speed>1.0335761189064094</speed>
<extensions>
<accuracy>3.816999912261963</accuracy>
<heading>340.85784912109375</heading>
<satellites>0</satellites>
<vAccuracy>0.6626834869384766</vAccuracy>
</extensions>
</trkpt>
<trkpt lat="41.9777371" lon="2.8063793000000032">
<ele>83.08912085678931</ele>
<time>2026-08-23T14:24:15.388Z</time>
<speed>1.0576236239364496</speed>
<extensions>
<accuracy>3.075000047683716</accuracy>
<heading>326.4194641113281</heading>
<satellites>0</satellites>
<vAccuracy>0.6549718976020813</vAccuracy>
</extensions>
</trkpt>
<trkpt lat="41.9777902" lon="2.8063418000000127">
<ele>82.47436301314647</ele>
<time>2026-08-23T14:24:23.377Z</time>
<speed>1.0582982724081347</speed>
<extensions>
<accuracy>4.098999977111816</accuracy>
<heading>308.8600769042969</heading>
<satellites>0</satellites>
<vAccuracy>0.66795814037323</vAccuracy>
</extensions>
</trkpt>
<trkpt lat="41.9778407" lon="2.8063026000000093">
<ele>81.73627044106945</ele>
<time>2026-08-23T14:24:25.440Z</time>
<speed>1.4317245781016539</speed>
<extensions>
<accuracy>5.408999919891357</accuracy>
<heading>308.0990295410156</heading>
<satellites>0</satellites>
<vAccuracy>0.651126503944397</vAccuracy>
</extensions>
</trkpt>
<trkpt lat="41.9778155" lon="2.8065176000000065">
<ele>81.25554055102306</ele>
<time>2026-08-23T14:24:28.388Z</time>
<speed>2.401533821056696</speed>
<extensions>
<accuracy>9.256999969482422</accuracy>
<heading>7.441410064697266</heading>
<satellites>0</satellites>
<vAccuracy>0.6787048578262329</vAccuracy>
</extensions>
</trkpt>
<trkpt lat="41.9777998" lon="2.8066154999999924">
<ele>80.77346386176112</ele>
<time>2026-08-23T14:24:29.388Z</time>
<speed>3.8345995799394084</speed>
<extensions>
<accuracy>8.831000328063965</accuracy>
<heading>33.31195831298828</heading>
<satellites>0</satellites>
<vAccuracy>0.6780169010162354</vAccuracy>
</extensions>
</trkpt>
<trkpt lat="41.977806" lon="2.806678500000004">
<ele>80.2659242224431</ele>
<time>2026-08-23T14:24:31.302Z</time>
<speed>4.22078722187133</speed>
<extensions>
<accuracy>7.285999774932861</accuracy>
<heading>44.381473541259766</heading>
<satellites>0</satellites>
<vAccuracy>0.6665009260177612</vAccuracy>
</extensions>
</trkpt>
<trkpt lat="41.9778241" lon="2.8067347999999868">
<ele>80.03157237119322</ele>
<time>2026-08-23T14:24:36.603Z</time>
<speed>4.2451420599473195</speed>
<extensions>
<accuracy>3.13700008392334</accuracy>
<heading>56.79995346069336</heading>
<satellites>0</satellites>
<vAccuracy>0.6859475374221802</vAccuracy>
</extensions>
</trkpt>
<trkpt lat="41.9778527" lon="2.806789000000009">
<ele>79.62371778206311</ele>
<time>2026-08-23T14:24:42.144Z</time>
<speed>3.814931063816373</speed>
<extensions>
<accuracy>3.0</accuracy>
<heading>50.313838958740234</heading>
<satellites>0</satellites>
<vAccuracy>0.6490333080291748</vAccuracy>
</extensions>
</trkpt>
<trkpt lat="41.9778911" lon="2.8068231999999966">
<ele>79.04877018827696</ele>
<time>2026-08-23T14:24:50.399Z</time>
<speed>2.7183742788303187</speed>
<extensions>
<accuracy>3.0739998817443848</accuracy>
<heading>27.652952194213867</heading>
<satellites>0</satellites>
<vAccuracy>0.6861263513565063</vAccuracy>
</extensions>
</trkpt>
<trkpt lat="41.9779031" lon="2.8068831999999873">
<ele>78.8172196019508</ele>
<time>2026-08-23T14:25:03.387Z</time>
<speed>1.1416963575377637</speed>
<extensions>
<accuracy>3.006999969482422</accuracy>
<heading>0.0</heading>
<satellites>0</satellites>
<vAccuracy>0.6432843208312988</vAccuracy>
</extensions>
</trkpt>
<trkpt lat="41.9779483" lon="2.8068844000000013">
<ele>78.11997475369728</ele>
<time>2026-08-23T14:26:22.386Z</time>
<speed>0.605500648204251</speed>
<extensions>
<accuracy>3.3380000591278076</accuracy>
<heading>312.4053039550781</heading>
<satellites>0</satellites>
<vAccuracy>0.637565016746521</vAccuracy>
</extensions>
</trkpt>
<trkpt lat="41.9779685" lon="2.806943799999999">
<ele>77.70822061508213</ele>
<time>2026-08-23T14:28:27.397Z</time>
<speed>0.422837072886571</speed>
<extensions>
<accuracy>3.0</accuracy>
<heading>82.5660171508789</heading>
<satellites>0</satellites>
<vAccuracy>0.6059038043022156</vAccuracy>
</extensions>
</trkpt>
<trkpt lat="41.9779428" lon="2.8069950000000006">
<ele>78.38499498526771</ele>
<time>2026-08-23T14:28:48.440Z</time>
<speed>0.2730610264099485</speed>
<extensions>
<accuracy>4.136000156402588</accuracy>
<heading>197.45498657226562</heading>
<satellites>0</satellites>
<vAccuracy>0.6222462058067322</vAccuracy>
</extensions>
</trkpt>
<trkpt lat="41.9779592" lon="2.8069347999999934">
<ele>77.87222908028177</ele>
<time>2026-08-23T14:28:53.386Z</time>
<speed>0.3633023099744843</speed>
<extensions>
<accuracy>4.510000228881836</accuracy>
<heading>0.0</heading>
<satellites>0</satellites>
<vAccuracy>0.6054524183273315</vAccuracy>
</extensions>
</trkpt>
<trkpt lat="41.9779909" lon="2.8069791000000066">
<ele>77.44518453583288</ele>
<time>2026-08-23T14:31:56.426Z</time>
<speed>0.2897659142631397</speed>
<extensions>
<accuracy>3.4600000381469727</accuracy>
<heading>49.457603454589844</heading>
<satellites>0</satellites>
<vAccuracy>0.6123130321502686</vAccuracy>
</extensions>
</trkpt>
<trkpt lat="41.9779766" lon="2.8070371000000023">
<ele>78.00155343595168</ele>
<time>2026-08-23T14:32:18.452Z</time>
<speed>0.32290524238246954</speed>
<extensions>
<accuracy>3.0</accuracy>
<heading>0.0</heading>
<satellites>0</satellites>
<vAccuracy>0.5766535401344299</vAccuracy>
</extensions>
</trkpt>
<trkpt lat="41.9780067" lon="2.8070835000000045">
<ele>77.59307738195434</ele>
<time>2026-08-23T14:33:23.777Z</time>
<speed>0.3298520410855685</speed>
<extensions>
<accuracy>3.5320000648498535</accuracy>
<heading>3.936572313308716</heading>
<satellites>0</satellites>
<vAccuracy>0.588640034198761</vAccuracy>
</extensions>
</trkpt>
<trkpt lat="41.9780517" lon="2.807109099999991">
<ele>77.42184872780479</ele>
<time>2026-08-23T14:33:28.387Z</time>
<speed>0.5170140420268884</speed>
<extensions>
<accuracy>3.7230000495910645</accuracy>
<heading>359.3508605957031</heading>
<satellites>0</satellites>
<vAccuracy>0.5812156200408936</vAccuracy>
</extensions>
</trkpt>
<trkpt lat="41.9780955" lon="2.807082500000007">
<ele>77.58000840517548</ele>
<time>2026-08-23T14:33:31.713Z</time>
<speed>0.6240317174772736</speed>
<extensions>
<accuracy>3.2790000438690186</accuracy>
<heading>338.4389953613281</heading>
<satellites>0</satellites>
<vAccuracy>0.6169800758361816</vAccuracy>
</extensions>
</trkpt>
<trkpt lat="41.9781443" lon="2.8070730999999967">
<ele>77.8230226693831</ele>
<time>2026-08-23T14:33:35.397Z</time>
<speed>0.9160710103965566</speed>
<extensions>
<accuracy>3.0510001182556152</accuracy>
<heading>353.0715026855469</heading>
<satellites>0</satellites>
<vAccuracy>0.5872204303741455</vAccuracy>
</extensions>
</trkpt>
<trkpt lat="41.9781861" lon="2.807046000000014">
<ele>77.98198570870905</ele>
<time>2026-08-23T14:33:39.387Z</time>
<speed>1.1288325534976504</speed>
<extensions>
<accuracy>3.0</accuracy>
<heading>347.949951171875</heading>
<satellites>0</satellites>
<vAccuracy>0.6096352338790894</vAccuracy>
</extensions>
</trkpt>
<trkpt lat="41.978236" lon="2.8070207000000096">
<ele>78.19957111640677</ele>
<time>2026-08-23T14:33:43.387Z</time>
<speed>1.4097309433334408</speed>
<extensions>
<accuracy>3.0</accuracy>
<heading>344.6217956542969</heading>
<satellites>0</satellites>
<vAccuracy>0.6065385937690735</vAccuracy>
</extensions>
</trkpt>
<trkpt lat="41.9782881" lon="2.8070175000000006">
<ele>78.49075180719915</ele>
<time>2026-08-23T14:33:47.387Z</time>
<speed>1.463997032128258</speed>
<extensions>
<accuracy>3.0</accuracy>
<heading>1.1841527223587036</heading>
<satellites>0</satellites>
<vAccuracy>0.5795011520385742</vAccuracy>
</extensions>
</trkpt>
<trkpt lat="41.9783347" lon="2.8070229999999867">
<ele>78.52054872788811</ele>
<time>2026-08-23T14:33:51.256Z</time>
<speed>1.4115543690621195</speed>
<extensions>
<accuracy>3.2119998931884766</accuracy>
<heading>6.722663879394531</heading>
<satellites>0</satellites>
<vAccuracy>0.6053513288497925</vAccuracy>
</extensions>
</trkpt>
<trkpt lat="41.9783768" lon="2.8070545999999865">
<ele>78.48302019376544</ele>
<time>2026-08-23T14:33:54.236Z</time>
<speed>1.4737442310277682</speed>
<extensions>
<accuracy>3.4600000381469727</accuracy>
<heading>45.17394256591797</heading>
<satellites>0</satellites>
<vAccuracy>0.6025055050849915</vAccuracy>
</extensions>
</trkpt>
<trkpt lat="41.9783962" lon="2.8071107000000097">
<ele>78.5259249608821</ele>
<time>2026-08-23T14:33:58.376Z</time>
<speed>1.4621950024356114</speed>
<extensions>
<accuracy>3.615999937057495</accuracy>
<heading>71.9264144897461</heading>
<satellites>0</satellites>
<vAccuracy>0.6331164836883545</vAccuracy>
</extensions>
</trkpt>
<trkpt lat="41.9784128" lon="2.807167600000014">
<ele>78.56272986490781</ele>
<time>2026-08-23T14:34:05.093Z</time>
<speed>1.3161562741795074</speed>
<extensions>
<accuracy>3.0250000953674316</accuracy>
<heading>54.123046875</heading>
<satellites>0</satellites>
<vAccuracy>0.623023509979248</vAccuracy>
</extensions>
</trkpt>
<trkpt lat="41.9784303" lon="2.8072090000000003">
<ele>78.56081945133998</ele>
<time>2026-08-23T14:34:08.177Z</time>
<speed>1.281493711078927</speed>
<extensions>
<accuracy>3.171999931335449</accuracy>
<heading>75.70305633544922</heading>
<satellites>0</satellites>
<vAccuracy>0.6133536696434021</vAccuracy>
</extensions>
</trkpt>
<trkpt lat="41.9784303" lon="2.8072090000000003">
<ele>78.56081945133998</ele>
<time>2026-08-23T14:34:08.177Z</time>
<speed>1.281493711078927</speed>
<extensions>
<accuracy>3.171999931335449</accuracy>
<heading>75.70305633544922</heading>
<satellites>0</satellites>
<vAccuracy>0.6133536696434021</vAccuracy>
</extensions>
</trkpt>
<trkpt lat="41.9784324" lon="2.8072181">
<ele>78.56537830941463</ele>
<time>2026-08-23T14:34:10.192Z</time>
<speed>1.0907852377833334</speed>
<extensions>
<accuracy>3.7709999084472656</accuracy>
<heading>72.31867218017578</heading>
<satellites>0</satellites>
<vAccuracy>0.6316205859184265</vAccuracy>
</extensions>
</trkpt>
<trkpt lat="41.9784379" lon="2.807230099999998">
<ele>78.56060393954034</ele>
<time>2026-08-23T14:34:12.219Z</time>
<speed>0.845982162292543</speed>
<extensions>
<accuracy>5.927999973297119</accuracy>
<heading>50.26747512817383</heading>
<satellites>0</satellites>
<vAccuracy>0.6429471969604492</vAccuracy>
</extensions>
</trkpt>
<trkpt lat="41.9784797" lon="2.8072797000000094">
<ele>78.05735082325239</ele>
<time>2026-08-23T14:34:14.363Z</time>
<speed>1.1770638909907523</speed>
<extensions>
<accuracy>7.679999828338623</accuracy>
<heading>38.426185607910156</heading>
<satellites>0</satellites>
<vAccuracy>0.6271700859069824</vAccuracy>
</extensions>
</trkpt>
<trkpt lat="41.9785112" lon="2.8073373999999944">
<ele>77.50035543308475</ele>
<time>2026-08-23T14:34:16.403Z</time>
<speed>1.606771502637446</speed>
<extensions>
<accuracy>8.145000457763672</accuracy>
<heading>5.271698474884033</heading>
<satellites>0</satellites>
<vAccuracy>0.6471526622772217</vAccuracy>
</extensions>
</trkpt>
<trkpt lat="41.9785394" lon="2.807396699999998">
<ele>76.92975406925964</ele>
<time>2026-08-23T14:34:18.387Z</time>
<speed>1.9380615851282283</speed>
<extensions>
<accuracy>6.361999988555908</accuracy>
<heading>40.51161575317383</heading>
<satellites>0</satellites>
<vAccuracy>0.6628440618515015</vAccuracy>
</extensions>
</trkpt>
<trkpt lat="41.9785557" lon="2.8074343000000113">
<ele>76.56757262876671</ele>
<time>2026-08-23T14:34:20.387Z</time>
<speed>2.2196796830650767</speed>
<extensions>
<accuracy>5.171999931335449</accuracy>
<heading>53.94842529296875</heading>
<satellites>0</satellites>
<vAccuracy>0.6702154874801636</vAccuracy>
</extensions>
</trkpt>
<trkpt lat="41.9785644" lon="2.8074743999999896">
<ele>76.21774261576707</ele>
<time>2026-08-23T14:34:22.386Z</time>
<speed>2.4501744440517914</speed>
<extensions>
<accuracy>5.270999908447266</accuracy>
<heading>68.38299560546875</heading>
<satellites>0</satellites>
<vAccuracy>0.6887178421020508</vAccuracy>
</extensions>
</trkpt>
<trkpt lat="41.9785731" lon="2.8075099000000137">
<ele>75.90035780637098</ele>
<time>2026-08-23T14:34:24.222Z</time>
<speed>2.2085980481720857</speed>
<extensions>
<accuracy>5.6620001792907715</accuracy>
<heading>65.70999908447266</heading>
<satellites>0</satellites>
<vAccuracy>0.6940529942512512</vAccuracy>
</extensions>
</trkpt>
<trkpt lat="41.9785843" lon="2.807557099999997">
<ele>75.7487314130619</ele>
<time>2026-08-23T14:34:26.284Z</time>
<speed>2.025688430842842</speed>
<extensions>
<accuracy>5.559999942779541</accuracy>
<heading>59.65193557739258</heading>
<satellites>0</satellites>
<vAccuracy>0.6498597860336304</vAccuracy>
</extensions>
</trkpt>
<trkpt lat="41.9785982" lon="2.807591699999989">
<ele>75.60155548138813</ele>
<time>2026-08-23T14:34:28.323Z</time>
<speed>1.75797898658997</speed>
<extensions>
<accuracy>5.2129998207092285</accuracy>
<heading>58.122013092041016</heading>
<satellites>0</satellites>
<vAccuracy>0.6514315009117126</vAccuracy>
</extensions>
</trkpt>
<trkpt lat="41.978611" lon="2.8076294999999902">
<ele>75.50021391460758</ele>
<time>2026-08-23T14:34:30.362Z</time>
<speed>1.734967306021678</speed>
<extensions>
<accuracy>5.006999969482422</accuracy>
<heading>53.195533752441406</heading>
<satellites>0</satellites>
<vAccuracy>0.6638057231903076</vAccuracy>
</extensions>
</trkpt>
<trkpt lat="41.9786224" lon="2.807672700000012">
<ele>75.44561099529558</ele>
<time>2026-08-23T14:34:32.400Z</time>
<speed>1.7613573991223184</speed>
<extensions>
<accuracy>4.824999809265137</accuracy>
<heading>51.92803955078125</heading>
<satellites>0</satellites>
<vAccuracy>0.614806592464447</vAccuracy>
</extensions>
</trkpt>
<trkpt lat="41.9786369" lon="2.807702500000005">
<ele>75.42155059107101</ele>
<time>2026-08-23T14:34:34.439Z</time>
<speed>1.7135493151991332</speed>
<extensions>
<accuracy>4.697000026702881</accuracy>
<heading>46.66853713989258</heading>
<satellites>0</satellites>
<vAccuracy>0.6430380344390869</vAccuracy>
</extensions>
</trkpt>
<trkpt lat="41.9786493" lon="2.8077260999999964">
<ele>75.42852608435267</ele>
<time>2026-08-23T14:34:36.358Z</time>
<speed>1.5652792412663017</speed>
<extensions>
<accuracy>4.534999847412109</accuracy>
<heading>36.95903778076172</heading>
<satellites>0</satellites>
<vAccuracy>0.6501316428184509</vAccuracy>
</extensions>
</trkpt>
<trkpt lat="41.978663" lon="2.8077533999999957">
<ele>75.4680115345176</ele>
<time>2026-08-23T14:34:38.386Z</time>
<speed>1.5149090692540943</speed>
<extensions>
<accuracy>4.492000102996826</accuracy>
<heading>34.66261672973633</heading>
<satellites>0</satellites>
<vAccuracy>0.6691277623176575</vAccuracy>
</extensions>
</trkpt>
<trkpt lat="41.9786746" lon="2.8077862000000096">
<ele>75.54908580904063</ele>
<time>2026-08-23T14:34:40.386Z</time>
<speed>1.478373784890587</speed>
<extensions>
<accuracy>4.427999973297119</accuracy>
<heading>35.662261962890625</heading>
<satellites>0</satellites>
<vAccuracy>0.6877002120018005</vAccuracy>
</extensions>
</trkpt>
<trkpt lat="41.9786886" lon="2.807815000000005">
<ele>75.64765711704435</ele>
<time>2026-08-23T14:34:42.388Z</time>
<speed>1.3906703904122912</speed>
<extensions>
<accuracy>4.3979997634887695</accuracy>
<heading>37.924903869628906</heading>
<satellites>0</satellites>
<vAccuracy>0.6962210536003113</vAccuracy>
</extensions>
</trkpt>
<trkpt lat="41.9787005" lon="2.807853999999992">
<ele>75.75020232790679</ele>
<time>2026-08-23T14:34:44.403Z</time>
<speed>1.4477803532125817</speed>
<extensions>
<accuracy>4.474999904632568</accuracy>
<heading>42.40864944458008</heading>
<satellites>0</satellites>
<vAccuracy>0.7121505737304688</vAccuracy>
</extensions>
</trkpt>
<trkpt lat="41.9787021" lon="2.8078942999999867">
<ele>75.83784176582759</ele>
<time>2026-08-23T14:34:46.420Z</time>
<speed>1.5295967424595975</speed>
<extensions>
<accuracy>3.9560000896453857</accuracy>
<heading>59.82539749145508</heading>
<satellites>0</satellites>
<vAccuracy>0.7168142199516296</vAccuracy>
</extensions>
</trkpt>
<trkpt lat="41.9787118" lon="2.8079202000000123">
<ele>75.88523805373507</ele>
<time>2026-08-23T14:34:48.243Z</time>
<speed>1.5240883114573718</speed>
<extensions>
<accuracy>3.3589999675750732</accuracy>
<heading>57.4083366394043</heading>
<satellites>0</satellites>
<vAccuracy>0.7235063910484314</vAccuracy>
</extensions>
</trkpt>
<trkpt lat="41.9787216" lon="2.8079435999999873">
<ele>75.91715250399176</ele>
<time>2026-08-23T14:34:50.202Z</time>
<speed>1.4504981052906667</speed>
<extensions>
<accuracy>3.0</accuracy>
<heading>74.3786849975586</heading>
<satellites>0</satellites>
<vAccuracy>0.7423169612884521</vAccuracy>
</extensions>
</trkpt>
<trkpt lat="41.9787389" lon="2.807967600000012">
<ele>75.92566730155202</ele>
<time>2026-08-23T14:34:52.225Z</time>
<speed>1.4395333325685398</speed>
<extensions>
<accuracy>3.009999990463257</accuracy>
<heading>74.07218170166016</heading>
<satellites>0</satellites>
<vAccuracy>0.6148040890693665</vAccuracy>
</extensions>
</trkpt>
<trkpt lat="41.9787562" lon="2.807964599999991">
<ele>75.88994408429863</ele>
<time>2026-08-23T14:34:54.265Z</time>
<speed>1.2838036902855943</speed>
<extensions>
<accuracy>3.010999917984009</accuracy>
<heading>50.780704498291016</heading>
<satellites>0</satellites>
<vAccuracy>0.629677951335907</vAccuracy>
</extensions>
</trkpt>
<trkpt lat="41.9787625" lon="2.807964999999996">
<ele>75.87873221078688</ele>
<time>2026-08-23T14:34:56.304Z</time>
<speed>1.0218038555430744</speed>
<extensions>
<accuracy>3.052000045776367</accuracy>
<heading>49.79758834838867</heading>
<satellites>0</satellites>
<vAccuracy>0.6498016715049744</vAccuracy>
</extensions>
</trkpt>
<trkpt lat="41.9787785" lon="2.807985300000013">
<ele>75.85889213887137</ele>
<time>2026-08-23T14:34:58.358Z</time>
<speed>0.9969319536253186</speed>
<extensions>
<accuracy>3.072000026702881</accuracy>
<heading>44.022666931152344</heading>
<satellites>0</satellites>
<vAccuracy>0.5871695280075073</vAccuracy>
</extensions>
</trkpt>
<trkpt lat="41.9787953" lon="2.808006199999994">
<ele>75.82266633147685</ele>
<time>2026-08-23T14:35:00.318Z</time>
<speed>1.0299150409587976</speed>
<extensions>
<accuracy>3.069999933242798</accuracy>
<heading>44.3419075012207</heading>
<satellites>0</satellites>
<vAccuracy>0.597313642501831</vAccuracy>
</extensions>
</trkpt>
<trkpt lat="41.9788147" lon="2.8080297999999857">
<ele>75.76182339825363</ele>
<time>2026-08-23T14:35:02.380Z</time>
<speed>1.0388186357443647</speed>
<extensions>
<accuracy>3.0820000171661377</accuracy>
<heading>41.48772048950195</heading>
<satellites>0</satellites>
<vAccuracy>0.6149163842201233</vAccuracy>
</extensions>
</trkpt>
<trkpt lat="41.9788343" lon="2.8080505000000073">
<ele>75.68229892399441</ele>
<time>2026-08-23T14:35:04.362Z</time>
<speed>1.12826591385898</speed>
<extensions>
<accuracy>3.188999891281128</accuracy>
<heading>37.823246002197266</heading>
<satellites>0</satellites>
<vAccuracy>0.6423702836036682</vAccuracy>
</extensions>
</trkpt>
<trkpt lat="41.9788554" lon="2.8080764000000045">
<ele>75.92609097603811</ele>
<time>2026-08-23T14:35:06.385Z</time>
<speed>1.3734862099381056</speed>
<extensions>
<accuracy>3.433000087738037</accuracy>
<heading>41.009098052978516</heading>
<satellites>0</satellites>
<vAccuracy>0.653386652469635</vAccuracy>
</extensions>
</trkpt>
<trkpt lat="41.978877" lon="2.8081014999999923">
<ele>76.79511007680397</ele>
<time>2026-08-23T14:35:08.464Z</time>
<speed>1.4406812631079695</speed>
<extensions>
<accuracy>3.6710000038146973</accuracy>
<heading>36.66733169555664</heading>
<satellites>0</satellites>
<vAccuracy>0.6937309503555298</vAccuracy>
</extensions>
</trkpt>
<trkpt lat="41.9788965" lon="2.8081266000000085">
<ele>77.63275920778511</ele>
<time>2026-08-23T14:35:10.479Z</time>
<speed>1.4789115382761377</speed>
<extensions>
<accuracy>3.7269999980926514</accuracy>
<heading>38.333744049072266</heading>
<satellites>0</satellites>
<vAccuracy>0.6375846266746521</vAccuracy>
</extensions>
</trkpt>
<trkpt lat="41.9789167" lon="2.808151600000002">
<ele>78.42011818356922</ele>
<time>2026-08-23T14:35:12.438Z</time>
<speed>1.5084155169189288</speed>
<extensions>
<accuracy>3.759000062942505</accuracy>
<heading>30.346845626831055</heading>
<satellites>0</satellites>
<vAccuracy>0.6452298164367676</vAccuracy>
</extensions>
</trkpt>
<trkpt lat="41.9789425" lon="2.8081636999999944">
<ele>78.72257176182804</ele>
<time>2026-08-23T14:35:14.404Z</time>
<speed>1.5378853082305664</speed>
<extensions>
<accuracy>3.805000066757202</accuracy>
<heading>6.001012802124023</heading>
<satellites>0</satellites>
<vAccuracy>0.6584658026695251</vAccuracy>
</extensions>
</trkpt>
<trkpt lat="41.9789679" lon="2.808165900000006">
<ele>78.69218036206735</ele>
<time>2026-08-23T14:35:16.420Z</time>
<speed>1.5046493958274683</speed>
<extensions>
<accuracy>3.930000066757202</accuracy>
<heading>348.9921875</heading>
<satellites>0</satellites>
<vAccuracy>0.6485426425933838</vAccuracy>
</extensions>
</trkpt>
<trkpt lat="41.9789894" lon="2.808164599999998">
<ele>78.56778531218814</ele>
<time>2026-08-23T14:35:18.482Z</time>
<speed>1.4314371177460434</speed>
<extensions>
<accuracy>4.177999973297119</accuracy>
<heading>340.8625793457031</heading>
<satellites>0</satellites>
<vAccuracy>0.652376115322113</vAccuracy>
</extensions>
</trkpt>
<trkpt lat="41.9790064" lon="2.8081722999999954">
<ele>78.72581026136413</ele>
<time>2026-08-23T14:35:20.449Z</time>
<speed>1.3363715205226483</speed>
<extensions>
<accuracy>4.431000232696533</accuracy>
<heading>339.8995361328125</heading>
<satellites>0</satellites>
<vAccuracy>0.6842190623283386</vAccuracy>
</extensions>
</trkpt>
<trkpt lat="41.9790289" lon="2.8081861999999944">
<ele>79.02098137786375</ele>
<time>2026-08-23T14:35:22.463Z</time>
<speed>1.2981646086597758</speed>
<extensions>
<accuracy>4.539000034332275</accuracy>
<heading>347.0176086425781</heading>
<satellites>0</satellites>
<vAccuracy>0.826624870300293</vAccuracy>
</extensions>
</trkpt>
<trkpt lat="41.9790497" lon="2.8081934999999874">
<ele>79.11755962775149</ele>
<time>2026-08-23T14:35:24.478Z</time>
<speed>1.2263398457524686</speed>
<extensions>
<accuracy>4.480999946594238</accuracy>
<heading>351.4689025878906</heading>
<satellites>0</satellites>
<vAccuracy>0.9067299365997314</vAccuracy>
</extensions>
</trkpt>
<trkpt lat="41.9790715" lon="2.8081947999999954">
<ele>79.03752396981245</ele>
<time>2026-08-23T14:35:26.324Z</time>
<speed>1.2084512312952578</speed>
<extensions>
<accuracy>4.4679999351501465</accuracy>
<heading>352.81341552734375</heading>
<satellites>0</satellites>
<vAccuracy>0.9168579578399658</vAccuracy>
</extensions>
</trkpt>
<trkpt lat="41.9790952" lon="2.8081908999999996">
<ele>78.81411350674682</ele>
<time>2026-08-23T14:35:28.346Z</time>
<speed>1.2389441046110345</speed>
<extensions>
<accuracy>4.519000053405762</accuracy>
<heading>351.1356506347656</heading>
<satellites>0</satellites>
<vAccuracy>0.9222307801246643</vAccuracy>
</extensions>
</trkpt>
<trkpt lat="41.9791211" lon="2.808177900000004">
<ele>78.37042988125602</ele>
<time>2026-08-23T14:35:30.359Z</time>
<speed>1.341543139522557</speed>
<extensions>
<accuracy>4.5</accuracy>
<heading>345.1915588378906</heading>
<satellites>0</satellites>
<vAccuracy>0.7035712003707886</vAccuracy>
</extensions>
</trkpt>
<trkpt lat="41.9791454" lon="2.8081655999999953">
<ele>77.85857878695829</ele>
<time>2026-08-23T14:35:32.404Z</time>
<speed>1.3504927326794651</speed>
<extensions>
<accuracy>4.495999813079834</accuracy>
<heading>349.9747619628906</heading>
<satellites>0</satellites>
<vAccuracy>0.724206805229187</vAccuracy>
</extensions>
</trkpt>
<trkpt lat="41.9791746" lon="2.808155699999986">
<ele>77.07980441008891</ele>
<time>2026-08-23T14:35:34.442Z</time>
<speed>1.4418442496021937</speed>
<extensions>
<accuracy>4.369999885559082</accuracy>
<heading>351.40875244140625</heading>
<satellites>0</satellites>
<vAccuracy>0.7228537201881409</vAccuracy>
</extensions>
</trkpt>
<trkpt lat="41.9792022" lon="2.8081473000000017">
<ele>76.39839408170987</ele>
<time>2026-08-23T14:35:36.463Z</time>
<speed>1.4903443127815006</speed>
<extensions>
<accuracy>4.2270002365112305</accuracy>
<heading>351.97869873046875</heading>
<satellites>0</satellites>
<vAccuracy>0.7246781587600708</vAccuracy>
</extensions>
</trkpt>
<trkpt lat="41.9792339" lon="2.8081373999999926">
<ele>75.6511680262962</ele>
<time>2026-08-23T14:35:38.484Z</time>
<speed>1.5858391047632958</speed>
<extensions>
<accuracy>4.214000225067139</accuracy>
<heading>354.2420654296875</heading>
<satellites>0</satellites>
<vAccuracy>0.746766984462738</vAccuracy>
</extensions>
</trkpt>
<trkpt lat="41.979262" lon="2.808127500000012">
<ele>75.00870693432188</ele>
<time>2026-08-23T14:35:40.386Z</time>
<speed>1.6200730456976167</speed>
<extensions>
<accuracy>4.234000205993652</accuracy>
<heading>357.0509338378906</heading>
<satellites>0</satellites>
<vAccuracy>0.7614810466766357</vAccuracy>
</extensions>
</trkpt>
<trkpt lat="41.9792944" lon="2.808123800000004">
<ele>74.41092102618119</ele>
<time>2026-08-23T14:35:42.480Z</time>
<speed>1.6830629031748616</speed>
<extensions>
<accuracy>4.339000225067139</accuracy>
<heading>7.417356967926025</heading>
<satellites>0</satellites>
<vAccuracy>0.6184693574905396</vAccuracy>
</extensions>
</trkpt>
<trkpt lat="41.9793207" lon="2.8081253999999944">
<ele>73.98631541666983</ele>
<time>2026-08-23T14:35:44.389Z</time>
<speed>1.6611594016981677</speed>
<extensions>
<accuracy>4.492000102996826</accuracy>
<heading>12.88991928100586</heading>
<satellites>0</satellites>
<vAccuracy>0.6233333349227905</vAccuracy>
</extensions>
</trkpt>
<trkpt lat="41.9793499" lon="2.8081294000000128">
<ele>73.52697608453407</ele>
<time>2026-08-23T14:35:46.403Z</time>
<speed>1.6738738469461698</speed>
<extensions>
<accuracy>4.6479997634887695</accuracy>
<heading>19.661771774291992</heading>
<satellites>0</satellites>
<vAccuracy>0.6102391481399536</vAccuracy>
</extensions>
</trkpt>
<trkpt lat="41.9793812" lon="2.8081486000000098">
<ele>73.11116235781351</ele>
<time>2026-08-23T14:35:48.417Z</time>
<speed>1.6956306678104331</speed>
<extensions>
<accuracy>4.581999778747559</accuracy>
<heading>31.15648078918457</heading>
<satellites>0</satellites>
<vAccuracy>0.746558427810669</vAccuracy>
</extensions>
</trkpt>
<trkpt lat="41.9794065" lon="2.8081630000000075">
<ele>72.70915883300982</ele>
<time>2026-08-23T14:35:50.431Z</time>
<speed>1.6593373414225039</speed>
<extensions>
<accuracy>4.46999979019165</accuracy>
<heading>33.952980041503906</heading>
<satellites>0</satellites>
<vAccuracy>0.7659337520599365</vAccuracy>
</extensions>
</trkpt>
<trkpt lat="41.9794336" lon="2.8081787000000134">
<ele>72.59140335764653</ele>
<time>2026-08-23T14:35:52.386Z</time>
<speed>1.6496486287391285</speed>
<extensions>
<accuracy>4.367000102996826</accuracy>
<heading>18.06474494934082</heading>
<satellites>0</satellites>
<vAccuracy>0.7720947265625</vAccuracy>
</extensions>
</trkpt>
<trkpt lat="41.9794623" lon="2.8081804999999918">
<ele>72.60380426578921</ele>
<time>2026-08-23T14:35:54.386Z</time>
<speed>1.6624284822067668</speed>
<extensions>
<accuracy>4.23199987411499</accuracy>
<heading>358.56988525390625</heading>
<satellites>0</satellites>
<vAccuracy>0.7214213609695435</vAccuracy>
</extensions>
</trkpt>
<trkpt lat="41.9794839" lon="2.8081945000000132">
<ele>72.67194829424477</ele>
<time>2026-08-23T14:35:56.386Z</time>
<speed>1.60493556955922</speed>
<extensions>
<accuracy>4.248000144958496</accuracy>
<heading>8.404437065124512</heading>
<satellites>0</satellites>
<vAccuracy>0.7221375703811646</vAccuracy>
</extensions>
</trkpt>
<trkpt lat="41.9795069" lon="2.808224200000012">
<ele>72.82226334271067</ele>
<time>2026-08-23T14:35:58.386Z</time>
<speed>1.5795876144892869</speed>
<extensions>
<accuracy>4.624000072479248</accuracy>
<heading>39.740867614746094</heading>
<satellites>0</satellites>
<vAccuracy>0.705919086933136</vAccuracy>
</extensions>
</trkpt>
<trkpt lat="41.9795254" lon="2.8082622999999955">
<ele>73.02382354076639</ele>
<time>2026-08-23T14:36:00.391Z</time>
<speed>1.6514715690497326</speed>
<extensions>
<accuracy>4.935999870300293</accuracy>
<heading>41.36176681518555</heading>
<satellites>0</satellites>
<vAccuracy>0.7278795838356018</vAccuracy>
</extensions>
</trkpt>
<trkpt lat="41.9795385" lon="2.8083091000000024">
<ele>73.27642659359452</ele>
<time>2026-08-23T14:36:02.405Z</time>
<speed>1.7263171574972638</speed>
<extensions>
<accuracy>4.938000202178955</accuracy>
<heading>49.13390350341797</heading>
<satellites>0</satellites>
<vAccuracy>0.8075287938117981</vAccuracy>
</extensions>
</trkpt>
<trkpt lat="41.9795501" lon="2.808346300000011">
<ele>73.49372272081594</ele>
<time>2026-08-23T14:36:04.419Z</time>
<speed>1.7379775075514345</speed>
<extensions>
<accuracy>4.820000171661377</accuracy>
<heading>54.05799102783203</heading>
<satellites>0</satellites>
<vAccuracy>0.8137211799621582</vAccuracy>
</extensions>
</trkpt>
<trkpt lat="41.979563" lon="2.8083803000000103">
<ele>73.83896638791609</ele>
<time>2026-08-23T14:36:06.433Z</time>
<speed>1.7847119686456783</speed>
<extensions>
<accuracy>4.533999919891357</accuracy>
<heading>57.22421646118164</heading>
<satellites>0</satellites>
<vAccuracy>0.8090630173683167</vAccuracy>
</extensions>
</trkpt>
<trkpt lat="41.9795757" lon="2.808411199999995">
<ele>74.15051493508865</ele>
<time>2026-08-23T14:36:08.446Z</time>
<speed>1.7201755694256626</speed>
<extensions>
<accuracy>4.265999794006348</accuracy>
<heading>53.08014678955078</heading>
<satellites>0</satellites>
<vAccuracy>0.9176311492919922</vAccuracy>
</extensions>
</trkpt>
<trkpt lat="41.9795902" lon="2.8084393000000034">
<ele>74.43446088543678</ele>
<time>2026-08-23T14:36:10.460Z</time>
<speed>1.6257315555686234</speed>
<extensions>
<accuracy>4.183000087738037</accuracy>
<heading>53.6119499206543</heading>
<satellites>0</satellites>
<vAccuracy>0.9508397579193115</vAccuracy>
</extensions>
</trkpt>
<trkpt lat="41.9796052" lon="2.808464799999996">
<ele>74.69096569521639</ele>
<time>2026-08-23T14:36:12.386Z</time>
<speed>1.494358430176904</speed>
<extensions>
<accuracy>4.074999809265137</accuracy>
<heading>46.92839431762695</heading>
<satellites>0</satellites>
<vAccuracy>1.0074617862701416</vAccuracy>
</extensions>
</trkpt>
<trkpt lat="41.9796202" lon="2.8084962000000075">
<ele>74.99818042908596</ele>
<time>2026-08-23T14:36:14.386Z</time>
<speed>1.4717471907283295</speed>
<extensions>
<accuracy>4.020999908447266</accuracy>
<heading>45.231971740722656</heading>
<satellites>0</satellites>
<vAccuracy>1.016547441482544</vAccuracy>
</extensions>
</trkpt>
<trkpt lat="41.9796407" lon="2.8085245999999984">
<ele>75.27846630177227</ele>
<time>2026-08-23T14:36:16.390Z</time>
<speed>1.4849701293899407</speed>
<extensions>
<accuracy>4.089000225067139</accuracy>
<heading>39.90835952758789</heading>
<satellites>0</satellites>
<vAccuracy>0.8160298466682434</vAccuracy>
</extensions>
</trkpt>
<trkpt lat="41.9796649" lon="2.8085457999999903">
<ele>75.49124925581052</ele>
<time>2026-08-23T14:36:18.404Z</time>
<speed>1.5138849350227834</speed>
<extensions>
<accuracy>4.334000110626221</accuracy>
<heading>22.16598129272461</heading>
<satellites>0</satellites>
<vAccuracy>0.8777498006820679</vAccuracy>
</extensions>
</trkpt>
<trkpt lat="41.9796894" lon="2.8085643999999945">
<ele>75.676249185645</ele>
<time>2026-08-23T14:36:20.416Z</time>
<speed>1.5440521848407034</speed>
<extensions>
<accuracy>4.545000076293945</accuracy>
<heading>32.65047073364258</heading>
<satellites>0</satellites>
<vAccuracy>0.8298660516738892</vAccuracy>
</extensions>
</trkpt>
<trkpt lat="41.9797093" lon="2.808591299999989">
<ele>75.78583938164314</ele>
<time>2026-08-23T14:36:22.431Z</time>
<speed>1.5762941999916924</speed>
<extensions>
<accuracy>4.802000045776367</accuracy>
<heading>27.88119125366211</heading>
<satellites>0</satellites>
<vAccuracy>0.8170590400695801</vAccuracy>
</extensions>
</trkpt>
<trkpt lat="41.9797312" lon="2.808613600000001">
<ele>75.77296123435083</ele>
<time>2026-08-23T14:36:24.446Z</time>
<speed>1.5709113717717051</speed>
<extensions>
<accuracy>5.046000003814697</accuracy>
<heading>16.2672119140625</heading>
<satellites>0</satellites>
<vAccuracy>0.7979616522789001</vAccuracy>
</extensions>
</trkpt>
<trkpt lat="41.9797529" lon="2.808630700000009">
<ele>75.6633249298696</ele>
<time>2026-08-23T14:36:26.460Z</time>
<speed>1.52204922776136</speed>
<extensions>
<accuracy>5.164000034332275</accuracy>
<heading>14.613170623779297</heading>
<satellites>0</satellites>
<vAccuracy>0.8836296796798706</vAccuracy>
</extensions>
</trkpt>
<trkpt lat="41.9797771" lon="2.808648099999999">
<ele>75.47198441944077</ele>
<time>2026-08-23T14:36:28.474Z</time>
<speed>1.5061565109549768</speed>
<extensions>
<accuracy>5.215000152587891</accuracy>
<heading>11.073446273803711</heading>
<satellites>0</satellites>
<vAccuracy>0.8183429837226868</vAccuracy>
</extensions>
</trkpt>
<trkpt lat="41.9798012" lon="2.8086718000000133">
<ele>75.28091451222565</ele>
<time>2026-08-23T14:36:30.386Z</time>
<speed>1.542433495272639</speed>
<extensions>
<accuracy>5.052000045776367</accuracy>
<heading>15.177999496459961</heading>
<satellites>0</satellites>
<vAccuracy>0.8227940797805786</vAccuracy>
</extensions>
</trkpt>
<trkpt lat="41.9798293" lon="2.8086857000000123">
<ele>75.01508125181954</ele>
<time>2026-08-23T14:36:32.391Z</time>
<speed>1.5631542576462771</speed>
<extensions>
<accuracy>4.705999851226807</accuracy>
<heading>12.40349292755127</heading>
<satellites>0</satellites>
<vAccuracy>0.7497869729995728</vAccuracy>
</extensions>
</trkpt>
<trkpt lat="41.9798538" lon="2.808695">
<ele>74.77026284722889</ele>
<time>2026-08-23T14:36:34.404Z</time>
<speed>1.5412498543926356</speed>
<extensions>
<accuracy>4.375999927520752</accuracy>
<heading>12.036844253540039</heading>
<satellites>0</satellites>
<vAccuracy>0.9182150363922119</vAccuracy>
</extensions>
</trkpt>
<trkpt lat="41.9798807" lon="2.8087050000000033">
<ele>74.49320579986082</ele>
<time>2026-08-23T14:36:36.419Z</time>
<speed>1.5715634877605562</speed>
<extensions>
<accuracy>4.189000129699707</accuracy>
<heading>15.209854125976562</heading>
<satellites>0</satellites>
<vAccuracy>0.9354702830314636</vAccuracy>
</extensions>
</trkpt>
<trkpt lat="41.9799093" lon="2.808717300000012">
<ele>74.18999034081865</ele>
<time>2026-08-23T14:36:38.433Z</time>
<speed>1.600120131277726</speed>
<extensions>
<accuracy>4.008999824523926</accuracy>
<heading>24.773216247558594</heading>
<satellites>0</satellites>
<vAccuracy>0.8224066495895386</vAccuracy>
</extensions>
</trkpt>
<trkpt lat="41.9799324" lon="2.8087356000000057">
<ele>73.93649078693409</ele>
<time>2026-08-23T14:36:40.447Z</time>
<speed>1.5489109445195588</speed>
<extensions>
<accuracy>4.041999816894531</accuracy>
<heading>34.604610443115234</heading>
<satellites>0</satellites>
<vAccuracy>0.7920910120010376</vAccuracy>
</extensions>
</trkpt>
<trkpt lat="41.979957" lon="2.8087548000000027">
<ele>73.65230780917949</ele>
<time>2026-08-23T14:36:42.461Z</time>
<speed>1.5308759309742637</speed>
<extensions>
<accuracy>4.125</accuracy>
<heading>31.689773559570312</heading>
<satellites>0</satellites>
<vAccuracy>0.8070133924484253</vAccuracy>
</extensions>
</trkpt>
<trkpt lat="41.9799839" lon="2.8087687000000017">
<ele>73.45473878169038</ele>
<time>2026-08-23T14:36:44.385Z</time>
<speed>1.5827178112618625</speed>
<extensions>
<accuracy>4.0920000076293945</accuracy>
<heading>25.4041805267334</heading>
<satellites>0</satellites>
<vAccuracy>0.657782256603241</vAccuracy>
</extensions>
</trkpt>
<trkpt lat="41.9800107" lon="2.8087831999999935">
<ele>73.4277854737689</ele>
<time>2026-08-23T14:36:46.386Z</time>
<speed>1.5957442209312045</speed>
<extensions>
<accuracy>3.7049999237060547</accuracy>
<heading>21.849544525146484</heading>
<satellites>0</satellites>
<vAccuracy>0.664451539516449</vAccuracy>
</extensions>
</trkpt>
<trkpt lat="41.9800391" lon="2.80879920000001">
<ele>73.42095289066357</ele>
<time>2026-08-23T14:36:48.392Z</time>
<speed>1.6055363557185554</speed>
<extensions>
<accuracy>3.260999917984009</accuracy>
<heading>24.40492820739746</heading>
<satellites>0</satellites>
<vAccuracy>0.7521544694900513</vAccuracy>
</extensions>
</trkpt>
<trkpt lat="41.980063" lon="2.808820300000008">
<ele>73.44469654785651</ele>
<time>2026-08-23T14:36:50.407Z</time>
<speed>1.6250266927354389</speed>
<extensions>
<accuracy>3.0490000247955322</accuracy>
<heading>15.63878059387207</heading>
<satellites>0</satellites>
<vAccuracy>0.8165484666824341</vAccuracy>
</extensions>
</trkpt>
<trkpt lat="41.9800929" lon="2.8088285999999982">
<ele>73.46792497206222</ele>
<time>2026-08-23T14:36:52.423Z</time>
<speed>1.6477621151548518</speed>
<extensions>
<accuracy>3.13700008392334</accuracy>
<heading>15.43056869506836</heading>
<satellites>0</satellites>
<vAccuracy>0.8308488130569458</vAccuracy>
</extensions>
</trkpt>
<trkpt lat="41.980118" lon="2.80884420000001">
<ele>73.52230889887238</ele>
<time>2026-08-23T14:36:54.327Z</time>
<speed>1.6376318860878294</speed>
<extensions>
<accuracy>3.493000030517578</accuracy>
<heading>22.24314308166504</heading>
<satellites>0</satellites>
<vAccuracy>0.7216632962226868</vAccuracy>
</extensions>
</trkpt>
<trkpt lat="41.9801476" lon="2.808868799999999">
<ele>73.63427569954942</ele>
<time>2026-08-23T14:36:56.454Z</time>
<speed>1.6803738874175442</speed>
<extensions>
<accuracy>4.085999965667725</accuracy>
<heading>23.27074432373047</heading>
<satellites>0</satellites>
<vAccuracy>1.0194954872131348</vAccuracy>
</extensions>
</trkpt>
<trkpt lat="41.9801733" lon="2.8088927000000012">
<ele>73.77185068054212</ele>
<time>2026-08-23T14:36:58.386Z</time>
<speed>1.6986656067815273</speed>
<extensions>
<accuracy>4.204999923706055</accuracy>
<heading>15.393061637878418</heading>
<satellites>0</satellites>
<vAccuracy>0.9964450597763062</vAccuracy>
</extensions>
</trkpt>
<trkpt lat="41.9802009" lon="2.808908500000001">
<ele>73.87918597246446</ele>
<time>2026-08-23T14:37:00.386Z</time>
<speed>1.7166864924703924</speed>
<extensions>
<accuracy>4.114999771118164</accuracy>
<heading>11.722044944763184</heading>
<satellites>0</satellites>
<vAccuracy>1.0727673768997192</vAccuracy>
</extensions>
</trkpt>
<trkpt lat="41.9802301" lon="2.8089213000000086">
<ele>73.95115853695306</ele>
<time>2026-08-23T14:37:02.386Z</time>
<speed>1.7213961622792562</speed>
<extensions>
<accuracy>4.043000221252441</accuracy>
<heading>11.556904792785645</heading>
<satellites>0</satellites>
<vAccuracy>0.9155133366584778</vAccuracy>
</extensions>
</trkpt>
<trkpt lat="41.9802555" lon="2.808933499999995">
<ele>73.99556138340242</ele>
<time>2026-08-23T14:37:04.386Z</time>
<speed>1.698345253825815</speed>
<extensions>
<accuracy>4.089000225067139</accuracy>
<heading>0.5083475112915039</heading>
<satellites>0</satellites>
<vAccuracy>0.9236051440238953</vAccuracy>
</extensions>
</trkpt>
<trkpt lat="41.9802851" lon="2.8089284000000134">
<ele>73.99318375217602</ele>
<time>2026-08-23T14:37:06.417Z</time>
<speed>1.6613221224211099</speed>
<extensions>
<accuracy>4.38100004196167</accuracy>
<heading>342.080322265625</heading>
<satellites>0</satellites>
<vAccuracy>0.7722929120063782</vAccuracy>
</extensions>
</trkpt>
<trkpt lat="41.9803056" lon="2.8089337000000114">
<ele>73.99714321408082</ele>
<time>2026-08-23T14:37:08.386Z</time>
<speed>1.5374603064707857</speed>
<extensions>
<accuracy>4.520999908447266</accuracy>
<heading>353.38421630859375</heading>
<satellites>0</satellites>
<vAccuracy>0.772822380065918</vAccuracy>
</extensions>
</trkpt>
<trkpt lat="41.9803322" lon="2.8089352000000076">
<ele>73.99883357604374</ele>
<time>2026-08-23T14:37:10.451Z</time>
<speed>1.490648575836477</speed>
<extensions>
<accuracy>4.59499979019165</accuracy>
<heading>353.0453186035156</heading>
<satellites>0</satellites>
<vAccuracy>0.7823241949081421</vAccuracy>
</extensions>
</trkpt>
<trkpt lat="41.9803619" lon="2.808947499999988">
<ele>74.00704180750033</ele>
<time>2026-08-23T14:37:12.385Z</time>
<speed>1.5064925204812876</speed>
<extensions>
<accuracy>4.4019999504089355</accuracy>
<heading>4.041885852813721</heading>
<satellites>0</satellites>
<vAccuracy>0.9542234539985657</vAccuracy>
</extensions>
</trkpt>
<trkpt lat="41.9803896" lon="2.808951400000012">
<ele>74.00995163073874</ele>
<time>2026-08-23T14:37:14.386Z</time>
<speed>1.516131393256075</speed>
<extensions>
<accuracy>4.191999912261963</accuracy>
<heading>9.715332984924316</heading>
<satellites>0</satellites>
<vAccuracy>0.9433937668800354</vAccuracy>
</extensions>
</trkpt>
<trkpt lat="41.9804169" lon="2.8089490000000126">
<ele>74.00914091829476</ele>
<time>2026-08-23T14:37:16.387Z</time>
<speed>1.493428120971223</speed>
<extensions>
<accuracy>3.997999906539917</accuracy>
<heading>357.6092834472656</heading>
<satellites>0</satellites>
<vAccuracy>0.8804241418838501</vAccuracy>
</extensions>
</trkpt>
<trkpt lat="41.9804453" lon="2.808951400000012">
<ele>74.01110493471535</ele>
<time>2026-08-23T14:37:18.405Z</time>
<speed>1.5712460558045278</speed>
<extensions>
<accuracy>3.9709999561309814</accuracy>
<heading>3.3909614086151123</heading>
<satellites>0</satellites>
<vAccuracy>0.8881243467330933</vAccuracy>
</extensions>
</trkpt>
<trkpt lat="41.9804731" lon="2.808955300000008">
<ele>74.01381400870216</ele>
<time>2026-08-23T14:37:20.421Z</time>
<speed>1.592857821990479</speed>
<extensions>
<accuracy>3.937999963760376</accuracy>
<heading>11.493691444396973</heading>
<satellites>0</satellites>
<vAccuracy>0.842898428440094</vAccuracy>
</extensions>
</trkpt>
<trkpt lat="41.9805004" lon="2.8089643000000137">
<ele>74.01913793564131</ele>
<time>2026-08-23T14:37:22.385Z</time>
<speed>1.5537945392242052</speed>
<extensions>
<accuracy>3.6040000915527344</accuracy>
<heading>9.25053596496582</heading>
<satellites>0</satellites>
<vAccuracy>0.9666135311126709</vAccuracy>
</extensions>
</trkpt>
<trkpt lat="41.9805276" lon="2.808964599999996">
<ele>74.0196934980264</ele>
<time>2026-08-23T14:37:24.386Z</time>
<speed>1.546566151923171</speed>
<extensions>
<accuracy>3.246000051498413</accuracy>
<heading>7.523103713989258</heading>
<satellites>0</satellites>
<vAccuracy>0.999870777130127</vAccuracy>
</extensions>
</trkpt>
<trkpt lat="41.9805571" lon="2.8089634000000103">
<ele>73.81405667079646</ele>
<time>2026-08-23T14:37:26.386Z</time>
<speed>1.5706834621540864</speed>
<extensions>
<accuracy>3.003000020980835</accuracy>
<heading>4.881503105163574</heading>
<satellites>0</satellites>
<vAccuracy>0.8839446902275085</vAccuracy>
</extensions>
</trkpt>
<trkpt lat="41.9805839" lon="2.8089596000000085">
<ele>73.6159225846418</ele>
<time>2026-08-23T14:37:28.386Z</time>
<speed>1.5567429234145342</speed>
<extensions>
<accuracy>3.1010000705718994</accuracy>
<heading>5.879593849182129</heading>
<satellites>0</satellites>
<vAccuracy>0.8197318315505981</vAccuracy>
</extensions>
</trkpt>
<trkpt lat="41.9806105" lon="2.8089578000000017">
<ele>73.41954789082637</ele>
<time>2026-08-23T14:37:30.390Z</time>
<speed>1.5439726515575043</speed>
<extensions>
<accuracy>3.319000005722046</accuracy>
<heading>359.8354797363281</heading>
<satellites>0</satellites>
<vAccuracy>0.738812267780304</vAccuracy>
</extensions>
</trkpt>
<trkpt lat="41.9806381" lon="2.808952599999998">
<ele>73.20529365966752</ele>
<time>2026-08-23T14:37:32.406Z</time>
<speed>1.533132658621886</speed>
<extensions>
<accuracy>3.562000036239624</accuracy>
<heading>358.28094482421875</heading>
<satellites>0</satellites>
<vAccuracy>0.7744866013526917</vAccuracy>
</extensions>
</trkpt>
<trkpt lat="41.9806646" lon="2.808950100000004">
<ele>73.00217596297831</ele>
<time>2026-08-23T14:37:34.422Z</time>
<speed>1.523869349563979</speed>
<extensions>
<accuracy>3.691999912261963</accuracy>
<heading>0.4779682159423828</heading>
<satellites>0</satellites>
<vAccuracy>0.7965584397315979</vAccuracy>
</extensions>
</trkpt>
<trkpt lat="41.9806904" lon="2.80895000000001">
<ele>72.81034582992996</ele>
<time>2026-08-23T14:37:36.438Z</time>
<speed>1.480301622713744</speed>
<extensions>
<accuracy>3.753000020980835</accuracy>
<heading>2.8432068824768066</heading>
<satellites>0</satellites>
<vAccuracy>0.8710340857505798</vAccuracy>
</extensions>
</trkpt>
<trkpt lat="41.9807158" lon="2.8089482000000032">
<ele>72.61452273690905</ele>
<time>2026-08-23T14:37:38.386Z</time>
<speed>1.471024938327584</speed>
<extensions>
<accuracy>3.743000030517578</accuracy>
<heading>359.65631103515625</heading>
<satellites>0</satellites>
<vAccuracy>0.8812040090560913</vAccuracy>
</extensions>
</trkpt>
<trkpt lat="41.9807399" lon="2.8089483999999914">
<ele>72.43570354010974</ele>
<time>2026-08-23T14:37:40.385Z</time>
<speed>1.443582501981992</speed>
<extensions>
<accuracy>3.7690000534057617</accuracy>
<heading>1.2423099279403687</heading>
<satellites>0</satellites>
<vAccuracy>0.7614863514900208</vAccuracy>
</extensions>
</trkpt>
<trkpt lat="41.9807644" lon="2.808944800000006">
<ele>72.23526893829886</ele>
<time>2026-08-23T14:37:42.204Z</time>
<speed>1.4374657511122735</speed>
<extensions>
<accuracy>3.7880001068115234</accuracy>
<heading>357.836669921875</heading>
<satellites>0</satellites>
<vAccuracy>0.7812378406524658</vAccuracy>
</extensions>
</trkpt>
<trkpt lat="41.9807917" lon="2.8089430999999934">
<ele>72.0206554510002</ele>
<time>2026-08-23T14:37:44.203Z</time>
<speed>1.4484590805047095</speed>
<extensions>
<accuracy>3.7869999408721924</accuracy>
<heading>1.7787480354309082</heading>
<satellites>0</satellites>
<vAccuracy>1.0297783613204956</vAccuracy>
</extensions>
</trkpt>
<trkpt lat="41.9808189" lon="2.8089391000000035">
<ele>71.95032247775053</ele>
<time>2026-08-23T14:37:46.162Z</time>
<speed>1.4744716114640786</speed>
<extensions>
<accuracy>3.7660000324249268</accuracy>
<heading>353.8210754394531</heading>
<satellites>0</satellites>
<vAccuracy>0.999225378036499</vAccuracy>
</extensions>
</trkpt>
<trkpt lat="41.9808472" lon="2.8089339999999936">
<ele>72.0688131658264</ele>
<time>2026-08-23T14:37:48.122Z</time>
<speed>1.5080673010274348</speed>
<extensions>
<accuracy>3.7669999599456787</accuracy>
<heading>344.4273986816406</heading>
<satellites>0</satellites>
<vAccuracy>1.1400830745697021</vAccuracy>
</extensions>
</trkpt>
<trkpt lat="41.9808741" lon="2.80892750000001">
<ele>72.1637816089975</ele>
<time>2026-08-23T14:37:50.081Z</time>
<speed>1.5502102286037966</speed>
<extensions>
<accuracy>3.7809998989105225</accuracy>
<heading>354.6051330566406</heading>
<satellites>0</satellites>
<vAccuracy>1.154473066329956</vAccuracy>
</extensions>
</trkpt>
<trkpt lat="41.9809054" lon="2.8089220999999895">
<ele>72.2818299715466</ele>
<time>2026-08-23T14:37:52.448Z</time>
<speed>1.5453786700022716</speed>
<extensions>
<accuracy>3.86899995803833</accuracy>
<heading>347.890869140625</heading>
<satellites>0</satellites>
<vAccuracy>0.8004806637763977</vAccuracy>
</extensions>
</trkpt>
<trkpt lat="41.9809344" lon="2.8089319999999987">
<ele>72.51135070704862</ele>
<time>2026-08-23T14:37:54.386Z</time>
<speed>1.5846692372200564</speed>
<extensions>
<accuracy>3.9579999446868896</accuracy>
<heading>7.624520778656006</heading>
<satellites>0</satellites>
<vAccuracy>0.8678064942359924</vAccuracy>
</extensions>
</trkpt>
<trkpt lat="41.980965" lon="2.80893549999999">
<ele>72.70334123431657</ele>
<time>2026-08-23T14:37:56.423Z</time>
<speed>1.6093309349456397</speed>
<extensions>
<accuracy>4.181000232696533</accuracy>
<heading>5.468420505523682</heading>
<satellites>0</satellites>
<vAccuracy>0.8443455100059509</vAccuracy>
</extensions>
</trkpt>
<trkpt lat="41.9809956" lon="2.8089391000000035">
<ele>72.90092908429857</ele>
<time>2026-08-23T14:37:58.398Z</time>
<speed>1.6312373956541495</speed>
<extensions>
<accuracy>4.335999965667725</accuracy>
<heading>6.884387969970703</heading>
<satellites>0</satellites>
<vAccuracy>0.7828384637832642</vAccuracy>
</extensions>
</trkpt>
<trkpt lat="41.9810239" lon="2.808942000000002">
<ele>73.08341392446228</ele>
<time>2026-08-23T14:38:00.381Z</time>
<speed>1.6392743977756554</speed>
<extensions>
<accuracy>4.563000202178955</accuracy>
<heading>7.164771556854248</heading>
<satellites>0</satellites>
<vAccuracy>0.9624636769294739</vAccuracy>
</extensions>
</trkpt>
<trkpt lat="41.9810547" lon="2.8089390000000094">
<ele>73.21776487951367</ele>
<time>2026-08-23T14:38:02.363Z</time>
<speed>1.6892842194462259</speed>
<extensions>
<accuracy>4.511000156402588</accuracy>
<heading>357.32379150390625</heading>
<satellites>0</satellites>
<vAccuracy>0.8719109892845154</vAccuracy>
</extensions>
</trkpt>
<trkpt lat="41.9810847" lon="2.8089338999999995">
<ele>73.31923617574213</ele>
<time>2026-08-23T14:38:04.361Z</time>
<speed>1.6825288872956645</speed>
<extensions>
<accuracy>4.355999946594238</accuracy>
<heading>355.1044921875</heading>
<satellites>0</satellites>
<vAccuracy>0.9335245490074158</vAccuracy>
</extensions>
</trkpt>
<trkpt lat="41.9811122" lon="2.8089323000000093">
<ele>73.31369890457378</ele>
<time>2026-08-23T14:38:06.303Z</time>
<speed>1.6624605100802508</speed>
<extensions>
<accuracy>3.871999979019165</accuracy>
<heading>358.83538818359375</heading>
<satellites>0</satellites>
<vAccuracy>0.9272201657295227</vAccuracy>
</extensions>
</trkpt>
<trkpt lat="41.9811426" lon="2.8089299000000096">
<ele>73.30470543208502</ele>
<time>2026-08-23T14:38:08.277Z</time>
<speed>1.659655981712178</speed>
<extensions>
<accuracy>3.3949999809265137</accuracy>
<heading>357.53985595703125</heading>
<satellites>0</satellites>
<vAccuracy>1.0521252155303955</vAccuracy>
</extensions>
</trkpt>
<trkpt lat="41.9811714" lon="2.8089325999999915">
<ele>73.34329646088999</ele>
<time>2026-08-23T14:38:10.261Z</time>
<speed>1.6649640903192562</speed>
<extensions>
<accuracy>3.010999917984009</accuracy>
<heading>9.831331253051758</heading>
<satellites>0</satellites>
<vAccuracy>0.9935204386711121</vAccuracy>
</extensions>
</trkpt>
<trkpt lat="41.9811994" lon="2.8089410000000044">
<ele>73.41771421576935</ele>
<time>2026-08-23T14:38:12.242Z</time>
<speed>1.640522158767358</speed>
<extensions>
<accuracy>3.0</accuracy>
<heading>30.787921905517578</heading>
<satellites>0</satellites>
<vAccuracy>0.8664252758026123</vAccuracy>
</extensions>
</trkpt>
<trkpt lat="41.9812161" lon="2.808966599999991">
<ele>73.59227666526489</ele>
<time>2026-08-23T14:38:14.224Z</time>
<speed>1.588035378127724</speed>
<extensions>
<accuracy>3.0</accuracy>
<heading>67.30814361572266</heading>
<satellites>0</satellites>
<vAccuracy>0.8032454252243042</vAccuracy>
</extensions>
</trkpt>
<trkpt lat="41.9812345" lon="2.80898719999999">
<ele>73.70096809530659</ele>
<time>2026-08-23T14:38:16.200Z</time>
<speed>1.5422405207243428</speed>
<extensions>
<accuracy>3.0</accuracy>
<heading>64.17671966552734</heading>
<satellites>0</satellites>
<vAccuracy>0.7639570236206055</vAccuracy>
</extensions>
</trkpt>
<trkpt lat="41.9812461" lon="2.8090137000000084">
<ele>73.83022655418453</ele>
<time>2026-08-23T14:38:18.159Z</time>
<speed>1.4586870479966905</speed>
<extensions>
<accuracy>3.072000026702881</accuracy>
<heading>67.23539733886719</heading>
<satellites>0</satellites>
<vAccuracy>0.710914134979248</vAccuracy>
</extensions>
</trkpt>
<trkpt lat="41.9812612" lon="2.8090377999999987">
<ele>73.91121578282326</ele>
<time>2026-08-23T14:38:20.126Z</time>
<speed>1.3999793650989691</speed>
<extensions>
<accuracy>3.359999895095825</accuracy>
<heading>64.33479309082031</heading>
<satellites>0</satellites>
<vAccuracy>0.6849346160888672</vAccuracy>
</extensions>
</trkpt>
<trkpt lat="41.9812815" lon="2.8090572000000122">
<ele>73.92120843307052</ele>
<time>2026-08-23T14:38:22.124Z</time>
<speed>1.3550901500053159</speed>
<extensions>
<accuracy>3.815000057220459</accuracy>
<heading>46.13727951049805</heading>
<satellites>0</satellites>
<vAccuracy>0.7669624090194702</vAccuracy>
</extensions>
</trkpt>
<trkpt lat="41.9813101" lon="2.8090601000000106">
<ele>73.80728256109526</ele>
<time>2026-08-23T14:38:24.123Z</time>
<speed>1.3900816284707165</speed>
<extensions>
<accuracy>4.177000045776367</accuracy>
<heading>356.89276123046875</heading>
<satellites>0</satellites>
<vAccuracy>0.8189774751663208</vAccuracy>
</extensions>
</trkpt>
<trkpt lat="41.9813325" lon="2.809047800000002">
<ele>73.68011831516559</ele>
<time>2026-08-23T14:38:26.082Z</time>
<speed>1.3953215235690137</speed>
<extensions>
<accuracy>4.3420000076293945</accuracy>
<heading>335.0780029296875</heading>
<satellites>0</satellites>
<vAccuracy>0.839834988117218</vAccuracy>
</extensions>
</trkpt>
<trkpt lat="41.9813497" lon="2.809045800000007">
<ele>73.60897485711871</ele>
<time>2026-08-23T14:38:28.025Z</time>
<speed>1.3334008628163527</speed>
<extensions>
<accuracy>4.563000202178955</accuracy>
<heading>339.7100830078125</heading>
<satellites>0</satellites>
<vAccuracy>0.9535098671913147</vAccuracy>
</extensions>
</trkpt>
<trkpt lat="41.9813716" lon="2.809061200000002">
<ele>73.53447433951537</ele>
<time>2026-08-23T14:38:29.983Z</time>
<speed>1.3491758613926466</speed>
<extensions>
<accuracy>4.7210001945495605</accuracy>
<heading>349.90435791015625</heading>
<satellites>0</satellites>
<vAccuracy>1.1159985065460205</vAccuracy>
</extensions>
</trkpt>
<trkpt lat="41.9813914" lon="2.809080899999998">
<ele>73.45753618723278</ele>
<time>2026-08-23T14:38:31.941Z</time>
<speed>1.3517263799657813</speed>
<extensions>
<accuracy>4.946000099182129</accuracy>
<heading>350.05377197265625</heading>
<satellites>0</satellites>
<vAccuracy>1.1379344463348389</vAccuracy>
</extensions>
</trkpt>
<trkpt lat="41.981417" lon="2.80909299999999">
<ele>73.33823194850712</ele>
<time>2026-08-23T14:38:33.883Z</time>
<speed>1.3433767989028382</speed>
<extensions>
<accuracy>5.125999927520752</accuracy>
<heading>350.7810363769531</heading>
<satellites>0</satellites>
<vAccuracy>1.2693440914154053</vAccuracy>
</extensions>
</trkpt>
<trkpt lat="41.9814414" lon="2.809103599999986">
<ele>73.21810921090022</ele>
<time>2026-08-23T14:38:35.842Z</time>
<speed>1.3597980476940834</speed>
<extensions>
<accuracy>5.040999889373779</accuracy>
<heading>355.7774658203125</heading>
<satellites>0</satellites>
<vAccuracy>1.1125214099884033</vAccuracy>
</extensions>
</trkpt>
<trkpt lat="41.981466" lon="2.8091137000000117">
<ele>73.09141275360702</ele>
<time>2026-08-23T14:38:37.801Z</time>
<speed>1.4541793535532006</speed>
<extensions>
<accuracy>4.828999996185303</accuracy>
<heading>0.8421464562416077</heading>
<satellites>0</satellites>
<vAccuracy>1.0806418657302856</vAccuracy>
</extensions>
</trkpt>
<trkpt lat="41.9814869" lon="2.8091229999999996">
<ele>72.9794958001151</ele>
<time>2026-08-23T14:38:39.744Z</time>
<speed>1.4254672029169164</speed>
<extensions>
<accuracy>4.519999980926514</accuracy>
<heading>2.6366825103759766</heading>
<satellites>0</satellites>
<vAccuracy>1.0649001598358154</vAccuracy>
</extensions>
</trkpt>
<trkpt lat="41.9815088" lon="2.8091264999999908">
<ele>72.86036053133505</ele>
<time>2026-08-23T14:38:41.702Z</time>
<speed>1.3962420658652306</speed>
<extensions>
<accuracy>4.130000114440918</accuracy>
<heading>356.8815612792969</heading>
<satellites>0</satellites>
<vAccuracy>1.094779372215271</vAccuracy>
</extensions>
</trkpt>
<trkpt lat="41.9815375" lon="2.8091250999999886">
<ele>72.7060548281322</ele>
<time>2026-08-23T14:38:43.661Z</time>
<speed>1.411535127922147</speed>
<extensions>
<accuracy>3.760999917984009</accuracy>
<heading>356.7583312988281</heading>
<satellites>0</satellites>
<vAccuracy>1.1556161642074585</vAccuracy>
</extensions>
</trkpt>
<trkpt lat="41.9815575" lon="2.809125399999999">
<ele>72.59784498552176</ele>
<time>2026-08-23T14:38:45.620Z</time>
<speed>1.3475141208861239</speed>
<extensions>
<accuracy>3.569000005722046</accuracy>
<heading>354.552978515625</heading>
<satellites>0</satellites>
<vAccuracy>1.2003004550933838</vAccuracy>
</extensions>
</trkpt>
<trkpt lat="41.9815833" lon="2.80912459999999">
<ele>72.45949358622583</ele>
<time>2026-08-23T14:38:47.579Z</time>
<speed>1.348497684629487</speed>
<extensions>
<accuracy>3.681999921798706</accuracy>
<heading>353.7872314453125</heading>
<satellites>0</satellites>
<vAccuracy>1.2637298107147217</vAccuracy>
</extensions>
</trkpt>
<trkpt lat="41.9816084" lon="2.8091230999999937">
<ele>72.32637725362909</ele>
<time>2026-08-23T14:38:49.539Z</time>
<speed>1.3816115991496758</speed>
<extensions>
<accuracy>3.813999891281128</accuracy>
<heading>355.7967224121094</heading>
<satellites>0</satellites>
<vAccuracy>1.2988098859786987</vAccuracy>
</extensions>
</trkpt>
<trkpt lat="41.9816352" lon="2.809122500000001">
<ele>72.18337129620511</ele>
<time>2026-08-23T14:38:51.523Z</time>
<speed>1.431569208488313</speed>
<extensions>
<accuracy>3.9240000247955322</accuracy>
<heading>355.4454650878906</heading>
<satellites>0</satellites>
<vAccuracy>1.0693055391311646</vAccuracy>
</extensions>
</trkpt>
<trkpt lat="41.981662" lon="2.809120400000012">
<ele>72.12160373378228</ele>
<time>2026-08-23T14:38:53.482Z</time>
<speed>1.410301556081357</speed>
<extensions>
<accuracy>3.934999942779541</accuracy>
<heading>354.93902587890625</heading>
<satellites>0</satellites>
<vAccuracy>1.1071566343307495</vAccuracy>
</extensions>
</trkpt>
<trkpt lat="41.9816889" lon="2.809118500000011">
<ele>72.08133674197568</ele>
<time>2026-08-23T14:38:55.442Z</time>
<speed>1.4888823272221008</speed>
<extensions>
<accuracy>4.00600004196167</accuracy>
<heading>354.16241455078125</heading>
<satellites>0</satellites>
<vAccuracy>1.0575640201568604</vAccuracy>
</extensions>
</trkpt>
<trkpt lat="41.9817156" lon="2.80911549999999">
<ele>72.04256462231595</ele>
<time>2026-08-23T14:38:57.384Z</time>
<speed>1.502739508529248</speed>
<extensions>
<accuracy>4.065999984741211</accuracy>
<heading>354.9399719238281</heading>
<satellites>0</satellites>
<vAccuracy>0.8717024922370911</vAccuracy>
</extensions>
</trkpt>
<trkpt lat="41.9817435" lon="2.8091129000000024">
<ele>72.00055302748797</ele>
<time>2026-08-23T14:38:59.360Z</time>
<speed>1.532417844047175</speed>
<extensions>
<accuracy>4.0269999504089355</accuracy>
<heading>354.48779296875</heading>
<satellites>0</satellites>
<vAccuracy>0.9171618223190308</vAccuracy>
</extensions>
</trkpt>
<trkpt lat="41.9817704" lon="2.8091096999999934">
<ele>71.96028406371283</ele>
<time>2026-08-23T14:39:01.319Z</time>
<speed>1.5385367741686575</speed>
<extensions>
<accuracy>3.989000082015991</accuracy>
<heading>356.8112487792969</heading>
<satellites>0</satellites>
<vAccuracy>0.9512112736701965</vAccuracy>
</extensions>
</trkpt>
<trkpt lat="41.9817986" lon="2.809106899999989">
<ele>71.91662133205521</ele>
<time>2026-08-23T14:39:03.301Z</time>
<speed>1.5510599342734208</speed>
<extensions>
<accuracy>3.9730000495910645</accuracy>
<heading>359.8134460449219</heading>
<satellites>0</satellites>
<vAccuracy>0.9036800265312195</vAccuracy>
</extensions>
</trkpt>
<trkpt lat="41.9818282" lon="2.8091043000000013">
<ele>71.86969486020845</ele>
<time>2026-08-23T14:39:05.284Z</time>
<speed>1.5780863071321904</speed>
<extensions>
<accuracy>3.9570000171661377</accuracy>
<heading>351.16473388671875</heading>
<satellites>0</satellites>
<vAccuracy>0.9816968441009521</vAccuracy>
</extensions>
</trkpt>
<trkpt lat="41.9818568" lon="2.8091011999999864">
<ele>71.82419170615275</ele>
<time>2026-08-23T14:39:07.258Z</time>
<speed>1.5945146123579024</speed>
<extensions>
<accuracy>3.941999912261963</accuracy>
<heading>356.72210693359375</heading>
<satellites>0</satellites>
<vAccuracy>1.0387996435165405</vAccuracy>
</extensions>
</trkpt>
<trkpt lat="41.9818847" lon="2.809099500000002">
<ele>71.77807902241</ele>
<time>2026-08-23T14:39:09.241Z</time>
<speed>1.592974461608589</speed>
<extensions>
<accuracy>3.940000057220459</accuracy>
<heading>354.06597900390625</heading>
<satellites>0</satellites>
<vAccuracy>1.0559178590774536</vAccuracy>
</extensions>
</trkpt>
<trkpt lat="41.9819179" lon="2.809104600000012">
<ele>71.71858866538687</ele>
<time>2026-08-23T14:39:11.199Z</time>
<speed>1.6659447733844952</speed>
<extensions>
<accuracy>3.9260001182556152</accuracy>
<heading>355.65826416015625</heading>
<satellites>0</satellites>
<vAccuracy>1.2353489398956299</vAccuracy>
</extensions>
</trkpt>
<trkpt lat="41.981945" lon="2.8091038000000026">
<ele>71.6567538515364</ele>
<time>2026-08-23T14:39:13.158Z</time>
<speed>1.6563856563107215</speed>
<extensions>
<accuracy>3.927000045776367</accuracy>
<heading>354.17559814453125</heading>
<satellites>0</satellites>
<vAccuracy>1.2929050922393799</vAccuracy>
</extensions>
</trkpt>
<trkpt lat="41.9819736" lon="2.809101400000003">
<ele>71.5932235371073</ele>
<time>2026-08-23T14:39:15.125Z</time>
<speed>1.647701453695338</speed>
<extensions>
<accuracy>3.9800000190734863</accuracy>
<heading>355.2373352050781</heading>
<satellites>0</satellites>
<vAccuracy>1.4367702007293701</vAccuracy>
</extensions>
</trkpt>
<trkpt lat="41.9820055" lon="2.8091009000000042">
<ele>71.5207747356646</ele>
<time>2026-08-23T14:39:17.084Z</time>
<speed>1.6866112514534035</speed>
<extensions>
<accuracy>4.144999980926514</accuracy>
<heading>357.8625793457031</heading>
<satellites>0</satellites>
<vAccuracy>1.3255093097686768</vAccuracy>
</extensions>
</trkpt>
<trkpt lat="41.9820319" lon="2.809098799999987">
<ele>71.4647818186473</ele>
<time>2026-08-23T14:39:19.019Z</time>
<speed>1.6773426013603594</speed>
<extensions>
<accuracy>4.301000118255615</accuracy>
<heading>359.035400390625</heading>
<satellites>0</satellites>
<vAccuracy>1.3397654294967651</vAccuracy>
</extensions>
</trkpt>
<trkpt lat="41.9820585" lon="2.809096299999993">
<ele>71.41091440259613</ele>
<time>2026-08-23T14:39:20.963Z</time>
<speed>1.6028467227247534</speed>
<extensions>
<accuracy>4.447000026702881</accuracy>
<heading>359.3741760253906</heading>
<satellites>0</satellites>
<vAccuracy>1.3773456811904907</vAccuracy>
</extensions>
</trkpt>
<trkpt lat="41.9820861" lon="2.8090933999999947">
<ele>71.35789435056923</ele>
<time>2026-08-23T14:39:22.922Z</time>
<speed>1.609403029098313</speed>
<extensions>
<accuracy>4.452000141143799</accuracy>
<heading>356.18304443359375</heading>
<satellites>0</satellites>
<vAccuracy>1.1848007440567017</vAccuracy>
</extensions>
</trkpt>
<trkpt lat="41.9821138" lon="2.809088900000006">
<ele>71.31220104454168</ele>
<time>2026-08-23T14:39:24.859Z</time>
<speed>1.6057600951321425</speed>
<extensions>
<accuracy>4.36299991607666</accuracy>
<heading>354.56072998046875</heading>
<satellites>0</satellites>
<vAccuracy>1.1981014013290405</vAccuracy>
</extensions>
</trkpt>
<trkpt lat="41.9821431" lon="2.8090872999999874">
<ele>71.25594743619882</ele>
<time>2026-08-23T14:39:26.803Z</time>
<speed>1.5790623133251322</speed>
<extensions>
<accuracy>4.164999961853027</accuracy>
<heading>357.7098693847656</heading>
<satellites>0</satellites>
<vAccuracy>1.2585861682891846</vAccuracy>
</extensions>
</trkpt>
<trkpt lat="41.9821719" lon="2.8090865000000065">
<ele>71.19875597441047</ele>
<time>2026-08-23T14:39:28.739Z</time>
<speed>1.60601512952704</speed>
<extensions>
<accuracy>3.950000047683716</accuracy>
<heading>357.73553466796875</heading>
<satellites>0</satellites>
<vAccuracy>1.354007363319397</vAccuracy>
</extensions>
</trkpt>
<trkpt lat="41.9822094" lon="2.809089300000011">
<ele>71.1319585780923</ele>
<time>2026-08-23T14:39:30.682Z</time>
<speed>1.7308487022080108</speed>
<extensions>
<accuracy>3.8469998836517334</accuracy>
<heading>358.58184814453125</heading>
<satellites>0</satellites>
<vAccuracy>1.2919785976409912</vAccuracy>
</extensions>
</trkpt>
<trkpt lat="41.982237" lon="2.809086100000002">
<ele>71.14446073907435</ele>
<time>2026-08-23T14:39:32.658Z</time>
<speed>1.7283503900513217</speed>
<extensions>
<accuracy>3.865000009536743</accuracy>
<heading>355.4862060546875</heading>
<satellites>0</satellites>
<vAccuracy>1.2618316411972046</vAccuracy>
</extensions>
</trkpt>
<trkpt lat="41.9822653" lon="2.809082499999988">
<ele>71.15862660294943</ele>
<time>2026-08-23T14:39:34.625Z</time>
<speed>1.7294003248469425</speed>
<extensions>
<accuracy>3.946000099182129</accuracy>
<heading>359.6561584472656</heading>
<satellites>0</satellites>
<vAccuracy>1.1611639261245728</vAccuracy>
</extensions>
</trkpt>
<trkpt lat="41.9822866" lon="2.809079099999991">
<ele>71.17230476638407</ele>
<time>2026-08-23T14:39:36.440Z</time>
<speed>1.6567552287424645</speed>
<extensions>
<accuracy>3.996999979019165</accuracy>
<heading>356.2877197265625</heading>
<satellites>0</satellites>
<vAccuracy>1.0477478504180908</vAccuracy>
</extensions>
</trkpt>
<trkpt lat="41.9823251" lon="2.8090765999999974">
<ele>71.18072506043794</ele>
<time>2026-08-23T14:39:38.455Z</time>
<speed>1.7512651695603858</speed>
<extensions>
<accuracy>3.999000072479248</accuracy>
<heading>354.77197265625</heading>
<satellites>0</satellites>
<vAccuracy>0.9283403158187866</vAccuracy>
</extensions>
</trkpt>
<trkpt lat="41.9823505" lon="2.8090732000000003">
<ele>71.19397767132116</ele>
<time>2026-08-23T14:39:40.470Z</time>
<speed>1.603107971604263</speed>
<extensions>
<accuracy>3.9779999256134033</accuracy>
<heading>356.5563659667969</heading>
<satellites>0</satellites>
<vAccuracy>0.759620189666748</vAccuracy>
</extensions>
</trkpt>
<trkpt lat="41.9823781" lon="2.8090699999999913">
<ele>71.20611844974634</ele>
<time>2026-08-23T14:39:42.461Z</time>
<speed>1.6007590687789328</speed>
<extensions>
<accuracy>3.9800000190734863</accuracy>
<heading>356.7827453613281</heading>
<satellites>0</satellites>
<vAccuracy>0.7633634209632874</vAccuracy>
</extensions>
</trkpt>
<trkpt lat="41.9824127" lon="2.809069700000009">
<ele>71.20492129625002</ele>
<time>2026-08-23T14:39:44.404Z</time>
<speed>1.6754000234729456</speed>
<extensions>
<accuracy>3.941999912261963</accuracy>
<heading>357.4787292480469</heading>
<satellites>0</satellites>
<vAccuracy>0.9885113835334778</vAccuracy>
</extensions>
</trkpt>
<trkpt lat="41.9824382" lon="2.809066300000012">
<ele>71.21797564588152</ele>
<time>2026-08-23T14:39:46.363Z</time>
<speed>1.7034825371522275</speed>
<extensions>
<accuracy>3.8889999389648438</accuracy>
<heading>358.37890625</heading>
<satellites>0</satellites>
<vAccuracy>0.9509249925613403</vAccuracy>
</extensions>
</trkpt>
<trkpt lat="41.9824648" lon="2.8090626000000043">
<ele>71.23218942971326</ele>
<time>2026-08-23T14:39:48.322Z</time>
<speed>1.5816529759500881</speed>
<extensions>
<accuracy>3.8299999237060547</accuracy>
<heading>356.7588806152344</heading>
<satellites>0</satellites>
<vAccuracy>1.0556082725524902</vAccuracy>
</extensions>
</trkpt>
<trkpt lat="41.982493" lon="2.8090628999999865">
<ele>71.25565272526006</ele>
<time>2026-08-23T14:39:50.265Z</time>
<speed>1.6227146810790296</speed>
<extensions>
<accuracy>3.821000099182129</accuracy>
<heading>0.7756192684173584</heading>
<satellites>0</satellites>
<vAccuracy>1.138612151145935</vAccuracy>
</extensions>
</trkpt>
<trkpt lat="41.9825234" lon="2.809063199999997">
<ele>71.29922693642226</ele>
<time>2026-08-23T14:39:52.225Z</time>
<speed>1.6582270349456634</speed>
<extensions>
<accuracy>3.802000045776367</accuracy>
<heading>359.1942443847656</heading>
<satellites>0</satellites>
<vAccuracy>1.208795428276062</vAccuracy>
</extensions>
</trkpt>
<trkpt lat="41.9825512" lon="2.8090602999999987">
<ele>71.35281700101764</ele>
<time>2026-08-23T14:39:54.160Z</time>
<speed>1.5826627547697516</speed>
<extensions>
<accuracy>3.7880001068115234</accuracy>
<heading>1.638413667678833</heading>
<satellites>0</satellites>
<vAccuracy>1.3525766134262085</vAccuracy>
</extensions>
</trkpt>
<trkpt lat="41.9825801" lon="2.8090541999999914">
<ele>71.42172257034959</ele>
<time>2026-08-23T14:39:56.104Z</time>
<speed>1.6264180786726212</speed>
<extensions>
<accuracy>3.684999942779541</accuracy>
<heading>351.976318359375</heading>
<satellites>0</satellites>
<vAccuracy>1.5405619144439697</vAccuracy>
</extensions>
</trkpt>
<trkpt lat="41.9826108" lon="2.80904799999999">
<ele>71.49349175559841</ele>
<time>2026-08-23T14:39:58.062Z</time>
<speed>1.6754375191002584</speed>
<extensions>
<accuracy>3.5999999046325684</accuracy>
<heading>351.88134765625</heading>
<satellites>0</satellites>
<vAccuracy>1.370452642440796</vAccuracy>
</extensions>
</trkpt>
<trkpt lat="41.9826364" lon="2.8090421999999933">
<ele>71.55586135176826</ele>
<time>2026-08-23T14:40:00.023Z</time>
<speed>1.6470675496683516</speed>
<extensions>
<accuracy>3.609999895095825</accuracy>
<heading>353.0429992675781</heading>
<satellites>0</satellites>
<vAccuracy>1.3893747329711914</vAccuracy>
</extensions>
</trkpt>
<trkpt lat="41.9826642" lon="2.809040799999991">
<ele>71.60252617795172</ele>
<time>2026-08-23T14:40:01.957Z</time>
<speed>1.6220220173886761</speed>
<extensions>
<accuracy>3.7160000801086426</accuracy>
<heading>357.9134216308594</heading>
<satellites>0</satellites>
<vAccuracy>1.4357960224151611</vAccuracy>
</extensions>
</trkpt>
<trkpt lat="41.9826836" lon="2.809035499999993">
<ele>71.65343039403761</ele>
<time>2026-08-23T14:40:04.318Z</time>
<speed>1.4880216243015005</speed>
<extensions>
<accuracy>3.8010001182556152</accuracy>
<heading>340.81268310546875</heading>
<satellites>0</satellites>
<vAccuracy>1.4858044385910034</vAccuracy>
</extensions>
</trkpt>
<trkpt lat="41.9827163" lon="2.8090132000000096">
<ele>71.79549124346417</ele>
<time>2026-08-23T14:40:06.302Z</time>
<speed>1.5643127381548885</speed>
<extensions>
<accuracy>3.878000020980835</accuracy>
<heading>321.66558837890625</heading>
<satellites>0</satellites>
<vAccuracy>1.5150452852249146</vAccuracy>
</extensions>
</trkpt>
<trkpt lat="41.9827453" lon="2.8090157000000033">
<ele>71.8269242797295</ele>
<time>2026-08-23T14:40:08.318Z</time>
<speed>1.532276722562541</speed>
<extensions>
<accuracy>4.113999843597412</accuracy>
<heading>344.97454833984375</heading>
<satellites>0</satellites>
<vAccuracy>1.198933482170105</vAccuracy>
</extensions>
</trkpt>
<trkpt lat="41.9827754" lon="2.809016799999995">
<ele>71.83138185278634</ele>
<time>2026-08-23T14:40:10.221Z</time>
<speed>1.589754710408988</speed>
<extensions>
<accuracy>4.293000221252441</accuracy>
<heading>324.0252685546875</heading>
<satellites>0</satellites>
<vAccuracy>1.1922560930252075</vAccuracy>
</extensions>
</trkpt>
<trkpt lat="41.9828132" lon="2.809014100000013">
<ele>71.83678424318872</ele>
<time>2026-08-23T14:40:12.386Z</time>
<speed>1.658690138840495</speed>
<extensions>
<accuracy>4.038000106811523</accuracy>
<heading>350.3340148925781</heading>
<satellites>0</satellites>
<vAccuracy>1.7233211994171143</vAccuracy>
</extensions>
</trkpt>
<trkpt lat="41.9828441" lon="2.8090118000000075">
<ele>71.84135009514674</ele>
<time>2026-08-23T14:40:14.392Z</time>
<speed>1.8153141328740068</speed>
<extensions>
<accuracy>3.9860000610351562</accuracy>
<heading>350.6547546386719</heading>
<satellites>0</satellites>
<vAccuracy>1.650278925895691</vAccuracy>
</extensions>
</trkpt>
<trkpt lat="41.9828771" lon="2.8090136000000143">
<ele>71.8288725916771</ele>
<time>2026-08-23T14:40:16.405Z</time>
<speed>1.7692409676169853</speed>
<extensions>
<accuracy>3.9539999961853027</accuracy>
<heading>354.26922607421875</heading>
<satellites>0</satellites>
<vAccuracy>1.7447141408920288</vAccuracy>
</extensions>
</trkpt>
<trkpt lat="41.9829061" lon="2.8090138000000024">
<ele>71.82355201650732</ele>
<time>2026-08-23T14:40:18.443Z</time>
<speed>1.7651356070224438</speed>
<extensions>
<accuracy>3.9000000953674316</accuracy>
<heading>354.50152587890625</heading>
<satellites>0</satellites>
<vAccuracy>1.5654343366622925</vAccuracy>
</extensions>
</trkpt>
<trkpt lat="41.9829344" lon="2.809007799999989">
<ele>71.84275644082771</ele>
<time>2026-08-23T14:40:20.384Z</time>
<speed>1.7414978846401006</speed>
<extensions>
<accuracy>3.9010000228881836</accuracy>
<heading>355.0598449707031</heading>
<satellites>0</satellites>
<vAccuracy>1.3476216793060303</vAccuracy>
</extensions>
</trkpt>
<trkpt lat="41.9829617" lon="2.8090067999999917">
<ele>71.84215230862135</ele>
<time>2026-08-23T14:40:22.325Z</time>
<speed>1.6655728750142742</speed>
<extensions>
<accuracy>3.9700000286102295</accuracy>
<heading>355.68817138671875</heading>
<satellites>0</satellites>
<vAccuracy>1.2975387573242188</vAccuracy>
</extensions>
</trkpt>
<trkpt lat="41.9829943" lon="2.809010199999989">
<ele>71.82365850083434</ele>
<time>2026-08-23T14:40:24.242Z</time>
<speed>1.7018094746452148</speed>
<extensions>
<accuracy>3.8420000076293945</accuracy>
<heading>3.4996438026428223</heading>
<satellites>0</satellites>
<vAccuracy>0.7724822163581848</vAccuracy>
</extensions>
</trkpt>
<trkpt lat="41.983018" lon="2.8090080000000057">
<ele>71.82821961869725</ele>
<time>2026-08-23T14:40:26.199Z</time>
<speed>1.6068992027097906</speed>
<extensions>
<accuracy>3.578000068664551</accuracy>
<heading>1.628103494644165</heading>
<satellites>0</satellites>
<vAccuracy>0.755318284034729</vAccuracy>
</extensions>
</trkpt>
<trkpt lat="41.9830474" lon="2.809003700000005">
<ele>71.83823086049061</ele>
<time>2026-08-23T14:40:28.124Z</time>
<speed>1.6320937650533</speed>
<extensions>
<accuracy>3.4130001068115234</accuracy>
<heading>354.2262268066406</heading>
<satellites>0</satellites>
<vAccuracy>0.898452877998352</vAccuracy>
</extensions>
</trkpt>
<trkpt lat="41.9830751" lon="2.8089979000000085">
<ele>71.8566291768326</ele>
<time>2026-08-23T14:40:30.064Z</time>
<speed>1.6252040400177714</speed>
<extensions>
<accuracy>3.3369998931884766</accuracy>
<heading>355.8631286621094</heading>
<satellites>0</satellites>
<vAccuracy>1.086907982826233</vAccuracy>
</extensions>
</trkpt>
<trkpt lat="41.9831024" lon="2.808995799999991">
<ele>71.86191724668019</ele>
<time>2026-08-23T14:40:32.003Z</time>
<speed>1.6259221932417462</speed>
<extensions>
<accuracy>3.3980000019073486</accuracy>
<heading>356.5969543457031</heading>
<satellites>0</satellites>
<vAccuracy>1.3880358934402466</vAccuracy>
</extensions>
</trkpt>
<trkpt lat="41.9831294" lon="2.808990499999993">
<ele>71.88545935873215</ele>
<time>2026-08-23T14:40:33.985Z</time>
<speed>1.552758018286084</speed>
<extensions>
<accuracy>3.561000108718872</accuracy>
<heading>356.6440124511719</heading>
<satellites>0</satellites>
<vAccuracy>1.7180367708206177</vAccuracy>
</extensions>
</trkpt>
<trkpt lat="41.983157" lon="2.8089865999999972">
<ele>71.90529170374168</ele>
<time>2026-08-23T14:40:35.919Z</time>
<speed>1.6019124085228789</speed>
<extensions>
<accuracy>3.628000020980835</accuracy>
<heading>359.5035400390625</heading>
<satellites>0</satellites>
<vAccuracy>1.7152483463287354</vAccuracy>
</extensions>
</trkpt>
<trkpt lat="41.9831909" lon="2.8089841000000035">
<ele>71.91998348081572</ele>
<time>2026-08-23T14:40:37.844Z</time>
<speed>1.6524862084139667</speed>
<extensions>
<accuracy>3.561000108718872</accuracy>
<heading>357.921875</heading>
<satellites>0</satellites>
<vAccuracy>1.407532811164856</vAccuracy>
</extensions>
</trkpt>
<trkpt lat="41.9832149" lon="2.8089827999999954">
<ele>71.9288409106688</ele>
<time>2026-08-23T14:40:39.802Z</time>
<speed>1.6039400842969316</speed>
<extensions>
<accuracy>3.493000030517578</accuracy>
<heading>357.0646667480469</heading>
<satellites>0</satellites>
<vAccuracy>1.3606632947921753</vAccuracy>
</extensions>
</trkpt>
<trkpt lat="41.9832444" lon="2.808979999999991">
<ele>71.9491556965362</ele>
<time>2026-08-23T14:40:41.745Z</time>
<speed>1.628803913388291</speed>
<extensions>
<accuracy>3.4700000286102295</accuracy>
<heading>358.52703857421875</heading>
<satellites>0</satellites>
<vAccuracy>1.285417079925537</vAccuracy>
</extensions>
</trkpt>
<trkpt lat="41.9832736" lon="2.808978400000001">
<ele>71.96310465487018</ele>
<time>2026-08-23T14:40:43.663Z</time>
<speed>1.6614942060380455</speed>
<extensions>
<accuracy>3.4260001182556152</accuracy>
<heading>0.3629626929759979</heading>
<satellites>0</satellites>
<vAccuracy>1.4455463886260986</vAccuracy>
</extensions>
</trkpt>
<trkpt lat="41.9833045" lon="2.808975299999986">
<ele>71.99013263832774</ele>
<time>2026-08-23T14:40:45.605Z</time>
<speed>1.6972136877068797</speed>
<extensions>
<accuracy>3.321000099182129</accuracy>
<heading>0.7842603921890259</heading>
<satellites>0</satellites>
<vAccuracy>1.3550350666046143</vAccuracy>
</extensions>
</trkpt>
<trkpt lat="41.9833326" lon="2.8089727999999923">
<ele>71.94520546155887</ele>
<time>2026-08-23T14:40:47.524Z</time>
<speed>1.6313462562513765</speed>
<extensions>
<accuracy>3.1459999084472656</accuracy>
<heading>354.83074951171875</heading>
<satellites>0</satellites>
<vAccuracy>1.6255836486816406</vAccuracy>
</extensions>
</trkpt>
<trkpt lat="41.9833601" lon="2.8089723999999876">
<ele>71.86835167277027</ele>
<time>2026-08-23T14:40:49.483Z</time>
<speed>1.6707372247790953</speed>
<extensions>
<accuracy>3.0</accuracy>
<heading>2.2010414600372314</heading>
<satellites>0</satellites>
<vAccuracy>1.5828907489776611</vAccuracy>
</extensions>
</trkpt>
<trkpt lat="41.9833866" lon="2.8089822000000026">
<ele>71.71933095109166</ele>
<time>2026-08-23T14:40:51.418Z</time>
<speed>1.6481128180840605</speed>
<extensions>
<accuracy>3.0</accuracy>
<heading>40.41902160644531</heading>
<satellites>0</satellites>
<vAccuracy>1.4786874055862427</vAccuracy>
</extensions>
</trkpt>
<trkpt lat="41.983408" lon="2.8090039999999874">
<ele>71.50064055582551</ele>
<time>2026-08-23T14:40:53.425Z</time>
<speed>1.6067027365895836</speed>
<extensions>
<accuracy>3.0</accuracy>
<heading>58.64802932739258</heading>
<satellites>0</satellites>
<vAccuracy>1.3571456670761108</vAccuracy>
</extensions>
</trkpt>
<trkpt lat="41.9834297" lon="2.8090177999999923">
<ele>71.34316608282671</ele>
<time>2026-08-23T14:40:55.422Z</time>
<speed>1.5191621572388523</speed>
<extensions>
<accuracy>3.0</accuracy>
<heading>48.563819885253906</heading>
<satellites>0</satellites>
<vAccuracy>1.2468940019607544</vAccuracy>
</extensions>
</trkpt>
<trkpt lat="41.9834571" lon="2.809033499999998">
<ele>71.16101046779188</ele>
<time>2026-08-23T14:40:57.365Z</time>
<speed>1.533678325079161</speed>
<extensions>
<accuracy>3.0</accuracy>
<heading>39.975982666015625</heading>
<satellites>0</satellites>
<vAccuracy>1.4920682907104492</vAccuracy>
</extensions>
</trkpt>
<trkpt lat="41.9834792" lon="2.8090474999999913">
<ele>71.00836414742756</ele>
<time>2026-08-23T14:40:59.299Z</time>
<speed>1.5023667350647982</speed>
<extensions>
<accuracy>3.0</accuracy>
<heading>37.176605224609375</heading>
<satellites>0</satellites>
<vAccuracy>1.620347023010254</vAccuracy>
</extensions>
</trkpt>
<trkpt lat="41.9835042" lon="2.8090688000000057">
<ele>70.8031243180119</ele>
<time>2026-08-23T14:41:01.258Z</time>
<speed>1.5224385358155075</speed>
<extensions>
<accuracy>3.0</accuracy>
<heading>36.85385513305664</heading>
<satellites>0</satellites>
<vAccuracy>1.547782063484192</vAccuracy>
</extensions>
</trkpt>
<trkpt lat="41.9835289" lon="2.809099599999996">
<ele>70.54194977683187</ele>
<time>2026-08-23T14:41:03.225Z</time>
<speed>1.605771210796268</speed>
<extensions>
<accuracy>3.01200008392334</accuracy>
<heading>40.63772201538086</heading>
<satellites>0</satellites>
<vAccuracy>1.1779112815856934</vAccuracy>
</extensions>
</trkpt>
<trkpt lat="41.9835469" lon="2.8091254999999933">
<ele>70.334490928992</ele>
<time>2026-08-23T14:41:05.120Z</time>
<speed>1.6477827577051538</speed>
<extensions>
<accuracy>3.191999912261963</accuracy>
<heading>41.28015899658203</heading>
<satellites>0</satellites>
<vAccuracy>1.0675684213638306</vAccuracy>
</extensions>
</trkpt>
<trkpt lat="41.9835655" lon="2.809154299999989">
<ele>70.1124886748332</ele>
<time>2026-08-23T14:41:07.064Z</time>
<speed>1.631337146243117</speed>
<extensions>
<accuracy>3.50600004196167</accuracy>
<heading>43.71379470825195</heading>
<satellites>0</satellites>
<vAccuracy>0.7780629992485046</vAccuracy>
</extensions>
</trkpt>
<trkpt lat="41.9835842" lon="2.80919320000001">
<ele>69.8991835355557</ele>
<time>2026-08-23T14:41:08.999Z</time>
<speed>1.74621395807411</speed>
<extensions>
<accuracy>3.8940000534057617</accuracy>
<heading>47.78715515136719</heading>
<satellites>0</satellites>
<vAccuracy>1.001387357711792</vAccuracy>
</extensions>
</trkpt>
<trkpt lat="41.9835967" lon="2.8092281000000128">
<ele>69.89237151411649</ele>
<time>2026-08-23T14:41:10.942Z</time>
<speed>1.739879513457755</speed>
<extensions>
<accuracy>4.0960001945495605</accuracy>
<heading>53.775238037109375</heading>
<satellites>0</satellites>
<vAccuracy>1.061277151107788</vAccuracy>
</extensions>
</trkpt>
<trkpt lat="41.9836079" lon="2.809263499999986">
<ele>69.90598773431753</ele>
<time>2026-08-23T14:41:12.902Z</time>
<speed>1.6835958197341911</speed>
<extensions>
<accuracy>4.043000221252441</accuracy>
<heading>55.5576171875</heading>
<satellites>0</satellites>
<vAccuracy>1.3504846096038818</vAccuracy>
</extensions>
</trkpt>
<trkpt lat="41.9836336" lon="2.8092828000000054">
<ele>70.02665169702432</ele>
<time>2026-08-23T14:41:15.484Z</time>
<speed>1.62779816766571</speed>
<extensions>
<accuracy>3.7890000343322754</accuracy>
<heading>342.1905822753906</heading>
<satellites>0</satellites>
<vAccuracy>1.9647787809371948</vAccuracy>
</extensions>
</trkpt>
<trkpt lat="41.9836547" lon="2.809281700000014">
<ele>70.15238489823261</ele>
<time>2026-08-23T14:41:17.364Z</time>
<speed>1.5531543014683171</speed>
<extensions>
<accuracy>3.697000026702881</accuracy>
<heading>4.722624778747559</heading>
<satellites>0</satellites>
<vAccuracy>1.9393589496612549</vAccuracy>
</extensions>
</trkpt>
<trkpt lat="41.9836734" lon="2.8092969999999866">
<ele>70.23327441293623</ele>
<time>2026-08-23T14:41:19.282Z</time>
<speed>1.411160887720699</speed>
<extensions>
<accuracy>3.7260000705718994</accuracy>
<heading>17.580331802368164</heading>
<satellites>0</satellites>
<vAccuracy>1.8663982152938843</vAccuracy>
</extensions>
</trkpt>
<trkpt lat="41.9836904" lon="2.8093159000000014">
<ele>70.29445206093494</ele>
<time>2026-08-23T14:41:21.138Z</time>
<speed>1.3458153564410673</speed>
<extensions>
<accuracy>3.73799991607666</accuracy>
<heading>19.88408088684082</heading>
<satellites>0</satellites>
<vAccuracy>1.78865647315979</vAccuracy>
</extensions>
</trkpt>
<trkpt lat="41.9837118" lon="2.8093432999999948">
<ele>70.359342969588</ele>
<time>2026-08-23T14:41:23.281Z</time>
<speed>1.3279079210635665</speed>
<extensions>
<accuracy>3.7850000858306885</accuracy>
<heading>32.03106689453125</heading>
<satellites>0</satellites>
<vAccuracy>1.4826743602752686</vAccuracy>
</extensions>
</trkpt>
<trkpt lat="41.9837272" lon="2.8093720999999903">
<ele>70.38276321252039</ele>
<time>2026-08-23T14:41:25.238Z</time>
<speed>1.3740805743626938</speed>
<extensions>
<accuracy>3.9200000762939453</accuracy>
<heading>46.91524887084961</heading>
<satellites>0</satellites>
<vAccuracy>1.4825125932693481</vAccuracy>
</extensions>
</trkpt>
<trkpt lat="41.9837445" lon="2.8094027999999867">
<ele>70.40745283156568</ele>
<time>2026-08-23T14:41:27.341Z</time>
<speed>1.4271257618452737</speed>
<extensions>
<accuracy>4.130000114440918</accuracy>
<heading>7.894623279571533</heading>
<satellites>0</satellites>
<vAccuracy>1.4475747346878052</vAccuracy>
</extensions>
</trkpt>
<trkpt lat="41.9837654" lon="2.809420899999992">
<ele>70.47480818407837</ele>
<time>2026-08-23T14:41:29.299Z</time>
<speed>1.4556666058904548</speed>
<extensions>
<accuracy>4.244999885559082</accuracy>
<heading>37.371028900146484</heading>
<satellites>0</satellites>
<vAccuracy>1.618139624595642</vAccuracy>
</extensions>
</trkpt>
<trkpt lat="41.9837813" lon="2.809449099999995">
<ele>70.48838826092842</ele>
<time>2026-08-23T14:41:31.299Z</time>
<speed>1.4839657918765354</speed>
<extensions>
<accuracy>4.355000019073486</accuracy>
<heading>39.52748489379883</heading>
<satellites>0</satellites>
<vAccuracy>1.8071666955947876</vAccuracy>
</extensions>
</trkpt>
<trkpt lat="41.9838013" lon="2.8094763">
<ele>70.61458690972293</ele>
<time>2026-08-23T14:41:33.282Z</time>
<speed>1.496324910749667</speed>
<extensions>
<accuracy>4.540999889373779</accuracy>
<heading>45.209259033203125</heading>
<satellites>0</satellites>
<vAccuracy>1.7398709058761597</vAccuracy>
</extensions>
</trkpt>
<trkpt lat="41.9838318" lon="2.809502000000009">
<ele>70.82726649453433</ele>
<time>2026-08-23T14:41:35.242Z</time>
<speed>1.6049874106224462</speed>
<extensions>
<accuracy>4.706999778747559</accuracy>
<heading>32.00978469848633</heading>
<satellites>0</satellites>
<vAccuracy>1.3427139520645142</vAccuracy>
</extensions>
</trkpt>
<trkpt lat="41.9838584" lon="2.809517999999997">
<ele>70.99385797469961</ele>
<time>2026-08-23T14:41:37.144Z</time>
<speed>1.6428491988134561</speed>
<extensions>
<accuracy>4.61899995803833</accuracy>
<heading>31.33608627319336</heading>
<satellites>0</satellites>
<vAccuracy>1.406947135925293</vAccuracy>
</extensions>
</trkpt>
<trkpt lat="41.9838884" lon="2.8095353999999872">
<ele>71.11059030730955</ele>
<time>2026-08-23T14:41:39.160Z</time>
<speed>1.7209162802406686</speed>
<extensions>
<accuracy>4.322000026702881</accuracy>
<heading>23.0583438873291</heading>
<satellites>0</satellites>
<vAccuracy>1.7394193410873413</vAccuracy>
</extensions>
</trkpt>
<trkpt lat="41.9839109" lon="2.809546399999988">
<ele>71.16538753287465</ele>
<time>2026-08-23T14:41:41.008Z</time>
<speed>1.7164542972819576</speed>
<extensions>
<accuracy>4.052000045776367</accuracy>
<heading>24.4901180267334</heading>
<satellites>0</satellites>
<vAccuracy>1.6261061429977417</vAccuracy>
</extensions>
</trkpt>
<trkpt lat="41.9839519" lon="2.809563400000002">
<ele>71.23899921563326</ele>
<time>2026-08-23T14:41:43.001Z</time>
<speed>1.8762498546442132</speed>
<extensions>
<accuracy>3.8380000591278076</accuracy>
<heading>21.49044418334961</heading>
<satellites>0</satellites>
<vAccuracy>1.205705165863037</vAccuracy>
</extensions>
</trkpt>
<trkpt lat="41.983985" lon="2.8095739000000037">
<ele>71.27892108103723</ele>
<time>2026-08-23T14:41:45.041Z</time>
<speed>1.8386390642886015</speed>
<extensions>
<accuracy>3.440000057220459</accuracy>
<heading>14.72786808013916</heading>
<satellites>0</satellites>
<vAccuracy>1.166193962097168</vAccuracy>
</extensions>
</trkpt>
<trkpt lat="41.9840165" lon="2.8095845999999938">
<ele>71.30433105558002</ele>
<time>2026-08-23T14:41:47.065Z</time>
<speed>1.8549209317165822</speed>
<extensions>
<accuracy>3.118000030517578</accuracy>
<heading>15.009086608886719</heading>
<satellites>0</satellites>
<vAccuracy>1.0978333950042725</vAccuracy>
</extensions>
</trkpt>
<trkpt lat="41.9840454" lon="2.8095941999999923">
<ele>71.3166521650626</ele>
<time>2026-08-23T14:41:48.961Z</time>
<speed>1.8436982288738104</speed>
<extensions>
<accuracy>3.0</accuracy>
<heading>13.700745582580566</heading>
<satellites>0</satellites>
<vAccuracy>1.0286813974380493</vAccuracy>
</extensions>
</trkpt>
<trkpt lat="41.9840762" lon="2.8096001000000115">
<ele>71.3253516610418</ele>
<time>2026-08-23T14:41:50.921Z</time>
<speed>1.9086010485616651</speed>
<extensions>
<accuracy>3.0</accuracy>
<heading>13.819476127624512</heading>
<satellites>0</satellites>
<vAccuracy>1.455731987953186</vAccuracy>
</extensions>
</trkpt>
<trkpt lat="41.984105" lon="2.8096127999999965">
<ele>71.3115255283038</ele>
<time>2026-08-23T14:41:52.824Z</time>
<speed>1.7840482720380373</speed>
<extensions>
<accuracy>3.0</accuracy>
<heading>30.406455993652344</heading>
<satellites>0</satellites>
<vAccuracy>1.5439060926437378</vAccuracy>
</extensions>
</trkpt>
<trkpt lat="41.984133" lon="2.809627199999994">
<ele>71.27922480067949</ele>
<time>2026-08-23T14:41:54.841Z</time>
<speed>1.7438250911243753</speed>
<extensions>
<accuracy>3.0179998874664307</accuracy>
<heading>29.134445190429688</heading>
<satellites>0</satellites>
<vAccuracy>1.3436706066131592</vAccuracy>
</extensions>
</trkpt>
<trkpt lat="41.9841596" lon="2.8096346000000096">
<ele>71.30207390712388</ele>
<time>2026-08-23T14:41:56.825Z</time>
<speed>1.6913239832656357</speed>
<extensions>
<accuracy>3.1429998874664307</accuracy>
<heading>20.294063568115234</heading>
<satellites>0</satellites>
<vAccuracy>1.9786629676818848</vAccuracy>
</extensions>
</trkpt>
<trkpt lat="41.9841835" lon="2.809646399999991">
<ele>71.3435509907594</ele>
<time>2026-08-23T14:41:58.722Z</time>
<speed>1.6406213119476682</speed>
<extensions>
<accuracy>3.4230000972747803</accuracy>
<heading>28.09420394897461</heading>
<satellites>0</satellites>
<vAccuracy>1.9375451803207397</vAccuracy>
</extensions>
</trkpt>
<trkpt lat="41.9842117" lon="2.8096529000000032">
<ele>71.41649986360198</ele>
<time>2026-08-23T14:42:00.738Z</time>
<speed>1.6032405254144857</speed>
<extensions>
<accuracy>3.8559999465942383</accuracy>
<heading>2.1882283687591553</heading>
<satellites>0</satellites>
<vAccuracy>2.0036919116973877</vAccuracy>
</extensions>
</trkpt>
<trkpt lat="41.9842412" lon="2.809648199999998">
<ele>71.51977060812163</ele>
<time>2026-08-23T14:42:02.922Z</time>
<speed>1.5515442744473902</speed>
<extensions>
<accuracy>4.085000038146973</accuracy>
<heading>348.404052734375</heading>
<satellites>0</satellites>
<vAccuracy>1.9200658798217773</vAccuracy>
</extensions>
</trkpt>
<trkpt lat="41.98427" lon="2.809657399999992">
<ele>71.59400267879859</ele>
<time>2026-08-23T14:42:04.802Z</time>
<speed>1.5711881662052423</speed>
<extensions>
<accuracy>4.2789998054504395</accuracy>
<heading>0.22676704823970795</heading>
<satellites>0</satellites>
<vAccuracy>1.6503418684005737</vAccuracy>
</extensions>
</trkpt>
<trkpt lat="41.9842983" lon="2.8096754999999973">
<ele>71.65854298116395</ele>
<time>2026-08-23T14:42:06.745Z</time>
<speed>1.6253712784156826</speed>
<extensions>
<accuracy>4.3480000495910645</accuracy>
<heading>19.769657135009766</heading>
<satellites>0</satellites>
<vAccuracy>1.4991642236709595</vAccuracy>
</extensions>
</trkpt>
<trkpt lat="41.9843231" lon="2.809705799999989">
<ele>71.70531986867044</ele>
<time>2026-08-23T14:42:08.761Z</time>
<speed>1.696470687035863</speed>
<extensions>
<accuracy>4.131999969482422</accuracy>
<heading>39.7546501159668</heading>
<satellites>0</satellites>
<vAccuracy>1.2945311069488525</vAccuracy>
</extensions>
</trkpt>
<trkpt lat="41.9843505" lon="2.809737399999989">
<ele>71.76651849322111</ele>
<time>2026-08-23T14:42:12.386Z</time>
<speed>1.6022660022535775</speed>
<extensions>
<accuracy>3.2990000247955322</accuracy>
<heading>56.869529724121094</heading>
<satellites>0</satellites>
<vAccuracy>1.7455832958221436</vAccuracy>
</extensions>
</trkpt>
<trkpt lat="41.9843556" lon="2.8097410000000025">
<ele>71.76250287130505</ele>
<time>2026-08-23T14:42:15.389Z</time>
<speed>1.3424294449470355</speed>
<extensions>
<accuracy>3.0510001182556152</accuracy>
<heading>43.87438201904297</heading>
<satellites>0</satellites>
<vAccuracy>1.4788702726364136</vAccuracy>
</extensions>
</trkpt>
<trkpt lat="41.9843792" lon="2.8097530999999947">
<ele>71.75807655261059</ele>
<time>2026-08-23T14:42:17.683Z</time>
<speed>1.2371147982610309</speed>
<extensions>
<accuracy>3.36299991607666</accuracy>
<heading>42.17229080200195</heading>
<satellites>0</satellites>
<vAccuracy>1.3615002632141113</vAccuracy>
</extensions>
</trkpt>
<trkpt lat="41.9844039" lon="2.8097801000000118">
<ele>71.6015553652616</ele>
<time>2026-08-23T14:42:19.882Z</time>
<speed>1.2003220582916245</speed>
<extensions>
<accuracy>3.1549999713897705</accuracy>
<heading>65.56128692626953</heading>
<satellites>0</satellites>
<vAccuracy>1.336866855621338</vAccuracy>
</extensions>
</trkpt>
<trkpt lat="41.9844242" lon="2.8098192999999867">
<ele>71.26451296683992</ele>
<time>2026-08-23T14:42:21.745Z</time>
<speed>1.254683543076551</speed>
<extensions>
<accuracy>3.0</accuracy>
<heading>55.16755294799805</heading>
<satellites>0</satellites>
<vAccuracy>1.7638256549835205</vAccuracy>
</extensions>
</trkpt>
<trkpt lat="41.9844389" lon="2.8098645999999974">
<ele>70.81858105645608</ele>
<time>2026-08-23T14:42:23.623Z</time>
<speed>1.4683617999441254</speed>
<extensions>
<accuracy>3.0</accuracy>
<heading>50.10025405883789</heading>
<satellites>0</satellites>
<vAccuracy>1.4998769760131836</vAccuracy>
</extensions>
</trkpt>
<trkpt lat="41.98445" lon="2.8099061000000063">
<ele>70.40632512408283</ele>
<time>2026-08-23T14:42:25.558Z</time>
<speed>1.8025007159939517</speed>
<extensions>
<accuracy>3.0</accuracy>
<heading>54.76642990112305</heading>
<satellites>0</satellites>
<vAccuracy>1.3558887243270874</vAccuracy>
</extensions>
</trkpt>
<trkpt lat="41.9844548" lon="2.8099603">
<ele>69.8736569025349</ele>
<time>2026-08-23T14:42:27.557Z</time>
<speed>2.009039611957809</speed>
<extensions>
<accuracy>3.0</accuracy>
<heading>63.84671401977539</heading>
<satellites>0</satellites>
<vAccuracy>1.0917150974273682</vAccuracy>
</extensions>
</trkpt>
<trkpt lat="41.9844721" lon="2.8099944999999877">
<ele>69.51410166457073</ele>
<time>2026-08-23T14:42:29.622Z</time>
<speed>2.018337503414086</speed>
<extensions>
<accuracy>3.0</accuracy>
<heading>57.79355239868164</heading>
<satellites>0</satellites>
<vAccuracy>1.4024578332901</vAccuracy>
</extensions>
</trkpt>
<trkpt lat="41.9844952" lon="2.8100220000000036">
<ele>69.3385659429806</ele>
<time>2026-08-23T14:42:31.821Z</time>
<speed>1.9063687303690626</speed>
<extensions>
<accuracy>3.0339999198913574</accuracy>
<heading>55.852020263671875</heading>
<satellites>0</satellites>
<vAccuracy>1.381123661994934</vAccuracy>
</extensions>
</trkpt>
<trkpt lat="41.9845086" lon="2.810028899999992">
<ele>69.35620754178049</ele>
<time>2026-08-23T14:42:34.420Z</time>
<speed>1.5940536578700215</speed>
<extensions>
<accuracy>3.0810000896453857</accuracy>
<heading>25.8378963470459</heading>
<satellites>0</satellites>
<vAccuracy>1.4384921789169312</vAccuracy>
</extensions>
</trkpt>
<trkpt lat="41.9845053" lon="2.8100188999999887">
<ele>69.30014110905508</ele>
<time>2026-08-23T14:42:36.386Z</time>
<speed>1.3092600389720443</speed>
<extensions>
<accuracy>3.059000015258789</accuracy>
<heading>0.0</heading>
<satellites>0</satellites>
<vAccuracy>1.193937063217163</vAccuracy>
</extensions>
</trkpt>
<trkpt lat="41.9845036" lon="2.810012400000005">
<ele>69.28661895392034</ele>
<time>2026-08-23T14:42:38.385Z</time>
<speed>0.9148628620913011</speed>
<extensions>
<accuracy>3.0460000038146973</accuracy>
<heading>0.0</heading>
<satellites>0</satellites>
<vAccuracy>1.9648821353912354</vAccuracy>
</extensions>
</trkpt>
<trkpt lat="41.9845031" lon="2.8100099000000114">
<ele>69.31241768245593</ele>
<time>2026-08-23T14:42:40.385Z</time>
<speed>0.6051007989682929</speed>
<extensions>
<accuracy>3.0</accuracy>
<heading>0.0</heading>
<satellites>0</satellites>
<vAccuracy>2.1544888019561768</vAccuracy>
</extensions>
</trkpt>
<trkpt lat="41.9845034" lon="2.810007600000006">
<ele>69.33491526659212</ele>
<time>2026-08-23T14:42:42.386Z</time>
<speed>0.3124414599603514</speed>
<extensions>
<accuracy>3.0</accuracy>
<heading>0.0</heading>
<satellites>0</satellites>
<vAccuracy>2.050863742828369</vAccuracy>
</extensions>
</trkpt>
<trkpt lat="41.9845036" lon="2.8100073999999893">
<ele>69.33659169736907</ele>
<time>2026-08-23T14:42:44.388Z</time>
<speed>0.19243718028018234</speed>
<extensions>
<accuracy>3.0</accuracy>
<heading>15.56314468383789</heading>
<satellites>0</satellites>
<vAccuracy>1.9715864658355713</vAccuracy>
</extensions>
</trkpt>
<trkpt lat="41.9845041" lon="2.8100067000000024">
<ele>69.34278409420999</ele>
<time>2026-08-23T14:42:46.403Z</time>
<speed>0.10840437832317688</speed>
<extensions>
<accuracy>3.0</accuracy>
<heading>0.0</heading>
<satellites>0</satellites>
<vAccuracy>1.34262216091156</vAccuracy>
</extensions>
</trkpt>
<trkpt lat="41.9845043" lon="2.810005999999987">
<ele>69.34946138784446</ele>
<time>2026-08-23T14:42:48.386Z</time>
<speed>0.05767384093063517</speed>
<extensions>
<accuracy>3.0</accuracy>
<heading>0.0</heading>
<satellites>0</satellites>
<vAccuracy>1.5115067958831787</vAccuracy>
</extensions>
</trkpt>
<trkpt lat="41.9845063" lon="2.810006499999986">
<ele>69.3412492323769</ele>
<time>2026-08-23T14:42:50.435Z</time>
<speed>0.058354228557395985</speed>
<extensions>
<accuracy>3.0</accuracy>
<heading>4.812201023101807</heading>
<satellites>0</satellites>
<vAccuracy>1.530234456062317</vAccuracy>
</extensions>
</trkpt>
<trkpt lat="41.9845047" lon="2.810007100000007">
<ele>69.33781937342611</ele>
<time>2026-08-23T14:42:52.386Z</time>
<speed>0.057996295296625706</speed>
<extensions>
<accuracy>3.0</accuracy>
<heading>0.0</heading>
<satellites>0</satellites>
<vAccuracy>1.68524169921875</vAccuracy>
</extensions>
</trkpt>
<trkpt lat="41.9845042" lon="2.8100066000000083">
<ele>69.34362311299321</ele>
<time>2026-08-23T14:42:54.385Z</time>
<speed>0.062159018293890575</speed>
<extensions>
<accuracy>3.0</accuracy>
<heading>0.0</heading>
<satellites>0</satellites>
<vAccuracy>1.567148208618164</vAccuracy>
</extensions>
</trkpt>
<trkpt lat="41.9845045" lon="2.8100061000000096">
<ele>69.348140685881</ele>
<time>2026-08-23T14:42:56.386Z</time>
<speed>0.05950304030338101</speed>
<extensions>
<accuracy>3.0</accuracy>
<heading>0.0</heading>
<satellites>0</satellites>
<vAccuracy>1.3721230030059814</vAccuracy>
</extensions>
</trkpt>
<trkpt lat="41.9845054" lon="2.810005799999999">
<ele>69.34969801793609</ele>
<time>2026-08-23T14:42:58.386Z</time>
<speed>0.06356159490572291</speed>
<extensions>
<accuracy>3.0</accuracy>
<heading>0.2367851883172989</heading>
<satellites>0</satellites>
<vAccuracy>1.3331992626190186</vAccuracy>
</extensions>
</trkpt>
<trkpt lat="41.984535" lon="2.8100113000000135">
<ele>69.24636150048535</ele>
<time>2026-08-23T14:43:00.343Z</time>
<speed>0.38104494474577266</speed>
<extensions>
<accuracy>3.2750000953674316</accuracy>
<heading>17.192352294921875</heading>
<satellites>0</satellites>
<vAccuracy>1.3814313411712646</vAccuracy>
</extensions>
</trkpt>
<trkpt lat="41.9845646" lon="2.81004200000001">
<ele>69.30088572641203</ele>
<time>2026-08-23T14:43:02.304Z</time>
<speed>0.7859717563871869</speed>
<extensions>
<accuracy>4.4039998054504395</accuracy>
<heading>24.241914749145508</heading>
<satellites>0</satellites>
<vAccuracy>1.8309940099716187</vAccuracy>
</extensions>
</trkpt>
<trkpt lat="41.9845865" lon="2.8100575999999933">
<ele>69.30994236494315</ele>
<time>2026-08-23T14:43:04.239Z</time>
<speed>1.063843714629019</speed>
<extensions>
<accuracy>5.306000232696533</accuracy>
<heading>14.309789657592773</heading>
<satellites>0</satellites>
<vAccuracy>1.637200117111206</vAccuracy>
</extensions>
</trkpt>
<trkpt lat="41.9846148" lon="2.810083999999989">
<ele>69.31314768528696</ele>
<time>2026-08-23T14:43:06.224Z</time>
<speed>1.4443631827067664</speed>
<extensions>
<accuracy>5.435999870300293</accuracy>
<heading>32.29111099243164</heading>
<satellites>0</satellites>
<vAccuracy>1.475670576095581</vAccuracy>
</extensions>
</trkpt>
<trkpt lat="41.9846311" lon="2.8101331000000016">
<ele>69.38897110420727</ele>
<time>2026-08-23T14:43:08.386Z</time>
<speed>1.8452141061624234</speed>
<extensions>
<accuracy>5.438000202178955</accuracy>
<heading>43.87309646606445</heading>
<satellites>0</satellites>
<vAccuracy>1.3793041706085205</vAccuracy>
</extensions>
</trkpt>
<trkpt lat="41.9846493" lon="2.8101629999999886">
<ele>69.3646955170182</ele>
<time>2026-08-23T14:43:10.385Z</time>
<speed>1.8252351467088823</speed>
<extensions>
<accuracy>5.388999938964844</accuracy>
<heading>40.0227165222168</heading>
<satellites>0</satellites>
<vAccuracy>1.5024502277374268</vAccuracy>
</extensions>
</trkpt>
<trkpt lat="41.9846722" lon="2.8101846000000137">
<ele>69.26515088655013</ele>
<time>2026-08-23T14:43:12.440Z</time>
<speed>1.7040396473591553</speed>
<extensions>
<accuracy>5.340000152587891</accuracy>
<heading>34.588993072509766</heading>
<satellites>0</satellites>
<vAccuracy>1.4957858324050903</vAccuracy>
</extensions>
</trkpt>
<trkpt lat="41.9846991" lon="2.810215800000009">
<ele>69.11747236170793</ele>
<time>2026-08-23T14:43:14.383Z</time>
<speed>1.825754707593198</speed>
<extensions>
<accuracy>5.186999797821045</accuracy>
<heading>21.17670440673828</heading>
<satellites>0</satellites>
<vAccuracy>1.3242067098617554</vAccuracy>
</extensions>
</trkpt>
<trkpt lat="41.9847195" lon="2.8102322999999956">
<ele>69.25347433331247</ele>
<time>2026-08-23T14:43:16.279Z</time>
<speed>1.7191231377896852</speed>
<extensions>
<accuracy>5.078999996185303</accuracy>
<heading>61.198486328125</heading>
<satellites>0</satellites>
<vAccuracy>1.4514997005462646</vAccuracy>
</extensions>
</trkpt>
<trkpt lat="41.98473" lon="2.810269699999992">
<ele>69.39361669301323</ele>
<time>2026-08-23T14:43:18.206Z</time>
<speed>1.6509190474171949</speed>
<extensions>
<accuracy>4.96999979019165</accuracy>
<heading>39.85977554321289</heading>
<satellites>0</satellites>
<vAccuracy>1.4790410995483398</vAccuracy>
</extensions>
</trkpt>
<trkpt lat="41.98475" lon="2.8103103999999917">
<ele>69.6775196957421</ele>
<time>2026-08-23T14:43:20.084Z</time>
<speed>1.7607981332603626</speed>
<extensions>
<accuracy>4.947000026702881</accuracy>
<heading>50.51808166503906</heading>
<satellites>0</satellites>
<vAccuracy>1.6914079189300537</vAccuracy>
</extensions>
</trkpt>
<trkpt lat="41.9847574" lon="2.810337199999992">
<ele>69.82719758552321</ele>
<time>2026-08-23T14:43:21.979Z</time>
<speed>1.707527924684141</speed>
<extensions>
<accuracy>4.932000160217285</accuracy>
<heading>71.32688903808594</heading>
<satellites>0</satellites>
<vAccuracy>1.9762061834335327</vAccuracy>
</extensions>
</trkpt>
<trkpt lat="41.984761" lon="2.810370599999999">
<ele>69.95874103361228</ele>
<time>2026-08-23T14:43:23.898Z</time>
<speed>1.5917349150852973</speed>
<extensions>
<accuracy>4.803999900817871</accuracy>
<heading>88.13653564453125</heading>
<satellites>0</satellites>
<vAccuracy>2.0892977714538574</vAccuracy>
</extensions>
</trkpt>
<trkpt lat="41.9847557" lon="2.810406400000005">
<ele>70.03642215084254</ele>
<time>2026-08-23T14:43:25.842Z</time>
<speed>1.6229419450990512</speed>
<extensions>
<accuracy>4.763999938964844</accuracy>
<heading>100.50071716308594</heading>
<satellites>0</satellites>
<vAccuracy>2.0157530307769775</vAccuracy>
</extensions>
</trkpt>
<trkpt lat="41.9847536" lon="2.8104406999999867">
<ele>70.13598033599371</ele>
<time>2026-08-23T14:43:27.785Z</time>
<speed>1.5727922841639237</speed>
<extensions>
<accuracy>4.748000144958496</accuracy>
<heading>58.93402099609375</heading>
<satellites>0</satellites>
<vAccuracy>2.029181718826294</vAccuracy>
</extensions>
</trkpt>
<trkpt lat="41.9847741" lon="2.8104491999999937">
<ele>70.26540728955338</ele>
<time>2026-08-23T14:43:29.784Z</time>
<speed>1.3819800080124398</speed>
<extensions>
<accuracy>4.693999767303467</accuracy>
<heading>10.203328132629395</heading>
<satellites>0</satellites>
<vAccuracy>1.6562353372573853</vAccuracy>
</extensions>
</trkpt>
<trkpt lat="41.9847978" lon="2.8104510999999945">
<ele>70.38677367860079</ele>
<time>2026-08-23T14:43:31.759Z</time>
<speed>1.399926834631956</speed>
<extensions>
<accuracy>4.626999855041504</accuracy>
<heading>7.801702499389648</heading>
<satellites>0</satellites>
<vAccuracy>1.600494623184204</vAccuracy>
</extensions>
</trkpt>
<trkpt lat="41.9848225" lon="2.8104621999999893">
<ele>70.52343830056817</ele>
<time>2026-08-23T14:43:33.703Z</time>
<speed>1.4071132088292835</speed>
<extensions>
<accuracy>4.489999771118164</accuracy>
<heading>13.654241561889648</heading>
<satellites>0</satellites>
<vAccuracy>1.4937744140625</vAccuracy>
</extensions>
</trkpt>
<trkpt lat="41.9848384" lon="2.810457100000008">
<ele>70.59164849917873</ele>
<time>2026-08-23T14:43:35.639Z</time>
<speed>1.2844740138816921</speed>
<extensions>
<accuracy>4.515999794006348</accuracy>
<heading>12.237188339233398</heading>
<satellites>0</satellites>
<vAccuracy>1.4784910678863525</vAccuracy>
</extensions>
</trkpt>
<trkpt lat="41.9848499" lon="2.8104538000000048">
<ele>70.64398881280347</ele>
<time>2026-08-23T14:43:37.605Z</time>
<speed>1.1246786597330742</speed>
<extensions>
<accuracy>4.38100004196167</accuracy>
<heading>10.782873153686523</heading>
<satellites>0</satellites>
<vAccuracy>1.5062768459320068</vAccuracy>
</extensions>
</trkpt>
<trkpt lat="41.9848648" lon="2.8104663999999957">
<ele>70.71910641858354</ele>
<time>2026-08-23T14:43:39.524Z</time>
<speed>1.0899821256840743</speed>
<extensions>
<accuracy>4.125999927520752</accuracy>
<heading>14.936454772949219</heading>
<satellites>0</satellites>
<vAccuracy>1.360190749168396</vAccuracy>
</extensions>
</trkpt>
<trkpt lat="41.984876" lon="2.8104610999999977">
<ele>70.76964239775647</ele>
<time>2026-08-23T14:43:41.483Z</time>
<speed>0.9574220501947701</speed>
<extensions>
<accuracy>3.9739999771118164</accuracy>
<heading>8.51197338104248</heading>
<satellites>0</satellites>
<vAccuracy>1.4929311275482178</vAccuracy>
</extensions>
</trkpt>
<trkpt lat="41.9848952" lon="2.8104543000000035">
<ele>70.86247484050125</ele>
<time>2026-08-23T14:43:43.426Z</time>
<speed>0.8867557128324437</speed>
<extensions>
<accuracy>4.288000106811523</accuracy>
<heading>4.471612930297852</heading>
<satellites>0</satellites>
<vAccuracy>1.506669521331787</vAccuracy>
</extensions>
</trkpt>
<trkpt lat="41.9849143" lon="2.8104471000000046">
<ele>70.9623527550536</ele>
<time>2026-08-23T14:43:45.344Z</time>
<speed>0.9289836204077012</speed>
<extensions>
<accuracy>4.736999988555908</accuracy>
<heading>1.009587287902832</heading>
<satellites>0</satellites>
<vAccuracy>1.4319785833358765</vAccuracy>
</extensions>
</trkpt>
<trkpt lat="41.9849284" lon="2.810472699999991">
<ele>70.99512311075532</ele>
<time>2026-08-23T14:43:47.263Z</time>
<speed>1.0704372303324072</speed>
<extensions>
<accuracy>5.234000205993652</accuracy>
<heading>12.817023277282715</heading>
<satellites>0</satellites>
<vAccuracy>1.4000836610794067</vAccuracy>
</extensions>
</trkpt>
<trkpt lat="41.9849524" lon="2.8104682999999966">
<ele>71.10807190890152</ele>
<time>2026-08-23T14:43:49.222Z</time>
<speed>1.1414551137480202</speed>
<extensions>
<accuracy>5.385000228881836</accuracy>
<heading>7.826688289642334</heading>
<satellites>0</satellites>
<vAccuracy>1.3823801279067993</vAccuracy>
</extensions>
</trkpt>
<trkpt lat="41.9849782" lon="2.810467899999992">
<ele>71.22362424793</ele>
<time>2026-08-23T14:43:51.124Z</time>
<speed>1.3083584469616283</speed>
<extensions>
<accuracy>5.331999778747559</accuracy>
<heading>9.892059326171875</heading>
<satellites>0</satellites>
<vAccuracy>1.3902084827423096</vAccuracy>
</extensions>
</trkpt>
<trkpt lat="41.9850047" lon="2.8104687000000013">
<ele>71.3045247071888</ele>
<time>2026-08-23T14:43:53.059Z</time>
<speed>1.3857550405485375</speed>
<extensions>
<accuracy>5.064000129699707</accuracy>
<heading>3.2136454582214355</heading>
<satellites>0</satellites>
<vAccuracy>1.292615294456482</vAccuracy>
</extensions>
</trkpt>
<trkpt lat="41.9850322" lon="2.81047989999999">
<ele>71.36444889305979</ele>
<time>2026-08-23T14:43:55.000Z</time>
<speed>1.4849657239120553</speed>
<extensions>
<accuracy>4.9019999504089355</accuracy>
<heading>15.186905860900879</heading>
<satellites>0</satellites>
<vAccuracy>1.3873283863067627</vAccuracy>
</extensions>
</trkpt>
<trkpt lat="41.9850574" lon="2.810495099999997">
<ele>71.4160943094185</ele>
<time>2026-08-23T14:43:56.864Z</time>
<speed>1.5399918790075513</speed>
<extensions>
<accuracy>4.816999912261963</accuracy>
<heading>18.564619064331055</heading>
<satellites>0</satellites>
<vAccuracy>1.4037073850631714</vAccuracy>
</extensions>
</trkpt>
<trkpt lat="41.9850885" lon="2.8105242000000032">
<ele>71.47585372530455</ele>
<time>2026-08-23T14:43:58.743Z</time>
<speed>1.7133818220157548</speed>
<extensions>
<accuracy>4.8470001220703125</accuracy>
<heading>24.023277282714844</heading>
<satellites>0</satellites>
<vAccuracy>1.608794927597046</vAccuracy>
</extensions>
</trkpt>
<trkpt lat="41.9851109" lon="2.8105428000000074">
<ele>71.53513757798376</ele>
<time>2026-08-23T14:44:00.702Z</time>
<speed>1.7105238840959576</speed>
<extensions>
<accuracy>4.735000133514404</accuracy>
<heading>31.93865394592285</heading>
<satellites>0</satellites>
<vAccuracy>2.0306203365325928</vAccuracy>
</extensions>
</trkpt>
<trkpt lat="41.9851381" lon="2.8105635000000007">
<ele>71.62212895573579</ele>
<time>2026-08-23T14:44:02.742Z</time>
<speed>1.7465578832828097</speed>
<extensions>
<accuracy>4.671000003814697</accuracy>
<heading>26.918947219848633</heading>
<satellites>0</satellites>
<vAccuracy>2.058563470840454</vAccuracy>
</extensions>
</trkpt>
<trkpt lat="41.9851657" lon="2.8105817">
<ele>71.77988183587541</ele>
<time>2026-08-23T14:44:04.701Z</time>
<speed>1.7662907711604665</speed>
<extensions>
<accuracy>4.563000202178955</accuracy>
<heading>25.355804443359375</heading>
<satellites>0</satellites>
<vAccuracy>2.106276750564575</vAccuracy>
</extensions>
</trkpt>
<trkpt lat="41.9851943" lon="2.810600700000009">
<ele>71.99336175365278</ele>
<time>2026-08-23T14:44:06.644Z</time>
<speed>1.8018826524918263</speed>
<extensions>
<accuracy>4.605999946594238</accuracy>
<heading>23.644140243530273</heading>
<satellites>0</satellites>
<vAccuracy>1.8838614225387573</vAccuracy>
</extensions>
</trkpt>
<trkpt lat="41.9852233" lon="2.8106223000000057">
<ele>72.23960046227837</ele>
<time>2026-08-23T14:44:08.620Z</time>
<speed>1.7265861312416517</speed>
<extensions>
<accuracy>4.519999980926514</accuracy>
<heading>22.600507736206055</heading>
<satellites>0</satellites>
<vAccuracy>1.7983708381652832</vAccuracy>
</extensions>
</trkpt>
<trkpt lat="41.98525" lon="2.810643199999987">
<ele>72.48990666728093</ele>
<time>2026-08-23T14:44:10.539Z</time>
<speed>1.785747180739779</speed>
<extensions>
<accuracy>4.308000087738037</accuracy>
<heading>22.460317611694336</heading>
<satellites>0</satellites>
<vAccuracy>1.4653611183166504</vAccuracy>
</extensions>
</trkpt>
<trkpt lat="41.9852765" lon="2.8106631999999934">
<ele>72.7001274438806</ele>
<time>2026-08-23T14:44:12.386Z</time>
<speed>1.8109271166592336</speed>
<extensions>
<accuracy>4.441999912261963</accuracy>
<heading>11.679369926452637</heading>
<satellites>0</satellites>
<vAccuracy>1.4297970533370972</vAccuracy>
</extensions>
</trkpt>
<trkpt lat="41.9853025" lon="2.8106624000000124">
<ele>72.77495396404403</ele>
<time>2026-08-23T14:44:14.402Z</time>
<speed>1.7488788380523883</speed>
<extensions>
<accuracy>4.447000026702881</accuracy>
<heading>338.55023193359375</heading>
<satellites>0</satellites>
<vAccuracy>1.337289571762085</vAccuracy>
</extensions>
</trkpt>
<trkpt lat="41.9853248" lon="2.810666999999995">
<ele>72.87964362041758</ele>
<time>2026-08-23T14:44:16.417Z</time>
<speed>1.6327903299771802</speed>
<extensions>
<accuracy>4.571000099182129</accuracy>
<heading>347.2806396484375</heading>
<satellites>0</satellites>
<vAccuracy>1.5920745134353638</vAccuracy>
</extensions>
</trkpt>
<trkpt lat="41.9853518" lon="2.810705899999988">
<ele>73.30980806249771</ele>
<time>2026-08-23T14:44:18.304Z</time>
<speed>1.7259670423914832</speed>
<extensions>
<accuracy>4.74399995803833</accuracy>
<heading>19.049551010131836</heading>
<satellites>0</satellites>
<vAccuracy>1.4618761539459229</vAccuracy>
</extensions>
</trkpt>
<trkpt lat="41.9853795" lon="2.810744199999988">
<ele>73.81109772471883</ele>
<time>2026-08-23T14:44:20.279Z</time>
<speed>1.815249867990283</speed>
<extensions>
<accuracy>4.867000102996826</accuracy>
<heading>27.13058090209961</heading>
<satellites>0</satellites>
<vAccuracy>1.4892008304595947</vAccuracy>
</extensions>
</trkpt>
<trkpt lat="41.9854045" lon="2.810776500000003">
<ele>74.30256643598898</ele>
<time>2026-08-23T14:44:22.222Z</time>
<speed>1.8461220592150729</speed>
<extensions>
<accuracy>4.789000034332275</accuracy>
<heading>35.041622161865234</heading>
<satellites>0</satellites>
<vAccuracy>1.2388973236083984</vAccuracy>
</extensions>
</trkpt>
<trkpt lat="41.9854306" lon="2.8108158999999944">
<ele>74.94100454174999</ele>
<time>2026-08-23T14:44:24.385Z</time>
<speed>1.9625697161120321</speed>
<extensions>
<accuracy>4.586999893188477</accuracy>
<heading>15.773179054260254</heading>
<satellites>0</satellites>
<vAccuracy>1.3076183795928955</vAccuracy>
</extensions>
</trkpt>
<trkpt lat="41.9854598" lon="2.810825099999988">
<ele>75.30162374395205</ele>
<time>2026-08-23T14:44:26.385Z</time>
<speed>2.0470490958481458</speed>
<extensions>
<accuracy>4.53000020980835</accuracy>
<heading>14.884765625</heading>
<satellites>0</satellites>
<vAccuracy>1.328171968460083</vAccuracy>
</extensions>
</trkpt>
<trkpt lat="41.9854865" lon="2.8108338000000117">
<ele>75.65155532811553</ele>
<time>2026-08-23T14:44:28.395Z</time>
<speed>1.884762386151096</speed>
<extensions>
<accuracy>4.806000232696533</accuracy>
<heading>3.607600450515747</heading>
<satellites>0</satellites>
<vAccuracy>1.414495825767517</vAccuracy>
</extensions>
</trkpt>
<trkpt lat="41.9855111" lon="2.810849499999989">
<ele>76.09151946530321</ele>
<time>2026-08-23T14:44:30.418Z</time>
<speed>1.7368084278787694</speed>
<extensions>
<accuracy>5.057000160217285</accuracy>
<heading>7.780150413513184</heading>
<satellites>0</satellites>
<vAccuracy>1.4243781566619873</vAccuracy>
</extensions>
</trkpt>
<trkpt lat="41.9855374" lon="2.8108815999999877">
<ele>76.58105703111444</ele>
<time>2026-08-23T14:44:32.426Z</time>
<speed>1.7333681683731652</speed>
<extensions>
<accuracy>5.14300012588501</accuracy>
<heading>25.750446319580078</heading>
<satellites>0</satellites>
<vAccuracy>1.212315320968628</vAccuracy>
</extensions>
</trkpt>
<trkpt lat="41.9855486" lon="2.8108991000000003">
<ele>76.8053121669442</ele>
<time>2026-08-23T14:44:34.385Z</time>
<speed>1.5248974188608626</speed>
<extensions>
<accuracy>4.953000068664551</accuracy>
<heading>27.722293853759766</heading>
<satellites>0</satellites>
<vAccuracy>1.3783921003341675</vAccuracy>
</extensions>
</trkpt>
<trkpt lat="41.985552" lon="2.8109063999999933">
<ele>76.89251360059478</ele>
<time>2026-08-23T14:44:36.385Z</time>
<speed>1.2626254751919015</speed>
<extensions>
<accuracy>4.119999885559082</accuracy>
<heading>33.67631912231445</heading>
<satellites>0</satellites>
<vAccuracy>1.4176933765411377</vAccuracy>
</extensions>
</trkpt>
<trkpt lat="41.985545" lon="2.8109039999999936">
<ele>76.81526400878174</ele>
<time>2026-08-23T14:44:38.304Z</time>
<speed>1.0423855384069345</speed>
<extensions>
<accuracy>3.7139999866485596</accuracy>
<heading>35.57913589477539</heading>
<satellites>0</satellites>
<vAccuracy>1.4558736085891724</vAccuracy>
</extensions>
</trkpt>
<trkpt lat="41.9855729" lon="2.8109157000000096">
<ele>77.14957966208581</ele>
<time>2026-08-23T14:44:40.424Z</time>
<speed>1.0496316578610283</speed>
<extensions>
<accuracy>3.4010000228881836</accuracy>
<heading>22.861764907836914</heading>
<satellites>0</satellites>
<vAccuracy>1.71405827999115</vAccuracy>
</extensions>
</trkpt>
<trkpt lat="41.9856103" lon="2.8109427999999923">
<ele>77.75298540078813</ele>
<time>2026-08-23T14:44:42.399Z</time>
<speed>1.1346770097731456</speed>
<extensions>
<accuracy>3.236999988555908</accuracy>
<heading>33.913089752197266</heading>
<satellites>0</satellites>
<vAccuracy>2.0103237628936768</vAccuracy>
</extensions>
</trkpt>
<trkpt lat="41.9856433" lon="2.8109705999999903">
<ele>78.39166909342171</ele>
<time>2026-08-23T14:44:44.341Z</time>
<speed>1.385690757131015</speed>
<extensions>
<accuracy>3.1530001163482666</accuracy>
<heading>21.16259765625</heading>
<satellites>0</satellites>
<vAccuracy>1.956544280052185</vAccuracy>
</extensions>
</trkpt>
<trkpt lat="41.9856697" lon="2.8109958999999947">
<ele>78.98905822764328</ele>
<time>2026-08-23T14:44:46.261Z</time>
<speed>1.6899244439747774</speed>
<extensions>
<accuracy>3.325000047683716</accuracy>
<heading>48.01198959350586</heading>
<satellites>0</satellites>
<vAccuracy>1.8234270811080933</vAccuracy>
</extensions>
</trkpt>
<trkpt lat="41.9856918" lon="2.8110335000000077">
<ele>79.74502910628769</ele>
<time>2026-08-23T14:44:48.283Z</time>
<speed>1.998091675564051</speed>
<extensions>
<accuracy>3.6540000438690186</accuracy>
<heading>48.0276985168457</heading>
<satellites>0</satellites>
<vAccuracy>1.6601401567459106</vAccuracy>
</extensions>
</trkpt>
<trkpt lat="41.9857179" lon="2.8110691999999915">
<ele>80.59186592049235</ele>
<time>2026-08-23T14:44:50.385Z</time>
<speed>2.0853211258950677</speed>
<extensions>
<accuracy>3.874000072479248</accuracy>
<heading>35.85622024536133</heading>
<satellites>0</satellites>
<vAccuracy>1.2996406555175781</vAccuracy>
</extensions>
</trkpt>
<trkpt lat="41.9857428" lon="2.8110948000000064">
<ele>81.33491686744668</ele>
<time>2026-08-23T14:44:52.385Z</time>
<speed>1.955457006786077</speed>
<extensions>
<accuracy>4.090000152587891</accuracy>
<heading>37.77621078491211</heading>
<satellites>0</satellites>
<vAccuracy>1.720395565032959</vAccuracy>
</extensions>
</trkpt>
<trkpt lat="41.9857694" lon="2.8111173000000065">
<ele>82.10189418094225</ele>
<time>2026-08-23T14:44:54.385Z</time>
<speed>1.8589627904500294</speed>
<extensions>
<accuracy>4.289000034332275</accuracy>
<heading>37.29109191894531</heading>
<satellites>0</satellites>
<vAccuracy>1.7341190576553345</vAccuracy>
</extensions>
</trkpt>
<trkpt lat="41.9857999" lon="2.811141399999997">
<ele>82.67905100599306</ele>
<time>2026-08-23T14:44:56.385Z</time>
<speed>1.8768413944478044</speed>
<extensions>
<accuracy>4.2820000648498535</accuracy>
<heading>31.394899368286133</heading>
<satellites>0</satellites>
<vAccuracy>1.2431741952896118</vAccuracy>
</extensions>
</trkpt>
<trkpt lat="41.9858302" lon="2.811165100000011">
<ele>82.65349725902215</ele>
<time>2026-08-23T14:44:58.399Z</time>
<speed>1.871976866721778</speed>
<extensions>
<accuracy>3.865999937057495</accuracy>
<heading>32.6047248840332</heading>
<satellites>0</satellites>
<vAccuracy>1.0603859424591064</vAccuracy>
</extensions>
</trkpt>
<trkpt lat="41.985862" lon="2.8111775000000137">
<ele>82.3660550840125</ele>
<time>2026-08-23T14:45:00.385Z</time>
<speed>1.8489333309168927</speed>
<extensions>
<accuracy>3.3380000591278076</accuracy>
<heading>15.718619346618652</heading>
<satellites>0</satellites>
<vAccuracy>1.0879652500152588</vAccuracy>
</extensions>
</trkpt>
<trkpt lat="41.9858892" lon="2.81120039999999">
<ele>82.11711562570065</ele>
<time>2026-08-23T14:45:02.424Z</time>
<speed>1.8504324521258448</speed>
<extensions>
<accuracy>3.0320000648498535</accuracy>
<heading>35.93435287475586</heading>
<satellites>0</satellites>
<vAccuracy>1.4987651109695435</vAccuracy>
</extensions>
</trkpt>
<trkpt lat="41.9859152" lon="2.811212299999994">
<ele>81.93441958069998</ele>
<time>2026-08-23T14:45:04.384Z</time>
<speed>1.8126605045458422</speed>
<extensions>
<accuracy>3.010999917984009</accuracy>
<heading>2.0648703575134277</heading>
<satellites>0</satellites>
<vAccuracy>1.3176220655441284</vAccuracy>
</extensions>
</trkpt>
<trkpt lat="41.985943" lon="2.8112132999999915">
<ele>81.76629627527939</ele>
<time>2026-08-23T14:45:06.320Z</time>
<speed>1.7388005896755323</speed>
<extensions>
<accuracy>3.25600004196167</accuracy>
<heading>20.51220703125</heading>
<satellites>0</satellites>
<vAccuracy>1.2565664052963257</vAccuracy>
</extensions>
</trkpt>
<trkpt lat="41.9859711" lon="2.811238000000003">
<ele>81.61995242621849</ele>
<time>2026-08-23T14:45:08.384Z</time>
<speed>1.713448838101641</speed>
<extensions>
<accuracy>3.8510000705718994</accuracy>
<heading>29.961135864257812</heading>
<satellites>0</satellites>
<vAccuracy>1.3347139358520508</vAccuracy>
</extensions>
</trkpt>
<trkpt lat="41.9859947" lon="2.811261000000002">
<ele>81.54111493200827</ele>
<time>2026-08-23T14:45:10.385Z</time>
<speed>1.6665788851534193</speed>
<extensions>
<accuracy>4.323999881744385</accuracy>
<heading>28.134449005126953</heading>
<satellites>0</satellites>
<vAccuracy>1.3152788877487183</vAccuracy>
</extensions>
</trkpt>
<trkpt lat="41.9860175" lon="2.811279000000013">
<ele>81.49230170124088</ele>
<time>2026-08-23T14:45:12.222Z</time>
<speed>1.6366468419869242</speed>
<extensions>
<accuracy>4.639999866485596</accuracy>
<heading>32.74888610839844</heading>
<satellites>0</satellites>
<vAccuracy>1.2040704488754272</vAccuracy>
</extensions>
</trkpt>
<trkpt lat="41.9860387" lon="2.811293599999999">
<ele>81.46707520249434</ele>
<time>2026-08-23T14:45:14.142Z</time>
<speed>1.600893664345744</speed>
<extensions>
<accuracy>4.685999870300293</accuracy>
<heading>29.749267578125</heading>
<satellites>0</satellites>
<vAccuracy>1.4038561582565308</vAccuracy>
</extensions>
</trkpt>
<trkpt lat="41.9860531" lon="2.811305599999997">
<ele>81.4713855996676</ele>
<time>2026-08-23T14:45:16.118Z</time>
<speed>1.4720765876024793</speed>
<extensions>
<accuracy>4.752999782562256</accuracy>
<heading>33.445472717285156</heading>
<satellites>0</satellites>
<vAccuracy>1.3875726461410522</vAccuracy>
</extensions>
</trkpt>
<trkpt lat="41.9860501" lon="2.8113085999999896">
<ele>81.49063232434816</ele>
<time>2026-08-23T14:45:18.022Z</time>
<speed>1.1540710342150833</speed>
<extensions>
<accuracy>4.425000190734863</accuracy>
<heading>38.13813018798828</heading>
<satellites>0</satellites>
<vAccuracy>1.4799810647964478</vAccuracy>
</extensions>
</trkpt>
<trkpt lat="41.9860588" lon="2.8113183000000106">
<ele>81.50989424660747</ele>
<time>2026-08-23T14:45:19.919Z</time>
<speed>0.9626574626121959</speed>
<extensions>
<accuracy>3.7660000324249268</accuracy>
<heading>39.62486267089844</heading>
<satellites>0</satellites>
<vAccuracy>1.6044992208480835</vAccuracy>
</extensions>
</trkpt>
<trkpt lat="41.9860768" lon="2.8113314999999943">
<ele>81.53641607225727</ele>
<time>2026-08-23T14:45:21.839Z</time>
<speed>0.8800744675926633</speed>
<extensions>
<accuracy>3.2170000076293945</accuracy>
<heading>37.431793212890625</heading>
<satellites>0</satellites>
<vAccuracy>1.6476730108261108</vAccuracy>
</extensions>
</trkpt>
<trkpt lat="41.986099" lon="2.8113496">
<ele>81.4369607076383</ele>
<time>2026-08-23T14:45:23.784Z</time>
<speed>0.9010239850803213</speed>
<extensions>
<accuracy>3.058000087738037</accuracy>
<heading>34.606422424316406</heading>
<satellites>0</satellites>
<vAccuracy>1.8165078163146973</vAccuracy>
</extensions>
</trkpt>
<trkpt lat="41.9861245" lon="2.811366399999997">
<ele>80.9031864902478</ele>
<time>2026-08-23T14:45:25.738Z</time>
<speed>1.0335396342793635</speed>
<extensions>
<accuracy>3.249000072479248</accuracy>
<heading>29.934743881225586</heading>
<satellites>0</satellites>
<vAccuracy>1.62510347366333</vAccuracy>
</extensions>
</trkpt>
<trkpt lat="41.9861457" lon="2.8113797999999974">
<ele>80.44439610048497</ele>
<time>2026-08-23T14:45:27.683Z</time>
<speed>1.2576988969322276</speed>
<extensions>
<accuracy>3.736999988555908</accuracy>
<heading>27.310007095336914</heading>
<satellites>0</satellites>
<vAccuracy>1.743269920349121</vAccuracy>
</extensions>
</trkpt>
<trkpt lat="41.9861705" lon="2.8113936000000024">
<ele>79.88651836366634</ele>
<time>2026-08-23T14:45:29.604Z</time>
<speed>1.4359272422501845</speed>
<extensions>
<accuracy>4.124000072479248</accuracy>
<heading>31.02106285095215</heading>
<satellites>0</satellites>
<vAccuracy>1.4331637620925903</vAccuracy>
</extensions>
</trkpt>
<trkpt lat="41.9861962" lon="2.811408099999994">
<ele>79.29293949833949</ele>
<time>2026-08-23T14:45:31.501Z</time>
<speed>1.5251837164673416</speed>
<extensions>
<accuracy>4.245999813079834</accuracy>
<heading>29.413827896118164</heading>
<satellites>0</satellites>
<vAccuracy>1.6545101404190063</vAccuracy>
</extensions>
</trkpt>
<trkpt lat="41.9862183" lon="2.811425799999995">
<ele>78.80537477263296</ele>
<time>2026-08-23T14:45:33.478Z</time>
<speed>1.5176929283900276</speed>
<extensions>
<accuracy>4.421999931335449</accuracy>
<heading>28.656845092773438</heading>
<satellites>0</satellites>
<vAccuracy>1.0360872745513916</vAccuracy>
</extensions>
</trkpt>
<trkpt lat="41.9862452" lon="2.8114401999999927">
<ele>78.2221108634774</ele>
<time>2026-08-23T14:45:35.478Z</time>
<speed>1.5164630576071763</speed>
<extensions>
<accuracy>4.485000133514404</accuracy>
<heading>32.765968322753906</heading>
<satellites>0</satellites>
<vAccuracy>1.0453782081604004</vAccuracy>
</extensions>
</trkpt>
<trkpt lat="41.9862667" lon="2.8114512999999874">
<ele>77.77709306228903</ele>
<time>2026-08-23T14:45:37.530Z</time>
<speed>1.4982226612119205</speed>
<extensions>
<accuracy>4.560999870300293</accuracy>
<heading>9.902783393859863</heading>
<satellites>0</satellites>
<vAccuracy>1.421266794204712</vAccuracy>
</extensions>
</trkpt>
<trkpt lat="41.9863032" lon="2.8114683000000014">
<ele>77.05432713223041</ele>
<time>2026-08-23T14:45:39.705Z</time>
<speed>1.582467337769916</speed>
<extensions>
<accuracy>4.693999767303467</accuracy>
<heading>30.026525497436523</heading>
<satellites>0</satellites>
<vAccuracy>1.3905885219573975</vAccuracy>
</extensions>
</trkpt>
<trkpt lat="41.9863234" lon="2.8114975000000015">
<ele>76.83723368823372</ele>
<time>2026-08-23T14:45:41.601Z</time>
<speed>1.6035359955186301</speed>
<extensions>
<accuracy>4.872000217437744</accuracy>
<heading>47.59220504760742</heading>
<satellites>0</satellites>
<vAccuracy>1.3680673837661743</vAccuracy>
</extensions>
</trkpt>
<trkpt lat="41.986335" lon="2.8115330999999912">
<ele>76.89689386013458</ele>
<time>2026-08-23T14:45:43.625Z</time>
<speed>1.6316793898393214</speed>
<extensions>
<accuracy>4.829999923706055</accuracy>
<heading>78.53829193115234</heading>
<satellites>0</satellites>
<vAccuracy>1.193237066268921</vAccuracy>
</extensions>
</trkpt>
<trkpt lat="41.9863469" lon="2.811555300000009">
<ele>76.86404278007606</ele>
<time>2026-08-23T14:45:45.505Z</time>
<speed>1.5504176477290548</speed>
<extensions>
<accuracy>4.763000011444092</accuracy>
<heading>65.31240844726562</heading>
<satellites>0</satellites>
<vAccuracy>1.2611788511276245</vAccuracy>
</extensions>
</trkpt>
<trkpt lat="41.9863699" lon="2.8115768000000116">
<ele>76.64822985946567</ele>
<time>2026-08-23T14:45:47.401Z</time>
<speed>1.629344819708947</speed>
<extensions>
<accuracy>4.73199987411499</accuracy>
<heading>52.634803771972656</heading>
<satellites>0</satellites>
<vAccuracy>1.5153114795684814</vAccuracy>
</extensions>
</trkpt>
<trkpt lat="41.9863951" lon="2.8115914999999916">
<ele>76.48487213287119</ele>
<time>2026-08-23T14:45:49.322Z</time>
<speed>1.5523847809581472</speed>
<extensions>
<accuracy>4.664999961853027</accuracy>
<heading>38.782474517822266</heading>
<satellites>0</satellites>
<vAccuracy>1.323214054107666</vAccuracy>
</extensions>
</trkpt>
<trkpt lat="41.9864198" lon="2.811605600000007">
<ele>76.30702732668944</ele>
<time>2026-08-23T14:45:51.218Z</time>
<speed>1.519325574674353</speed>
<extensions>
<accuracy>4.493000030517578</accuracy>
<heading>31.899497985839844</heading>
<satellites>0</satellites>
<vAccuracy>1.3879542350769043</vAccuracy>
</extensions>
</trkpt>
<trkpt lat="41.986442" lon="2.81162359999999">
<ele>76.18002387010367</ele>
<time>2026-08-23T14:45:53.178Z</time>
<speed>1.4959648265501713</speed>
<extensions>
<accuracy>4.377999782562256</accuracy>
<heading>43.957908630371094</heading>
<satellites>0</satellites>
<vAccuracy>1.5726673603057861</vAccuracy>
</extensions>
</trkpt>
<trkpt lat="41.9864604" lon="2.811646499999995">
<ele>76.12689359747073</ele>
<time>2026-08-23T14:45:55.083Z</time>
<speed>1.5479217253287627</speed>
<extensions>
<accuracy>4.375999927520752</accuracy>
<heading>39.358055114746094</heading>
<satellites>0</satellites>
<vAccuracy>1.7418314218521118</vAccuracy>
</extensions>
</trkpt>
<trkpt lat="41.9864823" lon="2.811670300000003">
<ele>76.01376320626909</ele>
<time>2026-08-23T14:45:56.979Z</time>
<speed>1.5496289302277346</speed>
<extensions>
<accuracy>4.468999862670898</accuracy>
<heading>33.753273010253906</heading>
<satellites>0</satellites>
<vAccuracy>2.0451948642730713</vAccuracy>
</extensions>
</trkpt>
<trkpt lat="41.9865028" lon="2.811691499999995">
<ele>75.81423906809215</ele>
<time>2026-08-23T14:45:58.938Z</time>
<speed>1.5251808622174614</speed>
<extensions>
<accuracy>4.5289998054504395</accuracy>
<heading>34.295413970947266</heading>
<satellites>0</satellites>
<vAccuracy>2.0002963542938232</vAccuracy>
</extensions>
</trkpt>
<trkpt lat="41.9865213" lon="2.8117196000000035">
<ele>75.57088913906871</ele>
<time>2026-08-23T14:46:00.883Z</time>
<speed>1.5294888169165641</speed>
<extensions>
<accuracy>4.571000099182129</accuracy>
<heading>50.34406661987305</heading>
<satellites>0</satellites>
<vAccuracy>1.878709316253662</vAccuracy>
</extensions>
</trkpt>
<trkpt lat="41.9865363" lon="2.8117544000000123">
<ele>75.42374366130242</ele>
<time>2026-08-23T14:46:02.819Z</time>
<speed>1.578869238527352</speed>
<extensions>
<accuracy>4.547999858856201</accuracy>
<heading>57.106101989746094</heading>
<satellites>0</satellites>
<vAccuracy>1.9051480293273926</vAccuracy>
</extensions>
</trkpt>
<trkpt lat="41.9865509" lon="2.811787900000013">
<ele>75.32702593393827</ele>
<time>2026-08-23T14:46:04.763Z</time>
<speed>1.6164629490759472</speed>
<extensions>
<accuracy>4.505000114440918</accuracy>
<heading>60.22651290893555</heading>
<satellites>0</satellites>
<vAccuracy>1.4246535301208496</vAccuracy>
</extensions>
</trkpt>
<trkpt lat="41.9865644" lon="2.8118205000000103">
<ele>75.28264435615638</ele>
<time>2026-08-23T14:46:06.683Z</time>
<speed>1.6075386788485921</speed>
<extensions>
<accuracy>4.440999984741211</accuracy>
<heading>58.64280319213867</heading>
<satellites>0</satellites>
<vAccuracy>1.6426143646240234</vAccuracy>
</extensions>
</trkpt>
<trkpt lat="41.9865788" lon="2.811854399999987">
<ele>75.27819542154971</ele>
<time>2026-08-23T14:46:08.617Z</time>
<speed>1.6477352958485145</speed>
<extensions>
<accuracy>4.486999988555908</accuracy>
<heading>57.66492462158203</heading>
<satellites>0</satellites>
<vAccuracy>1.2681362628936768</vAccuracy>
</extensions>
</trkpt>
<trkpt lat="41.9865966" lon="2.8118848000000014">
<ele>75.28993379431752</ele>
<time>2026-08-23T14:46:10.425Z</time>
<speed>1.682529688900418</speed>
<extensions>
<accuracy>4.513000011444092</accuracy>
<heading>44.26887512207031</heading>
<satellites>0</satellites>
<vAccuracy>1.1919530630111694</vAccuracy>
</extensions>
</trkpt>
<trkpt lat="41.9866132" lon="2.8119178999999974">
<ele>75.36961319080315</ele>
<time>2026-08-23T14:46:12.441Z</time>
<speed>1.666452559486143</speed>
<extensions>
<accuracy>4.574999809265137</accuracy>
<heading>58.36894989013672</heading>
<satellites>0</satellites>
<vAccuracy>1.431609034538269</vAccuracy>
</extensions>
</trkpt>
<trkpt lat="41.9866223" lon="2.81195919999999">
<ele>75.55641902698522</ele>
<time>2026-08-23T14:46:14.385Z</time>
<speed>1.702527928188263</speed>
<extensions>
<accuracy>4.572000026702881</accuracy>
<heading>56.78239440917969</heading>
<satellites>0</satellites>
<vAccuracy>1.4645020961761475</vAccuracy>
</extensions>
</trkpt>
<trkpt lat="41.9866459" lon="2.811991000000006">
<ele>74.9593767404044</ele>
<time>2026-08-23T14:46:16.361Z</time>
<speed>1.7571585144271626</speed>
<extensions>
<accuracy>4.617000102996826</accuracy>
<heading>37.25391387939453</heading>
<satellites>0</satellites>
<vAccuracy>1.5142579078674316</vAccuracy>
</extensions>
</trkpt>
<trkpt lat="41.9866511" lon="2.812029300000006">
<ele>74.2225153544581</ele>
<time>2026-08-23T14:46:18.265Z</time>
<speed>1.7614486113395624</speed>
<extensions>
<accuracy>4.039999961853027</accuracy>
<heading>51.352294921875</heading>
<satellites>0</satellites>
<vAccuracy>1.4206774234771729</vAccuracy>
</extensions>
</trkpt>
<trkpt lat="41.9866645" lon="2.8120691999999963">
<ele>73.54099983850473</ele>
<time>2026-08-23T14:46:20.223Z</time>
<speed>1.7772673735199906</speed>
<extensions>
<accuracy>3.430999994277954</accuracy>
<heading>46.459991455078125</heading>
<satellites>0</satellites>
<vAccuracy>1.4386707544326782</vAccuracy>
</extensions>
</trkpt>
<trkpt lat="41.9866823" lon="2.8121016999999995">
<ele>73.10590310604377</ele>
<time>2026-08-23T14:46:22.198Z</time>
<speed>1.787749026255668</speed>
<extensions>
<accuracy>3.0250000953674316</accuracy>
<heading>43.180179595947266</heading>
<satellites>0</satellites>
<vAccuracy>1.4853641986846924</vAccuracy>
</extensions>
</trkpt>
<trkpt lat="41.9866994" lon="2.8121334999999874">
<ele>72.76248647186104</ele>
<time>2026-08-23T14:46:24.181Z</time>
<speed>1.7486409333037847</speed>
<extensions>
<accuracy>3.0380001068115234</accuracy>
<heading>44.073265075683594</heading>
<satellites>0</satellites>
<vAccuracy>1.3260056972503662</vAccuracy>
</extensions>
</trkpt>
<trkpt lat="41.9867166" lon="2.8121644999999944">
<ele>72.51505920619749</ele>
<time>2026-08-23T14:46:26.182Z</time>
<speed>1.6922903141984071</speed>
<extensions>
<accuracy>3.071000099182129</accuracy>
<heading>39.49822235107422</heading>
<satellites>0</satellites>
<vAccuracy>1.4480122327804565</vAccuracy>
</extensions>
</trkpt>
<trkpt lat="41.9867368" lon="2.8121888000000013">
<ele>72.48109448677077</ele>
<time>2026-08-23T14:46:28.102Z</time>
<speed>1.6681404690196207</speed>
<extensions>
<accuracy>3.049999952316284</accuracy>
<heading>34.492488861083984</heading>
<satellites>0</satellites>
<vAccuracy>1.546341896057129</vAccuracy>
</extensions>
</trkpt>
<trkpt lat="41.9867614" lon="2.812210300000004">
<ele>72.62786048029919</ele>
<time>2026-08-23T14:46:30.158Z</time>
<speed>1.6158079377424963</speed>
<extensions>
<accuracy>3.0169999599456787</accuracy>
<heading>33.684532165527344</heading>
<satellites>0</satellites>
<vAccuracy>1.7690799236297607</vAccuracy>
</extensions>
</trkpt>
<trkpt lat="41.9867827" lon="2.812232800000004">
<ele>72.7852217643529</ele>
<time>2026-08-23T14:46:32.022Z</time>
<speed>1.601022686628298</speed>
<extensions>
<accuracy>3.0850000381469727</accuracy>
<heading>49.90081024169922</heading>
<satellites>0</satellites>
<vAccuracy>1.7892076969146729</vAccuracy>
</extensions>
</trkpt>
<trkpt lat="41.9867979" lon="2.8122676000000126">
<ele>72.9278037686576</ele>
<time>2026-08-23T14:46:34.124Z</time>
<speed>1.5912636488066325</speed>
<extensions>
<accuracy>3.375999927520752</accuracy>
<heading>68.65833282470703</heading>
<satellites>0</satellites>
<vAccuracy>1.6819875240325928</vAccuracy>
</extensions>
</trkpt>
<trkpt lat="41.9868125" lon="2.8123008000000027">
<ele>73.09312363983952</ele>
<time>2026-08-23T14:46:36.005Z</time>
<speed>1.6106940217923333</speed>
<extensions>
<accuracy>3.8320000171661377</accuracy>
<heading>70.47635650634766</heading>
<satellites>0</satellites>
<vAccuracy>1.6848454475402832</vAccuracy>
</extensions>
</trkpt>
<trkpt lat="41.9868281" lon="2.8123267">
<ele>73.29294619448808</ele>
<time>2026-08-23T14:46:37.958Z</time>
<speed>1.5789831044454326</speed>
<extensions>
<accuracy>4.040999889373779</accuracy>
<heading>68.55242156982422</heading>
<satellites>0</satellites>
<vAccuracy>1.8975062370300293</vAccuracy>
</extensions>
</trkpt>
<trkpt lat="41.9868476" lon="2.8123529000000076">
<ele>73.55459197635908</ele>
<time>2026-08-23T14:46:39.918Z</time>
<speed>1.574372796428083</speed>
<extensions>
<accuracy>4.258999824523926</accuracy>
<heading>63.428016662597656</heading>
<satellites>0</satellites>
<vAccuracy>1.577138900756836</vAccuracy>
</extensions>
</trkpt>
<trkpt lat="41.9868685" lon="2.8123784">
<ele>73.83423892471323</ele>
<time>2026-08-23T14:46:41.862Z</time>
<speed>1.5740435942202302</speed>
<extensions>
<accuracy>4.4120001792907715</accuracy>
<heading>58.85112762451172</heading>
<satellites>0</satellites>
<vAccuracy>1.4104092121124268</vAccuracy>
</extensions>
</trkpt>
<trkpt lat="41.9868911" lon="2.812392999999986">
<ele>74.17819051146897</ele>
<time>2026-08-23T14:46:43.798Z</time>
<speed>1.5446094961666166</speed>
<extensions>
<accuracy>4.176000118255615</accuracy>
<heading>52.92218017578125</heading>
<satellites>0</satellites>
<vAccuracy>1.2616024017333984</vAccuracy>
</extensions>
</trkpt>
<trkpt lat="41.9869057" lon="2.81242069999999">
<ele>74.31999508171538</ele>
<time>2026-08-23T14:46:45.798Z</time>
<speed>1.4862711757285672</speed>
<extensions>
<accuracy>3.61899995803833</accuracy>
<heading>53.932281494140625</heading>
<satellites>0</satellites>
<vAccuracy>1.5719168186187744</vAccuracy>
</extensions>
</trkpt>
<trkpt lat="41.986916" lon="2.8124507999999935">
<ele>74.36984715470851</ele>
<time>2026-08-23T14:46:47.685Z</time>
<speed>1.494392673318597</speed>
<extensions>
<accuracy>3.068000078201294</accuracy>
<heading>55.244937896728516</heading>
<satellites>0</satellites>
<vAccuracy>1.675945520401001</vAccuracy>
</extensions>
</trkpt>
<trkpt lat="41.986925" lon="2.8124816000000123">
<ele>74.38878894166267</ele>
<time>2026-08-23T14:46:49.620Z</time>
<speed>1.464413452196342</speed>
<extensions>
<accuracy>3.056999921798706</accuracy>
<heading>60.48856735229492</heading>
<satellites>0</satellites>
<vAccuracy>1.6263269186019897</vAccuracy>
</extensions>
</trkpt>
<trkpt lat="41.9869359" lon="2.812517299999996">
<ele>74.3725112053191</ele>
<time>2026-08-23T14:46:51.643Z</time>
<speed>1.4570032126167127</speed>
<extensions>
<accuracy>3.0360000133514404</accuracy>
<heading>60.71426010131836</heading>
<satellites>0</satellites>
<vAccuracy>1.4165602922439575</vAccuracy>
</extensions>
</trkpt>
<trkpt lat="41.9869535" lon="2.81254100000001">
<ele>74.64812839485448</ele>
<time>2026-08-23T14:46:53.666Z</time>
<speed>1.44276141929608</speed>
<extensions>
<accuracy>3.009000062942505</accuracy>
<heading>13.095163345336914</heading>
<satellites>0</satellites>
<vAccuracy>1.3860427141189575</vAccuracy>
</extensions>
</trkpt>
<trkpt lat="41.9869705" lon="2.812564299999991">
<ele>74.92005887837064</ele>
<time>2026-08-23T14:46:56.001Z</time>
<speed>1.39323439283538</speed>
<extensions>
<accuracy>3.065000057220459</accuracy>
<heading>28.259334564208984</heading>
<satellites>0</satellites>
<vAccuracy>1.3847486972808838</vAccuracy>
</extensions>
</trkpt>
<trkpt lat="41.9869761" lon="2.8126035999999885">
<ele>75.09064238908532</ele>
<time>2026-08-23T14:46:57.961Z</time>
<speed>1.4404393170576806</speed>
<extensions>
<accuracy>3.053999900817871</accuracy>
<heading>53.706878662109375</heading>
<satellites>0</satellites>
<vAccuracy>1.6223849058151245</vAccuracy>
</extensions>
</trkpt>
<trkpt lat="41.9869844" lon="2.8126370999999892">
<ele>75.2839545355621</ele>
<time>2026-08-23T14:46:59.922Z</time>
<speed>1.4553829229362585</speed>
<extensions>
<accuracy>3.052999973297119</accuracy>
<heading>59.96384048461914</heading>
<satellites>0</satellites>
<vAccuracy>1.5972031354904175</vAccuracy>
</extensions>
</trkpt>
<trkpt lat="41.9869928" lon="2.812673100000012">
<ele>75.48805392689165</ele>
<time>2026-08-23T14:47:01.898Z</time>
<speed>1.4556695075984893</speed>
<extensions>
<accuracy>3.0239999294281006</accuracy>
<heading>65.60615539550781</heading>
<satellites>0</satellites>
<vAccuracy>1.8558473587036133</vAccuracy>
</extensions>
</trkpt>
<trkpt lat="41.9870007" lon="2.812711400000012">
<ele>75.69471983587879</ele>
<time>2026-08-23T14:47:03.923Z</time>
<speed>1.506383968068742</speed>
<extensions>
<accuracy>3.0290000438690186</accuracy>
<heading>72.2325668334961</heading>
<satellites>0</satellites>
<vAccuracy>1.7502703666687012</vAccuracy>
</extensions>
</trkpt>
<trkpt lat="41.9870057" lon="2.8127490999999907">
<ele>75.86333489328915</ele>
<time>2026-08-23T14:47:05.859Z</time>
<speed>1.6022278784154373</speed>
<extensions>
<accuracy>3.013000011444092</accuracy>
<heading>76.97097778320312</heading>
<satellites>0</satellites>
<vAccuracy>1.840986967086792</vAccuracy>
</extensions>
</trkpt>
<trkpt lat="41.9870121" lon="2.812782900000002">
<ele>76.0427040557569</ele>
<time>2026-08-23T14:47:08.098Z</time>
<speed>1.5222548301755692</speed>
<extensions>
<accuracy>3.0209999084472656</accuracy>
<heading>72.83610534667969</heading>
<satellites>0</satellites>
<vAccuracy>1.6824170351028442</vAccuracy>
</extensions>
</trkpt>
<trkpt lat="41.987022" lon="2.812837099999996">
<ele>76.19290827118368</ele>
<time>2026-08-23T14:47:10.282Z</time>
<speed>1.6470246781757685</speed>
<extensions>
<accuracy>3.010999917984009</accuracy>
<heading>78.92760467529297</heading>
<satellites>0</satellites>
<vAccuracy>1.762535810470581</vAccuracy>
</extensions>
</trkpt>
<trkpt lat="41.9870325" lon="2.8128756000000124">
<ele>76.30270603952552</ele>
<time>2026-08-23T14:47:12.138Z</time>
<speed>1.6966245525395758</speed>
<extensions>
<accuracy>3.0</accuracy>
<heading>68.82337951660156</heading>
<satellites>0</satellites>
<vAccuracy>1.5638337135314941</vAccuracy>
</extensions>
</trkpt>
<trkpt lat="41.9870437" lon="2.8129160999999954">
<ele>76.4034716922817</ele>
<time>2026-08-23T14:47:14.083Z</time>
<speed>1.7394168911680001</speed>
<extensions>
<accuracy>3.0</accuracy>
<heading>73.68827819824219</heading>
<satellites>0</satellites>
<vAccuracy>1.144639253616333</vAccuracy>
</extensions>
</trkpt>
<trkpt lat="41.9870501" lon="2.8129532000000097">
<ele>76.43858064033566</ele>
<time>2026-08-23T14:47:16.020Z</time>
<speed>1.7374610638370096</speed>
<extensions>
<accuracy>3.0</accuracy>
<heading>80.2097396850586</heading>
<satellites>0</satellites>
<vAccuracy>1.197962999343872</vAccuracy>
</extensions>
</trkpt>
<trkpt lat="41.9870577" lon="2.812994400000008">
<ele>76.472018565267</ele>
<time>2026-08-23T14:47:18.045Z</time>
<speed>1.8264710561044382</speed>
<extensions>
<accuracy>3.0</accuracy>
<heading>76.56289672851562</heading>
<satellites>0</satellites>
<vAccuracy>1.7199275493621826</vAccuracy>
</extensions>
</trkpt>
<trkpt lat="41.9870683" lon="2.8130336000000113">
<ele>76.52444715766075</ele>
<time>2026-08-23T14:47:19.958Z</time>
<speed>1.7644837600025005</speed>
<extensions>
<accuracy>3.0</accuracy>
<heading>70.56385040283203</heading>
<satellites>0</satellites>
<vAccuracy>1.6577415466308594</vAccuracy>
</extensions>
</trkpt>
<trkpt lat="41.9870775" lon="2.813067899999993">
<ele>76.55675210589189</ele>
<time>2026-08-23T14:47:21.862Z</time>
<speed>1.7158178054049809</speed>
<extensions>
<accuracy>3.009999990463257</accuracy>
<heading>68.75244140625</heading>
<satellites>0</satellites>
<vAccuracy>1.632283329963684</vAccuracy>
</extensions>
</trkpt>
<trkpt lat="41.9870858" lon="2.813105699999994">
<ele>76.40475571430201</ele>
<time>2026-08-23T14:47:23.864Z</time>
<speed>1.6740072432757285</speed>
<extensions>
<accuracy>3.010999917984009</accuracy>
<heading>69.2076187133789</heading>
<satellites>0</satellites>
<vAccuracy>1.615688443183899</vAccuracy>
</extensions>
</trkpt>
<trkpt lat="41.9870937" lon="2.8131416999999885">
<ele>76.2394840428814</ele>
<time>2026-08-23T14:47:25.800Z</time>
<speed>1.6694795965336433</speed>
<extensions>
<accuracy>3.0</accuracy>
<heading>71.40701293945312</heading>
<satellites>0</satellites>
<vAccuracy>1.472402572631836</vAccuracy>
</extensions>
</trkpt>
<trkpt lat="41.9871037" lon="2.81317709999999">
<ele>76.10780337741978</ele>
<time>2026-08-23T14:47:27.743Z</time>
<speed>1.6451431819067248</speed>
<extensions>
<accuracy>3.000999927520752</accuracy>
<heading>67.59034729003906</heading>
<satellites>0</satellites>
<vAccuracy>1.5307848453521729</vAccuracy>
</extensions>
</trkpt>
<trkpt lat="41.9871128" lon="2.8132136000000116">
<ele>75.97001897151408</ele>
<time>2026-08-23T14:47:29.703Z</time>
<speed>1.6093858241382588</speed>
<extensions>
<accuracy>3.000999927520752</accuracy>
<heading>67.48779296875</heading>
<satellites>0</satellites>
<vAccuracy>1.627970814704895</vAccuracy>
</extensions>
</trkpt>
<trkpt lat="41.9871192" lon="2.813246300000003">
<ele>75.83531636333086</ele>
<time>2026-08-23T14:47:31.559Z</time>
<speed>1.593968787649109</speed>
<extensions>
<accuracy>3.0179998874664307</accuracy>
<heading>68.27525329589844</heading>
<satellites>0</satellites>
<vAccuracy>1.5902032852172852</vAccuracy>
</extensions>
</trkpt>
<trkpt lat="41.9871267" lon="2.813290099999989">
<ele>75.6518838216999</ele>
<time>2026-08-23T14:47:33.584Z</time>
<speed>1.6354330674120332</speed>
<extensions>
<accuracy>3.0160000324249268</accuracy>
<heading>70.08685302734375</heading>
<satellites>0</satellites>
<vAccuracy>1.428325891494751</vAccuracy>
</extensions>
</trkpt>
<trkpt lat="41.9871339" lon="2.8133162999999968">
<ele>75.57991185007427</ele>
<time>2026-08-23T14:47:35.439Z</time>
<speed>1.5638555937846765</speed>
<extensions>
<accuracy>3.0</accuracy>
<heading>64.19693756103516</heading>
<satellites>0</satellites>
<vAccuracy>1.6161974668502808</vAccuracy>
</extensions>
</trkpt>
<trkpt lat="41.9871469" lon="2.8133704999999907">
<ele>75.4836075631232</ele>
<time>2026-08-23T14:47:38.385Z</time>
<speed>1.5612327356233622</speed>
<extensions>
<accuracy>3.0</accuracy>
<heading>69.70368194580078</heading>
<satellites>0</satellites>
<vAccuracy>1.7437916994094849</vAccuracy>
</extensions>
</trkpt>
<trkpt lat="41.9871564" lon="2.81340449999999">
<ele>75.54649631621616</ele>
<time>2026-08-23T14:47:40.385Z</time>
<speed>1.536757100848196</speed>
<extensions>
<accuracy>3.0</accuracy>
<heading>70.96659088134766</heading>
<satellites>0</satellites>
<vAccuracy>1.7449140548706055</vAccuracy>
</extensions>
</trkpt>
<trkpt lat="41.9871633" lon="2.8134305000000097">
<ele>75.61480148083626</ele>
<time>2026-08-23T14:47:42.425Z</time>
<speed>1.459296951443562</speed>
<extensions>
<accuracy>3.0</accuracy>
<heading>78.72269439697266</heading>
<satellites>0</satellites>
<vAccuracy>1.753365159034729</vAccuracy>
</extensions>
</trkpt>
<trkpt lat="41.9871679" lon="2.8134636000000057">
<ele>75.65164838996246</ele>
<time>2026-08-23T14:47:44.394Z</time>
<speed>1.3750874755417557</speed>
<extensions>
<accuracy>3.0</accuracy>
<heading>81.56668090820312</heading>
<satellites>0</satellites>
<vAccuracy>1.8593119382858276</vAccuracy>
</extensions>
</trkpt>
<trkpt lat="41.9871772" lon="2.8134991999999954">
<ele>75.80657504659294</ele>
<time>2026-08-23T14:47:46.384Z</time>
<speed>1.4396169801096088</speed>
<extensions>
<accuracy>3.0</accuracy>
<heading>79.83145904541016</heading>
<satellites>0</satellites>
<vAccuracy>1.6363062858581543</vAccuracy>
</extensions>
</trkpt>
<trkpt lat="41.9871832" lon="2.813525900000002">
<ele>75.92652632028688</ele>
<time>2026-08-23T14:47:48.385Z</time>
<speed>1.3504835970121996</speed>
<extensions>
<accuracy>3.0</accuracy>
<heading>79.12532806396484</heading>
<satellites>0</satellites>
<vAccuracy>1.478791356086731</vAccuracy>
</extensions>
</trkpt>
<trkpt lat="41.9871889" lon="2.8135459000000083">
<ele>76.05881529157453</ele>
<time>2026-08-23T14:47:50.385Z</time>
<speed>1.2273083707784973</speed>
<extensions>
<accuracy>3.0</accuracy>
<heading>70.52278900146484</heading>
<satellites>0</satellites>
<vAccuracy>1.5034185647964478</vAccuracy>
</extensions>
</trkpt>
<trkpt lat="41.9871914" lon="2.813557199999991">
<ele>76.12150955005137</ele>
<time>2026-08-23T14:47:52.385Z</time>
<speed>1.1010492501245648</speed>
<extensions>
<accuracy>3.0</accuracy>
<heading>79.87491607666016</heading>
<satellites>0</satellites>
<vAccuracy>1.6227381229400635</vAccuracy>
</extensions>
</trkpt>
<trkpt lat="41.98721" lon="2.813588199999998">
<ele>76.55485007927533</ele>
<time>2026-08-23T14:47:54.384Z</time>
<speed>1.1477939223212146</speed>
<extensions>
<accuracy>3.0</accuracy>
<heading>53.57383728027344</heading>
<satellites>0</satellites>
<vAccuracy>1.6845647096633911</vAccuracy>
</extensions>
</trkpt>
<trkpt lat="41.9872261" lon="2.813619100000011">
<ele>76.8341730745856</ele>
<time>2026-08-23T14:47:56.384Z</time>
<speed>1.1462345132319423</speed>
<extensions>
<accuracy>3.0</accuracy>
<heading>55.3282470703125</heading>
<satellites>0</satellites>
<vAccuracy>1.5829583406448364</vAccuracy>
</extensions>
</trkpt>
<trkpt lat="41.9872412" lon="2.8136517000000083">
<ele>76.810335135049</ele>
<time>2026-08-23T14:47:58.400Z</time>
<speed>1.2307629343758415</speed>
<extensions>
<accuracy>3.0</accuracy>
<heading>56.4904670715332</heading>
<satellites>0</satellites>
<vAccuracy>1.830702543258667</vAccuracy>
</extensions>
</trkpt>
<trkpt lat="41.9872608" lon="2.8137040999999954">
<ele>76.50835623604301</ele>
<time>2026-08-23T14:48:00.417Z</time>
<speed>1.5344753361344963</speed>
<extensions>
<accuracy>3.0</accuracy>
<heading>52.586177825927734</heading>
<satellites>0</satellites>
<vAccuracy>1.6631087064743042</vAccuracy>
</extensions>
</trkpt>
<trkpt lat="41.9872751" lon="2.813769100000002">
<ele>76.04974084204505</ele>
<time>2026-08-23T14:48:02.433Z</time>
<speed>1.9928501008145552</speed>
<extensions>
<accuracy>3.0409998893737793</accuracy>
<heading>60.907047271728516</heading>
<satellites>0</satellites>
<vAccuracy>1.6252212524414062</vAccuracy>
</extensions>
</trkpt>
<trkpt lat="41.987283" lon="2.8138232999999957">
<ele>75.63633855339394</ele>
<time>2026-08-23T14:48:04.441Z</time>
<speed>2.1180879359024463</speed>
<extensions>
<accuracy>3.049999952316284</accuracy>
<heading>72.90082550048828</heading>
<satellites>0</satellites>
<vAccuracy>1.565129041671753</vAccuracy>
</extensions>
</trkpt>
<trkpt lat="41.9872854" lon="2.813871000000006">
<ele>75.18216644670686</ele>
<time>2026-08-23T14:48:06.385Z</time>
<speed>2.212728280644588</speed>
<extensions>
<accuracy>3.0409998893737793</accuracy>
<heading>81.97205352783203</heading>
<satellites>0</satellites>
<vAccuracy>1.896055817604065</vAccuracy>
</extensions>
</trkpt>
<trkpt lat="41.9872903" lon="2.8139078000000097">
<ele>74.92906256218815</ele>
<time>2026-08-23T14:48:08.384Z</time>
<speed>2.2069231691158695</speed>
<extensions>
<accuracy>3.0</accuracy>
<heading>79.04696655273438</heading>
<satellites>0</satellites>
<vAccuracy>2.2517025470733643</vAccuracy>
</extensions>
</trkpt>
<trkpt lat="41.9872962" lon="2.813943899999998">
<ele>74.71948324722646</ele>
<time>2026-08-23T14:48:10.387Z</time>
<speed>2.031213055842244</speed>
<extensions>
<accuracy>3.003000020980835</accuracy>
<heading>76.85037231445312</heading>
<satellites>0</satellites>
<vAccuracy>1.683741807937622</vAccuracy>
</extensions>
</trkpt>
<trkpt lat="41.9873124" lon="2.813982299999992">
<ele>74.76865233195763</ele>
<time>2026-08-23T14:48:12.420Z</time>
<speed>1.834405003759596</speed>
<extensions>
<accuracy>3.009000062942505</accuracy>
<heading>65.05814361572266</heading>
<satellites>0</satellites>
<vAccuracy>1.702060341835022</vAccuracy>
</extensions>
</trkpt>
<trkpt lat="41.9873221" lon="2.814013700000004">
<ele>74.69563750005355</ele>
<time>2026-08-23T14:48:14.318Z</time>
<speed>1.6758734877703008</speed>
<extensions>
<accuracy>3.010999917984009</accuracy>
<heading>69.54023742675781</heading>
<satellites>0</satellites>
<vAccuracy>1.5321109294891357</vAccuracy>
</extensions>
</trkpt>
<trkpt lat="41.9873392" lon="2.814041099999997">
<ele>74.85893065329668</ele>
<time>2026-08-23T14:48:16.118Z</time>
<speed>1.5979034328660298</speed>
<extensions>
<accuracy>3.009000062942505</accuracy>
<heading>51.19649124145508</heading>
<satellites>0</satellites>
<vAccuracy>1.5555403232574463</vAccuracy>
</extensions>
</trkpt>
<trkpt lat="41.9873527" lon="2.814073900000011">
<ele>74.84827925764664</ele>
<time>2026-08-23T14:48:18.023Z</time>
<speed>1.6140866618339509</speed>
<extensions>
<accuracy>3.0</accuracy>
<heading>72.0186538696289</heading>
<satellites>0</satellites>
<vAccuracy>1.6331363916397095</vAccuracy>
</extensions>
</trkpt>
<trkpt lat="41.9873564" lon="2.8141079000000104">
<ele>74.5529449072747</ele>
<time>2026-08-23T14:48:19.918Z</time>
<speed>1.6087922140959408</speed>
<extensions>
<accuracy>3.0</accuracy>
<heading>79.74424743652344</heading>
<satellites>0</satellites>
<vAccuracy>1.601316213607788</vAccuracy>
</extensions>
</trkpt>
<trkpt lat="41.9873643" lon="2.8141396999999984">
<ele>74.38674494819969</ele>
<time>2026-08-23T14:48:21.863Z</time>
<speed>1.5347367566678696</speed>
<extensions>
<accuracy>3.0</accuracy>
<heading>80.66027069091797</heading>
<satellites>0</satellites>
<vAccuracy>1.2967345714569092</vAccuracy>
</extensions>
</trkpt>
<trkpt lat="41.987382" lon="2.8141793000000064">
<ele>74.36468500787221</ele>
<time>2026-08-23T14:48:23.783Z</time>
<speed>1.6364170507722324</speed>
<extensions>
<accuracy>3.0139999389648438</accuracy>
<heading>73.46077728271484</heading>
<satellites>0</satellites>
<vAccuracy>1.665064811706543</vAccuracy>
</extensions>
</trkpt>
<trkpt lat="41.9873972" lon="2.8142119999999977">
<ele>74.61479523608585</ele>
<time>2026-08-23T14:48:25.679Z</time>
<speed>1.6441084620970676</speed>
<extensions>
<accuracy>3.0320000648498535</accuracy>
<heading>65.87808990478516</heading>
<satellites>0</satellites>
<vAccuracy>1.8038170337677002</vAccuracy>
</extensions>
</trkpt>
<trkpt lat="41.9874176" lon="2.814249100000012">
<ele>75.07356146427625</ele>
<time>2026-08-23T14:48:27.599Z</time>
<speed>1.7160846192921582</speed>
<extensions>
<accuracy>3.0260000228881836</accuracy>
<heading>61.514888763427734</heading>
<satellites>0</satellites>
<vAccuracy>1.8530893325805664</vAccuracy>
</extensions>
</trkpt>
<trkpt lat="41.9874263" lon="2.8142746000000045">
<ele>75.26095768043868</ele>
<time>2026-08-23T14:48:29.518Z</time>
<speed>1.6580293557843584</speed>
<extensions>
<accuracy>3.0220000743865967</accuracy>
<heading>64.1327896118164</heading>
<satellites>0</satellites>
<vAccuracy>1.749198317527771</vAccuracy>
</extensions>
</trkpt>
<trkpt lat="41.9874382" lon="2.814312599999994">
<ele>75.52110455328993</ele>
<time>2026-08-23T14:48:31.462Z</time>
<speed>1.7236985218933314</speed>
<extensions>
<accuracy>3.0769999027252197</accuracy>
<heading>66.35466003417969</heading>
<satellites>0</satellites>
<vAccuracy>1.6392900943756104</vAccuracy>
</extensions>
</trkpt>
<trkpt lat="41.9874122" lon="2.8142573000000084">
<ele>74.92331062684971</ele>
<time>2026-08-23T14:48:33.421Z</time>
<speed>1.8780070004606708</speed>
<extensions>
<accuracy>3.3480000495910645</accuracy>
<heading>73.4127197265625</heading>
<satellites>0</satellites>
<vAccuracy>1.5378891229629517</vAccuracy>
</extensions>
</trkpt>
<trkpt lat="41.9874145" lon="2.814273799999995">
<ele>74.9576928432963</ele>
<time>2026-08-23T14:48:35.399Z</time>
<speed>1.6820516147960365</speed>
<extensions>
<accuracy>3.7209999561309814</accuracy>
<heading>70.33081817626953</heading>
<satellites>0</satellites>
<vAccuracy>1.5114266872406006</vAccuracy>
</extensions>
</trkpt>
<trkpt lat="41.9874281" lon="2.8143123000000116">
<ele>75.25681564673503</ele>
<time>2026-08-23T14:48:37.303Z</time>
<speed>1.6548161508675125</speed>
<extensions>
<accuracy>3.809000015258789</accuracy>
<heading>65.65480041503906</heading>
<satellites>0</satellites>
<vAccuracy>1.6663395166397095</vAccuracy>
</extensions>
</trkpt>
<trkpt lat="41.9874402" lon="2.8143447999999864">
<ele>75.53447535488583</ele>
<time>2026-08-23T14:48:39.239Z</time>
<speed>1.723485189115091</speed>
<extensions>
<accuracy>3.503999948501587</accuracy>
<heading>64.82503509521484</heading>
<satellites>0</satellites>
<vAccuracy>1.4477356672286987</vAccuracy>
</extensions>
</trkpt>
<trkpt lat="41.987451" lon="2.8143757999999934">
<ele>75.78721332272974</ele>
<time>2026-08-23T14:48:41.181Z</time>
<speed>1.664274635913879</speed>
<extensions>
<accuracy>3.2079999446868896</accuracy>
<heading>63.79399108886719</heading>
<satellites>0</satellites>
<vAccuracy>1.3853788375854492</vAccuracy>
</extensions>
</trkpt>
<trkpt lat="41.9874615" lon="2.814407899999992">
<ele>76.03785528444745</ele>
<time>2026-08-23T14:48:43.141Z</time>
<speed>1.4079158160708702</speed>
<extensions>
<accuracy>3.0889999866485596</accuracy>
<heading>64.40584564208984</heading>
<satellites>0</satellites>
<vAccuracy>1.6883920431137085</vAccuracy>
</extensions>
</trkpt>
<trkpt lat="41.9874702" lon="2.814436300000011">
<ele>76.24937570828352</ele>
<time>2026-08-23T14:48:45.085Z</time>
<speed>1.5288158029511454</speed>
<extensions>
<accuracy>3.0269999504089355</accuracy>
<heading>67.44901275634766</heading>
<satellites>0</satellites>
<vAccuracy>2.1266372203826904</vAccuracy>
</extensions>
</trkpt>
<trkpt lat="41.9874795" lon="2.8144682999999873">
<ele>76.50693487360405</ele>
<time>2026-08-23T14:48:47.038Z</time>
<speed>1.4495547980937211</speed>
<extensions>
<accuracy>3.0269999504089355</accuracy>
<heading>67.90856170654297</heading>
<satellites>0</satellites>
<vAccuracy>2.3184590339660645</vAccuracy>
</extensions>
</trkpt>
<trkpt lat="41.9874895" lon="2.814501299999989">
<ele>76.9729247233935</ele>
<time>2026-08-23T14:48:48.982Z</time>
<speed>1.442223356802923</speed>
<extensions>
<accuracy>3.0</accuracy>
<heading>68.65135192871094</heading>
<satellites>0</satellites>
<vAccuracy>2.3708152770996094</vAccuracy>
</extensions>
</trkpt>
<trkpt lat="41.9874983" lon="2.8145351999999946">
<ele>77.38669201787884</ele>
<time>2026-08-23T14:48:50.902Z</time>
<speed>1.459954299307213</speed>
<extensions>
<accuracy>3.0</accuracy>
<heading>68.5698013305664</heading>
<satellites>0</satellites>
<vAccuracy>2.3695175647735596</vAccuracy>
</extensions>
</trkpt>
<trkpt lat="41.9875089" lon="2.8145708000000127">
<ele>77.8293086274651</ele>
<time>2026-08-23T14:48:52.838Z</time>
<speed>1.4916201802302502</speed>
<extensions>
<accuracy>3.0</accuracy>
<heading>68.16858673095703</heading>
<satellites>0</satellites>
<vAccuracy>1.7434136867523193</vAccuracy>
</extensions>
</trkpt>
<trkpt lat="41.9875194" lon="2.81461010000001">
<ele>78.26284661950443</ele>
<time>2026-08-23T14:48:54.839Z</time>
<speed>1.5754156714922818</speed>
<extensions>
<accuracy>3.0</accuracy>
<heading>67.56419372558594</heading>
<satellites>0</satellites>
<vAccuracy>1.479527473449707</vAccuracy>
</extensions>
</trkpt>
<trkpt lat="41.9875367" lon="2.8146389999999997">
<ele>78.75357495328387</ele>
<time>2026-08-23T14:48:56.919Z</time>
<speed>1.5794970350413302</speed>
<extensions>
<accuracy>3.009000062942505</accuracy>
<heading>38.614227294921875</heading>
<satellites>0</satellites>
<vAccuracy>1.4901652336120605</vAccuracy>
</extensions>
</trkpt>
<trkpt lat="41.9875477" lon="2.814673599999992">
<ele>79.11488725814696</ele>
<time>2026-08-23T14:48:58.903Z</time>
<speed>1.5900089047475636</speed>
<extensions>
<accuracy>3.058000087738037</accuracy>
<heading>53.135536193847656</heading>
<satellites>0</satellites>
<vAccuracy>1.864428997039795</vAccuracy>
</extensions>
</trkpt>
<trkpt lat="41.987556" lon="2.814713000000012">
<ele>79.42144481032237</ele>
<time>2026-08-23T14:49:00.880Z</time>
<speed>1.6232685549591015</speed>
<extensions>
<accuracy>3.1029999256134033</accuracy>
<heading>61.37469482421875</heading>
<satellites>0</satellites>
<vAccuracy>1.8475874662399292</vAccuracy>
</extensions>
</trkpt>
<trkpt lat="41.9875647" lon="2.814751400000006">
<ele>79.68284348184874</ele>
<time>2026-08-23T14:49:02.800Z</time>
<speed>1.6414430626702188</speed>
<extensions>
<accuracy>3.1070001125335693</accuracy>
<heading>63.73849105834961</heading>
<satellites>0</satellites>
<vAccuracy>1.8522483110427856</vAccuracy>
</extensions>
</trkpt>
<trkpt lat="41.9875754" lon="2.8147855999999933">
<ele>79.86068139734127</ele>
<time>2026-08-23T14:49:04.681Z</time>
<speed>1.6225389982367981</speed>
<extensions>
<accuracy>3.069999933242798</accuracy>
<heading>63.62208938598633</heading>
<satellites>0</satellites>
<vAccuracy>1.9680932760238647</vAccuracy>
</extensions>
</trkpt>
<trkpt lat="41.987587" lon="2.8148213999999996">
<ele>80.02234133317312</ele>
<time>2026-08-23T14:49:06.721Z</time>
<speed>1.6440954151301366</speed>
<extensions>
<accuracy>3.0190000534057617</accuracy>
<heading>66.51940155029297</heading>
<satellites>0</satellites>
<vAccuracy>1.8542295694351196</vAccuracy>
</extensions>
</trkpt>
<trkpt lat="41.9875978" lon="2.8148510999999985">
<ele>80.14679697106169</ele>
<time>2026-08-23T14:49:08.530Z</time>
<speed>1.6326825756962984</speed>
<extensions>
<accuracy>3.0</accuracy>
<heading>64.3153305053711</heading>
<satellites>0</satellites>
<vAccuracy>1.7654389142990112</vAccuracy>
</extensions>
</trkpt>
<trkpt lat="41.9876118" lon="2.814883000000009">
<ele>80.2795737237216</ele>
<time>2026-08-23T14:49:10.385Z</time>
<speed>1.6203927603577513</speed>
<extensions>
<accuracy>3.0</accuracy>
<heading>56.1702880859375</heading>
<satellites>0</satellites>
<vAccuracy>1.5652968883514404</vAccuracy>
</extensions>
</trkpt>
<trkpt lat="41.9876253" lon="2.8149157999999943">
<ele>80.37201356703574</ele>
<time>2026-08-23T14:49:12.385Z</time>
<speed>1.5846543069602657</speed>
<extensions>
<accuracy>3.0</accuracy>
<heading>70.36750030517578</heading>
<satellites>0</satellites>
<vAccuracy>1.4590750932693481</vAccuracy>
</extensions>
</trkpt>
<trkpt lat="41.9876327" lon="2.8149476000000107">
<ele>80.3812098269243</ele>
<time>2026-08-23T14:49:14.199Z</time>
<speed>1.5622148319909281</speed>
<extensions>
<accuracy>3.0</accuracy>
<heading>70.22200012207031</heading>
<satellites>0</satellites>
<vAccuracy>1.527262568473816</vAccuracy>
</extensions>
</trkpt>
<trkpt lat="41.9876431" lon="2.8149846999999966">
<ele>80.38183106794538</ele>
<time>2026-08-23T14:49:16.185Z</time>
<speed>1.5757878409352755</speed>
<extensions>
<accuracy>3.0</accuracy>
<heading>68.37104034423828</heading>
<satellites>0</satellites>
<vAccuracy>2.4535205364227295</vAccuracy>
</extensions>
</trkpt>
<trkpt lat="41.9876525" lon="2.815020500000003">
<ele>80.35098634701345</ele>
<time>2026-08-23T14:49:18.122Z</time>
<speed>1.5976752764644233</speed>
<extensions>
<accuracy>3.0</accuracy>
<heading>68.02204895019531</heading>
<satellites>0</satellites>
<vAccuracy>1.4600048065185547</vAccuracy>
</extensions>
</trkpt>
<trkpt lat="41.9876661" lon="2.815066999999999">
<ele>81.33900845785165</ele>
<time>2026-08-23T14:49:20.139Z</time>
<speed>1.6770836632561361</speed>
<extensions>
<accuracy>3.003000020980835</accuracy>
<heading>69.95735168457031</heading>
<satellites>0</satellites>
<vAccuracy>1.532097578048706</vAccuracy>
</extensions>
</trkpt>
<trkpt lat="41.9876695" lon="2.815099900000007">
<ele>82.0004090286727</ele>
<time>2026-08-23T14:49:22.100Z</time>
<speed>1.6471987274953355</speed>
<extensions>
<accuracy>3.003000020980835</accuracy>
<heading>76.79310607910156</heading>
<satellites>0</satellites>
<vAccuracy>1.884292483329773</vAccuracy>
</extensions>
</trkpt>
<trkpt lat="41.9876731" lon="2.81514150000001">
<ele>82.8257631247086</ele>
<time>2026-08-23T14:49:24.181Z</time>
<speed>1.676226171487674</speed>
<extensions>
<accuracy>3.0</accuracy>
<heading>79.61055755615234</heading>
<satellites>0</satellites>
<vAccuracy>1.8967710733413696</vAccuracy>
</extensions>
</trkpt>
<trkpt lat="41.9876809" lon="2.8151844999999867">
<ele>83.6731864692098</ele>
<time>2026-08-23T14:49:26.302Z</time>
<speed>1.6911577007698106</speed>
<extensions>
<accuracy>3.0</accuracy>
<heading>76.80551147460938</heading>
<satellites>0</satellites>
<vAccuracy>1.8806487321853638</vAccuracy>
</extensions>
</trkpt>
<trkpt lat="41.9876894" lon="2.8152265999999884">
<ele>84.48339142305052</ele>
<time>2026-08-23T14:49:28.280Z</time>
<speed>1.7317201453283415</speed>
<extensions>
<accuracy>3.0</accuracy>
<heading>77.04955291748047</heading>
<satellites>0</satellites>
<vAccuracy>2.173490285873413</vAccuracy>
</extensions>
</trkpt>
<trkpt lat="41.9876987" lon="2.8152689000000066">
<ele>85.27496217721554</ele>
<time>2026-08-23T14:49:30.279Z</time>
<speed>1.6869615939242852</speed>
<extensions>
<accuracy>3.0</accuracy>
<heading>75.65914154052734</heading>
<satellites>0</satellites>
<vAccuracy>2.1596105098724365</vAccuracy>
</extensions>
</trkpt>
<trkpt lat="41.9877101" lon="2.8153097999999943">
<ele>86.04518775239714</ele>
<time>2026-08-23T14:49:32.145Z</time>
<speed>1.7939175073204439</speed>
<extensions>
<accuracy>3.0</accuracy>
<heading>70.27262878417969</heading>
<satellites>0</satellites>
<vAccuracy>2.256524085998535</vAccuracy>
</extensions>
</trkpt>
<trkpt lat="41.9877231" lon="2.8153522000000066">
<ele>86.90310267643231</ele>
<time>2026-08-23T14:49:34.121Z</time>
<speed>1.8449275483617265</speed>
<extensions>
<accuracy>3.0</accuracy>
<heading>68.91242980957031</heading>
<satellites>0</satellites>
<vAccuracy>1.7131935358047485</vAccuracy>
</extensions>
</trkpt>
<trkpt lat="41.9877318" lon="2.8153930999999943">
<ele>87.71574599296962</ele>
<time>2026-08-23T14:49:36.160Z</time>
<speed>1.8448552620579433</speed>
<extensions>
<accuracy>3.0</accuracy>
<heading>71.88676452636719</heading>
<satellites>0</satellites>
<vAccuracy>1.745771050453186</vAccuracy>
</extensions>
</trkpt>
<trkpt lat="41.9877396" lon="2.8154376999999897">
<ele>88.58540921097688</ele>
<time>2026-08-23T14:49:38.042Z</time>
<speed>1.8827082294596729</speed>
<extensions>
<accuracy>3.0</accuracy>
<heading>67.4263916015625</heading>
<satellites>0</satellites>
<vAccuracy>1.6716595888137817</vAccuracy>
</extensions>
</trkpt>
<trkpt lat="41.9877528" lon="2.8154729999999972">
<ele>89.19458780358354</ele>
<time>2026-08-23T14:49:40.385Z</time>
<speed>1.7967264498907876</speed>
<extensions>
<accuracy>3.0</accuracy>
<heading>58.108795166015625</heading>
<satellites>0</satellites>
<vAccuracy>1.8400908708572388</vAccuracy>
</extensions>
</trkpt>
<trkpt lat="41.9877639" lon="2.8155088999999975">
<ele>89.79780862101812</ele>
<time>2026-08-23T14:49:42.378Z</time>
<speed>1.7322659729470666</speed>
<extensions>
<accuracy>3.071000099182129</accuracy>
<heading>72.96080017089844</heading>
<satellites>0</satellites>
<vAccuracy>1.9153966903686523</vAccuracy>
</extensions>
</trkpt>
<trkpt lat="41.9877621" lon="2.8155504000000064">
<ele>90.63787121324066</ele>
<time>2026-08-23T14:49:44.403Z</time>
<speed>1.68792149963258</speed>
<extensions>
<accuracy>3.121000051498413</accuracy>
<heading>77.12142181396484</heading>
<satellites>0</satellites>
<vAccuracy>1.8591809272766113</vAccuracy>
</extensions>
</trkpt>
<trkpt lat="41.9877669" lon="2.8155874999999924">
<ele>91.36682264716669</ele>
<time>2026-08-23T14:49:46.323Z</time>
<speed>1.6672484637962595</speed>
<extensions>
<accuracy>3.140000104904175</accuracy>
<heading>78.15789031982422</heading>
<satellites>0</satellites>
<vAccuracy>1.8190333843231201</vAccuracy>
</extensions>
</trkpt>
<trkpt lat="41.9877777" lon="2.8156217000000083">
<ele>92.07724940851807</ele>
<time>2026-08-23T14:49:48.362Z</time>
<speed>1.5660617187081622</speed>
<extensions>
<accuracy>3.140000104904175</accuracy>
<heading>74.48685455322266</heading>
<satellites>0</satellites>
<vAccuracy>1.7471601963043213</vAccuracy>
</extensions>
</trkpt>
<trkpt lat="41.9877883" lon="2.815655200000009">
<ele>92.73844760986017</ele>
<time>2026-08-23T14:49:50.281Z</time>
<speed>1.6009010516523114</speed>
<extensions>
<accuracy>3.1059999465942383</accuracy>
<heading>73.88909149169922</heading>
<satellites>0</satellites>
<vAccuracy>1.838897943496704</vAccuracy>
</extensions>
</trkpt>
<trkpt lat="41.9877982" lon="2.8156858000000113">
<ele>93.30859662050219</ele>
<time>2026-08-23T14:49:52.329Z</time>
<speed>1.5477747196246712</speed>
<extensions>
<accuracy>3.0420000553131104</accuracy>
<heading>74.98001098632812</heading>
<satellites>0</satellites>
<vAccuracy>1.9948776960372925</vAccuracy>
</extensions>
</trkpt>
<trkpt lat="41.9878087" lon="2.8157229999999913">
<ele>93.99403109190304</ele>
<time>2026-08-23T14:49:54.264Z</time>
<speed>1.5483630621842284</speed>
<extensions>
<accuracy>3.006999969482422</accuracy>
<heading>72.17694854736328</heading>
<satellites>0</satellites>
<vAccuracy>2.1214258670806885</vAccuracy>
</extensions>
</trkpt>
<trkpt lat="41.9878229" lon="2.815752300000014">
<ele>94.37786091048578</ele>
<time>2026-08-23T14:49:56.240Z</time>
<speed>1.5167574057833983</speed>
<extensions>
<accuracy>3.0</accuracy>
<heading>69.00879669189453</heading>
<satellites>0</satellites>
<vAccuracy>2.6161584854125977</vAccuracy>
</extensions>
</trkpt>
<trkpt lat="41.9878338" lon="2.815780100000012">
<ele>94.76486957249094</ele>
<time>2026-08-23T14:49:58.224Z</time>
<speed>1.4773854595845208</speed>
<extensions>
<accuracy>3.0</accuracy>
<heading>64.9168701171875</heading>
<satellites>0</satellites>
<vAccuracy>1.9027361869812012</vAccuracy>
</extensions>
</trkpt>
<trkpt lat="41.987844" lon="2.8158090999999956">
<ele>95.16641506174827</ele>
<time>2026-08-23T14:50:00.222Z</time>
<speed>1.4291931542631726</speed>
<extensions>
<accuracy>3.0</accuracy>
<heading>65.49797821044922</heading>
<satellites>0</satellites>
<vAccuracy>1.868764042854309</vAccuracy>
</extensions>
</trkpt>
<trkpt lat="41.9878538" lon="2.8158386000000064">
<ele>95.56076825548587</ele>
<time>2026-08-23T14:50:02.158Z</time>
<speed>1.435719036167679</speed>
<extensions>
<accuracy>3.0</accuracy>
<heading>65.1512451171875</heading>
<satellites>0</satellites>
<vAccuracy>1.7667999267578125</vAccuracy>
</extensions>
</trkpt>
<trkpt lat="41.9878636" lon="2.8158703000000003">
<ele>95.8035429605853</ele>
<time>2026-08-23T14:50:04.165Z</time>
<speed>1.3785602163876403</speed>
<extensions>
<accuracy>3.0</accuracy>
<heading>64.78997802734375</heading>
<satellites>0</satellites>
<vAccuracy>2.2187182903289795</vAccuracy>
</extensions>
</trkpt>
<trkpt lat="41.9878728" lon="2.8159033999999963">
<ele>95.87598403189729</ele>
<time>2026-08-23T14:50:06.101Z</time>
<speed>1.3876831766141848</speed>
<extensions>
<accuracy>3.009999990463257</accuracy>
<heading>64.05663299560547</heading>
<satellites>0</satellites>
<vAccuracy>2.31404447555542</vAccuracy>
</extensions>
</trkpt>
<trkpt lat="41.9878808" lon="2.8159376000000123">
<ele>95.98970959717262</ele>
<time>2026-08-23T14:50:08.164Z</time>
<speed>1.4130938671888837</speed>
<extensions>
<accuracy>3.009999990463257</accuracy>
<heading>68.60126495361328</heading>
<satellites>0</satellites>
<vAccuracy>2.0952560901641846</vAccuracy>
</extensions>
</trkpt>
<trkpt lat="41.9878886" lon="2.8159709999999905">
<ele>96.09959873724463</ele>
<time>2026-08-23T14:50:10.043Z</time>
<speed>1.4556513656211918</speed>
<extensions>
<accuracy>3.00600004196167</accuracy>
<heading>68.69205474853516</heading>
<satellites>0</satellites>
<vAccuracy>1.966287612915039</vAccuracy>
</extensions>
</trkpt>
<trkpt lat="41.9878983" lon="2.8160057999999992">
<ele>96.1696380318412</ele>
<time>2026-08-23T14:50:12.042Z</time>
<speed>1.4870958096336566</speed>
<extensions>
<accuracy>3.00600004196167</accuracy>
<heading>68.4280014038086</heading>
<satellites>0</satellites>
<vAccuracy>1.4804234504699707</vAccuracy>
</extensions>
</trkpt>
<trkpt lat="41.9879095" lon="2.8160399999999868">
<ele>96.1909841817776</ele>
<time>2026-08-23T14:50:13.985Z</time>
<speed>1.5222701234568414</speed>
<extensions>
<accuracy>3.0</accuracy>
<heading>69.62041473388672</heading>
<satellites>0</satellites>
<vAccuracy>1.567653775215149</vAccuracy>
</extensions>
</trkpt>
<trkpt lat="41.9879205" lon="2.8160747000000015">
<ele>96.22036302296952</ele>
<time>2026-08-23T14:50:15.960Z</time>
<speed>1.536277672635731</speed>
<extensions>
<accuracy>3.0</accuracy>
<heading>66.63153076171875</heading>
<satellites>0</satellites>
<vAccuracy>1.5458356142044067</vAccuracy>
</extensions>
</trkpt>
<trkpt lat="41.9879317" lon="2.8161130999999955">
<ele>96.27711128243672</ele>
<time>2026-08-23T14:50:17.944Z</time>
<speed>1.5926819654164452</speed>
<extensions>
<accuracy>3.010999917984009</accuracy>
<heading>67.06952667236328</heading>
<satellites>0</satellites>
<vAccuracy>1.6165435314178467</vAccuracy>
</extensions>
</trkpt>
<trkpt lat="41.9879405" lon="2.8161489000000017">
<ele>96.44636419187103</ele>
<time>2026-08-23T14:50:19.760Z</time>
<speed>1.6279166797889355</speed>
<extensions>
<accuracy>3.0169999599456787</accuracy>
<heading>67.73078155517578</heading>
<satellites>0</satellites>
<vAccuracy>1.7237963676452637</vAccuracy>
</extensions>
</trkpt>
<trkpt lat="41.9879544" lon="2.8161891000000026">
<ele>96.62094995697353</ele>
<time>2026-08-23T14:50:21.904Z</time>
<speed>1.6624140140543848</speed>
<extensions>
<accuracy>3.006999969482422</accuracy>
<heading>57.854976654052734</heading>
<satellites>0</satellites>
<vAccuracy>1.9356207847595215</vAccuracy>
</extensions>
</trkpt>
<trkpt lat="41.9879696" lon="2.816238400000003">
<ele>96.86359755265005</ele>
<time>2026-08-23T14:50:24.480Z</time>
<speed>1.68696073021726</speed>
<extensions>
<accuracy>3.007999897003174</accuracy>
<heading>70.33234405517578</heading>
<satellites>0</satellites>
<vAccuracy>2.114853620529175</vAccuracy>
</extensions>
</trkpt>
<trkpt lat="41.9879767" lon="2.816278600000004">
<ele>97.20189473457057</ele>
<time>2026-08-23T14:50:26.463Z</time>
<speed>1.715655870900683</speed>
<extensions>
<accuracy>3.007999897003174</accuracy>
<heading>69.09341430664062</heading>
<satellites>0</satellites>
<vAccuracy>1.9033523797988892</vAccuracy>
</extensions>
</trkpt>
<trkpt lat="41.9879889" lon="2.816320499999989">
<ele>97.39660561397686</ele>
<time>2026-08-23T14:50:28.385Z</time>
<speed>1.7589900267973515</speed>
<extensions>
<accuracy>3.007999897003174</accuracy>
<heading>80.17881774902344</heading>
<satellites>0</satellites>
<vAccuracy>1.756123661994934</vAccuracy>
</extensions>
</trkpt>
<trkpt lat="41.987993" lon="2.8163614000000052">
<ele>97.81565827060544</ele>
<time>2026-08-23T14:50:30.422Z</time>
<speed>1.7506689531353423</speed>
<extensions>
<accuracy>3.003000020980835</accuracy>
<heading>78.27029418945312</heading>
<satellites>0</satellites>
<vAccuracy>2.043442726135254</vAccuracy>
</extensions>
</trkpt>
<trkpt lat="41.9880022" lon="2.8164026999999976">
<ele>98.07040846182045</ele>
<time>2026-08-23T14:50:32.357Z</time>
<speed>1.777150855461246</speed>
<extensions>
<accuracy>3.01200008392334</accuracy>
<heading>76.21432495117188</heading>
<satellites>0</satellites>
<vAccuracy>1.9338423013687134</vAccuracy>
</extensions>
</trkpt>
<trkpt lat="41.9880107" lon="2.816445899999991">
<ele>97.98545446407906</ele>
<time>2026-08-23T14:50:34.366Z</time>
<speed>1.8023511571574826</speed>
<extensions>
<accuracy>3.0230000019073486</accuracy>
<heading>70.76219940185547</heading>
<satellites>0</satellites>
<vAccuracy>2.076984167098999</vAccuracy>
</extensions>
</trkpt>
<trkpt lat="41.9880205" lon="2.816486800000007">
<ele>97.76757128323338</ele>
<time>2026-08-23T14:50:36.285Z</time>
<speed>1.828079378041819</speed>
<extensions>
<accuracy>3.0179998874664307</accuracy>
<heading>70.24436950683594</heading>
<satellites>0</satellites>
<vAccuracy>1.7657121419906616</vAccuracy>
</extensions>
</trkpt>
<trkpt lat="41.9880242" lon="2.816504699999996">
<ele>97.69485617433828</ele>
<time>2026-08-23T14:50:38.205Z</time>
<speed>1.6010161627675192</speed>
<extensions>
<accuracy>3.109999895095825</accuracy>
<heading>74.40771484375</heading>
<satellites>0</satellites>
<vAccuracy>2.0071775913238525</vAccuracy>
</extensions>
</trkpt>
<trkpt lat="41.9880382" lon="2.8165696000000082">
<ele>97.43437000796592</ele>
<time>2026-08-23T14:50:40.385Z</time>
<speed>1.7785260304867048</speed>
<extensions>
<accuracy>3.2950000762939453</accuracy>
<heading>69.11649322509766</heading>
<satellites>0</satellites>
<vAccuracy>2.2291417121887207</vAccuracy>
</extensions>
</trkpt>
<trkpt lat="41.9880467" lon="2.816607900000008">
<ele>97.12880354141393</ele>
<time>2026-08-23T14:50:42.397Z</time>
<speed>1.7385998302371442</speed>
<extensions>
<accuracy>3.315000057220459</accuracy>
<heading>70.61426544189453</heading>
<satellites>0</satellites>
<vAccuracy>2.0746638774871826</vAccuracy>
</extensions>
</trkpt>
<trkpt lat="41.9880575" lon="2.8166477000000043">
<ele>96.70260240657946</ele>
<time>2026-08-23T14:50:44.318Z</time>
<speed>1.7354919792277719</speed>
<extensions>
<accuracy>3.1470000743865967</accuracy>
<heading>69.78742980957031</heading>
<satellites>0</satellites>
<vAccuracy>2.0550317764282227</vAccuracy>
</extensions>
</trkpt>
<trkpt lat="41.9880672" lon="2.816691200000008">
<ele>96.35268214534787</ele>
<time>2026-08-23T14:50:46.343Z</time>
<speed>1.7360555679676017</speed>
<extensions>
<accuracy>3.046999931335449</accuracy>
<heading>81.0221176147461</heading>
<satellites>0</satellites>
<vAccuracy>1.9174799919128418</vAccuracy>
</extensions>
</trkpt>
<trkpt lat="41.9880754" lon="2.8167305000000056">
<ele>96.29136095439873</ele>
<time>2026-08-23T14:50:48.360Z</time>
<speed>1.9106245270013196</speed>
<extensions>
<accuracy>3.003999948501587</accuracy>
<heading>78.88445281982422</heading>
<satellites>0</satellites>
<vAccuracy>1.8773152828216553</vAccuracy>
</extensions>
</trkpt>
<trkpt lat="41.9880881" lon="2.816773100000006">
<ele>96.07493524263838</ele>
<time>2026-08-23T14:50:50.385Z</time>
<speed>1.7728811336425083</speed>
<extensions>
<accuracy>3.0</accuracy>
<heading>74.52369689941406</heading>
<satellites>0</satellites>
<vAccuracy>1.3605893850326538</vAccuracy>
</extensions>
</trkpt>
<trkpt lat="41.9880955" lon="2.8168056000000092">
<ele>96.0381560271446</ele>
<time>2026-08-23T14:50:52.352Z</time>
<speed>1.730139130541209</speed>
<extensions>
<accuracy>3.0</accuracy>
<heading>77.00235748291016</heading>
<satellites>0</satellites>
<vAccuracy>1.6494965553283691</vAccuracy>
</extensions>
</trkpt>
<trkpt lat="41.9881068" lon="2.8168502999999987">
<ele>95.96652067955358</ele>
<time>2026-08-23T14:50:54.440Z</time>
<speed>1.7393368175612869</speed>
<extensions>
<accuracy>3.0</accuracy>
<heading>78.03886413574219</heading>
<satellites>0</satellites>
<vAccuracy>1.8716641664505005</vAccuracy>
</extensions>
</trkpt>
<trkpt lat="41.9881154" lon="2.8168837999999994">
<ele>95.93054513619894</ele>
<time>2026-08-23T14:50:56.385Z</time>
<speed>1.66982270192888</speed>
<extensions>
<accuracy>3.0139999389648438</accuracy>
<heading>75.90843963623047</heading>
<satellites>0</satellites>
<vAccuracy>2.076974391937256</vAccuracy>
</extensions>
</trkpt>
<trkpt lat="41.9881224" lon="2.8169216000000006">
<ele>96.02465325542664</ele>
<time>2026-08-23T14:50:58.402Z</time>
<speed>1.6545500221089418</speed>
<extensions>
<accuracy>3.0160000324249268</accuracy>
<heading>82.43448638916016</heading>
<satellites>0</satellites>
<vAccuracy>2.0475406646728516</vAccuracy>
</extensions>
</trkpt>
<trkpt lat="41.9881309" lon="2.8169565999999975">
<ele>96.04840773429558</ele>
<time>2026-08-23T14:51:00.419Z</time>
<speed>1.58163936710394</speed>
<extensions>
<accuracy>3.0239999294281006</accuracy>
<heading>79.90937805175781</heading>
<satellites>0</satellites>
<vAccuracy>2.097097635269165</vAccuracy>
</extensions>
</trkpt>
<trkpt lat="41.9881443" lon="2.8169928000000084">
<ele>95.7368254276919</ele>
<time>2026-08-23T14:51:02.385Z</time>
<speed>1.6360154122404855</speed>
<extensions>
<accuracy>3.013000011444092</accuracy>
<heading>80.21078491210938</heading>
<satellites>0</satellites>
<vAccuracy>1.859336018562317</vAccuracy>
</extensions>
</trkpt>
<trkpt lat="41.9881514" lon="2.817031700000001">
<ele>95.62886063518539</ele>
<time>2026-08-23T14:51:04.385Z</time>
<speed>1.593293412269151</speed>
<extensions>
<accuracy>3.009000062942505</accuracy>
<heading>81.65847778320312</heading>
<satellites>0</satellites>
<vAccuracy>2.1075661182403564</vAccuracy>
</extensions>
</trkpt>
<trkpt lat="41.9881583" lon="2.8170690000000036">
<ele>95.55053187715494</ele>
<time>2026-08-23T14:51:06.385Z</time>
<speed>1.6097719522564495</speed>
<extensions>
<accuracy>3.0</accuracy>
<heading>73.27153015136719</heading>
<satellites>0</satellites>
<vAccuracy>1.606620192527771</vAccuracy>
</extensions>
</trkpt>
<trkpt lat="41.9881688" lon="2.817105199999986">
<ele>95.38070255664397</ele>
<time>2026-08-23T14:51:08.385Z</time>
<speed>1.611685141702752</speed>
<extensions>
<accuracy>3.0</accuracy>
<heading>60.56392288208008</heading>
<satellites>0</satellites>
<vAccuracy>2.6499595642089844</vAccuracy>
</extensions>
</trkpt>
<trkpt lat="41.9881803" lon="2.817135900000011">
<ele>95.19118563722353</ele>
<time>2026-08-23T14:51:10.390Z</time>
<speed>1.593353907621622</speed>
<extensions>
<accuracy>3.0</accuracy>
<heading>62.784297943115234</heading>
<satellites>0</satellites>
<vAccuracy>1.6917864084243774</vAccuracy>
</extensions>
</trkpt>
<trkpt lat="41.9881875" lon="2.817172400000004">
<ele>95.19758648919006</ele>
<time>2026-08-23T14:51:12.365Z</time>
<speed>1.569397104977235</speed>
<extensions>
<accuracy>3.0</accuracy>
<heading>64.30673217773438</heading>
<satellites>0</satellites>
<vAccuracy>1.6761510372161865</vAccuracy>
</extensions>
</trkpt>
<trkpt lat="41.9881908" lon="2.8172065999999916">
<ele>95.31986572422043</ele>
<time>2026-08-23T14:51:14.285Z</time>
<speed>1.5352485849467612</speed>
<extensions>
<accuracy>3.0</accuracy>
<heading>73.57011413574219</heading>
<satellites>0</satellites>
<vAccuracy>1.5915552377700806</vAccuracy>
</extensions>
</trkpt>
<trkpt lat="41.9881933" lon="2.8172467999999924">
<ele>95.51289939322822</ele>
<time>2026-08-23T14:51:16.437Z</time>
<speed>1.5274240510686297</speed>
<extensions>
<accuracy>3.0</accuracy>
<heading>79.55683898925781</heading>
<satellites>0</satellites>
<vAccuracy>1.909320592880249</vAccuracy>
</extensions>
</trkpt>
<trkpt lat="41.9881994" lon="2.8172811000000024">
<ele>95.60785747277465</ele>
<time>2026-08-23T14:51:18.384Z</time>
<speed>1.5056829590482552</speed>
<extensions>
<accuracy>3.0</accuracy>
<heading>73.96114349365234</heading>
<satellites>0</satellites>
<vAccuracy>1.894766092300415</vAccuracy>
</extensions>
</trkpt>
<trkpt lat="41.9882088" lon="2.8173156999999946">
<ele>95.61269919724992</ele>
<time>2026-08-23T14:51:20.384Z</time>
<speed>1.5267269047968182</speed>
<extensions>
<accuracy>3.0</accuracy>
<heading>74.89582824707031</heading>
<satellites>0</satellites>
<vAccuracy>1.5781525373458862</vAccuracy>
</extensions>
</trkpt>
<trkpt lat="41.9882172" lon="2.817351500000001">
<ele>95.6387388361017</ele>
<time>2026-08-23T14:51:22.384Z</time>
<speed>1.5209402818497684</speed>
<extensions>
<accuracy>3.0</accuracy>
<heading>68.40052032470703</heading>
<satellites>0</satellites>
<vAccuracy>1.695959210395813</vAccuracy>
</extensions>
</trkpt>
<trkpt lat="41.9882282" lon="2.8173856999999884">
<ele>95.57268031275225</ele>
<time>2026-08-23T14:51:24.392Z</time>
<speed>1.5307943069525063</speed>
<extensions>
<accuracy>3.00600004196167</accuracy>
<heading>66.5035400390625</heading>
<satellites>0</satellites>
<vAccuracy>1.7135753631591797</vAccuracy>
</extensions>
</trkpt>
<trkpt lat="41.9882371" lon="2.8174193000000116">
<ele>95.54560756119054</ele>
<time>2026-08-23T14:51:26.408Z</time>
<speed>1.5134011762400505</speed>
<extensions>
<accuracy>3.00600004196167</accuracy>
<heading>69.45390319824219</heading>
<satellites>0</satellites>
<vAccuracy>1.7783693075180054</vAccuracy>
</extensions>
</trkpt>
<trkpt lat="41.9882488" lon="2.817450699999995">
<ele>95.41450094553932</ele>
<time>2026-08-23T14:51:28.424Z</time>
<speed>1.501976019588489</speed>
<extensions>
<accuracy>3.00600004196167</accuracy>
<heading>60.97859191894531</heading>
<satellites>0</satellites>
<vAccuracy>1.8182902336120605</vAccuracy>
</extensions>
</trkpt>
<trkpt lat="41.9882587" lon="2.817483399999986">
<ele>95.32811325315609</ele>
<time>2026-08-23T14:51:30.243Z</time>
<speed>1.5183663259720976</speed>
<extensions>
<accuracy>3.0</accuracy>
<heading>71.36840057373047</heading>
<satellites>0</satellites>
<vAccuracy>1.879746675491333</vAccuracy>
</extensions>
</trkpt>
<trkpt lat="41.9882696" lon="2.8175239999999917">
<ele>95.24407586012573</ele>
<time>2026-08-23T14:51:32.340Z</time>
<speed>1.548360195260601</speed>
<extensions>
<accuracy>3.0</accuracy>
<heading>72.15638732910156</heading>
<satellites>0</satellites>
<vAccuracy>2.139059066772461</vAccuracy>
</extensions>
</trkpt>
<trkpt lat="41.9882788" lon="2.8175583000000017">
<ele>95.51030743083554</ele>
<time>2026-08-23T14:51:34.260Z</time>
<speed>1.5555348315150905</speed>
<extensions>
<accuracy>3.0</accuracy>
<heading>79.27196502685547</heading>
<satellites>0</satellites>
<vAccuracy>2.0454931259155273</vAccuracy>
</extensions>
</trkpt>
<trkpt lat="41.9882919" lon="2.8175971000000004">
<ele>95.79559913649076</ele>
<time>2026-08-23T14:51:36.381Z</time>
<speed>1.5951851841134468</speed>
<extensions>
<accuracy>3.0339999198913574</accuracy>
<heading>73.24312591552734</heading>
<satellites>0</satellites>
<vAccuracy>1.987729787826538</vAccuracy>
</extensions>
</trkpt>
<trkpt lat="41.9883107" lon="2.8176310000000058">
<ele>95.92894421091613</ele>
<time>2026-08-23T14:51:38.365Z</time>
<speed>1.6595795241893216</speed>
<extensions>
<accuracy>3.0280001163482666</accuracy>
<heading>61.30723190307617</heading>
<satellites>0</satellites>
<vAccuracy>1.4490927457809448</vAccuracy>
</extensions>
</trkpt>
<trkpt lat="41.9883266" lon="2.817660899999993">
<ele>96.31015820548156</ele>
<time>2026-08-23T14:51:40.364Z</time>
<speed>1.6427248074918877</speed>
<extensions>
<accuracy>3.0280001163482666</accuracy>
<heading>57.76608657836914</heading>
<satellites>0</satellites>
<vAccuracy>2.355883836746216</vAccuracy>
</extensions>
</trkpt>
<trkpt lat="41.9883382" lon="2.817689900000005">
<ele>96.83119000948642</ele>
<time>2026-08-23T14:51:42.385Z</time>
<speed>1.571811450529987</speed>
<extensions>
<accuracy>3.0</accuracy>
<heading>61.16349792480469</heading>
<satellites>0</satellites>
<vAccuracy>1.500517725944519</vAccuracy>
</extensions>
</trkpt>
<trkpt lat="41.9883479" lon="2.8177153999999973">
<ele>97.3017167101126</ele>
<time>2026-08-23T14:51:44.205Z</time>
<speed>1.5180406626864738</speed>
<extensions>
<accuracy>3.0</accuracy>
<heading>61.27806854248047</heading>
<satellites>0</satellites>
<vAccuracy>1.495740294456482</vAccuracy>
</extensions>
</trkpt>
<trkpt lat="41.9883557" lon="2.81774759999999">
<ele>97.91054430824411</ele>
<time>2026-08-23T14:51:46.262Z</time>
<speed>1.4580721054610106</speed>
<extensions>
<accuracy>3.000999927520752</accuracy>
<heading>68.91956329345703</heading>
<satellites>0</satellites>
<vAccuracy>2.155500888824463</vAccuracy>
</extensions>
</trkpt>
<trkpt lat="41.9883595" lon="2.8177829999999915">
<ele>98.58804612871167</ele>
<time>2026-08-23T14:51:48.303Z</time>
<speed>1.3953543081503226</speed>
<extensions>
<accuracy>3.000999927520752</accuracy>
<heading>72.55128479003906</heading>
<satellites>0</satellites>
<vAccuracy>2.069828987121582</vAccuracy>
</extensions>
</trkpt>
<trkpt lat="41.9883643" lon="2.817818999999986">
<ele>99.06013145852974</ele>
<time>2026-08-23T14:51:50.321Z</time>
<speed>1.390938424633042</speed>
<extensions>
<accuracy>3.000999927520752</accuracy>
<heading>70.74248504638672</heading>
<satellites>0</satellites>
<vAccuracy>2.212045431137085</vAccuracy>
</extensions>
</trkpt>
<trkpt lat="41.9883694" lon="2.8178485999999907">
<ele>99.2367427701754</ele>
<time>2026-08-23T14:51:52.402Z</time>
<speed>1.36293415703431</speed>
<extensions>
<accuracy>3.009999990463257</accuracy>
<heading>68.09984588623047</heading>
<satellites>0</satellites>
<vAccuracy>1.7858637571334839</vAccuracy>
</extensions>
</trkpt>
<trkpt lat="41.988374" lon="2.8178819000000033">
<ele>99.43786849719491</ele>
<time>2026-08-23T14:51:54.403Z</time>
<speed>1.3825616956590723</speed>
<extensions>
<accuracy>3.010999917984009</accuracy>
<heading>78.85676574707031</heading>
<satellites>0</satellites>
<vAccuracy>1.9575039148330688</vAccuracy>
</extensions>
</trkpt>
<trkpt lat="41.9883791" lon="2.8179164000000014">
<ele>99.65201267672802</ele>
<time>2026-08-23T14:51:56.436Z</time>
<speed>1.396416202280829</speed>
<extensions>
<accuracy>3.009999990463257</accuracy>
<heading>73.88270568847656</heading>
<satellites>0</satellites>
<vAccuracy>1.8664218187332153</vAccuracy>
</extensions>
</trkpt>
<trkpt lat="41.988388" lon="2.8179494000000034">
<ele>99.87585188776796</ele>
<time>2026-08-23T14:51:58.385Z</time>
<speed>1.4044747350843048</speed>
<extensions>
<accuracy>3.0</accuracy>
<heading>79.47028350830078</heading>
<satellites>0</satellites>
<vAccuracy>1.8421640396118164</vAccuracy>
</extensions>
</trkpt>
<trkpt lat="41.9883967" lon="2.8179831999999863">
<ele>100.11241056078417</ele>
<time>2026-08-23T14:52:00.385Z</time>
<speed>1.4005150184309183</speed>
<extensions>
<accuracy>3.0</accuracy>
<heading>73.74040222167969</heading>
<satellites>0</satellites>
<vAccuracy>1.966638445854187</vAccuracy>
</extensions>
</trkpt>
<trkpt lat="41.9884044" lon="2.8180187000000103">
<ele>100.36366099764635</ele>
<time>2026-08-23T14:52:02.384Z</time>
<speed>1.4649561635054238</speed>
<extensions>
<accuracy>3.0</accuracy>
<heading>72.48991394042969</heading>
<satellites>0</satellites>
<vAccuracy>1.7085694074630737</vAccuracy>
</extensions>
</trkpt>
<trkpt lat="41.988413" lon="2.818053099999986">
<ele>100.62055000543366</ele>
<time>2026-08-23T14:52:04.391Z</time>
<speed>1.4840795977459598</speed>
<extensions>
<accuracy>3.0</accuracy>
<heading>71.52690124511719</heading>
<satellites>0</satellites>
<vAccuracy>1.954329013824463</vAccuracy>
</extensions>
</trkpt>
<trkpt lat="41.9884213" lon="2.818092400000012">
<ele>100.82485668796836</ele>
<time>2026-08-23T14:52:06.406Z</time>
<speed>1.5332291921600683</speed>
<extensions>
<accuracy>3.0</accuracy>
<heading>74.24886322021484</heading>
<satellites>0</satellites>
<vAccuracy>1.7654858827590942</vAccuracy>
</extensions>
</trkpt>
<trkpt lat="41.9884292" lon="2.8181232999999963">
<ele>100.82344985685562</ele>
<time>2026-08-23T14:52:08.423Z</time>
<speed>1.5032904377022855</speed>
<extensions>
<accuracy>3.0</accuracy>
<heading>73.45526123046875</heading>
<satellites>0</satellites>
<vAccuracy>1.6378487348556519</vAccuracy>
</extensions>
</trkpt>
<trkpt lat="41.9884369" lon="2.8181595000000073">
<ele>100.8080005792028</ele>
<time>2026-08-23T14:52:10.385Z</time>
<speed>1.524887167681937</speed>
<extensions>
<accuracy>3.0</accuracy>
<heading>75.18175506591797</heading>
<satellites>0</satellites>
<vAccuracy>1.6419414281845093</vAccuracy>
</extensions>
</trkpt>
<trkpt lat="41.9884463" lon="2.818195000000003">
<ele>100.79489357244832</ele>
<time>2026-08-23T14:52:12.239Z</time>
<speed>1.5550860355936171</speed>
<extensions>
<accuracy>3.0</accuracy>
<heading>69.141357421875</heading>
<satellites>0</satellites>
<vAccuracy>2.5676047801971436</vAccuracy>
</extensions>
</trkpt>
<trkpt lat="41.9884553" lon="2.8182270000000074">
<ele>100.77902110353034</ele>
<time>2026-08-23T14:52:14.241Z</time>
<speed>1.538663222226948</speed>
<extensions>
<accuracy>3.0</accuracy>
<heading>68.22967529296875</heading>
<satellites>0</satellites>
<vAccuracy>1.678551197052002</vAccuracy>
</extensions>
</trkpt>
<trkpt lat="41.9884659" lon="2.818261100000001">
<ele>100.75889733079009</ele>
<time>2026-08-23T14:52:16.184Z</time>
<speed>1.5179577061265839</speed>
<extensions>
<accuracy>3.0</accuracy>
<heading>69.56913757324219</heading>
<satellites>0</satellites>
<vAccuracy>1.824700951576233</vAccuracy>
</extensions>
</trkpt>
<trkpt lat="41.9884764" lon="2.8182966999999906">
<ele>100.72787098329827</ele>
<time>2026-08-23T14:52:18.184Z</time>
<speed>1.5667117777075128</speed>
<extensions>
<accuracy>3.0</accuracy>
<heading>72.47322082519531</heading>
<satellites>0</satellites>
<vAccuracy>2.3772528171539307</vAccuracy>
</extensions>
</trkpt>
<trkpt lat="41.9884863" lon="2.818330000000003">
<ele>100.6918422250757</ele>
<time>2026-08-23T14:52:20.305Z</time>
<speed>1.5289947704300932</speed>
<extensions>
<accuracy>3.0</accuracy>
<heading>71.64905548095703</heading>
<satellites>0</satellites>
<vAccuracy>2.085841178894043</vAccuracy>
</extensions>
</trkpt>
<trkpt lat="41.9884971" lon="2.818361600000003">
<ele>100.67076958812065</ele>
<time>2026-08-23T14:52:22.321Z</time>
<speed>1.4781775590860222</speed>
<extensions>
<accuracy>3.0</accuracy>
<heading>66.11822509765625</heading>
<satellites>0</satellites>
<vAccuracy>2.0112555027008057</vAccuracy>
</extensions>
</trkpt>
<trkpt lat="41.9885064" lon="2.8183878000000107">
<ele>100.78918366842592</ele>
<time>2026-08-23T14:52:24.217Z</time>
<speed>1.4488110800700704</speed>
<extensions>
<accuracy>3.0</accuracy>
<heading>64.81226348876953</heading>
<satellites>0</satellites>
<vAccuracy>1.8363651037216187</vAccuracy>
</extensions>
</trkpt>
<trkpt lat="41.9885175" lon="2.818427100000008">
<ele>100.9545818187385</ele>
<time>2026-08-23T14:52:26.281Z</time>
<speed>1.4710583534236275</speed>
<extensions>
<accuracy>3.0</accuracy>
<heading>72.45944213867188</heading>
<satellites>0</satellites>
<vAccuracy>1.8489943742752075</vAccuracy>
</extensions>
</trkpt>
<trkpt lat="41.9885268" lon="2.8184616000000062">
<ele>101.09385534756517</ele>
<time>2026-08-23T14:52:28.384Z</time>
<speed>1.442965765156228</speed>
<extensions>
<accuracy>3.0</accuracy>
<heading>72.70264434814453</heading>
<satellites>0</satellites>
<vAccuracy>1.7003451585769653</vAccuracy>
</extensions>
</trkpt>
<trkpt lat="41.9885371" lon="2.818499800000012">
<ele>101.24271108509099</ele>
<time>2026-08-23T14:52:30.304Z</time>
<speed>1.5133003435706571</speed>
<extensions>
<accuracy>3.0</accuracy>
<heading>72.8974380493164</heading>
<satellites>0</satellites>
<vAccuracy>1.8203860521316528</vAccuracy>
</extensions>
</trkpt>
<trkpt lat="41.9885469" lon="2.8185306000000026">
<ele>101.3605034571356</ele>
<time>2026-08-23T14:52:32.281Z</time>
<speed>1.5082476498071928</speed>
<extensions>
<accuracy>3.0</accuracy>
<heading>70.29722595214844</heading>
<satellites>0</satellites>
<vAccuracy>2.020122766494751</vAccuracy>
</extensions>
</trkpt>
<trkpt lat="41.9885577" lon="2.8185674000000063">
<ele>101.49467715580474</ele>
<time>2026-08-23T14:52:34.385Z</time>
<speed>1.5659537070383642</speed>
<extensions>
<accuracy>3.0</accuracy>
<heading>74.21317291259766</heading>
<satellites>0</satellites>
<vAccuracy>1.6869544982910156</vAccuracy>
</extensions>
</trkpt>
<trkpt lat="41.9885683" lon="2.818602800000008">
<ele>101.61853294778663</ele>
<time>2026-08-23T14:52:36.298Z</time>
<speed>1.5590289122280339</speed>
<extensions>
<accuracy>3.0</accuracy>
<heading>67.31625366210938</heading>
<satellites>0</satellites>
<vAccuracy>1.5845087766647339</vAccuracy>
</extensions>
</trkpt>
<trkpt lat="41.9885798" lon="2.818640799999997">
<ele>101.81801536713733</ele>
<time>2026-08-23T14:52:38.420Z</time>
<speed>1.5901770969912667</speed>
<extensions>
<accuracy>3.0</accuracy>
<heading>70.97000122070312</heading>
<satellites>0</satellites>
<vAccuracy>2.1002767086029053</vAccuracy>
</extensions>
</trkpt>
<trkpt lat="41.9885899" lon="2.818674200000004">
<ele>102.57104619013457</ele>
<time>2026-08-23T14:52:40.365Z</time>
<speed>1.5467781404328007</speed>
<extensions>
<accuracy>3.0</accuracy>
<heading>77.18999481201172</heading>
<satellites>0</satellites>
<vAccuracy>2.246399402618408</vAccuracy>
</extensions>
</trkpt>
<trkpt lat="41.9886033" lon="2.818712199999993">
<ele>103.51673677862273</ele>
<time>2026-08-23T14:52:42.384Z</time>
<speed>1.611001643270554</speed>
<extensions>
<accuracy>3.0</accuracy>
<heading>76.98697662353516</heading>
<satellites>0</satellites>
<vAccuracy>1.4736578464508057</vAccuracy>
</extensions>
</trkpt>
<trkpt lat="41.9886137" lon="2.8187474000000066">
<ele>104.37230041990532</ele>
<time>2026-08-23T14:52:44.384Z</time>
<speed>1.6132324047523827</speed>
<extensions>
<accuracy>3.0</accuracy>
<heading>82.1296157836914</heading>
<satellites>0</satellites>
<vAccuracy>1.4202523231506348</vAccuracy>
</extensions>
</trkpt>
<trkpt lat="41.9886172" lon="2.8187856000000124">
<ele>105.20082986153574</ele>
<time>2026-08-23T14:52:46.397Z</time>
<speed>1.5995146034895222</speed>
<extensions>
<accuracy>3.0</accuracy>
<heading>89.93113708496094</heading>
<satellites>0</satellites>
<vAccuracy>2.167504072189331</vAccuracy>
</extensions>
</trkpt>
<trkpt lat="41.9886257" lon="2.81881580000001">
<ele>105.86142025653614</ele>
<time>2026-08-23T14:52:48.439Z</time>
<speed>1.5413158835164478</speed>
<extensions>
<accuracy>3.0</accuracy>
<heading>78.3527603149414</heading>
<satellites>0</satellites>
<vAccuracy>2.3252599239349365</vAccuracy>
</extensions>
</trkpt>
<trkpt lat="41.9886347" lon="2.818845500000009">
<ele>106.47681896975918</ele>
<time>2026-08-23T14:52:50.344Z</time>
<speed>1.5131729840177992</speed>
<extensions>
<accuracy>3.0</accuracy>
<heading>73.73131561279297</heading>
<satellites>0</satellites>
<vAccuracy>2.2124102115631104</vAccuracy>
</extensions>
</trkpt>
<trkpt lat="41.9886434" lon="2.8188769999999863">
<ele>107.0894948210346</ele>
<time>2026-08-23T14:52:52.384Z</time>
<speed>1.4411162825739436</speed>
<extensions>
<accuracy>3.0</accuracy>
<heading>65.88555145263672</heading>
<satellites>0</satellites>
<vAccuracy>1.7387686967849731</vAccuracy>
</extensions>
</trkpt>
<trkpt lat="41.9886514" lon="2.8189112999999963">
<ele>107.71803390354644</ele>
<time>2026-08-23T14:52:54.419Z</time>
<speed>1.4200554046165659</speed>
<extensions>
<accuracy>3.0</accuracy>
<heading>67.2830810546875</heading>
<satellites>0</satellites>
<vAccuracy>1.8144043684005737</vAccuracy>
</extensions>
</trkpt>
<trkpt lat="41.9886529" lon="2.8189437999999996">
<ele>107.88060399298615</ele>
<time>2026-08-23T14:52:56.323Z</time>
<speed>1.3866968737054648</speed>
<extensions>
<accuracy>3.003999948501587</accuracy>
<heading>60.75473403930664</heading>
<satellites>0</satellites>
<vAccuracy>1.9242186546325684</vAccuracy>
</extensions>
</trkpt>
<trkpt lat="41.9886547" lon="2.8189801000000045">
<ele>107.99910753429045</ele>
<time>2026-08-23T14:52:58.364Z</time>
<speed>1.4199328266913749</speed>
<extensions>
<accuracy>3.005000114440918</accuracy>
<heading>71.39781188964844</heading>
<satellites>0</satellites>
<vAccuracy>2.0943291187286377</vAccuracy>
</extensions>
</trkpt>
<trkpt lat="41.9886571" lon="2.819016099999999">
<ele>108.11907285409697</ele>
<time>2026-08-23T14:53:00.445Z</time>
<speed>1.4287325086917764</speed>
<extensions>
<accuracy>3.003999948501587</accuracy>
<heading>68.3764419555664</heading>
<satellites>0</satellites>
<vAccuracy>1.7439872026443481</vAccuracy>
</extensions>
</trkpt>
<trkpt lat="41.9886582" lon="2.8190500999999983">
<ele>108.23668390651538</ele>
<time>2026-08-23T14:53:02.342Z</time>
<speed>1.4529859578966007</speed>
<extensions>
<accuracy>3.0</accuracy>
<heading>71.80844116210938</heading>
<satellites>0</satellites>
<vAccuracy>1.9274336099624634</vAccuracy>
</extensions>
</trkpt>
<trkpt lat="41.9886617" lon="2.819084900000007">
<ele>108.36015910022796</ele>
<time>2026-08-23T14:53:04.277Z</time>
<speed>1.4609698403720495</speed>
<extensions>
<accuracy>3.0</accuracy>
<heading>72.45903015136719</heading>
<satellites>0</satellites>
<vAccuracy>2.4117584228515625</vAccuracy>
</extensions>
</trkpt>
<trkpt lat="41.9886659" lon="2.819129800000013">
<ele>108.52780786435244</ele>
<time>2026-08-23T14:53:06.382Z</time>
<speed>1.533638019464879</speed>
<extensions>
<accuracy>3.0</accuracy>
<heading>70.22027587890625</heading>
<satellites>0</satellites>
<vAccuracy>1.7092660665512085</vAccuracy>
</extensions>
</trkpt>
<trkpt lat="41.9886661" lon="2.819158299999998">
<ele>108.63334322732078</ele>
<time>2026-08-23T14:53:08.302Z</time>
<speed>1.4843707267540538</speed>
<extensions>
<accuracy>3.0</accuracy>
<heading>84.22416687011719</heading>
<satellites>0</satellites>
<vAccuracy>1.6476715803146362</vAccuracy>
</extensions>
</trkpt>
<trkpt lat="41.988665" lon="2.819193200000001">
<ele>108.75870400131822</ele>
<time>2026-08-23T14:53:10.224Z</time>
<speed>1.497688126041001</speed>
<extensions>
<accuracy>3.0</accuracy>
<heading>85.77594757080078</heading>
<satellites>0</satellites>
<vAccuracy>1.6862105131149292</vAccuracy>
</extensions>
</trkpt>
<trkpt lat="41.9886721" lon="2.8192318000000114">
<ele>108.58945864936177</ele>
<time>2026-08-23T14:53:12.225Z</time>
<speed>1.5296276281036423</speed>
<extensions>
<accuracy>3.0</accuracy>
<heading>79.6478271484375</heading>
<satellites>0</satellites>
<vAccuracy>1.6941107511520386</vAccuracy>
</extensions>
</trkpt>
<trkpt lat="41.9886831" lon="2.81926949999999">
<ele>108.4804089290732</ele>
<time>2026-08-23T14:53:14.409Z</time>
<speed>1.536171713293067</speed>
<extensions>
<accuracy>3.003000020980835</accuracy>
<heading>68.1919937133789</heading>
<satellites>0</satellites>
<vAccuracy>1.4240764379501343</vAccuracy>
</extensions>
</trkpt>
<trkpt lat="41.9886936" lon="2.8193046000000095">
<ele>108.4207509270327</ele>
<time>2026-08-23T14:53:16.305Z</time>
<speed>1.5106718337717464</speed>
<extensions>
<accuracy>3.003000020980835</accuracy>
<heading>60.53166961669922</heading>
<satellites>0</satellites>
<vAccuracy>2.052623748779297</vAccuracy>
</extensions>
</trkpt>
<trkpt lat="41.9887032" lon="2.8193429000000094">
<ele>108.37962774730396</ele>
<time>2026-08-23T14:53:18.384Z</time>
<speed>1.5866624310762376</speed>
<extensions>
<accuracy>3.0</accuracy>
<heading>51.10293960571289</heading>
<satellites>0</satellites>
<vAccuracy>2.1817493438720703</vAccuracy>
</extensions>
</trkpt>
<trkpt lat="41.988713" lon="2.8193737">
<ele>108.40131494176384</ele>
<time>2026-08-23T14:53:20.362Z</time>
<speed>1.566224090781667</speed>
<extensions>
<accuracy>3.0</accuracy>
<heading>60.040977478027344</heading>
<satellites>0</satellites>
<vAccuracy>2.198594808578491</vAccuracy>
</extensions>
</trkpt>
<trkpt lat="41.9887156" lon="2.8194177999999965">
<ele>108.31583456189415</ele>
<time>2026-08-23T14:53:22.384Z</time>
<speed>1.5993880334428758</speed>
<extensions>
<accuracy>3.0</accuracy>
<heading>78.7558364868164</heading>
<satellites>0</satellites>
<vAccuracy>1.7451825141906738</vAccuracy>
</extensions>
</trkpt>
<trkpt lat="41.9887202" lon="2.819443199999995">
<ele>108.3230434398725</ele>
<time>2026-08-23T14:53:24.384Z</time>
<speed>1.5089248619056184</speed>
<extensions>
<accuracy>3.0</accuracy>
<heading>63.85947799682617</heading>
<satellites>0</satellites>
<vAccuracy>1.9900455474853516</vAccuracy>
</extensions>
</trkpt>
<trkpt lat="41.9887318" lon="2.8194727000000057">
<ele>108.45218500350448</ele>
<time>2026-08-23T14:53:26.398Z</time>
<speed>1.4529745641382739</speed>
<extensions>
<accuracy>3.0</accuracy>
<heading>61.00282287597656</heading>
<satellites>0</satellites>
<vAccuracy>2.1041054725646973</vAccuracy>
</extensions>
</trkpt>
<trkpt lat="41.9887404" lon="2.8195087">
<ele>108.3144365965928</ele>
<time>2026-08-23T14:53:28.263Z</time>
<speed>1.466756848953032</speed>
<extensions>
<accuracy>3.0</accuracy>
<heading>60.51231384277344</heading>
<satellites>0</satellites>
<vAccuracy>2.005838632583618</vAccuracy>
</extensions>
</trkpt>
<trkpt lat="41.9887457" lon="2.8195407999999986">
<ele>108.1383137369255</ele>
<time>2026-08-23T14:53:30.104Z</time>
<speed>1.482016083135733</speed>
<extensions>
<accuracy>3.0</accuracy>
<heading>78.76083374023438</heading>
<satellites>0</satellites>
<vAccuracy>1.9184982776641846</vAccuracy>
</extensions>
</trkpt>
<trkpt lat="41.9887551" lon="2.8195805000000007">
<ele>107.94775403366977</ele>
<time>2026-08-23T14:53:32.279Z</time>
<speed>1.4370227410764107</speed>
<extensions>
<accuracy>3.0</accuracy>
<heading>80.63429260253906</heading>
<satellites>0</satellites>
<vAccuracy>2.1392734050750732</vAccuracy>
</extensions>
</trkpt>
<trkpt lat="41.9887703" lon="2.8196148000000107">
<ele>107.86087249177719</ele>
<time>2026-08-23T14:53:34.262Z</time>
<speed>1.5538285529418863</speed>
<extensions>
<accuracy>3.0</accuracy>
<heading>65.99609375</heading>
<satellites>0</satellites>
<vAccuracy>1.6398206949234009</vAccuracy>
</extensions>
</trkpt>
<trkpt lat="41.988784" lon="2.819646199999994">
<ele>107.7508706751534</ele>
<time>2026-08-23T14:53:36.239Z</time>
<speed>1.584340622721663</speed>
<extensions>
<accuracy>3.0</accuracy>
<heading>64.55094909667969</heading>
<satellites>0</satellites>
<vAccuracy>1.636487603187561</vAccuracy>
</extensions>
</trkpt>
<trkpt lat="41.9887941" lon="2.819681900000006">
<ele>107.53095770035817</ele>
<time>2026-08-23T14:53:38.223Z</time>
<speed>1.567445760263182</speed>
<extensions>
<accuracy>3.0</accuracy>
<heading>65.48392486572266</heading>
<satellites>0</satellites>
<vAccuracy>1.681609869003296</vAccuracy>
</extensions>
</trkpt>
<trkpt lat="41.9888012" lon="2.819710100000009">
<ele>107.33239733973595</ele>
<time>2026-08-23T14:53:40.063Z</time>
<speed>1.5396804634052519</speed>
<extensions>
<accuracy>3.0</accuracy>
<heading>67.859130859375</heading>
<satellites>0</satellites>
<vAccuracy>2.7398951053619385</vAccuracy>
</extensions>
</trkpt>
<trkpt lat="41.9888123" lon="2.8197576000000026">
<ele>106.92409557423663</ele>
<time>2026-08-23T14:53:42.159Z</time>
<speed>1.6157039214991458</speed>
<extensions>
<accuracy>3.0</accuracy>
<heading>67.41342163085938</heading>
<satellites>0</satellites>
<vAccuracy>1.9464032649993896</vAccuracy>
</extensions>
</trkpt>
<trkpt lat="41.9888215" lon="2.819798300000002">
<ele>106.39594308971012</ele>
<time>2026-08-23T14:53:44.143Z</time>
<speed>1.637255396056785</speed>
<extensions>
<accuracy>3.0</accuracy>
<heading>68.69609069824219</heading>
<satellites>0</satellites>
<vAccuracy>2.0509252548217773</vAccuracy>
</extensions>
</trkpt>
<trkpt lat="41.9888295" lon="2.8198389000000077">
<ele>105.85786119457269</ele>
<time>2026-08-23T14:53:46.079Z</time>
<speed>1.691449990306679</speed>
<extensions>
<accuracy>3.0</accuracy>
<heading>70.09268951416016</heading>
<satellites>0</satellites>
<vAccuracy>2.405055522918701</vAccuracy>
</extensions>
</trkpt>
<trkpt lat="41.9888366" lon="2.819881500000008">
<ele>105.28095478242837</ele>
<time>2026-08-23T14:53:48.023Z</time>
<speed>1.7444171816554757</speed>
<extensions>
<accuracy>3.0</accuracy>
<heading>72.29237365722656</heading>
<satellites>0</satellites>
<vAccuracy>2.2785329818725586</vAccuracy>
</extensions>
</trkpt>
<trkpt lat="41.9888436" lon="2.819921899999997">
<ele>104.73629202697785</ele>
<time>2026-08-23T14:53:49.943Z</time>
<speed>1.8340796939879453</speed>
<extensions>
<accuracy>3.0</accuracy>
<heading>69.77811431884766</heading>
<satellites>0</satellites>
<vAccuracy>1.9408906698226929</vAccuracy>
</extensions>
</trkpt>
<trkpt lat="41.988853" lon="2.8199606000000017">
<ele>104.23992598168854</ele>
<time>2026-08-23T14:53:51.918Z</time>
<speed>1.7821568000164478</speed>
<extensions>
<accuracy>3.0</accuracy>
<heading>72.92179870605469</heading>
<satellites>0</satellites>
<vAccuracy>2.2047080993652344</vAccuracy>
</extensions>
</trkpt>
<trkpt lat="41.9888615" lon="2.819998400000003">
<ele>103.74858591838294</ele>
<time>2026-08-23T14:53:53.863Z</time>
<speed>1.7633554180998365</speed>
<extensions>
<accuracy>3.0</accuracy>
<heading>72.47126770019531</heading>
<satellites>0</satellites>
<vAccuracy>1.7944929599761963</vAccuracy>
</extensions>
</trkpt>
<trkpt lat="41.9888714" lon="2.820034300000003">
<ele>103.23052925875344</ele>
<time>2026-08-23T14:53:55.758Z</time>
<speed>1.7387419400141662</speed>
<extensions>
<accuracy>3.0</accuracy>
<heading>74.1843032836914</heading>
<satellites>0</satellites>
<vAccuracy>1.5744351148605347</vAccuracy>
</extensions>
</trkpt>
<trkpt lat="41.9888822" lon="2.820071899999988">
<ele>102.17953473746515</ele>
<time>2026-08-23T14:53:57.743Z</time>
<speed>1.7031950804869764</speed>
<extensions>
<accuracy>3.0</accuracy>
<heading>44.66054916381836</heading>
<satellites>0</satellites>
<vAccuracy>1.668687343597412</vAccuracy>
</extensions>
</trkpt>
<trkpt lat="41.9888956" lon="2.820104399999991">
<ele>101.2000077870276</ele>
<time>2026-08-23T14:53:59.599Z</time>
<speed>1.6770558340832495</speed>
<extensions>
<accuracy>3.0</accuracy>
<heading>47.36567306518555</heading>
<satellites>0</satellites>
<vAccuracy>1.7320700883865356</vAccuracy>
</extensions>
</trkpt>
<trkpt lat="41.9888978" lon="2.8201502999999946">
<ele>100.015078560323</ele>
<time>2026-08-23T14:54:01.625Z</time>
<speed>1.7115670633007019</speed>
<extensions>
<accuracy>3.010999917984009</accuracy>
<heading>71.30750274658203</heading>
<satellites>0</satellites>
<vAccuracy>1.7973016500473022</vAccuracy>
</extensions>
</trkpt>
<trkpt lat="41.9889017" lon="2.82019600000001">
<ele>98.82298186472491</ele>
<time>2026-08-23T14:54:03.697Z</time>
<speed>1.7429154790496948</speed>
<extensions>
<accuracy>3.009999990463257</accuracy>
<heading>73.540771484375</heading>
<satellites>0</satellites>
<vAccuracy>1.9694997072219849</vAccuracy>
</extensions>
</trkpt>
<trkpt lat="41.9889063" lon="2.820239700000002">
<ele>97.68175289043242</ele>
<time>2026-08-23T14:54:05.665Z</time>
<speed>1.779617952000547</speed>
<extensions>
<accuracy>3.0</accuracy>
<heading>78.55967712402344</heading>
<satellites>0</satellites>
<vAccuracy>1.7564235925674438</vAccuracy>
</extensions>
</trkpt>
<trkpt lat="41.9889112" lon="2.8202837999999986">
<ele>96.53561044918338</ele>
<time>2026-08-23T14:54:07.681Z</time>
<speed>1.8095497921146433</speed>
<extensions>
<accuracy>3.0</accuracy>
<heading>83.62212371826172</heading>
<satellites>0</satellites>
<vAccuracy>2.58278751373291</vAccuracy>
</extensions>
</trkpt>
<trkpt lat="41.9889195" lon="2.8203252000000134">
<ele>95.4423288548978</ele>
<time>2026-08-23T14:54:09.665Z</time>
<speed>1.8358020413815568</speed>
<extensions>
<accuracy>3.0</accuracy>
<heading>82.58216094970703</heading>
<satellites>0</satellites>
<vAccuracy>1.8942948579788208</vAccuracy>
</extensions>
</trkpt>
<trkpt lat="41.9889297" lon="2.8203670000000045">
<ele>94.3159943360499</ele>
<time>2026-08-23T14:54:11.698Z</time>
<speed>1.8182459231851493</speed>
<extensions>
<accuracy>3.0</accuracy>
<heading>76.4573974609375</heading>
<satellites>0</satellites>
<vAccuracy>2.528012752532959</vAccuracy>
</extensions>
</trkpt>
<trkpt lat="41.9889422" lon="2.8204144999999983">
<ele>93.0037731725466</ele>
<time>2026-08-23T14:54:13.682Z</time>
<speed>1.8710898583012288</speed>
<extensions>
<accuracy>3.0</accuracy>
<heading>68.25858306884766</heading>
<satellites>0</satellites>
<vAccuracy>2.707338333129883</vAccuracy>
</extensions>
</trkpt>
<trkpt lat="41.9889623" lon="2.8204489000000024">
<ele>91.91983780091309</ele>
<time>2026-08-23T14:54:15.881Z</time>
<speed>1.8292967093757453</speed>
<extensions>
<accuracy>3.0</accuracy>
<heading>44.170616149902344</heading>
<satellites>0</satellites>
<vAccuracy>2.083339214324951</vAccuracy>
</extensions>
</trkpt>
<trkpt lat="41.9889804" lon="2.820489000000009">
<ele>90.67807460702389</ele>
<time>2026-08-23T14:54:18.082Z</time>
<speed>1.8160270247837849</speed>
<extensions>
<accuracy>3.0179998874664307</accuracy>
<heading>42.093631744384766</heading>
<satellites>0</satellites>
<vAccuracy>2.164519786834717</vAccuracy>
</extensions>
</trkpt>
<trkpt lat="41.9889844" lon="2.820534500000008">
<ele>89.43628958162512</ele>
<time>2026-08-23T14:54:20.025Z</time>
<speed>1.8485559723494271</speed>
<extensions>
<accuracy>3.0829999446868896</accuracy>
<heading>81.14213562011719</heading>
<satellites>0</satellites>
<vAccuracy>1.5378427505493164</vAccuracy>
</extensions>
</trkpt>
<trkpt lat="41.988986" lon="2.8205754999999897">
<ele>88.3372101784287</ele>
<time>2026-08-23T14:54:22.025Z</time>
<speed>1.8301711749985654</speed>
<extensions>
<accuracy>3.1630001068115234</accuracy>
<heading>95.10908508300781</heading>
<satellites>0</satellites>
<vAccuracy>1.8200513124465942</vAccuracy>
</extensions>
</trkpt>
<trkpt lat="41.9889986" lon="2.820609899999994">
<ele>87.0919001517313</ele>
<time>2026-08-23T14:54:24.041Z</time>
<speed>1.724795351700448</speed>
<extensions>
<accuracy>3.124000072479248</accuracy>
<heading>87.6117935180664</heading>
<satellites>0</satellites>
<vAccuracy>1.8043889999389648</vAccuracy>
</extensions>
</trkpt>
<trkpt lat="41.9890111" lon="2.820640400000002">
<ele>85.90446476599126</ele>
<time>2026-08-23T14:54:26.065Z</time>
<speed>1.6803243584252043</speed>
<extensions>
<accuracy>3.0190000534057617</accuracy>
<heading>82.67133331298828</heading>
<satellites>0</satellites>
<vAccuracy>2.1089024543762207</vAccuracy>
</extensions>
</trkpt>
<trkpt lat="41.9890277" lon="2.820668899999987">
<ele>84.70398789802164</ele>
<time>2026-08-23T14:54:28.041Z</time>
<speed>1.6308795706559094</speed>
<extensions>
<accuracy>3.0290000438690186</accuracy>
<heading>75.45983123779297</heading>
<satellites>0</satellites>
<vAccuracy>1.6868112087249756</vAccuracy>
</extensions>
</trkpt>
<trkpt lat="41.9890438" lon="2.820699200000007">
<ele>83.43028145857346</ele>
<time>2026-08-23T14:54:30.040Z</time>
<speed>1.5490880044726616</speed>
<extensions>
<accuracy>3.059999942779541</accuracy>
<heading>68.88231658935547</heading>
<satellites>0</satellites>
<vAccuracy>1.962296962738037</vAccuracy>
</extensions>
</trkpt>
<trkpt lat="41.9890572" lon="2.820736100000005">
<ele>81.95569038912294</ele>
<time>2026-08-23T14:54:32.024Z</time>
<speed>1.5519254388960313</speed>
<extensions>
<accuracy>3.0429999828338623</accuracy>
<heading>67.16669464111328</heading>
<satellites>0</satellites>
<vAccuracy>1.8250638246536255</vAccuracy>
</extensions>
</trkpt>
<trkpt lat="41.9890701" lon="2.820762099999996">
<ele>80.8434779795878</ele>
<time>2026-08-23T14:54:33.984Z</time>
<speed>1.501119031934025</speed>
<extensions>
<accuracy>3.005000114440918</accuracy>
<heading>63.30133056640625</heading>
<satellites>0</satellites>
<vAccuracy>1.939868688583374</vAccuracy>
</extensions>
</trkpt>
<trkpt lat="41.9890859" lon="2.8207906000000094">
<ele>79.57770798039752</ele>
<time>2026-08-23T14:54:35.945Z</time>
<speed>1.516370222970729</speed>
<extensions>
<accuracy>3.000999927520752</accuracy>
<heading>57.6079216003418</heading>
<satellites>0</satellites>
<vAccuracy>1.9116926193237305</vAccuracy>
</extensions>
</trkpt>
<trkpt lat="41.9891029" lon="2.820819400000005">
<ele>78.25956930336979</ele>
<time>2026-08-23T14:54:37.905Z</time>
<speed>1.5236399584720761</speed>
<extensions>
<accuracy>3.00600004196167</accuracy>
<heading>52.2045783996582</heading>
<satellites>0</satellites>
<vAccuracy>1.891422986984253</vAccuracy>
</extensions>
</trkpt>
<trkpt lat="41.9891183" lon="2.820850000000007">
<ele>76.88748073241412</ele>
<time>2026-08-23T14:54:39.864Z</time>
<speed>1.52746726286296</speed>
<extensions>
<accuracy>3.009999990463257</accuracy>
<heading>51.38787078857422</heading>
<satellites>0</satellites>
<vAccuracy>2.6159496307373047</vAccuracy>
</extensions>
</trkpt>
<trkpt lat="41.9891329" lon="2.820878999999991">
<ele>75.75336568124725</ele>
<time>2026-08-23T14:54:41.783Z</time>
<speed>1.4870100562760014</speed>
<extensions>
<accuracy>3.003999948501587</accuracy>
<heading>49.40875244140625</heading>
<satellites>0</satellites>
<vAccuracy>2.6969900131225586</vAccuracy>
</extensions>
</trkpt>
<trkpt lat="41.9891473" lon="2.8209119999999928">
<ele>74.70919445241704</ele>
<time>2026-08-23T14:54:43.742Z</time>
<speed>1.5462614149558838</speed>
<extensions>
<accuracy>3.0</accuracy>
<heading>46.9011116027832</heading>
<satellites>0</satellites>
<vAccuracy>2.82417368888855</vAccuracy>
</extensions>
</trkpt>
<trkpt lat="41.9891642" lon="2.8209453999999994">
<ele>73.87843020929594</ele>
<time>2026-08-23T14:54:45.678Z</time>
<speed>1.5915425070300895</speed>
<extensions>
<accuracy>3.000999927520752</accuracy>
<heading>41.201255798339844</heading>
<satellites>0</satellites>
<vAccuracy>2.5808308124542236</vAccuracy>
</extensions>
</trkpt>
<trkpt lat="41.9891788" lon="2.8209759000000076">
<ele>73.24627824422082</ele>
<time>2026-08-23T14:54:47.597Z</time>
<speed>1.5938690232195691</speed>
<extensions>
<accuracy>3.000999927520752</accuracy>
<heading>44.412559509277344</heading>
<satellites>0</satellites>
<vAccuracy>2.2967145442962646</vAccuracy>
</extensions>
</trkpt>
<trkpt lat="41.9891937" lon="2.8210060000000112">
<ele>72.68796741411417</ele>
<time>2026-08-23T14:54:49.542Z</time>
<speed>1.5893983233028222</speed>
<extensions>
<accuracy>3.0</accuracy>
<heading>40.35707473754883</heading>
<satellites>0</satellites>
<vAccuracy>2.3956334590911865</vAccuracy>
</extensions>
</trkpt>
<trkpt lat="41.9892134" lon="2.8210373999999945">
<ele>72.20708327125827</ele>
<time>2026-08-23T14:54:51.486Z</time>
<speed>1.6370828435625109</speed>
<extensions>
<accuracy>3.00600004196167</accuracy>
<heading>36.449119567871094</heading>
<satellites>0</satellites>
<vAccuracy>1.8374272584915161</vAccuracy>
</extensions>
</trkpt>
<trkpt lat="41.9892335" lon="2.8210669000000053">
<ele>71.85228247703975</ele>
<time>2026-08-23T14:54:53.459Z</time>
<speed>1.6494749878278572</speed>
<extensions>
<accuracy>3.0209999084472656</accuracy>
<heading>41.2024040222168</heading>
<satellites>0</satellites>
<vAccuracy>1.5135071277618408</vAccuracy>
</extensions>
</trkpt>
<trkpt lat="41.989244" lon="2.8211062000000027">
<ele>71.30307846005185</ele>
<time>2026-08-23T14:54:55.419Z</time>
<speed>1.6566955076082426</speed>
<extensions>
<accuracy>3.0160000324249268</accuracy>
<heading>88.98191833496094</heading>
<satellites>0</satellites>
<vAccuracy>1.6886358261108398</vAccuracy>
</extensions>
</trkpt>
<trkpt lat="41.9892505" lon="2.821142199999997">
<ele>70.83910872771744</ele>
<time>2026-08-23T14:54:57.339Z</time>
<speed>1.6631524884372162</speed>
<extensions>
<accuracy>3.015000104904175</accuracy>
<heading>96.80867767333984</heading>
<satellites>0</satellites>
<vAccuracy>1.8369017839431763</vAccuracy>
</extensions>
</trkpt>
<trkpt lat="41.9892675" lon="2.8211722000000066">
<ele>71.19552484180726</ele>
<time>2026-08-23T14:54:59.259Z</time>
<speed>1.6805824333620076</speed>
<extensions>
<accuracy>3.0</accuracy>
<heading>83.63899993896484</heading>
<satellites>0</satellites>
<vAccuracy>2.0012006759643555</vAccuracy>
</extensions>
</trkpt>
<trkpt lat="41.9892806" lon="2.8212014000000067">
<ele>71.44847877987743</ele>
<time>2026-08-23T14:55:01.162Z</time>
<speed>1.627446953940373</speed>
<extensions>
<accuracy>3.0</accuracy>
<heading>79.3136978149414</heading>
<satellites>0</satellites>
<vAccuracy>2.1157937049865723</vAccuracy>
</extensions>
</trkpt>
<trkpt lat="41.9892944" lon="2.8212369000000024">
<ele>71.67926711953747</ele>
<time>2026-08-23T14:55:03.105Z</time>
<speed>1.6329860628889314</speed>
<extensions>
<accuracy>3.0</accuracy>
<heading>70.0714340209961</heading>
<satellites>0</satellites>
<vAccuracy>1.8528810739517212</vAccuracy>
</extensions>
</trkpt>
<trkpt lat="41.9893161" lon="2.8212633999999923">
<ele>71.91675859601828</ele>
<time>2026-08-23T14:55:05.064Z</time>
<speed>1.6134780338080814</speed>
<extensions>
<accuracy>3.0</accuracy>
<heading>40.366615295410156</heading>
<satellites>0</satellites>
<vAccuracy>2.2969970703125</vAccuracy>
</extensions>
</trkpt>
<trkpt lat="41.9893399" lon="2.821280999999999">
<ele>72.11348451206997</ele>
<time>2026-08-23T14:55:06.998Z</time>
<speed>1.6068257444136922</speed>
<extensions>
<accuracy>3.007999897003174</accuracy>
<heading>16.387466430664062</heading>
<satellites>0</satellites>
<vAccuracy>2.651515245437622</vAccuracy>
</extensions>
</trkpt>
<trkpt lat="41.9893545" lon="2.8213097999999945">
<ele>72.18679269118172</ele>
<time>2026-08-23T14:55:08.903Z</time>
<speed>1.584537340363649</speed>
<extensions>
<accuracy>3.0380001068115234</accuracy>
<heading>24.411746978759766</heading>
<satellites>0</satellites>
<vAccuracy>2.440512180328369</vAccuracy>
</extensions>
</trkpt>
<trkpt lat="41.9893702" lon="2.821326099999993">
<ele>72.24821866564645</ele>
<time>2026-08-23T14:55:10.799Z</time>
<speed>1.520890222016807</speed>
<extensions>
<accuracy>3.059999942779541</accuracy>
<heading>25.600934982299805</heading>
<satellites>0</satellites>
<vAccuracy>1.8345155715942383</vAccuracy>
</extensions>
</trkpt>
<trkpt lat="41.9893851" lon="2.8213619999999935">
<ele>72.2191239828926</ele>
<time>2026-08-23T14:55:12.783Z</time>
<speed>1.522642636607603</speed>
<extensions>
<accuracy>3.2019999027252197</accuracy>
<heading>33.763938903808594</heading>
<satellites>0</satellites>
<vAccuracy>1.7338308095932007</vAccuracy>
</extensions>
</trkpt>
<trkpt lat="41.9893984" lon="2.821404599999994">
<ele>72.10519296981212</ele>
<time>2026-08-23T14:55:14.719Z</time>
<speed>1.584455821655765</speed>
<extensions>
<accuracy>3.2709999084472656</accuracy>
<heading>37.18750762939453</heading>
<satellites>0</satellites>
<vAccuracy>2.5835154056549072</vAccuracy>
</extensions>
</trkpt>
<trkpt lat="41.9894159" lon="2.8214328999999907">
<ele>71.99480720005043</ele>
<time>2026-08-23T14:55:16.638Z</time>
<speed>1.5892633714915854</speed>
<extensions>
<accuracy>3.2760000228881836</accuracy>
<heading>37.05813980102539</heading>
<satellites>0</satellites>
<vAccuracy>1.6486940383911133</vAccuracy>
</extensions>
</trkpt>
<trkpt lat="41.989435" lon="2.821460000000002">
<ele>71.86148344635326</ele>
<time>2026-08-23T14:55:18.584Z</time>
<speed>1.6040026525075721</speed>
<extensions>
<accuracy>3.2090001106262207</accuracy>
<heading>36.161319732666016</heading>
<satellites>0</satellites>
<vAccuracy>1.6964513063430786</vAccuracy>
</extensions>
</trkpt>
<trkpt lat="41.9894538" lon="2.8214835999999934">
<ele>71.68999896320368</ele>
<time>2026-08-23T14:55:20.521Z</time>
<speed>1.6666047041048138</speed>
<extensions>
<accuracy>3.4570000171661377</accuracy>
<heading>34.11824035644531</heading>
<satellites>0</satellites>
<vAccuracy>1.8795167207717896</vAccuracy>
</extensions>
</trkpt>
<trkpt lat="41.9894713" lon="2.8215068000000088">
<ele>71.52986712097966</ele>
<time>2026-08-23T14:55:22.464Z</time>
<speed>1.6052354267699362</speed>
<extensions>
<accuracy>3.8429999351501465</accuracy>
<heading>44.856937408447266</heading>
<satellites>0</satellites>
<vAccuracy>1.7778955698013306</vAccuracy>
</extensions>
</trkpt>
<trkpt lat="41.9894839" lon="2.8215385999999967">
<ele>71.35498449353157</ele>
<time>2026-08-23T14:55:24.384Z</time>
<speed>1.520974206310737</speed>
<extensions>
<accuracy>4.059999942779541</accuracy>
<heading>53.02019500732422</heading>
<satellites>0</satellites>
<vAccuracy>2.8426215648651123</vAccuracy>
</extensions>
</trkpt>
<trkpt lat="41.9895027" lon="2.821567700000003">
<ele>71.17679868723788</ele>
<time>2026-08-23T14:55:26.265Z</time>
<speed>1.5426933465249835</speed>
<extensions>
<accuracy>3.7130000591278076</accuracy>
<heading>54.72532272338867</heading>
<satellites>0</satellites>
<vAccuracy>2.568627119064331</vAccuracy>
</extensions>
</trkpt>
<trkpt lat="41.9895287" lon="2.8215961999999877">
<ele>70.98654045390114</ele>
<time>2026-08-23T14:55:28.162Z</time>
<speed>1.6186293026149219</speed>
<extensions>
<accuracy>3.249000072479248</accuracy>
<heading>53.21285629272461</heading>
<satellites>0</satellites>
<vAccuracy>2.93999981880188</vAccuracy>
</extensions>
</trkpt>
<trkpt lat="41.9895531" lon="2.8216264000000137">
<ele>70.80301428235414</ele>
<time>2026-08-23T14:55:30.042Z</time>
<speed>1.7156119225930595</speed>
<extensions>
<accuracy>3.0</accuracy>
<heading>53.00239181518555</heading>
<satellites>0</satellites>
<vAccuracy>1.8811976909637451</vAccuracy>
</extensions>
</trkpt>
<trkpt lat="41.9895738" lon="2.821657799999997">
<ele>70.63322407657664</ele>
<time>2026-08-23T14:55:32.003Z</time>
<speed>1.7881915565652897</speed>
<extensions>
<accuracy>3.0</accuracy>
<heading>65.53495788574219</heading>
<satellites>0</satellites>
<vAccuracy>1.9455782175064087</vAccuracy>
</extensions>
</trkpt>
<trkpt lat="41.9895946" lon="2.821689399999997">
<ele>70.4701458010946</ele>
<time>2026-08-23T14:55:33.899Z</time>
<speed>1.8459421528930966</speed>
<extensions>
<accuracy>3.0</accuracy>
<heading>57.3121337890625</heading>
<satellites>0</satellites>
<vAccuracy>1.7948282957077026</vAccuracy>
</extensions>
</trkpt>
<trkpt lat="41.9896172" lon="2.8217177999999876">
<ele>70.3266933012466</ele>
<time>2026-08-23T14:55:35.763Z</time>
<speed>1.876081181583853</speed>
<extensions>
<accuracy>3.005000114440918</accuracy>
<heading>55.20562744140625</heading>
<satellites>0</satellites>
<vAccuracy>1.958528757095337</vAccuracy>
</extensions>
</trkpt>
<trkpt lat="41.9896342" lon="2.8217504000000133">
<ele>70.20597103132381</ele>
<time>2026-08-23T14:55:37.643Z</time>
<speed>1.8330568115981674</speed>
<extensions>
<accuracy>3.005000114440918</accuracy>
<heading>56.606571197509766</heading>
<satellites>0</satellites>
<vAccuracy>2.270343542098999</vAccuracy>
</extensions>
</trkpt>
<trkpt lat="41.9896485" lon="2.8217851999999937">
<ele>70.10550883815901</ele>
<time>2026-08-23T14:55:39.523Z</time>
<speed>1.7904836640658364</speed>
<extensions>
<accuracy>3.01200008392334</accuracy>
<heading>62.86311721801758</heading>
<satellites>0</satellites>
<vAccuracy>2.4344847202301025</vAccuracy>
</extensions>
</trkpt>
<trkpt lat="41.9896594" lon="2.821825799999999">
<ele>70.01296234903349</ele>
<time>2026-08-23T14:55:41.404Z</time>
<speed>1.816040893152548</speed>
<extensions>
<accuracy>3.01200008392334</accuracy>
<heading>72.44601440429688</heading>
<satellites>0</satellites>
<vAccuracy>1.7904084920883179</vAccuracy>
</extensions>
</trkpt>
<trkpt lat="41.9896662" lon="2.8218623999999863">
<ele>69.9422069475453</ele>
<time>2026-08-23T14:55:43.284Z</time>
<speed>1.7797475522565476</speed>
<extensions>
<accuracy>3.010999917984009</accuracy>
<heading>75.76619720458984</heading>
<satellites>0</satellites>
<vAccuracy>1.9442074298858643</vAccuracy>
</extensions>
</trkpt>
<trkpt lat="41.9896716" lon="2.8219052999999974">
<ele>69.867360763214</ele>
<time>2026-08-23T14:55:45.243Z</time>
<speed>1.777922857912033</speed>
<extensions>
<accuracy>3.0</accuracy>
<heading>80.41206359863281</heading>
<satellites>0</satellites>
<vAccuracy>2.7010529041290283</vAccuracy>
</extensions>
</trkpt>
<trkpt lat="41.989676" lon="2.8219477000000097">
<ele>69.80041800029899</ele>
<time>2026-08-23T14:55:47.180Z</time>
<speed>1.7931176482337332</speed>
<extensions>
<accuracy>3.003000020980835</accuracy>
<heading>84.66544342041016</heading>
<satellites>0</satellites>
<vAccuracy>2.577353000640869</vAccuracy>
</extensions>
</trkpt>
<trkpt lat="41.9896801" lon="2.821987699999994">
<ele>69.72954644083616</ele>
<time>2026-08-23T14:55:49.044Z</time>
<speed>1.8015660873242225</speed>
<extensions>
<accuracy>3.003999948501587</accuracy>
<heading>81.79795837402344</heading>
<satellites>0</satellites>
<vAccuracy>2.855818748474121</vAccuracy>
</extensions>
</trkpt>
<trkpt lat="41.9896807" lon="2.8220301000000063">
<ele>69.60808733470084</ele>
<time>2026-08-23T14:55:50.965Z</time>
<speed>1.7871302967201994</speed>
<extensions>
<accuracy>3.0169999599456787</accuracy>
<heading>94.90097045898438</heading>
<satellites>0</satellites>
<vAccuracy>2.7271246910095215</vAccuracy>
</extensions>
</trkpt>
<trkpt lat="41.9896749" lon="2.822071599999987">
<ele>69.47025518358284</ele>
<time>2026-08-23T14:55:52.844Z</time>
<speed>1.8269031339824444</speed>
<extensions>
<accuracy>3.015000104904175</accuracy>
<heading>101.10480499267578</heading>
<satellites>0</satellites>
<vAccuracy>2.3902249336242676</vAccuracy>
</extensions>
</trkpt>
<trkpt lat="41.9896702" lon="2.8221136999999885">
<ele>69.33823466494555</ele>
<time>2026-08-23T14:55:54.725Z</time>
<speed>1.8338790306899868</speed>
<extensions>
<accuracy>3.013000011444092</accuracy>
<heading>100.90359497070312</heading>
<satellites>0</satellites>
<vAccuracy>2.072721004486084</vAccuracy>
</extensions>
</trkpt>
<trkpt lat="41.9896632" lon="2.822154399999988">
<ele>69.20925036265362</ele>
<time>2026-08-23T14:55:56.621Z</time>
<speed>1.8327487297301617</speed>
<extensions>
<accuracy>3.000999927520752</accuracy>
<heading>106.6967544555664</heading>
<satellites>0</satellites>
<vAccuracy>2.1148204803466797</vAccuracy>
</extensions>
</trkpt>
<trkpt lat="41.989653" lon="2.8221935999999914">
<ele>69.08454709673804</ele>
<time>2026-08-23T14:55:58.519Z</time>
<speed>1.8363859990008962</speed>
<extensions>
<accuracy>3.0</accuracy>
<heading>109.47174072265625</heading>
<satellites>0</satellites>
<vAccuracy>1.6163517236709595</vAccuracy>
</extensions>
</trkpt>
<trkpt lat="41.9896436" lon="2.822232100000008">
<ele>68.97059028151362</ele>
<time>2026-08-23T14:56:00.422Z</time>
<speed>1.8234759257275293</speed>
<extensions>
<accuracy>3.003000020980835</accuracy>
<heading>109.62214660644531</heading>
<satellites>0</satellites>
<vAccuracy>1.590821623802185</vAccuracy>
</extensions>
</trkpt>
<trkpt lat="41.9896342" lon="2.822269900000009">
<ele>68.79372132824824</ele>
<time>2026-08-23T14:56:02.318Z</time>
<speed>1.7995034054168186</speed>
<extensions>
<accuracy>3.003000020980835</accuracy>
<heading>108.00839233398438</heading>
<satellites>0</satellites>
<vAccuracy>1.9557322263717651</vAccuracy>
</extensions>
</trkpt>
<trkpt lat="41.989625" lon="2.8223078000000044">
<ele>68.53022519712701</ele>
<time>2026-08-23T14:56:04.199Z</time>
<speed>1.7757577542875678</speed>
<extensions>
<accuracy>3.003000020980835</accuracy>
<heading>105.36436462402344</heading>
<satellites>0</satellites>
<vAccuracy>2.683908462524414</vAccuracy>
</extensions>
</trkpt>
<trkpt lat="41.9896147" lon="2.8223455000000115">
<ele>68.26989730274242</ele>
<time>2026-08-23T14:56:06.104Z</time>
<speed>1.7600746478806057</speed>
<extensions>
<accuracy>3.003999948501587</accuracy>
<heading>102.90546417236328</heading>
<satellites>0</satellites>
<vAccuracy>2.5800445079803467</vAccuracy>
</extensions>
</trkpt>
<trkpt lat="41.9896021" lon="2.822381000000007">
<ele>68.02570169160177</ele>
<time>2026-08-23T14:56:07.984Z</time>
<speed>1.7442581086680045</speed>
<extensions>
<accuracy>3.003999948501587</accuracy>
<heading>102.87809753417969</heading>
<satellites>0</satellites>
<vAccuracy>2.585447072982788</vAccuracy>
</extensions>
</trkpt>
<trkpt lat="41.9895883" lon="2.822417300000012">
<ele>67.7790885123675</ele>
<time>2026-08-23T14:56:09.881Z</time>
<speed>1.7475387458066725</speed>
<extensions>
<accuracy>3.0</accuracy>
<heading>107.99929809570312</heading>
<satellites>0</satellites>
<vAccuracy>2.769458055496216</vAccuracy>
</extensions>
</trkpt>
<trkpt lat="41.9895772" lon="2.8224514000000056">
<ele>67.551517562878</ele>
<time>2026-08-23T14:56:11.785Z</time>
<speed>1.7232231032704393</speed>
<extensions>
<accuracy>3.0</accuracy>
<heading>108.47820281982422</heading>
<satellites>0</satellites>
<vAccuracy>2.9251821041107178</vAccuracy>
</extensions>
</trkpt>
<trkpt lat="41.9895665" lon="2.8224863000000084">
<ele>67.32172054260158</ele>
<time>2026-08-23T14:56:13.680Z</time>
<speed>1.7021644721045721</speed>
<extensions>
<accuracy>3.0</accuracy>
<heading>111.36378479003906</heading>
<satellites>0</satellites>
<vAccuracy>2.7670438289642334</vAccuracy>
</extensions>
</trkpt>
<trkpt lat="41.9895582" lon="2.8225214999999935">
<ele>67.09299997491655</ele>
<time>2026-08-23T14:56:15.600Z</time>
<speed>1.67157088194228</speed>
<extensions>
<accuracy>3.003999948501587</accuracy>
<heading>105.06096649169922</heading>
<satellites>0</satellites>
<vAccuracy>2.3277289867401123</vAccuracy>
</extensions>
</trkpt>
<trkpt lat="41.9895533" lon="2.8225612999999896">
<ele>66.64891222553747</ele>
<time>2026-08-23T14:56:17.504Z</time>
<speed>1.6759136044129244</speed>
<extensions>
<accuracy>3.0209999084472656</accuracy>
<heading>98.98127746582031</heading>
<satellites>0</satellites>
<vAccuracy>2.4349403381347656</vAccuracy>
</extensions>
</trkpt>
<trkpt lat="41.9895501" lon="2.822597900000005">
<ele>66.18440511638906</ele>
<time>2026-08-23T14:56:19.425Z</time>
<speed>1.637742175802459</speed>
<extensions>
<accuracy>3.0510001182556152</accuracy>
<heading>96.2000732421875</heading>
<satellites>0</satellites>
<vAccuracy>2.347999334335327</vAccuracy>
</extensions>
</trkpt>
<trkpt lat="41.9895475" lon="2.822632700000014">
<ele>65.74277915456025</ele>
<time>2026-08-23T14:56:21.305Z</time>
<speed>1.6220726259238774</speed>
<extensions>
<accuracy>3.0450000762939453</accuracy>
<heading>93.67569732666016</heading>
<satellites>0</satellites>
<vAccuracy>2.622370958328247</vAccuracy>
</extensions>
</trkpt>
<trkpt lat="41.9895441" lon="2.8226703999999927">
<ele>65.26436624920304</ele>
<time>2026-08-23T14:56:23.202Z</time>
<speed>1.6236773508248703</speed>
<extensions>
<accuracy>3.0269999504089355</accuracy>
<heading>92.88554382324219</heading>
<satellites>0</satellites>
<vAccuracy>1.847309947013855</vAccuracy>
</extensions>
</trkpt>
<trkpt lat="41.9895421" lon="2.822709500000002">
<ele>64.76823969699005</ele>
<time>2026-08-23T14:56:25.105Z</time>
<speed>1.6461794835711072</speed>
<extensions>
<accuracy>3.0</accuracy>
<heading>91.65714263916016</heading>
<satellites>0</satellites>
<vAccuracy>1.7282251119613647</vAccuracy>
</extensions>
</trkpt>
<trkpt lat="41.9895406" lon="2.822749200000004">
<ele>64.26452368950505</ele>
<time>2026-08-23T14:56:26.978Z</time>
<speed>1.646760201740918</speed>
<extensions>
<accuracy>3.0</accuracy>
<heading>93.76773071289062</heading>
<satellites>0</satellites>
<vAccuracy>1.8617979288101196</vAccuracy>
</extensions>
</trkpt>
<trkpt lat="41.9895385" lon="2.822788800000012">
<ele>63.76208961670087</ele>
<time>2026-08-23T14:56:28.882Z</time>
<speed>1.6743190391770089</speed>
<extensions>
<accuracy>3.0</accuracy>
<heading>93.54432678222656</heading>
<satellites>0</satellites>
<vAccuracy>2.091498851776123</vAccuracy>
</extensions>
</trkpt>
<trkpt lat="41.9895353" lon="2.8228286000000082">
<ele>63.5</ele>
<time>2026-08-23T14:56:30.762Z</time>
<speed>1.7187800694673614</speed>
<extensions>
<accuracy>3.0</accuracy>
<heading>101.85179138183594</heading>
<satellites>0</satellites>
<vAccuracy>2.2199480533599854</vAccuracy>
</extensions>
</trkpt>
<trkpt lat="41.9895321" lon="2.8228680999999938">
<ele>63.5</ele>
<time>2026-08-23T14:56:32.642Z</time>
<speed>1.7372242158764701</speed>
<extensions>
<accuracy>3.002000093460083</accuracy>
<heading>95.91951751708984</heading>
<satellites>0</satellites>
<vAccuracy>2.7921204566955566</vAccuracy>
</extensions>
</trkpt>
<trkpt lat="41.9895327" lon="2.822905999999989">
<ele>63.5</ele>
<time>2026-08-23T14:56:34.450Z</time>
<speed>1.7433739271788973</speed>
<extensions>
<accuracy>3.0339999198913574</accuracy>
<heading>94.09723663330078</heading>
<satellites>0</satellites>
<vAccuracy>3.1817409992218018</vAccuracy>
</extensions>
</trkpt>
<trkpt lat="41.9895329" lon="2.8229497000000094">
<ele>63.5</ele>
<time>2026-08-23T14:56:36.377Z</time>
<speed>1.7674220286998548</speed>
<extensions>
<accuracy>3.0409998893737793</accuracy>
<heading>93.76036834716797</heading>
<satellites>0</satellites>
<vAccuracy>3.1923861503601074</vAccuracy>
</extensions>
</trkpt>
<trkpt lat="41.9895354" lon="2.8229939999999942">
<ele>63.5</ele>
<time>2026-08-23T14:56:38.258Z</time>
<speed>1.8131740768966067</speed>
<extensions>
<accuracy>3.0380001068115234</accuracy>
<heading>87.51100158691406</heading>
<satellites>0</satellites>
<vAccuracy>3.3401947021484375</vAccuracy>
</extensions>
</trkpt>
<trkpt lat="41.9895375" lon="2.823037499999998">
<ele>63.5</ele>
<time>2026-08-23T14:56:40.138Z</time>
<speed>1.8444700090028243</speed>
<extensions>
<accuracy>3.00600004196167</accuracy>
<heading>85.48493957519531</heading>
<satellites>0</satellites>
<vAccuracy>2.2942874431610107</vAccuracy>
</extensions>
</trkpt>
<trkpt lat="41.989538" lon="2.8230794000000117">
<ele>63.5</ele>
<time>2026-08-23T14:56:42.042Z</time>
<speed>1.8589178588281754</speed>
<extensions>
<accuracy>3.009999990463257</accuracy>
<heading>83.14989471435547</heading>
<satellites>0</satellites>
<vAccuracy>2.0617454051971436</vAccuracy>
</extensions>
</trkpt>
<trkpt lat="41.98954" lon="2.8231198000000006">
<ele>63.5572729472423</ele>
<time>2026-08-23T14:56:43.903Z</time>
<speed>1.871971394431898</speed>
<extensions>
<accuracy>3.009999990463257</accuracy>
<heading>76.76026916503906</heading>
<satellites>0</satellites>
<vAccuracy>2.1730802059173584</vAccuracy>
</extensions>
</trkpt>
<trkpt lat="41.9895398" lon="2.8231614999999977">
<ele>63.63125463744753</ele>
<time>2026-08-23T14:56:45.800Z</time>
<speed>1.8604728892822544</speed>
<extensions>
<accuracy>3.0</accuracy>
<heading>86.96331024169922</heading>
<satellites>0</satellites>
<vAccuracy>2.153548002243042</vAccuracy>
</extensions>
</trkpt>
<trkpt lat="41.9895366" lon="2.82320279999999">
<ele>63.69867869442186</ele>
<time>2026-08-23T14:56:47.704Z</time>
<speed>1.8305483162678153</speed>
<extensions>
<accuracy>3.0</accuracy>
<heading>88.78646087646484</heading>
<satellites>0</satellites>
<vAccuracy>2.7016711235046387</vAccuracy>
</extensions>
</trkpt>
<trkpt lat="41.9895366" lon="2.8232447000000036">
<ele>63.77095478345189</ele>
<time>2026-08-23T14:56:49.623Z</time>
<speed>1.8081878030537868</speed>
<extensions>
<accuracy>3.0</accuracy>
<heading>86.17737579345703</heading>
<satellites>0</satellites>
<vAccuracy>2.4876818656921387</vAccuracy>
</extensions>
</trkpt>
<trkpt lat="41.9895377" lon="2.823283900000007">
<ele>63.842059453866646</ele>
<time>2026-08-23T14:56:51.501Z</time>
<speed>1.7896582573762632</speed>
<extensions>
<accuracy>3.0</accuracy>
<heading>76.95276641845703</heading>
<satellites>0</satellites>
<vAccuracy>2.414201021194458</vAccuracy>
</extensions>
</trkpt>
<trkpt lat="41.9895458" lon="2.823321099999987">
<ele>63.93742352689274</ele>
<time>2026-08-23T14:56:53.381Z</time>
<speed>1.7708473963035596</speed>
<extensions>
<accuracy>3.0</accuracy>
<heading>68.95687103271484</heading>
<satellites>0</satellites>
<vAccuracy>1.657525897026062</vAccuracy>
</extensions>
</trkpt>
<trkpt lat="41.9895522" lon="2.8233597999999915">
<ele>64.03805343600132</ele>
<time>2026-08-23T14:56:55.260Z</time>
<speed>1.756254646520246</speed>
<extensions>
<accuracy>3.0</accuracy>
<heading>65.2735366821289</heading>
<satellites>0</satellites>
<vAccuracy>1.6580713987350464</vAccuracy>
</extensions>
</trkpt>
<trkpt lat="41.9895603" lon="2.8233960000000025">
<ele>64.58590957699475</ele>
<time>2026-08-23T14:56:57.164Z</time>
<speed>1.7239682117764152</speed>
<extensions>
<accuracy>3.015000104904175</accuracy>
<heading>59.321388244628906</heading>
<satellites>0</satellites>
<vAccuracy>1.5773725509643555</vAccuracy>
</extensions>
</trkpt>
<trkpt lat="41.9895687" lon="2.823431499999998">
<ele>65.17775295372486</ele>
<time>2026-08-23T14:56:59.083Z</time>
<speed>1.6839622794321993</speed>
<extensions>
<accuracy>3.0290000438690186</accuracy>
<heading>59.16009521484375</heading>
<satellites>0</satellites>
<vAccuracy>1.646193027496338</vAccuracy>
</extensions>
</trkpt>
<trkpt lat="41.9895776" lon="2.823466300000007">
<ele>65.72238246943945</ele>
<time>2026-08-23T14:57:01.002Z</time>
<speed>1.655693243851302</speed>
<extensions>
<accuracy>3.059000015258789</accuracy>
<heading>65.18004608154297</heading>
<satellites>0</satellites>
<vAccuracy>3.0184168815612793</vAccuracy>
</extensions>
</trkpt>
<trkpt lat="41.9895863" lon="2.823502200000007">
<ele>66.24725102281339</ele>
<time>2026-08-23T14:57:02.961Z</time>
<speed>1.6334825097164165</speed>
<extensions>
<accuracy>3.0789999961853027</accuracy>
<heading>73.70352935791016</heading>
<satellites>0</satellites>
<vAccuracy>2.750706195831299</vAccuracy>
</extensions>
</trkpt>
<trkpt lat="41.9895995" lon="2.8235343999999998">
<ele>66.6562572650088</ele>
<time>2026-08-23T14:57:04.864Z</time>
<speed>1.6041239328804957</speed>
<extensions>
<accuracy>3.128000020980835</accuracy>
<heading>64.15694427490234</heading>
<satellites>0</satellites>
<vAccuracy>2.392164468765259</vAccuracy>
</extensions>
</trkpt>
<trkpt lat="41.9896207" lon="2.8235640999999987">
<ele>66.92227854643941</ele>
<time>2026-08-23T14:57:06.784Z</time>
<speed>1.630429941059681</speed>
<extensions>
<accuracy>3.1080000400543213</accuracy>
<heading>56.6104621887207</heading>
<satellites>0</satellites>
<vAccuracy>2.406825304031372</vAccuracy>
</extensions>
</trkpt>
<trkpt lat="41.9896436" lon="2.8235919999999908">
<ele>67.07684622105941</ele>
<time>2026-08-23T14:57:08.664Z</time>
<speed>1.6749784597771566</speed>
<extensions>
<accuracy>3.0759999752044678</accuracy>
<heading>49.15803527832031</heading>
<satellites>0</satellites>
<vAccuracy>2.9624228477478027</vAccuracy>
</extensions>
</trkpt>
<trkpt lat="41.9896662" lon="2.8236202999999875">
<ele>67.16245611628565</ele>
<time>2026-08-23T14:57:10.559Z</time>
<speed>1.7203027340240105</speed>
<extensions>
<accuracy>3.0239999294281006</accuracy>
<heading>44.677223205566406</heading>
<satellites>0</satellites>
<vAccuracy>2.5266458988189697</vAccuracy>
</extensions>
</trkpt>
<trkpt lat="41.9896867" lon="2.823650100000009">
<ele>67.21545257164256</ele>
<time>2026-08-23T14:57:12.478Z</time>
<speed>1.7514473092309168</speed>
<extensions>
<accuracy>3.0139999389648438</accuracy>
<heading>58.68773651123047</heading>
<satellites>0</satellites>
<vAccuracy>2.6166768074035645</vAccuracy>
</extensions>
</trkpt>
<trkpt lat="41.9897038" lon="2.8236848999999893">
<ele>67.35964733836292</ele>
<time>2026-08-23T14:57:14.365Z</time>
<speed>1.7974683574232198</speed>
<extensions>
<accuracy>3.0160000324249268</accuracy>
<heading>59.16634750366211</heading>
<satellites>0</satellites>
<vAccuracy>2.015768051147461</vAccuracy>
</extensions>
</trkpt>
<trkpt lat="41.989728" lon="2.8237144">
<ele>67.64103962904278</ele>
<time>2026-08-23T14:57:16.245Z</time>
<speed>1.829255419357755</speed>
<extensions>
<accuracy>3.006999969482422</accuracy>
<heading>48.965641021728516</heading>
<satellites>0</satellites>
<vAccuracy>2.260857343673706</vAccuracy>
</extensions>
</trkpt>
<trkpt lat="41.9897544" lon="2.8237416999999994">
<ele>67.92556623543636</ele>
<time>2026-08-23T14:57:18.099Z</time>
<speed>1.8632048801090038</speed>
<extensions>
<accuracy>3.009999990463257</accuracy>
<heading>40.269107818603516</heading>
<satellites>0</satellites>
<vAccuracy>2.124340772628784</vAccuracy>
</extensions>
</trkpt>
<trkpt lat="41.9897789" lon="2.823770599999989">
<ele>68.18868847024511</ele>
<time>2026-08-23T14:57:19.986Z</time>
<speed>1.8848821774541689</speed>
<extensions>
<accuracy>3.053999900817871</accuracy>
<heading>36.771305084228516</heading>
<satellites>0</satellites>
<vAccuracy>2.8856968879699707</vAccuracy>
</extensions>
</trkpt>
<trkpt lat="41.9898012" lon="2.8238077000000033">
<ele>68.48371906726874</ele>
<time>2026-08-23T14:57:21.944Z</time>
<speed>1.9379265472846021</speed>
<extensions>
<accuracy>3.062999963760376</accuracy>
<heading>42.86131286621094</heading>
<satellites>0</satellites>
<vAccuracy>2.1859490871429443</vAccuracy>
</extensions>
</trkpt>
<trkpt lat="41.9898242" lon="2.823841299999998">
<ele>68.71227135676477</ele>
<time>2026-08-23T14:57:23.824Z</time>
<speed>1.974113573920163</speed>
<extensions>
<accuracy>3.010999917984009</accuracy>
<heading>38.920654296875</heading>
<satellites>0</satellites>
<vAccuracy>2.0911426544189453</vAccuracy>
</extensions>
</trkpt>
<trkpt lat="41.9898449" lon="2.8238766000000055">
<ele>68.9208487544035</ele>
<time>2026-08-23T14:57:25.718Z</time>
<speed>1.980228168151862</speed>
<extensions>
<accuracy>3.0239999294281006</accuracy>
<heading>45.133636474609375</heading>
<satellites>0</satellites>
<vAccuracy>2.085588216781616</vAccuracy>
</extensions>
</trkpt>
<trkpt lat="41.9898653" lon="2.8239129000000105">
<ele>69.10170802167075</ele>
<time>2026-08-23T14:57:27.639Z</time>
<speed>1.9724062092964674</speed>
<extensions>
<accuracy>3.069000005722046</accuracy>
<heading>40.45225524902344</heading>
<satellites>0</satellites>
<vAccuracy>1.6838115453720093</vAccuracy>
</extensions>
</trkpt>
<trkpt lat="41.9898862" lon="2.823948400000006">
<ele>69.20457517476775</ele>
<time>2026-08-23T14:57:29.624Z</time>
<speed>1.9655180004961639</speed>
<extensions>
<accuracy>3.0910000801086426</accuracy>
<heading>44.67380142211914</heading>
<satellites>0</satellites>
<vAccuracy>1.7513676881790161</vAccuracy>
</extensions>
</trkpt>
<trkpt lat="41.9899051" lon="2.8239816999999903">
<ele>69.3188360849505</ele>
<time>2026-08-23T14:57:31.519Z</time>
<speed>1.9281873858971994</speed>
<extensions>
<accuracy>3.065000057220459</accuracy>
<heading>44.88228225708008</heading>
<satellites>0</satellites>
<vAccuracy>1.4586615562438965</vAccuracy>
</extensions>
</trkpt>
<trkpt lat="41.9899247" lon="2.8240108999999904">
<ele>69.44474606943547</ele>
<time>2026-08-23T14:57:33.461Z</time>
<speed>1.8614566624202957</speed>
<extensions>
<accuracy>3.0260000228881836</accuracy>
<heading>45.96651840209961</heading>
<satellites>0</satellites>
<vAccuracy>1.615269660949707</vAccuracy>
</extensions>
</trkpt>
<trkpt lat="41.9899461" lon="2.8240399000000025">
<ele>69.60091176086227</ele>
<time>2026-08-23T14:57:35.378Z</time>
<speed>1.8214112709053734</speed>
<extensions>
<accuracy>3.0199999809265137</accuracy>
<heading>44.47061538696289</heading>
<satellites>0</satellites>
<vAccuracy>2.466982841491699</vAccuracy>
</extensions>
</trkpt>
<trkpt lat="41.9899676" lon="2.8240659999999878">
<ele>69.77214073248467</ele>
<time>2026-08-23T14:57:37.281Z</time>
<speed>1.7682446296907819</speed>
<extensions>
<accuracy>3.01200008392334</accuracy>
<heading>45.174049377441406</heading>
<satellites>0</satellites>
<vAccuracy>2.5618934631347656</vAccuracy>
</extensions>
</trkpt>
<trkpt lat="41.9899897" lon="2.8240888999999925">
<ele>69.96587661295946</ele>
<time>2026-08-23T14:57:39.178Z</time>
<speed>1.718145918002715</speed>
<extensions>
<accuracy>3.246999979019165</accuracy>
<heading>39.97692108154297</heading>
<satellites>0</satellites>
<vAccuracy>3.1262147426605225</vAccuracy>
</extensions>
</trkpt>
<trkpt lat="41.9900127" lon="2.8241054000000076">
<ele>70.19422564405582</ele>
<time>2026-08-23T14:57:41.081Z</time>
<speed>1.6572857496439366</speed>
<extensions>
<accuracy>3.6410000324249268</accuracy>
<heading>35.27581787109375</heading>
<satellites>0</satellites>
<vAccuracy>2.615379571914673</vAccuracy>
</extensions>
</trkpt>
<trkpt lat="41.9900436" lon="2.8241216000000122">
<ele>70.44339718701548</ele>
<time>2026-08-23T14:57:43.001Z</time>
<speed>1.7065211409845005</speed>
<extensions>
<accuracy>3.9140000343322754</accuracy>
<heading>29.56261444091797</heading>
<satellites>0</satellites>
<vAccuracy>2.2122316360473633</vAccuracy>
</extensions>
</trkpt>
<trkpt lat="41.9900658" lon="2.824136699999997">
<ele>70.6325882716733</ele>
<time>2026-08-23T14:57:44.944Z</time>
<speed>1.6388778618787456</speed>
<extensions>
<accuracy>4.0920000076293945</accuracy>
<heading>28.71084213256836</heading>
<satellites>0</satellites>
<vAccuracy>2.138381242752075</vAccuracy>
</extensions>
</trkpt>
<trkpt lat="41.9900891" lon="2.8241515999999933">
<ele>70.81382632777117</ele>
<time>2026-08-23T14:57:46.840Z</time>
<speed>1.6030600071203318</speed>
<extensions>
<accuracy>4.123000144958496</accuracy>
<heading>26.588077545166016</heading>
<satellites>0</satellites>
<vAccuracy>2.2101125717163086</vAccuracy>
</extensions>
</trkpt>
<trkpt lat="41.9901074" lon="2.8241634999999974">
<ele>70.94905323145962</ele>
<time>2026-08-23T14:57:48.679Z</time>
<speed>1.5218379794443362</speed>
<extensions>
<accuracy>4.050000190734863</accuracy>
<heading>27.27742576599121</heading>
<satellites>0</satellites>
<vAccuracy>1.8816896677017212</vAccuracy>
</extensions>
</trkpt>
<trkpt lat="41.9901327" lon="2.8241827999999884">
<ele>71.13769251381136</ele>
<time>2026-08-23T14:57:50.703Z</time>
<speed>1.53679359574732</speed>
<extensions>
<accuracy>3.565000057220459</accuracy>
<heading>27.338455200195312</heading>
<satellites>0</satellites>
<vAccuracy>1.6332074403762817</vAccuracy>
</extensions>
</trkpt>
<trkpt lat="41.9901524" lon="2.8241980999999896">
<ele>71.27447165990155</ele>
<time>2026-08-23T14:57:52.598Z</time>
<speed>1.4196175386649874</speed>
<extensions>
<accuracy>3.2109999656677246</accuracy>
<heading>27.792531967163086</heading>
<satellites>0</satellites>
<vAccuracy>1.3417359590530396</vAccuracy>
</extensions>
</trkpt>
<trkpt lat="41.9901751" lon="2.8242145000000107">
<ele>71.4030324804164</ele>
<time>2026-08-23T14:57:54.541Z</time>
<speed>1.429804409427859</speed>
<extensions>
<accuracy>3.0339999198913574</accuracy>
<heading>25.802278518676758</heading>
<satellites>0</satellites>
<vAccuracy>1.8162224292755127</vAccuracy>
</extensions>
</trkpt>
<trkpt lat="41.9902021" lon="2.824233499999991">
<ele>71.57190772438734</ele>
<time>2026-08-23T14:57:56.444Z</time>
<speed>1.4832912426091571</speed>
<extensions>
<accuracy>3.130000114440918</accuracy>
<heading>27.3143253326416</heading>
<satellites>0</satellites>
<vAccuracy>2.529067039489746</vAccuracy>
</extensions>
</trkpt>
<trkpt lat="41.990224" lon="2.8242501000000004">
<ele>71.73153637678583</ele>
<time>2026-08-23T14:57:58.364Z</time>
<speed>1.52864710793227</speed>
<extensions>
<accuracy>3.3389999866485596</accuracy>
<heading>27.82189178466797</heading>
<satellites>0</satellites>
<vAccuracy>2.694020986557007</vAccuracy>
</extensions>
</trkpt>
<trkpt lat="41.990245" lon="2.824268100000012">
<ele>71.91058245057008</ele>
<time>2026-08-23T14:58:00.258Z</time>
<speed>1.501450846407449</speed>
<extensions>
<accuracy>3.5230000019073486</accuracy>
<heading>27.50543212890625</heading>
<satellites>0</satellites>
<vAccuracy>2.8481578826904297</vAccuracy>
</extensions>
</trkpt>
<trkpt lat="41.9902706" lon="2.8242864999999995">
<ele>72.12774967881151</ele>
<time>2026-08-23T14:58:02.163Z</time>
<speed>1.5733313686362174</speed>
<extensions>
<accuracy>3.4739999771118164</accuracy>
<heading>28.916288375854492</heading>
<satellites>0</satellites>
<vAccuracy>2.4773032665252686</vAccuracy>
</extensions>
</trkpt>
<trkpt lat="41.990287" lon="2.824297999999999">
<ele>72.25638177671058</ele>
<time>2026-08-23T14:58:04.082Z</time>
<speed>1.4927459381695236</speed>
<extensions>
<accuracy>3.319999933242798</accuracy>
<heading>28.072006225585938</heading>
<satellites>0</satellites>
<vAccuracy>1.9745023250579834</vAccuracy>
</extensions>
</trkpt>
<trkpt lat="41.9903093" lon="2.8243143999999916">
<ele>72.42554021798249</ele>
<time>2026-08-23T14:58:06.001Z</time>
<speed>1.4311825467718042</speed>
<extensions>
<accuracy>3.25600004196167</accuracy>
<heading>28.815210342407227</heading>
<satellites>0</satellites>
<vAccuracy>2.146177053451538</vAccuracy>
</extensions>
</trkpt>
<trkpt lat="41.9903298" lon="2.8243299000000093">
<ele>72.57296576091068</ele>
<time>2026-08-23T14:58:07.905Z</time>
<speed>1.4146951048292882</speed>
<extensions>
<accuracy>3.430999994277954</accuracy>
<heading>26.166439056396484</heading>
<satellites>0</satellites>
<vAccuracy>2.4799294471740723</vAccuracy>
</extensions>
</trkpt>
<trkpt lat="41.9903593" lon="2.8243506000000025">
<ele>72.7617303253651</ele>
<time>2026-08-23T14:58:09.825Z</time>
<speed>1.507700995958805</speed>
<extensions>
<accuracy>3.677000045776367</accuracy>
<heading>26.13861846923828</heading>
<satellites>0</satellites>
<vAccuracy>2.0265631675720215</vAccuracy>
</extensions>
</trkpt>
<trkpt lat="41.9903766" lon="2.824365499999999">
<ele>72.87369780892729</ele>
<time>2026-08-23T14:58:11.704Z</time>
<speed>1.4119893801702572</speed>
<extensions>
<accuracy>3.930000066757202</accuracy>
<heading>26.38511085510254</heading>
<satellites>0</satellites>
<vAccuracy>2.085756540298462</vAccuracy>
</extensions>
</trkpt>
<trkpt lat="41.990394" lon="2.8243788999999992">
<ele>72.97299684430475</ele>
<time>2026-08-23T14:58:13.624Z</time>
<speed>1.429889491189844</speed>
<extensions>
<accuracy>4.085000038146973</accuracy>
<heading>27.497352600097656</heading>
<satellites>0</satellites>
<vAccuracy>1.6670178174972534</vAccuracy>
</extensions>
</trkpt>
<trkpt lat="41.990413" lon="2.8243970000000047">
<ele>73.0838623688012</ele>
<time>2026-08-23T14:58:15.543Z</time>
<speed>1.4051645414319427</speed>
<extensions>
<accuracy>4.316999912261963</accuracy>
<heading>30.360580444335938</heading>
<satellites>0</satellites>
<vAccuracy>1.3050473928451538</vAccuracy>
</extensions>
</trkpt>
<trkpt lat="41.9904318" lon="2.8244114999999965">
<ele>73.17369564678093</ele>
<time>2026-08-23T14:58:17.438Z</time>
<speed>1.3848125479758582</speed>
<extensions>
<accuracy>4.321000099182129</accuracy>
<heading>26.795486450195312</heading>
<satellites>0</satellites>
<vAccuracy>1.4318033456802368</vAccuracy>
</extensions>
</trkpt>
<trkpt lat="41.9904538" lon="2.8244280000000117">
<ele>73.2670374472246</ele>
<time>2026-08-23T14:58:19.358Z</time>
<speed>1.2911800421063897</speed>
<extensions>
<accuracy>4.395999908447266</accuracy>
<heading>27.437824249267578</heading>
<satellites>0</satellites>
<vAccuracy>2.0124409198760986</vAccuracy>
</extensions>
</trkpt>
<trkpt lat="41.9904739" lon="2.8244529000000114">
<ele>73.36346081528508</ele>
<time>2026-08-23T14:58:21.262Z</time>
<speed>1.367196640117224</speed>
<extensions>
<accuracy>4.473999977111816</accuracy>
<heading>28.776445388793945</heading>
<satellites>0</satellites>
<vAccuracy>2.4383368492126465</vAccuracy>
</extensions>
</trkpt>
<trkpt lat="41.9904929" lon="2.8244866">
<ele>73.43236884626063</ele>
<time>2026-08-23T14:58:23.165Z</time>
<speed>1.5023760061023126</speed>
<extensions>
<accuracy>4.670000076293945</accuracy>
<heading>32.99809646606445</heading>
<satellites>0</satellites>
<vAccuracy>2.837308883666992</vAccuracy>
</extensions>
</trkpt>
<trkpt lat="41.9905104" lon="2.824518100000006">
<ele>73.42563116002661</ele>
<time>2026-08-23T14:58:25.101Z</time>
<speed>1.5683502388637762</speed>
<extensions>
<accuracy>4.873000144958496</accuracy>
<heading>36.47732925415039</heading>
<satellites>0</satellites>
<vAccuracy>2.861400604248047</vAccuracy>
</extensions>
</trkpt>
<trkpt lat="41.990528" lon="2.824540500000012">
<ele>73.44861065904996</ele>
<time>2026-08-23T14:58:27.044Z</time>
<speed>1.5913342759728957</speed>
<extensions>
<accuracy>4.961999893188477</accuracy>
<heading>60.64091110229492</heading>
<satellites>0</satellites>
<vAccuracy>2.937180280685425</vAccuracy>
</extensions>
</trkpt>
<trkpt lat="41.9905357" lon="2.824573799999996">
<ele>73.45085293692134</ele>
<time>2026-08-23T14:58:29.384Z</time>
<speed>1.5459392392531828</speed>
<extensions>
<accuracy>4.794000148773193</accuracy>
<heading>101.63198852539062</heading>
<satellites>0</satellites>
<vAccuracy>1.9121005535125732</vAccuracy>
</extensions>
</trkpt>
<trkpt lat="41.9905299" lon="2.8245932000000096">
<ele>73.41824665555244</ele>
<time>2026-08-23T14:58:31.323Z</time>
<speed>1.4050633133263284</speed>
<extensions>
<accuracy>4.678999900817871</accuracy>
<heading>119.51518249511719</heading>
<satellites>0</satellites>
<vAccuracy>1.9777686595916748</vAccuracy>
</extensions>
</trkpt>
<trkpt lat="41.9905366" lon="2.824602900000002">
<ele>73.4383691398705</ele>
<time>2026-08-23T14:58:33.259Z</time>
<speed>1.1507201723534297</speed>
<extensions>
<accuracy>4.315999984741211</accuracy>
<heading>122.41931915283203</heading>
<satellites>0</satellites>
<vAccuracy>2.362420082092285</vAccuracy>
</extensions>
</trkpt>
<trkpt lat="41.990544" lon="2.8246480999999903">
<ele>73.44567046606318</ele>
<time>2026-08-23T14:58:35.259Z</time>
<speed>1.1974678313574902</speed>
<extensions>
<accuracy>4.203999996185303</accuracy>
<heading>108.47396850585938</heading>
<satellites>0</satellites>
<vAccuracy>2.0732877254486084</vAccuracy>
</extensions>
</trkpt>
<trkpt lat="41.9905405" lon="2.82467410000001">
<ele>73.42169158703584</ele>
<time>2026-08-23T14:58:37.163Z</time>
<speed>1.1495598172966848</speed>
<extensions>
<accuracy>4.124000072479248</accuracy>
<heading>127.883544921875</heading>
<satellites>0</satellites>
<vAccuracy>1.7122238874435425</vAccuracy>
</extensions>
</trkpt>
<trkpt lat="41.9905262" lon="2.8246875000000102">
<ele>73.33357627568243</ele>
<time>2026-08-23T14:58:39.138Z</time>
<speed>1.0994425484602905</speed>
<extensions>
<accuracy>4.377999782562256</accuracy>
<heading>163.1312255859375</heading>
<satellites>0</satellites>
<vAccuracy>1.550299048423767</vAccuracy>
</extensions>
</trkpt>
<trkpt lat="41.9905195" lon="2.824710600000003">
<ele>73.27458910676283</ele>
<time>2026-08-23T14:58:41.083Z</time>
<speed>1.1319165277615268</speed>
<extensions>
<accuracy>5.330999851226807</accuracy>
<heading>98.29066467285156</heading>
<satellites>0</satellites>
<vAccuracy>1.3522961139678955</vAccuracy>
</extensions>
</trkpt>
<trkpt lat="41.9905197" lon="2.8247288000000026">
<ele>73.2597250620284</ele>
<time>2026-08-23T14:58:42.899Z</time>
<speed>1.184533595387618</speed>
<extensions>
<accuracy>6.366000175476074</accuracy>
<heading>139.46058654785156</heading>
<satellites>0</satellites>
<vAccuracy>1.2788243293762207</vAccuracy>
</extensions>
</trkpt>
<trkpt lat="41.9905066" lon="2.824721399999987">
<ele>73.18185931166039</ele>
<time>2026-08-23T14:58:45.019Z</time>
<speed>0.9510585059553444</speed>
<extensions>
<accuracy>7.645999908447266</accuracy>
<heading>245.14222717285156</heading>
<satellites>0</satellites>
<vAccuracy>1.6174739599227905</vAccuracy>
</extensions>
</trkpt>
<trkpt lat="41.9905076" lon="2.8246929000000023">
<ele>73.22070514754552</ele>
<time>2026-08-23T14:58:47.338Z</time>
<speed>0.9250389786615605</speed>
<extensions>
<accuracy>8.329999923706055</accuracy>
<heading>305.6106872558594</heading>
<satellites>0</satellites>
<vAccuracy>1.9225752353668213</vAccuracy>
</extensions>
</trkpt>
<trkpt lat="41.9905512" lon="2.8246924000000035">
<ele>73.43567077440284</ele>
<time>2026-08-23T14:58:49.601Z</time>
<speed>1.1572940243316603</speed>
<extensions>
<accuracy>7.515999794006348</accuracy>
<heading>0.6470921635627747</heading>
<satellites>0</satellites>
<vAccuracy>1.9041568040847778</vAccuracy>
</extensions>
</trkpt>
<trkpt lat="41.9905672" lon="2.8247149999999976">
<ele>73.4401128511288</ele>
<time>2026-08-23T14:58:51.944Z</time>
<speed>1.166754759785954</speed>
<extensions>
<accuracy>6.803999900817871</accuracy>
<heading>81.80767059326172</heading>
<satellites>0</satellites>
<vAccuracy>2.3709564208984375</vAccuracy>
</extensions>
</trkpt>
<trkpt lat="41.990563" lon="2.8247361999999896">
<ele>73.42221787025133</ele>
<time>2026-08-23T14:58:53.960Z</time>
<speed>1.1809682484722543</speed>
<extensions>
<accuracy>7.02400016784668</accuracy>
<heading>139.3810577392578</heading>
<satellites>0</satellites>
<vAccuracy>2.508288860321045</vAccuracy>
</extensions>
</trkpt>
<trkpt lat="41.9905542" lon="2.8247585999999956">
<ele>73.4017741158294</ele>
<time>2026-08-23T14:58:56.262Z</time>
<speed>1.2138535498182776</speed>
<extensions>
<accuracy>7.5929999351501465</accuracy>
<heading>252.34544372558594</heading>
<satellites>0</satellites>
<vAccuracy>2.49902606010437</vAccuracy>
</extensions>
</trkpt>
<trkpt lat="41.9905544" lon="2.8247341999999946">
<ele>73.41677968902279</ele>
<time>2026-08-23T14:58:58.205Z</time>
<speed>1.2180716076827045</speed>
<extensions>
<accuracy>7.783999919891357</accuracy>
<heading>296.33355712890625</heading>
<satellites>0</satellites>
<vAccuracy>2.350943088531494</vAccuracy>
</extensions>
</trkpt>
<trkpt lat="41.990571" lon="2.824726599999991">
<ele>73.43536913304985</ele>
<time>2026-08-23T14:59:00.451Z</time>
<speed>0.9632117503222</speed>
<extensions>
<accuracy>7.861999988555908</accuracy>
<heading>1.0666284561157227</heading>
<satellites>0</satellites>
<vAccuracy>3.1138882637023926</vAccuracy>
</extensions>
</trkpt>
<trkpt lat="41.9906027" lon="2.82475070000001">
<ele>73.43648014824963</ele>
<time>2026-08-23T14:59:02.401Z</time>
<speed>1.1582724796143413</speed>
<extensions>
<accuracy>7.565999984741211</accuracy>
<heading>81.21157836914062</heading>
<satellites>0</satellites>
<vAccuracy>3.0751140117645264</vAccuracy>
</extensions>
</trkpt>
<trkpt lat="41.9906014" lon="2.8247809000000075">
<ele>73.40032717145773</ele>
<time>2026-08-23T14:59:04.504Z</time>
<speed>1.216149017158313</speed>
<extensions>
<accuracy>7.335000038146973</accuracy>
<heading>121.862060546875</heading>
<satellites>0</satellites>
<vAccuracy>2.4710094928741455</vAccuracy>
</extensions>
</trkpt>
<trkpt lat="41.9906014" lon="2.8247809000000075">
<ele>73.40032717145773</ele>
<time>2026-08-23T14:59:04.504Z</time>
<speed>1.216149017158313</speed>
<extensions>
<accuracy>7.335000038146973</accuracy>
<heading>121.862060546875</heading>
<satellites>0</satellites>
<vAccuracy>2.4710094928741455</vAccuracy>
</extensions>
</trkpt>
<trkpt lat="41.9905978" lon="2.8247897999999907">
<ele>73.38750381229688</ele>
<time>2026-08-23T14:59:06.828Z</time>
<speed>1.1062901940076098</speed>
<extensions>
<accuracy>7.763000011444092</accuracy>
<heading>97.71138000488281</heading>
<satellites>0</satellites>
<vAccuracy>2.58034348487854</vAccuracy>
</extensions>
</trkpt>
<trkpt lat="41.9905919" lon="2.8248159999999984">
<ele>73.35199967180245</ele>
<time>2026-08-23T14:59:09.228Z</time>
<speed>1.0872493707204407</speed>
<extensions>
<accuracy>8.420000076293945</accuracy>
<heading>128.1202392578125</heading>
<satellites>0</satellites>
<vAccuracy>2.4876646995544434</vAccuracy>
</extensions>
</trkpt>
<trkpt lat="41.9905956" lon="2.8248207000000036">
<ele>73.3488321998451</ele>
<time>2026-08-23T14:59:11.363Z</time>
<speed>0.9666312139234802</speed>
<extensions>
<accuracy>9.541999816894531</accuracy>
<heading>99.95435333251953</heading>
<satellites>0</satellites>
<vAccuracy>2.5090208053588867</vAccuracy>
</extensions>
</trkpt>
<trkpt lat="41.9906073" lon="2.8248102999999958">
<ele>73.36916240781446</ele>
<time>2026-08-23T14:59:13.307Z</time>
<speed>0.9666312139234802</speed>
<extensions>
<accuracy>10.609999656677246</accuracy>
<heading>48.67128372192383</heading>
<satellites>0</satellites>
<vAccuracy>2.043400287628174</vAccuracy>
</extensions>
</trkpt>
<trkpt lat="41.9906285" lon="2.8248140000000035">
<ele>73.3790758495915</ele>
<time>2026-08-23T14:59:15.107Z</time>
<speed>0.9666312139234802</speed>
<extensions>
<accuracy>10.210000038146973</accuracy>
<heading>101.97386169433594</heading>
<satellites>0</satellites>
<vAccuracy>2.479624032974243</vAccuracy>
</extensions>
</trkpt>
<trkpt lat="41.9906311" lon="2.8248260000000016">
<ele>73.36740890918281</ele>
<time>2026-08-23T14:59:17.187Z</time>
<speed>0.9666312139234802</speed>
<extensions>
<accuracy>9.258000373840332</accuracy>
<heading>91.5643539428711</heading>
<satellites>0</satellites>
<vAccuracy>2.3485043048858643</vAccuracy>
</extensions>
</trkpt>
<trkpt lat="41.9906253" lon="2.8248346000000026">
<ele>73.35358585097431</ele>
<time>2026-08-23T14:59:19.345Z</time>
<speed>0.6403280799575343</speed>
<extensions>
<accuracy>9.083999633789062</accuracy>
<heading>140.16778564453125</heading>
<satellites>0</satellites>
<vAccuracy>2.4145960807800293</vAccuracy>
</extensions>
</trkpt>
<trkpt lat="41.9906143" lon="2.8248332000000005">
<ele>73.34723149512195</ele>
<time>2026-08-23T14:59:21.302Z</time>
<speed>0.5281233796250532</speed>
<extensions>
<accuracy>9.376999855041504</accuracy>
<heading>184.53823852539062</heading>
<satellites>0</satellites>
<vAccuracy>1.8390692472457886</vAccuracy>
</extensions>
</trkpt>
<trkpt lat="41.9906082" lon="2.8248126000000013">
<ele>73.36705499656694</ele>
<time>2026-08-23T14:59:23.356Z</time>
<speed>0.6345032728869484</speed>
<extensions>
<accuracy>8.963000297546387</accuracy>
<heading>241.25352478027344</heading>
<satellites>0</satellites>
<vAccuracy>1.7557340860366821</vAccuracy>
</extensions>
</trkpt>
<trkpt lat="41.9906181" lon="2.8248016000000007">
<ele>73.38634637801026</ele>
<time>2026-08-23T14:59:25.346Z</time>
<speed>0.5894454901981988</speed>
<extensions>
<accuracy>8.28600025177002</accuracy>
<heading>350.9208068847656</heading>
<satellites>0</satellites>
<vAccuracy>1.6641091108322144</vAccuracy>
</extensions>
</trkpt>
</trkseg></trk></gpx>
